"source_bo_id","source_business_id","full_name","date_of_birth","nationality","ownership_percentage","control_type","declared_date"
"BO-00001","BUS-00001","Drs. Fajar Rahmat Suryadi","1984-02-14","ID","41.12","VOTING_RIGHTS","2025-08-02"
"BO-00002","BUS-00001","Ir. Sari Anggraini","1983-06-25","ID","31.76","VOTING_RIGHTS","2024-06-03"
"BO-00003","BUS-00001","Gita Sari Simatupang","1981-08-24","ID","27.12","VOTING_RIGHTS","2025-11-18"
"BO-00004","BUS-00002","Ir. Eka Kusuma","1977-04-14","ID","37.75","BOARD_CONTROL","2024-10-31"
"BO-00005","BUS-00002","Gita Anggraini","1967-05-22","ID","41.46","BOARD_CONTROL","2025-06-10"
"BO-00006","BUS-00002","Drs. Adi Saputra","1982-03-22","ID","10.79","OTHER_SIGNIFICANT_INFLUENCE","2025-05-20"
"BO-00007","BUS-00003","Gilang Fajar Suryadi","1961-09-08","ID","82.64","OWNERSHIP","2024-11-23"
"BO-00008","BUS-00003","Yuda Wijaya","1972-09-25","ID","10.22","OTHER_SIGNIFICANT_INFLUENCE","2025-11-30"
"BO-00009","BUS-00004","Iwan Ramadhan","1968-07-05","ID","22.86","OWNERSHIP","2025-05-31"
"BO-00010","BUS-00004","Rina Situmorang","1963-09-02","ID","21.10","BOARD_CONTROL","2024-01-04"
"BO-00011","BUS-00004","Bagus Adi Santoso","1994-08-14","ID","36.46","OWNERSHIP","2025-06-11"
"BO-00012","BUS-00004","Dewi Umi Gunawan","1962-05-13","ID","19.58","OWNERSHIP","2024-02-08"
"BO-00013","BUS-00005","Ir. Anggun Suryadi","1982-10-03","ID","36.35","VOTING_RIGHTS","2024-02-18"
"BO-00014","BUS-00005","Indah Simatupang","1983-09-21","ID","63.65","BOARD_CONTROL","2025-09-19"
"BO-00015","BUS-00006","Bagus Gunawan","1974-09-01","ID","55.89","VOTING_RIGHTS","2024-01-22"
"BO-00016","BUS-00006","Yuda Kusuma","1990-01-14","ID","22.78","OWNERSHIP","2024-12-20"
"BO-00017","BUS-00006","Nanda Halim","1977-07-25","ID","11.21","BOARD_CONTROL","2025-01-20"
"BO-00018","BUS-00006","Adi Situmorang","1981-02-03","ID","10.12","OWNERSHIP","2024-05-24"
"BO-00019","BUS-00007","Citra Kusuma","1965-03-27","ID","74.40","BOARD_CONTROL","2025-02-05"
"BO-00020","BUS-00007","Drs. Nanda Simatupang","1957-11-03","ID","14.21","BOARD_CONTROL","2024-02-03"
"BO-00021","BUS-00007","Hj. Anggun Rina Siregar","1958-06-02","ID","11.39","OWNERSHIP","2023-10-17"
"BO-00022","BUS-00008","Hj. Umi Situmorang","1996-10-09","ID","25.31","VOTING_RIGHTS","2023-12-06"
"BO-00023","BUS-00008","Hj. Dewi Kusuma","1981-10-18","ID","45.76","VOTING_RIGHTS","2024-10-09"
"BO-00024","BUS-00008","Mega Kusuma","1998-04-10","ID","15.06","OTHER_SIGNIFICANT_INFLUENCE","2024-07-10"
"BO-00025","BUS-00008","Dra. Sari Wijaya","1955-08-23","ID","13.87","VOTING_RIGHTS","2025-04-30"
"BO-00026","BUS-00009","Kartika Siti Ramadhan","1973-11-26","ID","89.58","BOARD_CONTROL","2024-01-23"
"BO-00027","BUS-00009","Gita Simatupang","1967-09-06","ID","10.01","OWNERSHIP","2024-03-29"
"BO-00028","BUS-00010","Ir. Vina Ayu Santoso","1959-09-20","ID","81.83","BOARD_CONTROL","2024-06-13"
"BO-00029","BUS-00010","H. Cahya Joko Suryadi","1965-04-01","ID","10.31","OWNERSHIP","2024-07-23"
"BO-00030","BUS-00011","Ayu Simatupang","1998-08-05","ID","24.00","VOTING_RIGHTS","2025-05-28"
"BO-00031","BUS-00011","Zahra Hidayat","1994-03-13","ID","76.00","OTHER_SIGNIFICANT_INFLUENCE","2023-10-20"
"BO-00032","BUS-00012","Kartika Simatupang","1983-07-20","ID","100.00","OWNERSHIP","2025-11-27"
"BO-00033","BUS-00013","H. Fajar Hidayat","1957-02-22","ID","57.81","VOTING_RIGHTS","2024-07-10"
"BO-00034","BUS-00013","Iwan Gunawan","1964-03-22","ID","42.19","OWNERSHIP","2025-02-28"
"BO-00035","BUS-00014","Bayu Situmorang","1990-10-10","ID","23.41","OTHER_SIGNIFICANT_INFLUENCE","2024-10-13"
"BO-00036","BUS-00014","Anggun Anggraini","1969-04-11","ID","17.52","BOARD_CONTROL","2025-11-21"
"BO-00037","BUS-00014","Ir. Nanda Permana","1986-08-28","ID","36.06","OWNERSHIP","2025-09-19"
"BO-00038","BUS-00014","Drs. Eka Eka Halim","1961-08-23","ID","23.01","VOTING_RIGHTS","2024-02-25"
"BO-00039","BUS-00015","Wulan Ayu Hidayat","1985-11-16","ID","70.32","OWNERSHIP","2023-12-25"
"BO-00040","BUS-00015","Hj. Zahra Gunawan","1987-11-10","ID","29.68","OTHER_SIGNIFICANT_INFLUENCE","2024-07-31"
"BO-00041","BUS-00016","Drs. Bayu Bagus Hartono","1963-03-03","ID","62.52","VOTING_RIGHTS","2024-06-21"
"BO-00042","BUS-00016","Ir. Eka Situmorang","1967-09-03","ID","11.30","VOTING_RIGHTS","2024-11-30"
"BO-00043","BUS-00016","Hj. Rina Indah Hidayat","1971-11-21","ID","10.28","VOTING_RIGHTS","2024-06-03"
"BO-00044","BUS-00016","Iwan Simatupang","1999-04-03","ID","15.90","OTHER_SIGNIFICANT_INFLUENCE","2023-12-21"
"BO-00045","BUS-00017","Lestari Simatupang","1986-11-14","ID","30.31","OTHER_SIGNIFICANT_INFLUENCE","2025-05-19"
"BO-00046","BUS-00017","Ir. Siti Hidayat","1992-11-01","ID","14.10","OWNERSHIP","2024-08-01"
"BO-00047","BUS-00017","Iwan Permana","1979-11-18","ID","55.59","OWNERSHIP","2025-01-10"
"BO-00048","BUS-00018","Zahra Simatupang","1969-06-15","ID","57.37","OWNERSHIP","2024-04-25"
"BO-00049","BUS-00018","Rina Putri Suryadi","1980-09-18","ID","15.44","VOTING_RIGHTS","2025-10-08"
"BO-00050","BUS-00018","Ir. Anggun Ayu Ramadhan","1965-09-18","ID","12.56","OWNERSHIP","2024-02-28"
"BO-00051","BUS-00018","Zahra Hidayat","1988-02-18","ID","14.63","BOARD_CONTROL","2025-03-29"
"BO-00052","BUS-00019","Bagus Maulana","1990-04-28","ID","27.83","VOTING_RIGHTS","2024-09-16"
"BO-00053","BUS-00019","Nanda Saputra","1973-04-06","ID","17.00","OWNERSHIP","2024-02-24"
"BO-00054","BUS-00019","Siti Setiawan","1965-05-03","ID","22.62","OWNERSHIP","2024-02-05"
"BO-00055","BUS-00019","Ir. Lestari Gunawan","1971-10-10","ID","32.55","BOARD_CONTROL","2024-06-09"
"BO-00056","BUS-00020","Oki Ramadhan","1975-09-08","ID","54.64","OWNERSHIP","2025-05-27"
"BO-00057","BUS-00020","Mega Saputra","1990-08-26","ID","19.92","OWNERSHIP","2024-10-10"
"BO-00058","BUS-00020","Siti Permana","1988-06-26","ID","25.44","OWNERSHIP","2024-03-06"
"BO-00059","BUS-00021","Gita Gita Maulana","1984-11-12","ID","48.26","VOTING_RIGHTS","2024-09-10"
"BO-00060","BUS-00021","Ir. Mega Siti Lubis","1993-09-22","ID","35.86","OTHER_SIGNIFICANT_INFLUENCE","2023-11-07"
"BO-00061","BUS-00021","Bayu Fajar Santoso","1957-03-04","ID","15.88","OWNERSHIP","2025-07-20"
"BO-00062","BUS-00022","Sari Siregar","1961-02-18","ID","67.26","OTHER_SIGNIFICANT_INFLUENCE","2024-11-15"
"BO-00063","BUS-00022","Oki Situmorang","1975-03-05","ID","16.23","OTHER_SIGNIFICANT_INFLUENCE","2023-11-13"
"BO-00064","BUS-00022","Siti Hartono","1962-10-13","ID","10.03","VOTING_RIGHTS","2024-10-03"
"BO-00065","BUS-00023","Adi Anggraini","1983-07-12","ID","64.85","OTHER_SIGNIFICANT_INFLUENCE","2025-01-24"
"BO-00066","BUS-00023","Dewi Siregar","1986-03-15","ID","16.37","VOTING_RIGHTS","2025-11-04"
"BO-00067","BUS-00023","Ir. Bayu Oki Saputra","1992-07-01","ID","10.63","BOARD_CONTROL","2024-04-10"
"BO-00068","BUS-00024","Dra. Dewi Maulana","1955-08-26","ID","42.42","OTHER_SIGNIFICANT_INFLUENCE","2024-12-18"
"BO-00069","BUS-00024","Wulan Ramadhan","1984-08-27","ID","26.31","BOARD_CONTROL","2025-02-21"
"BO-00070","BUS-00024","Kartika Suryadi","1974-08-07","ID","10.69","BOARD_CONTROL","2026-01-17"
"BO-00071","BUS-00024","Sari Kusuma","1988-07-04","ID","20.58","OWNERSHIP","2026-02-10"
"BO-00072","BUS-00025","Fajar Saputra","1966-02-25","ID","50.76","VOTING_RIGHTS","2024-01-30"
"BO-00073","BUS-00025","Gilang Hidayat","1989-06-23","ID","16.66","OTHER_SIGNIFICANT_INFLUENCE","2024-12-26"
"BO-00074","BUS-00025","Hj. Gita Ayu Hartono","1974-12-11","ID","22.21","VOTING_RIGHTS","2024-09-13"
"BO-00075","BUS-00025","Putri Indah Lubis","1963-05-20","ID","10.37","OWNERSHIP","2024-12-24"
"BO-00076","BUS-00026","Drs. Nanda Wijaya","1955-11-24","ID","100.00","OTHER_SIGNIFICANT_INFLUENCE","2025-03-31"
"BO-00077","BUS-00027","Ir. Sari Hidayat","1979-11-28","ID","68.99","VOTING_RIGHTS","2023-12-29"
"BO-00078","BUS-00027","Umi Gunawan","1986-11-02","ID","17.00","OTHER_SIGNIFICANT_INFLUENCE","2024-05-01"
"BO-00079","BUS-00027","Ir. Indah Dewi Situmorang","1993-11-18","ID","10.68","BOARD_CONTROL","2025-01-08"
"BO-00080","BUS-00028","Tono Hidayat","1975-10-13","ID","19.75","OTHER_SIGNIFICANT_INFLUENCE","2024-12-29"
"BO-00081","BUS-00028","Zahra Santoso","1981-07-24","ID","65.43","OTHER_SIGNIFICANT_INFLUENCE","2024-06-05"
"BO-00082","BUS-00028","Dewi Siti Hartono","1963-07-11","ID","10.21","VOTING_RIGHTS","2025-04-27"
"BO-00083","BUS-00029","Wahyu Hadi Siregar","1967-09-27","ID","66.19","VOTING_RIGHTS","2024-07-30"
"BO-00084","BUS-00029","Drs. Hadi Nugroho","1996-04-05","ID","33.81","BOARD_CONTROL","2025-12-29"
"BO-00085","BUS-00030","Citra Hidayat","1995-06-26","ID","100.00","VOTING_RIGHTS","2025-08-16"
"BO-00086","BUS-00031","Wahyu Yuda Situmorang","1999-09-04","ID","75.91","OWNERSHIP","2024-09-20"
"BO-00087","BUS-00031","Umi Permana","1982-08-21","ID","10.41","OTHER_SIGNIFICANT_INFLUENCE","2023-10-17"
"BO-00088","BUS-00031","Rina Hartono","1956-01-09","ID","13.68","OTHER_SIGNIFICANT_INFLUENCE","2025-06-19"
"BO-00089","BUS-00032","Nanda Nanda Hartono","1966-04-01","ID","89.28","BOARD_CONTROL","2024-02-21"
"BO-00090","BUS-00032","Ir. Rahmat Kusuma","1985-11-01","ID","10.29","OTHER_SIGNIFICANT_INFLUENCE","2025-10-11"
"BO-00091","BUS-00033","Dra. Mega Saputra","1996-08-14","ID","81.01","OWNERSHIP","2026-01-25"
"BO-00092","BUS-00033","Zahra Pratama","1968-11-02","ID","10.84","VOTING_RIGHTS","2024-10-27"
"BO-00093","BUS-00034","H. Cahya Halim","1956-07-03","ID","47.01","VOTING_RIGHTS","2024-09-23"
"BO-00094","BUS-00034","Ir. Hadi Maulana","1996-05-09","ID","21.97","OTHER_SIGNIFICANT_INFLUENCE","2025-10-29"
"BO-00095","BUS-00034","Ir. Cahya Wahyu Halim","1971-06-08","ID","31.02","OTHER_SIGNIFICANT_INFLUENCE","2024-03-31"
"BO-00096","BUS-00035","Ir. Citra Siregar","1974-06-08","ID","77.27","VOTING_RIGHTS","2025-03-06"
"BO-00097","BUS-00035","Anggun Siti Situmorang","1967-05-04","ID","11.75","VOTING_RIGHTS","2024-10-11"
"BO-00098","BUS-00035","Bagus Kusuma","1982-04-05","ID","10.14","BOARD_CONTROL","2025-12-26"
"BO-00099","BUS-00036","Dra. Rina Santoso","1969-08-12","ID","34.91","OWNERSHIP","2023-11-16"
"BO-00100","BUS-00036","Zahra Situmorang","1981-03-12","ID","52.66","VOTING_RIGHTS","2023-12-06"
"BO-00101","BUS-00036","Iwan Situmorang","1981-04-11","ID","12.43","OTHER_SIGNIFICANT_INFLUENCE","2025-09-13"
"BO-00102","BUS-00037","Iwan Siregar","1978-02-13","ID","23.55","BOARD_CONTROL","2026-01-04"
"BO-00103","BUS-00037","Bagus Hartono","1961-01-10","ID","76.45","OWNERSHIP","2025-09-16"
"BO-00104","BUS-00038","H. Cahya Hartono","1984-04-18","ID","40.92","BOARD_CONTROL","2025-01-23"
"BO-00105","BUS-00038","Nanda Permana","1976-02-08","ID","59.08","BOARD_CONTROL","2024-12-28"
"BO-00106","BUS-00039","Drs. Bayu Halim","1973-11-16","ID","100.00","OWNERSHIP","2025-01-07"
"BO-00107","BUS-00040","Oki Eka Situmorang","1984-11-21","ID","100.00","VOTING_RIGHTS","2024-02-25"
"BO-00108","BUS-00041","Rina Putri Santoso","1981-05-25","ID","10.87","VOTING_RIGHTS","2024-04-16"
"BO-00109","BUS-00041","Dewi Hidayat","1973-03-18","ID","49.72","VOTING_RIGHTS","2024-10-30"
"BO-00110","BUS-00041","Lestari Umi Santoso","1988-09-21","ID","23.20","BOARD_CONTROL","2024-10-17"
"BO-00111","BUS-00041","Gita Simatupang","1997-12-21","ID","16.21","OWNERSHIP","2025-03-26"
"BO-00112","BUS-00042","Vina Hartono","1997-01-18","ID","82.29","OWNERSHIP","2024-01-13"
"BO-00113","BUS-00042","Yuda Saputra","1974-12-20","ID","17.71","BOARD_CONTROL","2025-01-27"
"BO-00114","BUS-00043","Iwan Kusuma","1971-03-26","ID","100.00","OWNERSHIP","2024-05-08"
"BO-00115","BUS-00044","Dian Nugroho","1967-08-16","ID","27.91","BOARD_CONTROL","2025-01-22"
"BO-00116","BUS-00044","Hj. Zahra Siregar","1988-03-09","ID","72.09","BOARD_CONTROL","2025-02-09"
"BO-00117","BUS-00045","Drs. Rahmat Siregar","1998-10-19","ID","100.00","OTHER_SIGNIFICANT_INFLUENCE","2025-10-22"
"BO-00118","BUS-00046","Hj. Siti Lubis","1966-01-20","ID","58.74","VOTING_RIGHTS","2025-12-14"
"BO-00119","BUS-00046","Rahmat Bayu Halim","1988-05-01","ID","41.26","OWNERSHIP","2024-04-24"
"BO-00120","BUS-00047","Dra. Kartika Lubis","1985-09-13","ID","100.00","OTHER_SIGNIFICANT_INFLUENCE","2025-03-01"
"BO-00121","BUS-00048","Iwan Ramadhan","1986-12-03","ID","78.39","OTHER_SIGNIFICANT_INFLUENCE","2024-09-19"
"BO-00122","BUS-00048","Putri Hartono","1967-08-09","ID","21.61","OWNERSHIP","2025-08-09"
"BO-00123","BUS-00049","Vina Kusuma","1970-03-19","ID","69.90","VOTING_RIGHTS","2025-04-15"
"BO-00124","BUS-00049","Drs. Tono Permana","1982-03-26","ID","18.06","BOARD_CONTROL","2025-11-10"
"BO-00125","BUS-00049","Indah Putri Setiawan","1972-09-10","ID","12.04","OWNERSHIP","2023-11-21"
"BO-00126","BUS-00050","Nanda Wijaya","1996-11-09","ID","100.00","OWNERSHIP","2024-11-01"
"BO-00127","BUS-00051","Ir. Oki Halim","1973-09-04","ID","13.29","OTHER_SIGNIFICANT_INFLUENCE","2025-09-18"
"BO-00128","BUS-00051","Dra. Indah Maulana","1998-02-22","ID","86.71","OWNERSHIP","2024-09-11"
"BO-00129","BUS-00052","Hj. Umi Putri Ramadhan","1956-01-07","ID","53.31","BOARD_CONTROL","2025-02-07"
"BO-00130","BUS-00052","H. Fajar Wahyu Ramadhan","1996-01-17","ID","36.27","VOTING_RIGHTS","2024-06-15"
"BO-00131","BUS-00052","Umi Hartono","1957-01-19","ID","10.42","VOTING_RIGHTS","2025-10-30"
"BO-00132","BUS-00053","Putri Halim","1962-02-14","ID","28.45","VOTING_RIGHTS","2023-12-26"
"BO-00133","BUS-00053","Ir. Eka Hidayat","1963-04-21","ID","57.66","BOARD_CONTROL","2024-01-10"
"BO-00134","BUS-00053","Lestari Gunawan","1998-11-26","ID","10.17","OTHER_SIGNIFICANT_INFLUENCE","2024-04-23"
"BO-00135","BUS-00054","Bagus Anggraini","1971-11-15","ID","100.00","VOTING_RIGHTS","2025-04-02"
"BO-00136","BUS-00055","Dewi Gunawan","1975-08-21","ID","63.90","OTHER_SIGNIFICANT_INFLUENCE","2025-11-03"
"BO-00137","BUS-00055","Nanda Kusuma","1972-06-06","ID","36.10","OWNERSHIP","2024-10-07"
"BO-00138","BUS-00056","Ir. Fajar Eka Hartono","1999-01-19","ID","78.54","BOARD_CONTROL","2024-02-18"
"BO-00139","BUS-00056","Hadi Rahmat Setiawan","1982-07-23","ID","10.30","OTHER_SIGNIFICANT_INFLUENCE","2023-12-22"
"BO-00140","BUS-00056","Putri Gunawan","1986-11-26","ID","11.16","OWNERSHIP","2024-06-03"
"BO-00141","BUS-00057","Lestari Gita Pratama","1975-03-25","ID","100.00","OTHER_SIGNIFICANT_INFLUENCE","2024-11-08"
"BO-00142","BUS-00058","Drs. Oki Anggraini","1960-09-09","ID","52.41","OWNERSHIP","2024-01-09"
"BO-00143","BUS-00058","Bagus Gunawan","1963-04-11","ID","30.15","OWNERSHIP","2023-12-25"
"BO-00144","BUS-00058","Rahmat Kusuma","1977-07-25","ID","17.44","OTHER_SIGNIFICANT_INFLUENCE","2025-09-18"
"BO-00145","BUS-00059","Rahmat Hartono","1956-05-16","ID","58.73","OWNERSHIP","2025-11-29"
"BO-00146","BUS-00059","Dra. Indah Indah Ramadhan","1971-01-03","ID","18.24","BOARD_CONTROL","2024-04-18"
"BO-00147","BUS-00059","H. Wahyu Saputra","1983-07-24","ID","11.01","OWNERSHIP","2025-07-16"
"BO-00148","BUS-00059","Siti Mega Hartono","1999-01-06","ID","12.02","OTHER_SIGNIFICANT_INFLUENCE","2025-04-20"
"BO-00149","BUS-00060","Eka Maulana","1963-09-01","ID","35.26","VOTING_RIGHTS","2024-04-14"
"BO-00150","BUS-00060","Ir. Eka Halim","1993-11-28","ID","27.02","OTHER_SIGNIFICANT_INFLUENCE","2024-04-21"
"BO-00151","BUS-00060","H. Dian Bagus Simatupang","1958-08-04","ID","22.27","OTHER_SIGNIFICANT_INFLUENCE","2024-06-29"
"BO-00152","BUS-00060","Gilang Setiawan","1990-06-21","ID","15.45","OWNERSHIP","2025-05-23"
"BO-00153","BUS-00061","H. Wahyu Nanda Simatupang","1961-02-13","ID","23.77","VOTING_RIGHTS","2025-03-21"
"BO-00154","BUS-00061","Wahyu Adi Simatupang","1977-11-07","ID","33.72","OTHER_SIGNIFICANT_INFLUENCE","2023-10-18"
"BO-00155","BUS-00061","Ir. Citra Lubis","1982-12-18","ID","16.64","BOARD_CONTROL","2025-01-02"
"BO-00156","BUS-00061","Hj. Vina Anggraini","1958-02-18","ID","25.87","OTHER_SIGNIFICANT_INFLUENCE","2024-06-28"
"BO-00157","BUS-00062","Zahra Gunawan","1964-12-27","ID","41.06","OTHER_SIGNIFICANT_INFLUENCE","2025-01-20"
"BO-00158","BUS-00062","Bagus Wijaya","1975-10-12","ID","58.94","OWNERSHIP","2025-09-17"
"BO-00159","BUS-00063","Hj. Wulan Situmorang","1973-07-06","ID","29.93","BOARD_CONTROL","2023-10-25"
"BO-00160","BUS-00063","Hadi Permana","1985-10-09","ID","70.07","OWNERSHIP","2024-11-23"
"BO-00161","BUS-00064","Umi Simatupang","1963-06-22","ID","100.00","OTHER_SIGNIFICANT_INFLUENCE","2024-04-11"
"BO-00162","BUS-00065","Joko Simatupang","1998-12-22","ID","40.12","VOTING_RIGHTS","2025-02-14"
"BO-00163","BUS-00065","Drs. Cahya Lubis","1956-01-10","ID","27.74","OTHER_SIGNIFICANT_INFLUENCE","2024-01-26"
"BO-00164","BUS-00065","Anggun Anggraini","1973-11-20","ID","32.14","OWNERSHIP","2023-12-28"
"BO-00165","BUS-00066","Iwan Lubis","1965-11-11","ID","16.97","VOTING_RIGHTS","2025-12-17"
"BO-00166","BUS-00066","Umi Kartika Simatupang","1987-06-12","ID","83.03","BOARD_CONTROL","2024-07-08"
"BO-00167","BUS-00067","Bayu Setiawan","1993-09-14","ID","67.86","OWNERSHIP","2023-10-27"
"BO-00168","BUS-00067","Hj. Umi Lubis","1964-04-18","ID","32.14","OWNERSHIP","2026-02-26"
"BO-00169","BUS-00068","Hj. Siti Lubis","1993-04-18","ID","74.10","BOARD_CONTROL","2025-05-15"
"BO-00170","BUS-00068","Dra. Indah Suryadi","1961-12-08","ID","12.80","BOARD_CONTROL","2025-09-09"
"BO-00171","BUS-00068","Wahyu Saputra","1955-02-20","ID","13.10","OTHER_SIGNIFICANT_INFLUENCE","2025-02-23"
"BO-00172","BUS-00069","Ir. Zahra Setiawan","1976-01-26","ID","14.55","BOARD_CONTROL","2025-06-22"
"BO-00173","BUS-00069","Hj. Rina Ramadhan","1963-09-13","ID","85.45","VOTING_RIGHTS","2023-12-19"
"BO-00174","BUS-00070","Dra. Siti Rina Ramadhan","1958-02-25","ID","100.00","BOARD_CONTROL","2025-07-04"
"BO-00175","BUS-00071","Bagus Maulana","1974-08-10","ID","100.00","BOARD_CONTROL","2025-05-15"
"BO-00176","BUS-00072","Putri Wijaya","1991-03-08","ID","14.82","VOTING_RIGHTS","2025-11-09"
"BO-00177","BUS-00072","Drs. Cahya Eka Permana","1982-10-15","ID","27.42","OWNERSHIP","2025-03-13"
"BO-00178","BUS-00072","Hj. Anggun Hartono","1963-09-11","ID","19.52","BOARD_CONTROL","2025-08-25"
"BO-00179","BUS-00072","Eka Anggraini","1975-04-01","ID","38.24","BOARD_CONTROL","2024-05-02"
"BO-00180","BUS-00073","H. Gilang Yuda Suryadi","1994-03-21","ID","85.42","OTHER_SIGNIFICANT_INFLUENCE","2024-02-08"
"BO-00181","BUS-00073","Dra. Vina Hidayat","1969-03-05","ID","10.08","OWNERSHIP","2024-07-08"
"BO-00182","BUS-00074","Zahra Nugroho","1999-06-20","ID","45.73","OTHER_SIGNIFICANT_INFLUENCE","2024-04-22"
"BO-00183","BUS-00074","H. Oki Ramadhan","1962-09-04","ID","54.27","VOTING_RIGHTS","2025-12-15"
"BO-00184","BUS-00075","Ir. Rahmat Nugroho","1992-10-02","ID","70.50","VOTING_RIGHTS","2023-10-23"
"BO-00185","BUS-00075","Eka Halim","1972-02-01","ID","29.50","BOARD_CONTROL","2024-08-27"
"BO-00186","BUS-00076","Ir. Rina Siti Halim","1982-11-27","ID","69.44","OWNERSHIP","2025-08-16"
"BO-00187","BUS-00076","Indah Setiawan","1979-02-08","ID","12.72","OWNERSHIP","2025-05-21"
"BO-00188","BUS-00076","Ir. Vina Ayu Ramadhan","1958-12-15","ID","10.84","OWNERSHIP","2025-06-26"
"BO-00189","BUS-00077","Putri Lubis","1985-11-05","ID","78.98","OWNERSHIP","2024-02-17"
"BO-00190","BUS-00077","Siti Hartono","1990-01-21","ID","21.02","OWNERSHIP","2026-02-12"
"BO-00191","BUS-00078","Dian Siregar","1998-12-16","ID","100.00","BOARD_CONTROL","2025-11-05"
"BO-00192","BUS-00079","Fajar Suryadi","1983-02-23","ID","19.23","VOTING_RIGHTS","2024-02-08"
"BO-00193","BUS-00079","Drs. Bagus Suryadi","1963-03-04","ID","80.77","OTHER_SIGNIFICANT_INFLUENCE","2026-01-22"
"BO-00194","BUS-00080","Ir. Gilang Simatupang","1972-03-01","ID","100.00","OTHER_SIGNIFICANT_INFLUENCE","2024-09-05"
"BO-00195","BUS-00081","Oki Setiawan","1974-05-04","ID","77.62","VOTING_RIGHTS","2025-12-07"
"BO-00196","BUS-00081","Hj. Indah Hartono","1981-11-12","ID","22.38","OWNERSHIP","2025-01-22"
"BO-00197","BUS-00082","Joko Lubis","1990-01-20","ID","100.00","BOARD_CONTROL","2024-10-05"
"BO-00198","BUS-00083","Umi Ramadhan","1992-02-28","ID","28.87","OWNERSHIP","2025-03-09"
"BO-00199","BUS-00083","Mega Wulan Santoso","1977-12-06","ID","13.50","VOTING_RIGHTS","2023-11-26"
"BO-00200","BUS-00083","Ir. Anggun Halim","1961-08-07","ID","57.63","OTHER_SIGNIFICANT_INFLUENCE","2026-01-09"
"BO-00201","BUS-00084","Siti Situmorang","1974-03-08","ID","89.08","OWNERSHIP","2023-10-26"
"BO-00202","BUS-00084","Tono Siregar","1980-02-27","ID","10.92","BOARD_CONTROL","2025-11-05"
"BO-00203","BUS-00085","Dra. Zahra Indah Ramadhan","1988-08-18","ID","100.00","OTHER_SIGNIFICANT_INFLUENCE","2025-07-08"
"BO-00204","BUS-00086","Bagus Situmorang","1960-11-17","ID","100.00","BOARD_CONTROL","2026-01-22"
"BO-00205","BUS-00087","Wulan Dewi Siregar","1961-05-15","ID","26.42","OTHER_SIGNIFICANT_INFLUENCE","2024-09-25"
"BO-00206","BUS-00087","Rahmat Hartono","1966-08-15","ID","73.58","BOARD_CONTROL","2025-04-23"
"BO-00207","BUS-00088","Dian Tono Siregar","1965-11-05","ID","46.14","VOTING_RIGHTS","2024-10-09"
"BO-00208","BUS-00088","Drs. Iwan Situmorang","1997-06-03","ID","41.47","VOTING_RIGHTS","2025-12-13"
"BO-00209","BUS-00088","Fajar Fajar Anggraini","1958-04-25","ID","10.03","OWNERSHIP","2025-07-02"
"BO-00210","BUS-00089","H. Wahyu Gilang Permana","1999-09-21","ID","100.00","VOTING_RIGHTS","2025-09-02"
"BO-00211","BUS-00090","Eka Joko Siregar","1994-09-14","ID","100.00","BOARD_CONTROL","2024-02-10"
"BO-00212","BUS-00091","Siti Halim","1995-05-10","ID","20.53","OWNERSHIP","2025-02-26"
"BO-00213","BUS-00091","Ir. Dewi Santoso","1955-04-19","ID","30.79","OTHER_SIGNIFICANT_INFLUENCE","2024-07-09"
"BO-00214","BUS-00091","Ir. Hadi Ramadhan","1976-12-12","ID","11.03","BOARD_CONTROL","2025-02-12"
"BO-00215","BUS-00091","Gita Permana","1991-10-03","ID","37.65","OWNERSHIP","2025-03-11"
"BO-00216","BUS-00092","Sari Maulana","1984-09-25","ID","56.72","BOARD_CONTROL","2025-11-23"
"BO-00217","BUS-00092","Sari Suryadi","1967-08-06","ID","28.66","OWNERSHIP","2025-12-23"
"BO-00218","BUS-00092","Sari Santoso","1993-12-12","ID","14.62","BOARD_CONTROL","2024-12-01"
"BO-00219","BUS-00093","Hj. Rina Permana","1995-02-24","ID","100.00","VOTING_RIGHTS","2024-06-30"
"BO-00220","BUS-00094","H. Dian Ramadhan","1973-04-14","ID","15.65","OWNERSHIP","2026-01-04"
"BO-00221","BUS-00094","Yuda Hadi Lubis","1961-09-16","ID","84.35","OTHER_SIGNIFICANT_INFLUENCE","2025-11-18"
"BO-00222","BUS-00096","Ayu Setiawan","1955-02-13","ID","61.60","OTHER_SIGNIFICANT_INFLUENCE","2024-11-11"
"BO-00223","BUS-00096","Ir. Umi Wijaya","1994-05-11","ID","38.40","BOARD_CONTROL","2023-11-23"
"BO-00224","BUS-00097","Ir. Oki Ramadhan","1984-06-23","ID","18.51","VOTING_RIGHTS","2024-06-13"
"BO-00225","BUS-00097","Siti Halim","1969-11-27","ID","20.20","OTHER_SIGNIFICANT_INFLUENCE","2025-05-17"
"BO-00226","BUS-00097","Drs. Yuda Nugroho","1982-10-06","ID","19.27","OTHER_SIGNIFICANT_INFLUENCE","2025-10-08"
"BO-00227","BUS-00097","Dra. Wulan Citra Simatupang","1957-04-19","ID","42.02","OWNERSHIP","2024-07-02"
"BO-00228","BUS-00098","Drs. Wahyu Pratama","1987-09-04","ID","62.01","VOTING_RIGHTS","2024-05-06"
"BO-00229","BUS-00098","Hj. Gita Setiawan","1963-03-09","ID","37.99","OTHER_SIGNIFICANT_INFLUENCE","2026-02-16"
"BO-00230","BUS-00099","Ir. Rahmat Eka Wijaya","1955-05-21","ID","69.56","OWNERSHIP","2025-12-18"
"BO-00231","BUS-00099","Wahyu Nugroho","1964-02-05","ID","30.44","VOTING_RIGHTS","2024-01-23"
"BO-00232","BUS-00100","Indah Pratama","1958-04-10","ID","86.75","VOTING_RIGHTS","2025-07-26"
"BO-00233","BUS-00100","Fajar Hidayat","1987-09-15","ID","10.56","OWNERSHIP","2025-12-26"
"BO-00234","BUS-00101","Indah Putri Maulana","1963-07-17","ID","100.00","OTHER_SIGNIFICANT_INFLUENCE","2024-04-24"
"BO-00235","BUS-00102","Rina Wijaya","1980-05-24","ID","52.07","OTHER_SIGNIFICANT_INFLUENCE","2024-12-07"
"BO-00236","BUS-00102","Hj. Gita Simatupang","1975-06-05","ID","47.93","OWNERSHIP","2024-02-04"
"BO-00237","BUS-00103","Drs. Tono Tono Kusuma","1977-12-18","ID","100.00","OTHER_SIGNIFICANT_INFLUENCE","2025-04-14"
"BO-00238","BUS-00104","Wahyu Santoso","1999-05-16","ID","100.00","BOARD_CONTROL","2024-06-08"
"BO-00239","BUS-00105","Rahmat Gunawan","1999-04-01","ID","56.54","OWNERSHIP","2025-03-09"
"BO-00240","BUS-00105","Bagus Dian Situmorang","1973-11-17","ID","43.46","BOARD_CONTROL","2025-08-22"
"BO-00241","BUS-00107","Hj. Citra Setiawan","1960-08-28","ID","56.14","OTHER_SIGNIFICANT_INFLUENCE","2023-10-30"
"BO-00242","BUS-00107","Oki Situmorang","1964-02-07","ID","28.55","OTHER_SIGNIFICANT_INFLUENCE","2025-08-03"
"BO-00243","BUS-00107","Drs. Cahya Maulana","1962-02-23","ID","10.64","OWNERSHIP","2025-07-28"
"BO-00244","BUS-00108","Cahya Gunawan","1989-01-19","ID","100.00","BOARD_CONTROL","2024-02-18"
"BO-00245","BUS-00109","Umi Permana","1956-07-07","ID","32.65","OWNERSHIP","2026-02-11"
"BO-00246","BUS-00109","Citra Wulan Simatupang","1970-02-01","ID","67.35","OTHER_SIGNIFICANT_INFLUENCE","2024-11-29"
"BO-00247","BUS-00110","Ir. Ayu Anggraini","1988-10-02","ID","53.41","OWNERSHIP","2024-04-18"
"BO-00248","BUS-00110","Dra. Lestari Indah Suryadi","1955-05-17","ID","36.37","OWNERSHIP","2024-10-24"
"BO-00249","BUS-00110","Dian Kusuma","1985-03-20","ID","10.17","OTHER_SIGNIFICANT_INFLUENCE","2024-04-28"
"BO-00250","BUS-00111","Dewi Suryadi","1962-04-19","ID","64.60","OWNERSHIP","2024-02-22"
"BO-00251","BUS-00111","H. Wahyu Joko Gunawan","1987-09-06","ID","35.40","OWNERSHIP","2025-09-19"
"BO-00252","BUS-00112","H. Yuda Suryadi","1980-05-27","ID","67.68","OTHER_SIGNIFICANT_INFLUENCE","2023-12-31"
"BO-00253","BUS-00112","Siti Halim","1983-11-09","ID","18.88","OTHER_SIGNIFICANT_INFLUENCE","2024-07-09"
"BO-00254","BUS-00112","H. Wahyu Suryadi","1979-12-01","ID","10.67","OWNERSHIP","2025-11-01"
"BO-00255","BUS-00113","H. Rahmat Maulana","1979-03-03","ID","62.58","VOTING_RIGHTS","2026-01-24"
"BO-00256","BUS-00113","Ir. Anggun Suryadi","1964-02-20","ID","37.42","OTHER_SIGNIFICANT_INFLUENCE","2025-07-03"
"BO-00257","BUS-00114","Ir. Iwan Situmorang","1998-02-02","ID","100.00","BOARD_CONTROL","2024-05-19"
"BO-00258","BUS-00116","Indah Lestari Anggraini","1998-06-10","ID","100.00","OWNERSHIP","2025-07-06"
"BO-00259","BUS-00117","Joko Pratama","1957-08-21","ID","100.00","OTHER_SIGNIFICANT_INFLUENCE","2025-01-30"
"BO-00260","BUS-00118","Hj. Anggun Umi Santoso","1982-08-02","ID","63.28","OWNERSHIP","2025-12-26"
"BO-00261","BUS-00118","H. Hadi Setiawan","1989-09-16","ID","19.23","BOARD_CONTROL","2024-06-21"
"BO-00262","BUS-00118","Ir. Sari Kusuma","1973-01-26","ID","17.49","VOTING_RIGHTS","2023-12-29"
"BO-00263","BUS-00119","Gita Hidayat","1963-12-17","ID","58.22","OWNERSHIP","2025-05-29"
"BO-00264","BUS-00119","Hj. Indah Hartono","1961-01-04","ID","28.16","BOARD_CONTROL","2024-01-21"
"BO-00265","BUS-00119","Ir. Gita Anggraini","1958-03-07","ID","10.24","OTHER_SIGNIFICANT_INFLUENCE","2024-05-08"
"BO-00266","BUS-00120","Putri Anggraini","1980-10-20","ID","65.72","OWNERSHIP","2024-02-28"
"BO-00267","BUS-00120","Hj. Umi Ramadhan","1978-06-19","ID","13.87","VOTING_RIGHTS","2025-09-09"
"BO-00268","BUS-00120","Dra. Lestari Citra Simatupang","1985-06-22","ID","20.41","BOARD_CONTROL","2026-02-18"
"BO-00269","BUS-00121","Dian Halim","1986-04-23","ID","52.93","VOTING_RIGHTS","2024-03-08"
"BO-00270","BUS-00121","Drs. Iwan Oki Saputra","1985-12-15","ID","22.42","OTHER_SIGNIFICANT_INFLUENCE","2025-12-23"
"BO-00271","BUS-00121","Citra Siti Situmorang","1993-12-10","ID","10.85","VOTING_RIGHTS","2024-01-08"
"BO-00272","BUS-00121","Ir. Dian Situmorang","1986-05-11","ID","13.80","BOARD_CONTROL","2024-12-31"
"BO-00273","BUS-00122","Nanda Setiawan","1958-11-10","ID","85.78","OTHER_SIGNIFICANT_INFLUENCE","2025-12-30"
"BO-00274","BUS-00122","Zahra Kusuma","1990-12-17","ID","10.45","BOARD_CONTROL","2025-04-03"
"BO-00275","BUS-00123","Wulan Sari Saputra","1975-03-02","ID","62.87","BOARD_CONTROL","2025-02-15"
"BO-00276","BUS-00123","Hj. Siti Lubis","1997-11-04","ID","37.13","OWNERSHIP","2025-05-04"
"BO-00277","BUS-00124","Citra Siregar","1970-12-08","ID","100.00","OTHER_SIGNIFICANT_INFLUENCE","2023-11-01"
"BO-00278","BUS-00125","H. Fajar Fajar Hidayat","1967-02-21","ID","80.96","OWNERSHIP","2025-02-08"
"BO-00279","BUS-00125","Kartika Saputra","1998-12-21","ID","10.26","BOARD_CONTROL","2024-03-23"
"BO-00280","BUS-00126","Ir. Indah Halim","1993-08-10","ID","88.35","BOARD_CONTROL","2024-04-07"
"BO-00281","BUS-00126","Drs. Hadi Hidayat","1958-10-22","ID","10.42","OTHER_SIGNIFICANT_INFLUENCE","2024-12-27"
"BO-00282","BUS-00127","Hj. Anggun Situmorang","1973-05-24","ID","42.83","BOARD_CONTROL","2024-12-01"
"BO-00283","BUS-00127","Adi Situmorang","1975-02-23","ID","15.86","OWNERSHIP","2024-11-17"
"BO-00284","BUS-00127","Cahya Anggraini","1960-05-25","ID","16.85","OWNERSHIP","2026-01-30"
"BO-00285","BUS-00127","Wulan Hidayat","1989-12-28","ID","24.46","OWNERSHIP","2024-07-11"
"BO-00286","BUS-00128","Citra Simatupang","1972-07-07","ID","20.30","BOARD_CONTROL","2024-08-14"
"BO-00287","BUS-00128","Ir. Wahyu Situmorang","1965-08-18","ID","79.70","OTHER_SIGNIFICANT_INFLUENCE","2025-05-05"
"BO-00288","BUS-00129","Hj. Vina Hartono","1973-01-13","ID","52.68","BOARD_CONTROL","2026-02-07"
"BO-00289","BUS-00129","Rina Permana","1984-09-11","ID","12.94","VOTING_RIGHTS","2023-11-26"
"BO-00290","BUS-00129","Joko Bagus Kusuma","1985-10-03","ID","34.38","BOARD_CONTROL","2024-02-20"
"BO-00291","BUS-00130","Ir. Fajar Wahyu Permana","1960-12-01","ID","21.40","VOTING_RIGHTS","2024-07-15"
"BO-00292","BUS-00130","Dra. Putri Pratama","1998-06-14","ID","78.60","BOARD_CONTROL","2024-07-15"
"BO-00293","BUS-00131","Indah Sari Simatupang","1962-07-16","ID","60.33","OWNERSHIP","2025-06-13"
"BO-00294","BUS-00131","Hj. Sari Ayu Nugroho","1983-10-11","ID","19.99","OWNERSHIP","2024-03-30"
"BO-00295","BUS-00131","Eka Permana","1990-08-26","ID","19.68","OTHER_SIGNIFICANT_INFLUENCE","2025-11-10"
"BO-00296","BUS-00132","H. Wahyu Dian Halim","1976-10-03","ID","27.63","OWNERSHIP","2024-10-14"
"BO-00297","BUS-00132","Ir. Siti Zahra Situmorang","1955-10-19","ID","48.88","BOARD_CONTROL","2025-07-17"
"BO-00298","BUS-00132","Drs. Adi Anggraini","1960-06-11","ID","23.49","BOARD_CONTROL","2024-04-03"
"BO-00299","BUS-00133","Tono Eka Nugroho","1985-09-18","ID","100.00","VOTING_RIGHTS","2025-03-28"
"BO-00300","BUS-00134","Ir. Indah Kusuma","1976-06-13","ID","26.05","OTHER_SIGNIFICANT_INFLUENCE","2025-07-15"
"BO-00301","BUS-00134","Gita Rina Nugroho","1980-03-23","ID","43.58","BOARD_CONTROL","2024-09-01"
"BO-00302","BUS-00134","Citra Wijaya","1977-07-16","ID","19.65","OTHER_SIGNIFICANT_INFLUENCE","2025-08-06"
"BO-00303","BUS-00134","Zahra Saputra","1978-12-23","ID","10.72","OTHER_SIGNIFICANT_INFLUENCE","2025-08-07"
"BO-00304","BUS-00135","Sari Saputra","1982-08-10","ID","42.52","VOTING_RIGHTS","2024-03-05"
"BO-00305","BUS-00135","Vina Situmorang","1961-04-22","ID","57.48","VOTING_RIGHTS","2024-01-05"
"BO-00306","BUS-00136","Wahyu Simatupang","1970-12-14","ID","13.43","OTHER_SIGNIFICANT_INFLUENCE","2024-06-07"
"BO-00307","BUS-00136","Citra Dewi Suryadi","1962-02-17","ID","86.57","OWNERSHIP","2024-09-22"
"BO-00308","BUS-00137","Drs. Adi Santoso","1986-05-01","ID","10.99","OTHER_SIGNIFICANT_INFLUENCE","2026-02-07"
"BO-00309","BUS-00137","Ir. Indah Pratama","1956-03-01","ID","62.83","OTHER_SIGNIFICANT_INFLUENCE","2023-10-23"
"BO-00310","BUS-00137","Dra. Rina Permana","1956-08-13","ID","26.18","VOTING_RIGHTS","2023-11-11"
"BO-00311","BUS-00138","Dra. Citra Hidayat","1991-03-11","ID","63.93","OWNERSHIP","2024-07-01"
"BO-00312","BUS-00138","Hj. Vina Citra Maulana","1983-07-25","ID","10.46","OWNERSHIP","2024-12-20"
"BO-00313","BUS-00138","Bagus Tono Permana","1962-07-08","ID","25.61","VOTING_RIGHTS","2024-05-18"
"BO-00314","BUS-00139","Drs. Gilang Oki Maulana","1987-04-25","ID","11.13","OWNERSHIP","2024-01-03"
"BO-00315","BUS-00139","Eka Lubis","1968-03-09","ID","88.87","BOARD_CONTROL","2025-01-20"
"BO-00316","BUS-00140","Drs. Nanda Lubis","1965-07-17","ID","32.67","OWNERSHIP","2024-08-26"
"BO-00317","BUS-00140","Ir. Zahra Wijaya","1972-09-01","ID","32.76","OWNERSHIP","2024-04-16"
"BO-00318","BUS-00140","Dra. Rina Saputra","1991-04-05","ID","34.57","VOTING_RIGHTS","2024-03-17"
"BO-00319","BUS-00141","Rahmat Simatupang","1972-10-24","ID","100.00","VOTING_RIGHTS","2025-02-21"
"BO-00320","BUS-00142","Adi Siregar","1996-04-23","ID","49.85","VOTING_RIGHTS","2023-10-15"
"BO-00321","BUS-00142","Wahyu Nanda Siregar","1976-04-28","ID","29.81","OTHER_SIGNIFICANT_INFLUENCE","2025-10-08"
"BO-00322","BUS-00142","Yuda Hartono","1981-10-11","ID","10.91","OWNERSHIP","2024-10-03"
"BO-00323","BUS-00143","Ir. Dewi Saputra","1964-07-20","ID","30.21","VOTING_RIGHTS","2024-03-25"
"BO-00324","BUS-00143","H. Wahyu Setiawan","1983-05-17","ID","69.79","VOTING_RIGHTS","2025-12-17"
"BO-00325","BUS-00144","Bagus Maulana","1992-12-14","ID","72.84","OWNERSHIP","2024-05-19"
"BO-00326","BUS-00144","Ir. Wulan Halim","1960-06-07","ID","11.94","BOARD_CONTROL","2025-11-17"
"BO-00327","BUS-00144","Drs. Oki Anggraini","1976-07-01","ID","15.22","BOARD_CONTROL","2025-12-08"
"BO-00328","BUS-00145","Dra. Anggun Anggun Halim","1955-02-10","ID","45.11","OTHER_SIGNIFICANT_INFLUENCE","2025-02-18"
"BO-00329","BUS-00145","Ir. Dewi Hartono","1986-03-11","ID","54.89","OTHER_SIGNIFICANT_INFLUENCE","2024-01-04"
"BO-00330","BUS-00146","Drs. Eka Hidayat","1971-03-09","ID","100.00","OWNERSHIP","2026-02-14"
"BO-00331","BUS-00147","Hj. Zahra Zahra Simatupang","1966-03-21","ID","28.70","BOARD_CONTROL","2025-09-08"
"BO-00332","BUS-00147","H. Cahya Eka Gunawan","1990-02-07","ID","45.04","OTHER_SIGNIFICANT_INFLUENCE","2024-05-01"
"BO-00333","BUS-00147","Kartika Zahra Halim","1978-11-16","ID","13.49","BOARD_CONTROL","2024-09-28"
"BO-00334","BUS-00147","Hj. Ayu Sari Halim","1960-01-02","ID","12.77","VOTING_RIGHTS","2025-03-16"
"BO-00335","BUS-00148","Nanda Hartono","1977-08-05","ID","100.00","OWNERSHIP","2025-10-11"
"BO-00336","BUS-00149","Bagus Santoso","1965-06-19","ID","100.00","OTHER_SIGNIFICANT_INFLUENCE","2025-07-05"
"BO-00337","BUS-00150","Iwan Kusuma","1977-09-11","ID","16.77","OTHER_SIGNIFICANT_INFLUENCE","2025-06-28"
"BO-00338","BUS-00150","Ir. Bagus Maulana","1968-05-14","ID","14.34","VOTING_RIGHTS","2024-08-18"
"BO-00339","BUS-00150","Fajar Dian Hartono","1994-12-12","ID","14.31","OTHER_SIGNIFICANT_INFLUENCE","2024-07-23"
"BO-00340","BUS-00150","H. Cahya Hidayat","1957-10-27","ID","54.58","BOARD_CONTROL","2025-04-03"
"BO-00341","BUS-00151","Indah Gunawan","1987-01-15","ID","14.36","BOARD_CONTROL","2025-10-26"
"BO-00342","BUS-00151","Gita Hartono","1992-07-14","ID","85.64","VOTING_RIGHTS","2024-03-28"
"BO-00343","BUS-00152","Sari Hartono","1990-02-17","ID","13.74","OTHER_SIGNIFICANT_INFLUENCE","2024-10-27"
"BO-00344","BUS-00152","H. Eka Eka Nugroho","1967-12-18","ID","42.64","OTHER_SIGNIFICANT_INFLUENCE","2023-12-13"
"BO-00345","BUS-00152","Anggun Halim","1961-06-28","ID","24.97","OTHER_SIGNIFICANT_INFLUENCE","2024-05-09"
"BO-00346","BUS-00152","Ir. Cahya Kusuma","1969-08-17","ID","18.65","BOARD_CONTROL","2025-02-14"
"BO-00347","BUS-00153","Lestari Permana","1988-06-12","ID","100.00","OTHER_SIGNIFICANT_INFLUENCE","2023-10-15"
"BO-00348","BUS-00154","H. Oki Suryadi","1978-12-05","ID","67.11","OWNERSHIP","2024-11-23"
"BO-00349","BUS-00154","Ir. Rina Wulan Ramadhan","1961-09-03","ID","11.72","BOARD_CONTROL","2024-09-16"
"BO-00350","BUS-00154","Drs. Eka Situmorang","1985-09-01","ID","21.17","OTHER_SIGNIFICANT_INFLUENCE","2024-08-29"
"BO-00351","BUS-00155","Dian Anggraini","1968-11-13","ID","73.80","VOTING_RIGHTS","2025-06-04"
"BO-00352","BUS-00155","Sari Ramadhan","1979-08-15","ID","26.20","VOTING_RIGHTS","2023-10-24"
"BO-00353","BUS-00156","Dra. Putri Saputra","1992-07-10","ID","32.30","OTHER_SIGNIFICANT_INFLUENCE","2024-12-13"
"BO-00354","BUS-00156","Citra Kartika Hartono","1984-02-17","ID","17.91","OWNERSHIP","2025-01-03"
"BO-00355","BUS-00156","Joko Hartono","1978-10-05","ID","19.52","VOTING_RIGHTS","2024-12-09"
"BO-00356","BUS-00156","Gilang Tono Suryadi","1994-04-20","ID","30.27","OTHER_SIGNIFICANT_INFLUENCE","2025-06-19"
"BO-00357","BUS-00157","Hj. Gita Hartono","1976-08-01","ID","50.20","BOARD_CONTROL","2025-08-12"
"BO-00358","BUS-00157","H. Tono Situmorang","1965-02-01","ID","49.80","OWNERSHIP","2024-07-16"
"BO-00359","BUS-00158","Ir. Dewi Dewi Situmorang","1993-09-16","ID","100.00","OTHER_SIGNIFICANT_INFLUENCE","2024-06-10"
"BO-00360","BUS-00160","Adi Saputra","1964-12-07","ID","37.94","OWNERSHIP","2025-05-04"
"BO-00361","BUS-00160","Wulan Halim","1985-04-19","ID","24.19","BOARD_CONTROL","2025-06-30"
"BO-00362","BUS-00160","H. Bayu Hartono","1978-03-06","ID","20.35","BOARD_CONTROL","2026-01-03"
"BO-00363","BUS-00160","Oki Maulana","1983-08-06","ID","17.52","BOARD_CONTROL","2025-07-01"
"BO-00364","BUS-00161","Ir. Kartika Siregar","1970-09-15","ID","48.00","OTHER_SIGNIFICANT_INFLUENCE","2023-11-08"
"BO-00365","BUS-00161","Rina Lubis","1989-03-23","ID","14.68","BOARD_CONTROL","2025-05-17"
"BO-00366","BUS-00161","Sari Vina Situmorang","1995-11-17","ID","18.23","OTHER_SIGNIFICANT_INFLUENCE","2025-01-22"
"BO-00367","BUS-00161","Adi Maulana","1963-04-20","ID","19.09","VOTING_RIGHTS","2023-11-02"
"BO-00368","BUS-00162","Citra Halim","1988-04-12","ID","47.07","OTHER_SIGNIFICANT_INFLUENCE","2024-12-03"
"BO-00369","BUS-00162","Vina Setiawan","1980-01-17","ID","15.63","VOTING_RIGHTS","2025-01-07"
"BO-00370","BUS-00162","Drs. Gilang Bayu Halim","1967-10-19","ID","18.73","OWNERSHIP","2023-12-28"
"BO-00371","BUS-00162","Hj. Siti Suryadi","1957-01-19","ID","18.57","BOARD_CONTROL","2024-05-31"
"BO-00372","BUS-00163","Dra. Anggun Suryadi","1995-08-04","ID","79.93","VOTING_RIGHTS","2025-05-04"
"BO-00373","BUS-00163","Oki Maulana","1980-11-21","ID","10.02","OTHER_SIGNIFICANT_INFLUENCE","2024-12-09"
"BO-00374","BUS-00163","Drs. Gilang Permana","1971-04-26","ID","10.68","OWNERSHIP","2024-01-09"
"BO-00375","BUS-00164","Joko Halim","1970-04-14","ID","69.17","VOTING_RIGHTS","2023-12-23"
"BO-00376","BUS-00164","Eka Gunawan","1999-09-05","ID","30.83","OTHER_SIGNIFICANT_INFLUENCE","2024-08-21"
"BO-00377","BUS-00165","Fajar Iwan Nugroho","1956-02-27","ID","100.00","BOARD_CONTROL","2025-02-05"
"BO-00378","BUS-00166","Mega Hartono","1980-06-27","ID","87.86","OTHER_SIGNIFICANT_INFLUENCE","2024-03-16"
"BO-00379","BUS-00166","Lestari Anggun Hidayat","1964-08-12","ID","12.14","OTHER_SIGNIFICANT_INFLUENCE","2023-11-20"
"BO-00380","BUS-00167","Mega Permana","1970-11-17","ID","44.27","OTHER_SIGNIFICANT_INFLUENCE","2024-03-17"
"BO-00381","BUS-00167","Dra. Ayu Nugroho","1968-10-21","ID","55.73","OTHER_SIGNIFICANT_INFLUENCE","2025-01-11"
"BO-00382","BUS-00168","Rahmat Kusuma","1984-10-04","ID","70.07","OTHER_SIGNIFICANT_INFLUENCE","2026-02-17"
"BO-00383","BUS-00168","Lestari Nugroho","1957-06-28","ID","13.10","VOTING_RIGHTS","2025-11-15"
"BO-00384","BUS-00168","Ir. Ayu Mega Simatupang","1988-07-07","ID","16.83","OTHER_SIGNIFICANT_INFLUENCE","2024-02-15"
"BO-00385","BUS-00169","Ir. Citra Gunawan","1967-08-25","ID","100.00","OWNERSHIP","2024-03-28"
"BO-00386","BUS-00170","Siti Halim","1957-03-18","ID","12.70","OTHER_SIGNIFICANT_INFLUENCE","2026-02-27"
"BO-00387","BUS-00170","H. Hadi Hadi Hartono","1992-03-23","ID","36.28","VOTING_RIGHTS","2024-01-09"
"BO-00388","BUS-00170","H. Adi Permana","1986-06-06","ID","51.02","OTHER_SIGNIFICANT_INFLUENCE","2024-06-12"
"BO-00389","BUS-00171","Rina Santoso","1998-11-11","ID","16.55","BOARD_CONTROL","2025-06-13"
"BO-00390","BUS-00171","Joko Santoso","1963-11-19","ID","83.45","OTHER_SIGNIFICANT_INFLUENCE","2024-04-18"
"BO-00391","BUS-00172","Vina Hidayat","1959-02-12","ID","58.32","VOTING_RIGHTS","2025-03-05"
"BO-00392","BUS-00172","Vina Hidayat","1982-08-28","ID","12.65","VOTING_RIGHTS","2024-01-09"
"BO-00393","BUS-00172","Anggun Sari Setiawan","1981-10-24","ID","29.03","OWNERSHIP","2023-12-24"
"BO-00394","BUS-00173","Lestari Permana","1979-10-25","ID","89.22","OWNERSHIP","2025-11-17"
"BO-00395","BUS-00173","Gilang Setiawan","1963-11-13","ID","10.78","VOTING_RIGHTS","2025-02-04"
"BO-00396","BUS-00174","Mega Hidayat","1989-10-13","ID","12.40","OTHER_SIGNIFICANT_INFLUENCE","2024-02-06"
"BO-00397","BUS-00174","Ayu Nugroho","1975-06-20","ID","58.49","OWNERSHIP","2023-11-23"
"BO-00398","BUS-00174","Rahmat Rahmat Maulana","1984-11-22","ID","29.11","VOTING_RIGHTS","2026-01-14"
"BO-00399","BUS-00175","Cahya Gilang Siregar","1997-04-24","ID","100.00","VOTING_RIGHTS","2025-12-03"
"BO-00400","BUS-00176","Drs. Tono Anggraini","1997-11-10","ID","72.76","OWNERSHIP","2024-12-24"
"BO-00401","BUS-00176","Lestari Gunawan","1967-11-28","ID","10.01","OTHER_SIGNIFICANT_INFLUENCE","2025-05-14"
"BO-00402","BUS-00176","Ir. Yuda Halim","1960-03-07","ID","10.28","OTHER_SIGNIFICANT_INFLUENCE","2023-11-27"
"BO-00403","BUS-00177","Rina Santoso","1965-04-11","ID","100.00","VOTING_RIGHTS","2023-11-13"
"BO-00404","BUS-00178","Adi Pratama","1986-03-19","ID","71.51","OWNERSHIP","2025-09-25"
"BO-00405","BUS-00178","H. Wahyu Pratama","1990-04-27","ID","18.46","BOARD_CONTROL","2024-03-09"
"BO-00406","BUS-00178","Tono Gilang Gunawan","1997-06-26","ID","10.23","OTHER_SIGNIFICANT_INFLUENCE","2025-02-23"
"BO-00407","BUS-00179","Umi Saputra","1986-12-26","ID","84.28","OTHER_SIGNIFICANT_INFLUENCE","2025-09-01"
"BO-00408","BUS-00179","Hj. Mega Putri Santoso","1973-04-10","ID","10.20","VOTING_RIGHTS","2023-11-08"
"BO-00409","BUS-00180","Gilang Ramadhan","1975-09-16","ID","69.50","VOTING_RIGHTS","2026-02-07"
"BO-00410","BUS-00180","Rahmat Nugroho","1982-11-04","ID","16.51","OWNERSHIP","2023-12-19"
"BO-00411","BUS-00180","Oki Setiawan","1975-06-16","ID","10.18","VOTING_RIGHTS","2024-01-02"
"BO-00412","BUS-00181","Ir. Rina Kusuma","1961-12-05","ID","100.00","BOARD_CONTROL","2025-10-03"
"BO-00413","BUS-00182","Wahyu Bayu Suryadi","1994-02-25","ID","75.60","OWNERSHIP","2024-04-30"
"BO-00414","BUS-00182","Gilang Iwan Hidayat","1985-02-20","ID","12.54","VOTING_RIGHTS","2025-01-10"
"BO-00415","BUS-00182","Gita Situmorang","1974-08-12","ID","10.10","VOTING_RIGHTS","2024-07-14"
"BO-00416","BUS-00183","Siti Anggun Simatupang","1983-12-19","ID","10.25","OWNERSHIP","2025-07-10"
"BO-00417","BUS-00183","Sari Kartika Hartono","1960-11-23","ID","89.75","OTHER_SIGNIFICANT_INFLUENCE","2025-06-13"
"BO-00418","BUS-00184","Siti Anggraini","1990-11-22","ID","100.00","VOTING_RIGHTS","2024-06-03"
"BO-00419","BUS-00185","Bayu Kusuma","1992-05-10","ID","53.53","OWNERSHIP","2023-12-16"
"BO-00420","BUS-00185","Dra. Putri Hidayat","1971-05-19","ID","16.24","BOARD_CONTROL","2024-12-03"
"BO-00421","BUS-00185","Iwan Hidayat","1972-12-28","ID","30.23","OWNERSHIP","2025-08-23"
"BO-00422","BUS-00186","Ayu Mega Maulana","1961-03-27","ID","65.14","OTHER_SIGNIFICANT_INFLUENCE","2024-11-21"
"BO-00423","BUS-00186","Gilang Santoso","1998-05-06","ID","16.03","OWNERSHIP","2025-04-06"
"BO-00424","BUS-00186","Kartika Suryadi","1964-06-02","ID","18.83","BOARD_CONTROL","2026-01-06"
"BO-00425","BUS-00187","Sari Ayu Suryadi","1983-06-28","ID","100.00","OTHER_SIGNIFICANT_INFLUENCE","2024-01-13"
"BO-00426","BUS-00188","Hj. Anggun Mega Permana","1997-07-11","ID","35.89","BOARD_CONTROL","2023-10-24"
"BO-00427","BUS-00188","Mega Lestari Simatupang","1991-11-17","ID","64.11","VOTING_RIGHTS","2024-10-01"
"BO-00428","BUS-00189","Tono Oki Siregar","1984-09-18","ID","70.96","OWNERSHIP","2023-10-20"
"BO-00429","BUS-00189","Hj. Kartika Umi Situmorang","1984-03-20","ID","10.23","OWNERSHIP","2024-03-29"
"BO-00430","BUS-00189","Anggun Citra Maulana","1996-10-03","ID","18.81","OTHER_SIGNIFICANT_INFLUENCE","2024-09-25"
"BO-00431","BUS-00190","Fajar Permana","1963-10-05","ID","100.00","VOTING_RIGHTS","2025-07-16"
"BO-00432","BUS-00191","H. Fajar Anggraini","1975-10-08","ID","50.98","OWNERSHIP","2024-09-16"
"BO-00433","BUS-00191","Ayu Simatupang","1974-11-12","ID","25.31","OWNERSHIP","2024-09-05"
"BO-00434","BUS-00191","Ir. Rina Ramadhan","1964-06-03","ID","23.71","VOTING_RIGHTS","2025-11-06"
"BO-00435","BUS-00192","Umi Mega Permana","1976-08-23","ID","100.00","OWNERSHIP","2024-05-04"
"BO-00436","BUS-00193","Iwan Wahyu Siregar","1985-08-15","ID","82.56","BOARD_CONTROL","2024-05-21"
"BO-00437","BUS-00193","Mega Kusuma","1984-03-18","ID","17.44","OTHER_SIGNIFICANT_INFLUENCE","2025-09-05"
"BO-00438","BUS-00194","Sari Hidayat","1995-11-27","ID","35.76","OWNERSHIP","2024-03-29"
"BO-00439","BUS-00194","Ir. Ayu Maulana","1989-02-19","ID","46.25","VOTING_RIGHTS","2024-04-18"
"BO-00440","BUS-00194","Rahmat Nugroho","1958-05-19","ID","17.99","OTHER_SIGNIFICANT_INFLUENCE","2025-08-04"
"BO-00441","BUS-00195","Rahmat Nugroho","1998-04-09","ID","16.92","OTHER_SIGNIFICANT_INFLUENCE","2023-11-23"
"BO-00442","BUS-00195","H. Iwan Cahya Permana","1987-08-10","ID","59.61","OWNERSHIP","2025-09-06"
"BO-00443","BUS-00195","Dian Nugroho","1968-04-24","ID","23.47","VOTING_RIGHTS","2025-03-22"
"BO-00444","BUS-00196","Wulan Hidayat","1957-08-11","ID","67.28","BOARD_CONTROL","2025-01-17"
"BO-00445","BUS-00196","Citra Gunawan","1971-05-12","ID","32.72","OWNERSHIP","2025-07-01"
"BO-00446","BUS-00197","Rahmat Bagus Pratama","1977-02-27","ID","86.63","OTHER_SIGNIFICANT_INFLUENCE","2025-02-10"
"BO-00447","BUS-00197","Hj. Ayu Permana","1993-08-03","ID","10.98","OTHER_SIGNIFICANT_INFLUENCE","2025-08-16"
"BO-00448","BUS-00198","Ir. Iwan Nugroho","1963-09-01","ID","61.22","VOTING_RIGHTS","2024-01-17"
"BO-00449","BUS-00198","Ir. Eka Nugroho","1966-04-08","ID","38.78","OTHER_SIGNIFICANT_INFLUENCE","2026-02-18"
"BO-00450","BUS-00199","Gita Permana","1990-06-08","ID","100.00","OWNERSHIP","2024-09-26"
"BO-00451","BUS-00200","Vina Setiawan","1976-12-05","ID","29.40","OWNERSHIP","2026-01-10"
"BO-00452","BUS-00200","Ayu Gunawan","1960-08-20","ID","12.86","BOARD_CONTROL","2024-07-30"
"BO-00453","BUS-00200","Ir. Joko Gilang Pratama","1967-10-09","ID","16.48","OWNERSHIP","2025-06-17"
"BO-00454","BUS-00200","Drs. Gilang Ramadhan","1982-09-13","ID","41.26","VOTING_RIGHTS","2024-10-17"
"BO-00455","BUS-00201","Putri Santoso","1985-06-22","ID","28.49","OWNERSHIP","2024-05-11"
"BO-00456","BUS-00201","Zahra Saputra","1997-03-15","ID","21.53","OTHER_SIGNIFICANT_INFLUENCE","2024-10-30"
"BO-00457","BUS-00201","Rina Indah Saputra","1967-01-27","ID","22.59","BOARD_CONTROL","2025-03-16"
"BO-00458","BUS-00201","Nanda Joko Hartono","1957-03-22","ID","27.39","OTHER_SIGNIFICANT_INFLUENCE","2023-11-24"
"BO-00459","BUS-00202","Ir. Fajar Gunawan","1973-08-17","ID","30.77","BOARD_CONTROL","2025-05-04"
"BO-00460","BUS-00202","Dra. Ayu Gunawan","1988-12-06","ID","55.16","OWNERSHIP","2025-08-08"
"BO-00461","BUS-00202","H. Bagus Hartono","1997-09-10","ID","14.07","VOTING_RIGHTS","2024-11-08"
"BO-00462","BUS-00203","Wulan Pratama","1960-01-11","ID","48.35","VOTING_RIGHTS","2025-05-19"
"BO-00463","BUS-00203","Ir. Vina Wijaya","1955-09-25","ID","16.74","OTHER_SIGNIFICANT_INFLUENCE","2025-04-01"
"BO-00464","BUS-00203","Hj. Citra Rina Nugroho","1958-11-05","ID","34.91","BOARD_CONTROL","2024-03-25"
"BO-00465","BUS-00204","Fajar Joko Lubis","1970-07-17","ID","21.58","BOARD_CONTROL","2024-04-27"
"BO-00466","BUS-00204","Ir. Adi Lubis","1991-04-16","ID","78.42","VOTING_RIGHTS","2025-06-01"
"BO-00467","BUS-00205","Cahya Nugroho","1973-07-04","ID","100.00","VOTING_RIGHTS","2026-02-06"
"BO-00468","BUS-00206","Drs. Oki Hartono","1977-10-01","ID","80.47","OTHER_SIGNIFICANT_INFLUENCE","2024-08-16"
"BO-00469","BUS-00206","Lestari Permana","1958-12-05","ID","10.07","OTHER_SIGNIFICANT_INFLUENCE","2024-04-17"
"BO-00470","BUS-00207","H. Hadi Hartono","1992-08-17","ID","40.67","VOTING_RIGHTS","2026-02-03"
"BO-00471","BUS-00207","Ir. Oki Simatupang","1977-01-02","ID","32.99","BOARD_CONTROL","2025-07-11"
"BO-00472","BUS-00207","Ir. Wahyu Ramadhan","1987-02-14","ID","26.34","VOTING_RIGHTS","2026-01-27"
"BO-00473","BUS-00208","Gilang Lubis","1996-06-11","ID","38.45","BOARD_CONTROL","2025-11-21"
"BO-00474","BUS-00208","Gita Santoso","1964-10-06","ID","38.60","OWNERSHIP","2025-07-26"
"BO-00475","BUS-00208","H. Bagus Pratama","1968-10-26","ID","12.28","VOTING_RIGHTS","2025-09-06"
"BO-00476","BUS-00208","Ir. Indah Pratama","1999-08-12","ID","10.67","BOARD_CONTROL","2024-10-08"
"BO-00477","BUS-00209","Zahra Saputra","1976-09-05","ID","88.93","OWNERSHIP","2024-07-23"
"BO-00478","BUS-00209","Drs. Fajar Santoso","1980-02-18","ID","10.49","OTHER_SIGNIFICANT_INFLUENCE","2024-11-03"
"BO-00479","BUS-00210","Siti Wijaya","1984-04-13","ID","54.52","VOTING_RIGHTS","2024-04-06"
"BO-00480","BUS-00210","Wahyu Saputra","1958-10-04","ID","20.73","BOARD_CONTROL","2025-11-11"
"BO-00481","BUS-00210","Gita Kusuma","1981-10-28","ID","24.75","BOARD_CONTROL","2025-08-04"
"BO-00482","BUS-00211","Dra. Vina Siregar","1961-09-25","ID","52.70","OWNERSHIP","2024-09-29"
"BO-00483","BUS-00211","Cahya Santoso","1979-08-13","ID","18.08","OTHER_SIGNIFICANT_INFLUENCE","2025-04-07"
"BO-00484","BUS-00211","Hj. Ayu Kartika Hidayat","1980-12-22","ID","13.75","OTHER_SIGNIFICANT_INFLUENCE","2024-04-18"
"BO-00485","BUS-00211","Yuda Situmorang","1964-09-06","ID","15.47","OTHER_SIGNIFICANT_INFLUENCE","2025-02-14"
"BO-00486","BUS-00212","Hj. Vina Lubis","1980-09-07","ID","25.90","OWNERSHIP","2024-04-01"
"BO-00487","BUS-00212","Sari Anggraini","1969-06-23","ID","74.10","BOARD_CONTROL","2024-06-28"
"BO-00488","BUS-00213","Drs. Hadi Wijaya","1968-03-24","ID","34.06","BOARD_CONTROL","2024-11-22"
"BO-00489","BUS-00213","Oki Hidayat","1975-04-16","ID","65.94","VOTING_RIGHTS","2024-03-07"
"BO-00490","BUS-00214","Yuda Suryadi","1995-04-04","ID","50.01","OTHER_SIGNIFICANT_INFLUENCE","2024-09-05"
"BO-00491","BUS-00214","Rina Wijaya","1991-05-04","ID","31.80","OTHER_SIGNIFICANT_INFLUENCE","2024-05-18"
"BO-00492","BUS-00214","Cahya Kusuma","1966-07-07","ID","18.19","VOTING_RIGHTS","2023-11-04"
"BO-00493","BUS-00215","H. Bayu Ramadhan","1999-04-27","ID","84.88","BOARD_CONTROL","2024-11-26"
"BO-00494","BUS-00215","Bayu Maulana","1992-11-08","ID","15.12","VOTING_RIGHTS","2025-10-09"
"BO-00495","BUS-00216","Sari Gunawan","1973-12-08","ID","76.06","VOTING_RIGHTS","2024-08-25"
"BO-00496","BUS-00216","Siti Dewi Siregar","1978-09-20","ID","11.98","VOTING_RIGHTS","2026-02-02"
"BO-00497","BUS-00216","Fajar Halim","1987-03-06","ID","11.96","VOTING_RIGHTS","2024-02-08"
"BO-00498","BUS-00217","H. Iwan Eka Kusuma","1997-12-12","ID","22.23","OWNERSHIP","2024-04-12"
"BO-00499","BUS-00217","Ir. Eka Bagus Nugroho","1978-06-20","ID","77.77","OTHER_SIGNIFICANT_INFLUENCE","2025-11-02"
"BO-00500","BUS-00218","H. Cahya Permana","1987-04-06","ID","73.39","VOTING_RIGHTS","2025-09-05"
"BO-00501","BUS-00218","Ir. Bayu Ramadhan","1976-08-03","ID","14.73","OWNERSHIP","2025-04-05"
"BO-00502","BUS-00218","Rina Hidayat","1992-06-06","ID","11.88","BOARD_CONTROL","2025-11-25"
"BO-00503","BUS-00219","Rina Nugroho","1991-06-26","ID","63.88","OTHER_SIGNIFICANT_INFLUENCE","2025-08-30"
"BO-00504","BUS-00219","Anggun Siregar","1983-05-28","ID","22.08","VOTING_RIGHTS","2025-06-08"
"BO-00505","BUS-00219","Gita Suryadi","1967-06-24","ID","14.04","OWNERSHIP","2026-01-19"
"BO-00506","BUS-00220","Wahyu Situmorang","1973-02-03","ID","12.10","BOARD_CONTROL","2025-06-26"
"BO-00507","BUS-00220","H. Nanda Hartono","1971-09-03","ID","65.29","OWNERSHIP","2024-02-26"
"BO-00508","BUS-00220","Drs. Rahmat Santoso","1986-06-11","ID","22.61","OTHER_SIGNIFICANT_INFLUENCE","2024-09-29"
"BO-00509","BUS-00221","Hj. Gita Gunawan","1980-04-24","ID","100.00","BOARD_CONTROL","2024-03-30"
"BO-00510","BUS-00222","Drs. Adi Halim","1984-03-19","ID","49.64","BOARD_CONTROL","2025-04-23"
"BO-00511","BUS-00222","Dra. Umi Kusuma","1978-02-18","ID","27.88","OTHER_SIGNIFICANT_INFLUENCE","2024-07-26"
"BO-00512","BUS-00222","Wulan Saputra","1981-05-04","ID","22.48","OTHER_SIGNIFICANT_INFLUENCE","2025-12-06"
"BO-00513","BUS-00223","Dian Bayu Siregar","1961-08-27","ID","88.04","BOARD_CONTROL","2025-03-21"
"BO-00514","BUS-00223","Drs. Iwan Yuda Saputra","1972-07-09","ID","11.96","OTHER_SIGNIFICANT_INFLUENCE","2024-05-05"
"BO-00515","BUS-00224","Ir. Bagus Wijaya","1985-11-26","ID","28.77","BOARD_CONTROL","2024-12-10"
"BO-00516","BUS-00224","Drs. Gilang Lubis","1958-06-22","ID","41.27","BOARD_CONTROL","2025-10-06"
"BO-00517","BUS-00224","Dian Santoso","1956-02-11","ID","15.17","BOARD_CONTROL","2024-05-26"
"BO-00518","BUS-00224","Dewi Halim","1993-08-09","ID","14.79","VOTING_RIGHTS","2025-04-01"
"BO-00519","BUS-00225","Ir. Tono Santoso","1965-06-21","ID","10.02","BOARD_CONTROL","2024-12-24"
"BO-00520","BUS-00225","Ayu Mega Siregar","1956-01-26","ID","28.34","BOARD_CONTROL","2023-12-04"
"BO-00521","BUS-00225","Wulan Hartono","1981-09-24","ID","61.64","OTHER_SIGNIFICANT_INFLUENCE","2025-04-30"
"BO-00522","BUS-00226","Bayu Bagus Setiawan","1986-05-22","ID","31.16","OWNERSHIP","2025-08-12"
"BO-00523","BUS-00226","Vina Simatupang","1965-08-03","ID","68.84","BOARD_CONTROL","2025-09-01"
"BO-00524","BUS-00227","Cahya Bayu Wijaya","1975-04-07","ID","100.00","VOTING_RIGHTS","2025-06-22"
"BO-00525","BUS-00228","Ir. Kartika Setiawan","1959-05-01","ID","58.28","VOTING_RIGHTS","2024-11-05"
"BO-00526","BUS-00228","Yuda Oki Santoso","1957-01-16","ID","11.18","OWNERSHIP","2025-08-15"
"BO-00527","BUS-00228","Kartika Permana","1979-12-06","ID","18.81","OTHER_SIGNIFICANT_INFLUENCE","2024-04-18"
"BO-00528","BUS-00228","Gita Situmorang","1993-03-13","ID","11.73","OWNERSHIP","2023-10-28"
"BO-00529","BUS-00229","Vina Kusuma","1980-11-26","ID","27.13","OWNERSHIP","2024-07-09"
"BO-00530","BUS-00229","Gita Suryadi","1999-01-25","ID","16.46","VOTING_RIGHTS","2024-06-21"
"BO-00531","BUS-00229","Tono Hidayat","1995-07-15","ID","31.46","VOTING_RIGHTS","2025-06-19"
"BO-00532","BUS-00229","Wahyu Anggraini","1996-03-22","ID","24.95","VOTING_RIGHTS","2026-02-12"
"BO-00533","BUS-00230","Nanda Iwan Gunawan","1956-07-04","ID","23.32","BOARD_CONTROL","2025-04-02"
"BO-00534","BUS-00230","Ayu Anggraini","1970-02-19","ID","61.43","OWNERSHIP","2024-08-03"
"BO-00535","BUS-00230","H. Oki Bagus Situmorang","1988-02-19","ID","15.25","OWNERSHIP","2024-05-21"
"BO-00536","BUS-00231","Anggun Suryadi","1991-08-26","ID","100.00","BOARD_CONTROL","2024-04-01"
"BO-00537","BUS-00232","Siti Simatupang","1971-07-10","ID","74.37","OWNERSHIP","2025-03-21"
"BO-00538","BUS-00232","Nanda Pratama","1979-01-05","ID","14.70","OWNERSHIP","2023-11-09"
"BO-00539","BUS-00232","H. Bayu Ramadhan","1996-01-08","ID","10.42","BOARD_CONTROL","2025-11-04"
"BO-00540","BUS-00233","Wulan Suryadi","1970-05-14","ID","81.80","VOTING_RIGHTS","2024-08-23"
"BO-00541","BUS-00233","Bayu Eka Halim","1990-07-01","ID","10.89","OTHER_SIGNIFICANT_INFLUENCE","2024-01-10"
"BO-00542","BUS-00234","Ir. Hadi Maulana","1963-04-12","ID","100.00","OTHER_SIGNIFICANT_INFLUENCE","2023-11-22"
"BO-00543","BUS-00235","Cahya Fajar Gunawan","1969-04-21","ID","35.97","VOTING_RIGHTS","2024-03-29"
"BO-00544","BUS-00235","Joko Simatupang","1972-01-18","ID","16.27","OTHER_SIGNIFICANT_INFLUENCE","2025-12-29"
"BO-00545","BUS-00235","Drs. Tono Anggraini","1957-10-15","ID","31.32","BOARD_CONTROL","2024-05-06"
"BO-00546","BUS-00235","Dian Halim","1984-04-17","ID","16.44","BOARD_CONTROL","2026-02-10"
"BO-00547","BUS-00236","Indah Permana","1979-04-02","ID","100.00","OWNERSHIP","2023-11-11"
"BO-00548","BUS-00237","H. Gilang Suryadi","1980-12-01","ID","100.00","OTHER_SIGNIFICANT_INFLUENCE","2026-02-26"
"BO-00549","BUS-00238","Vina Halim","1982-08-06","ID","66.11","VOTING_RIGHTS","2025-01-07"
"BO-00550","BUS-00238","Kartika Anggraini","1975-10-05","ID","33.89","VOTING_RIGHTS","2024-02-05"
"BO-00551","BUS-00239","Rina Suryadi","1957-02-01","ID","55.67","BOARD_CONTROL","2024-09-17"
"BO-00552","BUS-00239","Joko Ramadhan","1986-03-18","ID","29.02","OTHER_SIGNIFICANT_INFLUENCE","2025-11-16"
"BO-00553","BUS-00239","Hj. Citra Saputra","1964-05-25","ID","15.31","VOTING_RIGHTS","2026-01-06"
"BO-00554","BUS-00240","Gita Hartono","1997-12-15","ID","16.61","OWNERSHIP","2025-08-08"
"BO-00555","BUS-00240","Wulan Maulana","1963-06-28","ID","38.69","VOTING_RIGHTS","2024-09-12"
"BO-00556","BUS-00240","Yuda Permana","1978-02-13","ID","31.92","OWNERSHIP","2025-08-07"
"BO-00557","BUS-00240","Siti Indah Situmorang","1997-01-04","ID","12.78","VOTING_RIGHTS","2024-04-21"
"BO-00558","BUS-00241","Gilang Oki Anggraini","1963-10-04","ID","78.03","OWNERSHIP","2024-11-18"
"BO-00559","BUS-00241","Ir. Yuda Kusuma","1987-10-04","ID","21.97","OTHER_SIGNIFICANT_INFLUENCE","2026-02-09"
"BO-00560","BUS-00242","Dra. Wulan Saputra","1975-04-01","ID","18.34","VOTING_RIGHTS","2025-09-19"
"BO-00561","BUS-00242","Gita Ayu Saputra","1972-12-12","ID","54.07","VOTING_RIGHTS","2023-11-25"
"BO-00562","BUS-00242","Drs. Wahyu Permana","1965-05-06","ID","27.59","OTHER_SIGNIFICANT_INFLUENCE","2025-03-19"
"BO-00563","BUS-00243","Ir. Wulan Kusuma","1978-09-15","ID","67.35","OTHER_SIGNIFICANT_INFLUENCE","2025-12-19"
"BO-00564","BUS-00243","Bagus Anggraini","1972-02-22","ID","32.65","VOTING_RIGHTS","2024-09-13"
"BO-00565","BUS-00244","Citra Zahra Santoso","1964-12-16","ID","100.00","OWNERSHIP","2025-06-21"
"BO-00566","BUS-00245","Drs. Yuda Maulana","1967-06-28","ID","100.00","BOARD_CONTROL","2025-09-13"
"BO-00567","BUS-00246","Gilang Siregar","1963-12-20","ID","100.00","VOTING_RIGHTS","2025-10-25"
"BO-00568","BUS-00247","Fajar Setiawan","1982-03-10","ID","71.90","BOARD_CONTROL","2023-10-31"
"BO-00569","BUS-00247","Mega Siregar","1999-04-20","ID","15.04","BOARD_CONTROL","2026-01-17"
"BO-00570","BUS-00247","Tono Saputra","1969-11-22","ID","10.60","OTHER_SIGNIFICANT_INFLUENCE","2024-03-25"
"BO-00571","BUS-00248","Adi Fajar Pratama","1981-11-19","ID","31.41","OTHER_SIGNIFICANT_INFLUENCE","2026-01-23"
"BO-00572","BUS-00248","Hj. Umi Wijaya","1987-03-09","ID","68.59","OWNERSHIP","2024-06-14"
"BO-00573","BUS-00249","Wulan Ramadhan","1998-03-04","ID","23.16","BOARD_CONTROL","2024-09-05"
"BO-00574","BUS-00249","Cahya Permana","1977-09-14","ID","76.84","OWNERSHIP","2025-06-28"
"BO-00575","BUS-00250","Tono Situmorang","1976-06-28","ID","54.68","VOTING_RIGHTS","2023-12-31"
"BO-00576","BUS-00250","Eka Suryadi","1956-09-06","ID","19.03","OWNERSHIP","2024-11-11"
"BO-00577","BUS-00250","Drs. Fajar Yuda Siregar","1957-05-13","ID","26.29","OWNERSHIP","2025-10-16"
"BO-00578","BUS-00251","Drs. Bayu Anggraini","1963-05-10","ID","33.41","VOTING_RIGHTS","2026-01-08"
"BO-00579","BUS-00251","Lestari Lestari Simatupang","1992-05-25","ID","66.59","VOTING_RIGHTS","2024-09-20"
"BO-00580","BUS-00252","Ir. Cahya Pratama","1980-01-19","ID","25.47","BOARD_CONTROL","2025-03-31"
"BO-00581","BUS-00252","Bayu Kusuma","1972-04-13","ID","74.53","VOTING_RIGHTS","2025-08-13"
"BO-00582","BUS-00253","Ir. Siti Gunawan","1961-02-20","ID","100.00","VOTING_RIGHTS","2025-04-02"
"BO-00583","BUS-00254","Cahya Hidayat","1980-05-15","ID","58.23","BOARD_CONTROL","2025-02-05"
"BO-00584","BUS-00254","Dian Maulana","1996-10-06","ID","41.77","OWNERSHIP","2024-11-02"
"BO-00585","BUS-00255","Dra. Siti Putri Hidayat","1984-11-18","ID","100.00","VOTING_RIGHTS","2024-12-31"
"BO-00586","BUS-00256","Citra Umi Hidayat","1990-10-28","ID","100.00","OTHER_SIGNIFICANT_INFLUENCE","2026-02-15"
"BO-00587","BUS-00257","Drs. Bayu Yuda Suryadi","1959-11-02","ID","52.78","OWNERSHIP","2025-09-10"
"BO-00588","BUS-00257","Ir. Ayu Pratama","1995-08-16","ID","47.22","OWNERSHIP","2026-01-22"
"BO-00589","BUS-00258","Mega Sari Suryadi","1997-02-15","ID","23.95","BOARD_CONTROL","2023-12-25"
"BO-00590","BUS-00258","Dewi Gunawan","1983-08-20","ID","76.05","VOTING_RIGHTS","2025-02-19"
"BO-00591","BUS-00259","Dra. Gita Sari Nugroho","1968-10-14","ID","58.10","OTHER_SIGNIFICANT_INFLUENCE","2025-07-02"
"BO-00592","BUS-00259","Wulan Siregar","1994-11-23","ID","29.74","VOTING_RIGHTS","2024-01-04"
"BO-00593","BUS-00259","Ayu Permana","1976-07-11","ID","10.08","OTHER_SIGNIFICANT_INFLUENCE","2024-03-01"
"BO-00594","BUS-00260","Ir. Bayu Kusuma","1990-11-07","ID","24.72","OWNERSHIP","2025-12-24"
"BO-00595","BUS-00260","Ir. Ayu Hidayat","1977-06-25","ID","37.08","VOTING_RIGHTS","2024-08-13"
"BO-00596","BUS-00260","Dra. Wulan Ramadhan","1981-02-15","ID","38.20","OWNERSHIP","2024-09-25"
"BO-00597","BUS-00261","Dewi Halim","1981-05-01","ID","61.84","BOARD_CONTROL","2025-12-21"
"BO-00598","BUS-00261","Ir. Rina Hidayat","1990-01-17","ID","38.16","BOARD_CONTROL","2026-02-18"
"BO-00599","BUS-00262","Ir. Siti Maulana","1993-07-16","ID","67.37","OTHER_SIGNIFICANT_INFLUENCE","2025-01-03"
"BO-00600","BUS-00262","Adi Simatupang","1998-09-17","ID","32.63","VOTING_RIGHTS","2024-07-25"
"BO-00601","BUS-00263","Indah Lubis","1999-12-19","ID","100.00","VOTING_RIGHTS","2024-05-17"
"BO-00602","BUS-00264","Vina Anggraini","1992-02-25","ID","19.69","VOTING_RIGHTS","2025-08-20"
"BO-00603","BUS-00264","Indah Anggraini","1991-10-05","ID","19.73","BOARD_CONTROL","2024-03-27"
"BO-00604","BUS-00264","Putri Mega Lubis","1991-09-05","ID","23.54","OWNERSHIP","2025-08-23"
"BO-00605","BUS-00264","Citra Setiawan","1975-07-08","ID","37.04","BOARD_CONTROL","2025-03-05"
"BO-00606","BUS-00265","Adi Hidayat","1967-08-15","ID","44.80","VOTING_RIGHTS","2024-04-21"
"BO-00607","BUS-00265","Ir. Fajar Siregar","1975-10-06","ID","13.66","OWNERSHIP","2025-10-14"
"BO-00608","BUS-00265","H. Fajar Permana","1973-01-09","ID","16.78","BOARD_CONTROL","2024-11-23"
"BO-00609","BUS-00265","Gilang Gunawan","1998-01-05","ID","24.76","OWNERSHIP","2024-03-20"
"BO-00610","BUS-00266","Dra. Kartika Siregar","1974-08-26","ID","74.35","OWNERSHIP","2023-11-20"
"BO-00611","BUS-00266","Fajar Iwan Simatupang","1968-03-06","ID","12.41","OWNERSHIP","2025-05-28"
"BO-00612","BUS-00266","Sari Hartono","1992-04-02","ID","13.24","OWNERSHIP","2024-12-09"
"BO-00613","BUS-00267","Drs. Nanda Hidayat","1979-06-08","ID","100.00","VOTING_RIGHTS","2024-05-17"
"BO-00614","BUS-00268","Siti Kusuma","1983-05-24","ID","59.06","OWNERSHIP","2024-03-28"
"BO-00615","BUS-00268","Umi Sari Lubis","1978-04-16","ID","15.13","OWNERSHIP","2023-10-25"
"BO-00616","BUS-00268","Siti Dewi Setiawan","1957-10-23","ID","11.51","OWNERSHIP","2025-09-08"
"BO-00617","BUS-00268","Lestari Hartono","1998-08-23","ID","14.30","BOARD_CONTROL","2025-05-15"
"BO-00618","BUS-00269","Drs. Gilang Tono Pratama","1970-01-26","ID","58.55","BOARD_CONTROL","2024-11-02"
"BO-00619","BUS-00269","Ir. Ayu Suryadi","1977-01-21","ID","41.45","OWNERSHIP","2025-10-15"
"BO-00620","BUS-00270","Ir. Fajar Nugroho","1991-09-19","ID","43.93","BOARD_CONTROL","2024-03-26"
"BO-00621","BUS-00270","Putri Anggraini","1965-11-23","ID","39.83","OTHER_SIGNIFICANT_INFLUENCE","2025-04-08"
"BO-00622","BUS-00270","Putri Lubis","1965-04-14","ID","10.23","VOTING_RIGHTS","2025-06-03"
"BO-00623","BUS-00271","Oki Ramadhan","1996-06-19","ID","16.37","VOTING_RIGHTS","2024-11-06"
"BO-00624","BUS-00271","H. Adi Lubis","1994-04-27","ID","83.63","BOARD_CONTROL","2023-12-28"
"BO-00625","BUS-00272","H. Eka Situmorang","1989-04-13","ID","41.17","VOTING_RIGHTS","2024-07-25"
"BO-00626","BUS-00272","Fajar Adi Hidayat","1981-06-13","ID","34.14","OTHER_SIGNIFICANT_INFLUENCE","2025-09-20"
"BO-00627","BUS-00272","Hj. Gita Hidayat","1958-03-21","ID","24.69","BOARD_CONTROL","2025-04-09"
"BO-00628","BUS-00273","Oki Wahyu Permana","1965-08-27","ID","54.21","BOARD_CONTROL","2025-08-23"
"BO-00629","BUS-00273","Dra. Zahra Gunawan","1992-06-04","ID","45.79","VOTING_RIGHTS","2024-01-14"
"BO-00630","BUS-00274","Hj. Vina Hidayat","1982-12-16","ID","19.24","VOTING_RIGHTS","2024-10-22"
"BO-00631","BUS-00274","Ayu Simatupang","1968-07-20","ID","10.29","OTHER_SIGNIFICANT_INFLUENCE","2024-04-24"
"BO-00632","BUS-00274","Sari Hidayat","1969-08-24","ID","31.02","OWNERSHIP","2024-09-06"
"BO-00633","BUS-00274","Hj. Ayu Setiawan","1968-03-15","ID","39.45","OTHER_SIGNIFICANT_INFLUENCE","2025-01-06"
"BO-00634","BUS-00275","Drs. Eka Simatupang","1988-02-13","ID","29.70","OTHER_SIGNIFICANT_INFLUENCE","2026-01-18"
"BO-00635","BUS-00275","Ir. Kartika Lestari Santoso","1991-10-01","ID","43.09","VOTING_RIGHTS","2024-07-13"
"BO-00636","BUS-00275","Bagus Gunawan","1975-07-10","ID","10.49","BOARD_CONTROL","2025-01-01"
"BO-00637","BUS-00275","Dewi Anggraini","1990-07-10","ID","16.72","BOARD_CONTROL","2024-01-17"
"BO-00638","BUS-00276","Hadi Oki Nugroho","1983-08-26","ID","76.13","VOTING_RIGHTS","2024-10-15"
"BO-00639","BUS-00276","Tono Hadi Ramadhan","1983-11-06","ID","12.89","OTHER_SIGNIFICANT_INFLUENCE","2024-03-30"
"BO-00640","BUS-00276","Nanda Halim","1964-11-20","ID","10.99","OWNERSHIP","2025-10-04"
"BO-00641","BUS-00277","Rahmat Nugroho","1965-06-23","ID","66.54","BOARD_CONTROL","2024-07-11"
"BO-00642","BUS-00277","H. Wahyu Nugroho","1982-01-06","ID","14.11","OTHER_SIGNIFICANT_INFLUENCE","2025-04-17"
"BO-00643","BUS-00277","Ir. Mega Hartono","1994-09-02","ID","10.81","VOTING_RIGHTS","2025-05-26"
"BO-00644","BUS-00278","Ir. Indah Halim","1959-05-08","ID","100.00","BOARD_CONTROL","2024-09-04"
"BO-00645","BUS-00279","Ir. Dian Maulana","1965-01-22","ID","71.24","VOTING_RIGHTS","2026-02-24"
"BO-00646","BUS-00279","Putri Citra Wijaya","1962-07-08","ID","28.76","OTHER_SIGNIFICANT_INFLUENCE","2026-02-24"
"BO-00647","BUS-00280","Mega Hartono","1992-02-17","ID","68.48","OTHER_SIGNIFICANT_INFLUENCE","2024-12-05"
"BO-00648","BUS-00280","Kartika Wijaya","1985-07-17","ID","14.46","OTHER_SIGNIFICANT_INFLUENCE","2026-01-12"
"BO-00649","BUS-00280","Ir. Vina Wulan Permana","1991-07-11","ID","17.06","VOTING_RIGHTS","2026-01-14"
"BO-00650","BUS-00281","Ir. Iwan Anggraini","1965-03-16","ID","100.00","OTHER_SIGNIFICANT_INFLUENCE","2023-10-20"
"BO-00651","BUS-00282","Ir. Cahya Lubis","1966-06-03","ID","82.12","VOTING_RIGHTS","2025-11-12"
"BO-00652","BUS-00282","Dra. Rina Rina Siregar","1974-07-02","ID","10.71","OWNERSHIP","2025-12-03"
"BO-00653","BUS-00283","Ir. Wulan Rina Kusuma","1999-02-05","ID","10.56","VOTING_RIGHTS","2024-08-31"
"BO-00654","BUS-00283","Lestari Anggun Kusuma","1979-02-03","ID","89.44","BOARD_CONTROL","2025-09-20"
"BO-00655","BUS-00284","Adi Hartono","1997-09-22","ID","51.42","OWNERSHIP","2025-12-05"
"BO-00656","BUS-00284","Hadi Eka Maulana","1978-05-08","ID","48.58","VOTING_RIGHTS","2024-12-29"
"BO-00657","BUS-00285","Joko Santoso","1961-06-26","ID","36.54","OTHER_SIGNIFICANT_INFLUENCE","2024-08-13"
"BO-00658","BUS-00285","Ir. Cahya Anggraini","1985-03-15","ID","45.69","OTHER_SIGNIFICANT_INFLUENCE","2025-08-20"
"BO-00659","BUS-00285","Iwan Saputra","1970-09-12","ID","17.77","OTHER_SIGNIFICANT_INFLUENCE","2023-10-24"
"BO-00660","BUS-00286","Hadi Anggraini","1971-07-15","ID","47.04","OTHER_SIGNIFICANT_INFLUENCE","2025-06-24"
"BO-00661","BUS-00286","Kartika Ramadhan","1995-08-23","ID","35.90","OTHER_SIGNIFICANT_INFLUENCE","2025-04-06"
"BO-00662","BUS-00286","Dra. Putri Santoso","1977-03-20","ID","10.58","OWNERSHIP","2025-11-12"
"BO-00663","BUS-00287","Ayu Anggraini","1979-08-14","ID","47.77","OTHER_SIGNIFICANT_INFLUENCE","2024-08-30"
"BO-00664","BUS-00287","Yuda Tono Hidayat","1992-09-22","ID","40.88","OTHER_SIGNIFICANT_INFLUENCE","2024-03-01"
"BO-00665","BUS-00287","Cahya Wijaya","1991-11-16","ID","10.78","BOARD_CONTROL","2024-08-16"
"BO-00666","BUS-00288","Wahyu Permana","1974-09-21","ID","73.69","OWNERSHIP","2025-08-09"
"BO-00667","BUS-00288","Wahyu Maulana","1969-12-06","ID","14.15","BOARD_CONTROL","2024-12-04"
"BO-00668","BUS-00288","Mega Suryadi","1991-08-08","ID","10.70","OWNERSHIP","2025-05-14"
"BO-00669","BUS-00289","Drs. Tono Hidayat","1958-03-12","ID","34.83","OTHER_SIGNIFICANT_INFLUENCE","2025-09-09"
"BO-00670","BUS-00289","Hj. Mega Ayu Hidayat","1976-05-23","ID","28.70","VOTING_RIGHTS","2024-01-25"
"BO-00671","BUS-00289","H. Bayu Nugroho","1973-01-06","ID","14.81","BOARD_CONTROL","2025-02-05"
"BO-00672","BUS-00289","Hadi Saputra","1963-05-01","ID","21.66","OWNERSHIP","2024-11-13"
"BO-00673","BUS-00290","Hj. Sari Anggraini","1967-06-26","ID","76.85","VOTING_RIGHTS","2024-08-30"
"BO-00674","BUS-00290","Hj. Putri Putri Siregar","1993-07-22","ID","12.95","OTHER_SIGNIFICANT_INFLUENCE","2024-10-07"
"BO-00675","BUS-00290","Oki Eka Hidayat","1981-11-13","ID","10.20","BOARD_CONTROL","2025-06-23"
"BO-00676","BUS-00291","Anggun Simatupang","1956-10-20","ID","51.77","BOARD_CONTROL","2025-05-01"
"BO-00677","BUS-00291","H. Yuda Situmorang","1988-05-21","ID","30.14","VOTING_RIGHTS","2024-09-26"
"BO-00678","BUS-00291","Ir. Cahya Lubis","1963-11-27","ID","10.37","BOARD_CONTROL","2025-04-21"
"BO-00679","BUS-00292","Bagus Saputra","1966-11-01","ID","52.34","BOARD_CONTROL","2025-02-14"
"BO-00680","BUS-00292","Dewi Ramadhan","1999-07-19","ID","21.07","BOARD_CONTROL","2024-07-23"
"BO-00681","BUS-00292","Hj. Umi Kartika Permana","1986-02-05","ID","11.34","VOTING_RIGHTS","2025-08-15"
"BO-00682","BUS-00292","Ir. Yuda Setiawan","1990-10-05","ID","15.25","OTHER_SIGNIFICANT_INFLUENCE","2025-10-23"
"BO-00683","BUS-00293","Indah Permana","1961-05-24","ID","34.28","OTHER_SIGNIFICANT_INFLUENCE","2023-11-10"
"BO-00684","BUS-00293","Hj. Vina Nugroho","1976-02-09","ID","19.85","BOARD_CONTROL","2025-11-12"
"BO-00685","BUS-00293","Joko Dian Kusuma","1979-07-27","ID","20.05","OTHER_SIGNIFICANT_INFLUENCE","2024-08-05"
"BO-00686","BUS-00293","Eka Simatupang","1973-04-02","ID","25.82","VOTING_RIGHTS","2026-02-05"
"BO-00687","BUS-00294","Ir. Joko Iwan Ramadhan","1958-07-15","ID","15.93","BOARD_CONTROL","2024-12-13"
"BO-00688","BUS-00294","Adi Bagus Lubis","1970-02-15","ID","48.99","OWNERSHIP","2024-07-17"
"BO-00689","BUS-00294","Ir. Indah Suryadi","1980-01-27","ID","12.98","OTHER_SIGNIFICANT_INFLUENCE","2025-10-19"
"BO-00690","BUS-00294","Iwan Maulana","1970-03-14","ID","22.10","VOTING_RIGHTS","2024-11-24"
"BO-00691","BUS-00295","Indah Suryadi","1971-05-16","ID","100.00","OWNERSHIP","2024-05-18"
"BO-00692","BUS-00296","Ir. Kartika Wijaya","1957-07-23","ID","73.79","OTHER_SIGNIFICANT_INFLUENCE","2024-05-06"
"BO-00693","BUS-00296","Kartika Anggraini","1971-05-04","ID","11.80","OTHER_SIGNIFICANT_INFLUENCE","2025-07-31"
"BO-00694","BUS-00296","Cahya Permana","1964-03-01","ID","14.41","VOTING_RIGHTS","2025-06-02"
"BO-00695","BUS-00297","Iwan Joko Halim","1985-04-22","ID","17.95","OWNERSHIP","2024-11-02"
"BO-00696","BUS-00297","Ir. Indah Anggraini","1980-12-12","ID","82.05","OWNERSHIP","2026-02-24"
"BO-00697","BUS-00298","Dra. Kartika Dewi Lubis","1973-11-20","ID","51.51","BOARD_CONTROL","2026-02-10"
"BO-00698","BUS-00298","Hj. Sari Citra Suryadi","1966-05-27","ID","48.49","OWNERSHIP","2024-07-29"
"BO-00699","BUS-00299","Zahra Dewi Siregar","1962-10-13","ID","58.19","OWNERSHIP","2024-02-05"
"BO-00700","BUS-00299","Zahra Lestari Permana","1975-06-22","ID","25.75","BOARD_CONTROL","2024-12-04"
"BO-00701","BUS-00299","Indah Anggraini","1956-12-07","ID","16.06","OWNERSHIP","2025-06-19"
"BO-00702","BUS-00300","Drs. Tono Simatupang","1973-11-01","ID","100.00","BOARD_CONTROL","2025-04-18"
"BO-00703","BUS-00301","Yuda Bayu Nugroho","1999-03-09","ID","15.64","OWNERSHIP","2025-11-21"
"BO-00704","BUS-00301","Drs. Joko Gunawan","1971-09-26","ID","13.37","BOARD_CONTROL","2025-08-22"
"BO-00705","BUS-00301","Hj. Vina Sari Maulana","1990-10-16","ID","70.99","VOTING_RIGHTS","2024-05-19"
"BO-00706","BUS-00302","Hj. Wulan Ramadhan","1982-02-12","ID","19.66","OWNERSHIP","2024-09-25"
"BO-00707","BUS-00302","Gilang Tono Setiawan","1958-05-12","ID","80.34","VOTING_RIGHTS","2025-05-01"
"BO-00708","BUS-00303","Adi Ramadhan","1995-06-16","ID","27.29","OWNERSHIP","2024-04-30"
"BO-00709","BUS-00303","Putri Situmorang","1970-07-07","ID","72.71","OTHER_SIGNIFICANT_INFLUENCE","2024-08-14"
"BO-00710","BUS-00304","Ir. Yuda Halim","1967-05-11","ID","28.99","BOARD_CONTROL","2025-04-08"
"BO-00711","BUS-00304","Hj. Putri Anggraini","1986-11-21","ID","71.01","BOARD_CONTROL","2025-11-08"
"BO-00712","BUS-00305","Dra. Mega Nugroho","1998-06-13","ID","75.35","OWNERSHIP","2024-05-07"
"BO-00713","BUS-00305","Dra. Mega Maulana","1967-06-08","ID","13.00","BOARD_CONTROL","2026-01-20"
"BO-00714","BUS-00305","Anggun Saputra","1996-04-04","ID","10.83","BOARD_CONTROL","2024-10-06"
"BO-00715","BUS-00306","Fajar Siregar","1956-02-10","ID","36.49","OWNERSHIP","2024-09-27"
"BO-00716","BUS-00306","Fajar Pratama","1971-11-08","ID","38.92","OWNERSHIP","2024-08-19"
"BO-00717","BUS-00306","Gilang Pratama","1964-07-14","ID","24.59","VOTING_RIGHTS","2025-09-28"
"BO-00718","BUS-00307","Dra. Wulan Pratama","1967-02-26","ID","36.87","OTHER_SIGNIFICANT_INFLUENCE","2026-02-25"
"BO-00719","BUS-00307","Putri Nugroho","1989-10-18","ID","38.49","VOTING_RIGHTS","2023-11-30"
"BO-00720","BUS-00307","Hadi Anggraini","1956-08-13","ID","14.27","OWNERSHIP","2024-03-22"
"BO-00721","BUS-00307","Dra. Umi Anggraini","1963-12-08","ID","10.37","BOARD_CONTROL","2025-07-14"
"BO-00722","BUS-00308","Adi Permana","1967-04-23","ID","81.62","OTHER_SIGNIFICANT_INFLUENCE","2025-01-05"
"BO-00723","BUS-00308","Cahya Nugroho","1988-01-13","ID","18.38","VOTING_RIGHTS","2025-03-22"
"BO-00724","BUS-00310","Ir. Mega Hartono","1979-05-12","ID","29.45","OTHER_SIGNIFICANT_INFLUENCE","2024-03-18"
"BO-00725","BUS-00310","H. Bayu Fajar Hartono","1976-12-04","ID","56.91","OWNERSHIP","2024-12-20"
"BO-00726","BUS-00310","Bagus Siregar","1990-09-20","ID","10.48","VOTING_RIGHTS","2024-08-06"
"BO-00727","BUS-00311","Tono Hidayat","1973-10-06","ID","84.82","OTHER_SIGNIFICANT_INFLUENCE","2024-05-06"
"BO-00728","BUS-00311","Bagus Siregar","1987-04-15","ID","10.53","OTHER_SIGNIFICANT_INFLUENCE","2026-01-16"
"BO-00729","BUS-00312","Ir. Putri Maulana","1998-12-24","ID","66.94","OWNERSHIP","2024-02-16"
"BO-00730","BUS-00312","Rahmat Wahyu Hidayat","1963-10-06","ID","13.34","OTHER_SIGNIFICANT_INFLUENCE","2025-04-23"
"BO-00731","BUS-00312","Ir. Eka Pratama","1964-01-13","ID","10.40","VOTING_RIGHTS","2024-05-23"
"BO-00732","BUS-00313","Gilang Situmorang","1996-07-12","ID","38.85","OTHER_SIGNIFICANT_INFLUENCE","2025-10-21"
"BO-00733","BUS-00313","Hadi Joko Wijaya","1970-04-04","ID","29.28","VOTING_RIGHTS","2024-10-10"
"BO-00734","BUS-00313","Vina Gunawan","1968-08-07","ID","16.89","VOTING_RIGHTS","2024-11-05"
"BO-00735","BUS-00313","Putri Pratama","1993-10-13","ID","14.98","OWNERSHIP","2024-05-16"
"BO-00736","BUS-00314","Rina Hartono","1998-01-17","ID","47.92","BOARD_CONTROL","2024-05-10"
"BO-00737","BUS-00314","Hadi Siregar","1990-06-26","ID","52.08","OTHER_SIGNIFICANT_INFLUENCE","2024-06-16"
"BO-00738","BUS-00315","Fajar Wijaya","1961-04-15","ID","39.07","VOTING_RIGHTS","2023-11-10"
"BO-00739","BUS-00315","Ir. Dian Nugroho","1957-09-18","ID","13.16","BOARD_CONTROL","2024-11-10"
"BO-00740","BUS-00315","Sari Sari Gunawan","1981-07-04","ID","47.77","OWNERSHIP","2024-10-30"
"BO-00741","BUS-00316","Bagus Simatupang","1965-11-22","ID","100.00","OWNERSHIP","2025-01-13"
"BO-00742","BUS-00317","Kartika Lubis","1981-12-14","ID","48.62","OTHER_SIGNIFICANT_INFLUENCE","2024-12-02"
"BO-00743","BUS-00317","Vina Kusuma","1982-02-07","ID","51.38","OTHER_SIGNIFICANT_INFLUENCE","2025-10-13"
"BO-00744","BUS-00318","Indah Permana","1973-07-14","ID","11.31","OWNERSHIP","2026-01-18"
"BO-00745","BUS-00318","Ir. Nanda Hidayat","1964-02-20","ID","88.69","OTHER_SIGNIFICANT_INFLUENCE","2025-10-24"
"BO-00746","BUS-00320","Wahyu Permana","1968-02-05","ID","82.40","OWNERSHIP","2025-04-29"
"BO-00747","BUS-00320","Ir. Adi Cahya Ramadhan","1956-01-09","ID","17.60","VOTING_RIGHTS","2025-08-05"
"BO-00748","BUS-00321","Fajar Pratama","1961-09-09","ID","31.82","OWNERSHIP","2023-11-22"
"BO-00749","BUS-00321","Drs. Dian Nanda Setiawan","1994-05-02","ID","24.18","VOTING_RIGHTS","2025-10-06"
"BO-00750","BUS-00321","Siti Wijaya","1957-12-23","ID","26.34","OWNERSHIP","2024-05-26"
"BO-00751","BUS-00321","Anggun Suryadi","1976-07-17","ID","17.66","OWNERSHIP","2023-11-15"
"BO-00752","BUS-00322","H. Fajar Simatupang","1978-01-23","ID","100.00","OWNERSHIP","2024-01-26"
"BO-00753","BUS-00323","Tono Permana","1976-07-10","ID","11.80","OTHER_SIGNIFICANT_INFLUENCE","2025-03-11"
"BO-00754","BUS-00323","Nanda Pratama","1993-03-13","ID","46.24","BOARD_CONTROL","2025-10-21"
"BO-00755","BUS-00323","Gita Putri Situmorang","1988-03-26","ID","41.96","OTHER_SIGNIFICANT_INFLUENCE","2025-01-26"
"BO-00756","BUS-00324","Iwan Hartono","1986-08-27","ID","15.68","VOTING_RIGHTS","2024-10-10"
"BO-00757","BUS-00324","Rina Rina Permana","1972-10-21","ID","38.85","VOTING_RIGHTS","2024-07-17"
"BO-00758","BUS-00324","Dra. Indah Gunawan","1958-02-23","ID","29.39","VOTING_RIGHTS","2023-12-26"
"BO-00759","BUS-00324","Putri Saputra","1955-07-02","ID","16.08","VOTING_RIGHTS","2023-11-15"
"BO-00760","BUS-00325","Nanda Saputra","1960-12-26","ID","52.87","VOTING_RIGHTS","2024-10-03"
"BO-00761","BUS-00325","Cahya Pratama","1982-03-15","ID","47.13","VOTING_RIGHTS","2025-01-17"
"BO-00762","BUS-00326","Drs. Hadi Situmorang","1992-09-19","ID","89.21","OTHER_SIGNIFICANT_INFLUENCE","2024-03-30"
"BO-00763","BUS-00326","Ir. Hadi Halim","1978-06-28","ID","10.75","BOARD_CONTROL","2025-01-19"
"BO-00764","BUS-00327","Dra. Gita Anggraini","1996-07-14","ID","84.16","BOARD_CONTROL","2024-12-18"
"BO-00765","BUS-00327","Eka Hartono","1974-09-17","ID","10.92","OWNERSHIP","2025-06-25"
"BO-00766","BUS-00328","Gilang Lubis","1969-10-20","ID","44.59","VOTING_RIGHTS","2024-11-07"
"BO-00767","BUS-00328","Citra Rina Pratama","1995-08-17","ID","14.13","OWNERSHIP","2025-01-15"
"BO-00768","BUS-00328","Joko Permana","1982-10-26","ID","41.28","VOTING_RIGHTS","2025-08-02"
"BO-00769","BUS-00329","Iwan Saputra","1974-04-06","ID","100.00","BOARD_CONTROL","2024-08-02"
"BO-00770","BUS-00330","Umi Suryadi","1979-06-07","ID","78.29","VOTING_RIGHTS","2024-05-23"
"BO-00771","BUS-00330","Eka Anggraini","1959-05-12","ID","10.31","OTHER_SIGNIFICANT_INFLUENCE","2024-12-21"
"BO-00772","BUS-00330","Zahra Situmorang","1982-09-17","ID","11.40","OWNERSHIP","2024-06-01"
"BO-00773","BUS-00331","Hj. Rina Setiawan","1969-03-01","ID","65.98","OWNERSHIP","2024-03-20"
"BO-00774","BUS-00331","Citra Anggraini","1973-04-22","ID","15.40","OWNERSHIP","2025-08-27"
"BO-00775","BUS-00331","Zahra Hartono","1980-04-02","ID","10.29","BOARD_CONTROL","2023-12-23"
"BO-00776","BUS-00333","Anggun Lubis","1961-07-12","ID","54.93","BOARD_CONTROL","2024-07-13"
"BO-00777","BUS-00333","Wahyu Maulana","1976-08-18","ID","27.25","OTHER_SIGNIFICANT_INFLUENCE","2025-11-18"
"BO-00778","BUS-00333","Hj. Siti Setiawan","1962-07-09","ID","10.06","OWNERSHIP","2024-09-29"
"BO-00779","BUS-00334","Sari Saputra","1996-07-08","ID","44.62","BOARD_CONTROL","2024-03-24"
"BO-00780","BUS-00334","Zahra Halim","1977-05-27","ID","55.38","VOTING_RIGHTS","2024-08-21"
"BO-00781","BUS-00335","Cahya Hidayat","1974-07-06","ID","78.20","OTHER_SIGNIFICANT_INFLUENCE","2024-08-07"
"BO-00782","BUS-00335","Tono Nugroho","1976-12-26","ID","21.80","OTHER_SIGNIFICANT_INFLUENCE","2025-10-07"
"BO-00783","BUS-00336","Drs. Adi Siregar","1991-02-19","ID","100.00","OWNERSHIP","2024-09-02"
"BO-00784","BUS-00337","Iwan Eka Siregar","1988-12-11","ID","29.27","VOTING_RIGHTS","2025-06-17"
"BO-00785","BUS-00337","Ir. Joko Cahya Hartono","1982-09-24","ID","70.73","OTHER_SIGNIFICANT_INFLUENCE","2024-12-23"
"BO-00786","BUS-00338","Dra. Lestari Pratama","1984-05-12","ID","22.58","OTHER_SIGNIFICANT_INFLUENCE","2023-11-20"
"BO-00787","BUS-00338","Dra. Dewi Wijaya","1990-05-20","ID","12.21","BOARD_CONTROL","2026-01-10"
"BO-00788","BUS-00338","H. Yuda Nanda Suryadi","1965-02-15","ID","19.38","VOTING_RIGHTS","2024-03-23"
"BO-00789","BUS-00338","Ir. Hadi Gilang Gunawan","1956-06-25","ID","45.83","OTHER_SIGNIFICANT_INFLUENCE","2024-04-24"
"BO-00790","BUS-00339","H. Rahmat Fajar Santoso","1961-12-04","ID","22.51","BOARD_CONTROL","2024-09-01"
"BO-00791","BUS-00339","Ayu Vina Pratama","1959-02-28","ID","10.78","OWNERSHIP","2024-10-08"
"BO-00792","BUS-00339","Drs. Bayu Lubis","1986-03-08","ID","50.45","BOARD_CONTROL","2024-03-06"
"BO-00793","BUS-00339","Bagus Hidayat","1996-03-02","ID","16.26","BOARD_CONTROL","2025-05-20"
"BO-00794","BUS-00340","Ir. Hadi Lubis","1968-12-10","ID","100.00","BOARD_CONTROL","2024-12-19"
"BO-00795","BUS-00341","Ir. Bagus Permana","1978-12-14","ID","63.38","OTHER_SIGNIFICANT_INFLUENCE","2024-03-05"
"BO-00796","BUS-00341","H. Gilang Wijaya","1999-06-06","ID","36.62","VOTING_RIGHTS","2025-02-18"
"BO-00797","BUS-00342","Dian Rahmat Hartono","1971-02-09","ID","23.35","OWNERSHIP","2024-12-15"
"BO-00798","BUS-00342","Wahyu Pratama","1994-07-23","ID","76.65","OTHER_SIGNIFICANT_INFLUENCE","2023-10-26"
"BO-00799","BUS-00343","Ayu Indah Hartono","1996-01-15","ID","11.46","OWNERSHIP","2024-10-17"
"BO-00800","BUS-00343","Ir. Siti Gunawan","1957-01-06","ID","39.69","VOTING_RIGHTS","2025-04-04"
"BO-00801","BUS-00343","Drs. Dian Situmorang","1977-06-13","ID","48.85","OTHER_SIGNIFICANT_INFLUENCE","2025-04-10"
"BO-00802","BUS-00345","Ir. Dian Dian Halim","1998-08-08","ID","38.28","OTHER_SIGNIFICANT_INFLUENCE","2025-09-21"
"BO-00803","BUS-00345","Siti Situmorang","1991-03-14","ID","61.72","BOARD_CONTROL","2025-01-22"
"BO-00804","BUS-00346","Eka Gilang Suryadi","1985-08-26","ID","38.97","VOTING_RIGHTS","2024-01-14"
"BO-00805","BUS-00346","Ir. Gita Vina Wijaya","1994-06-22","ID","61.03","VOTING_RIGHTS","2026-03-02"
"BO-00806","BUS-00347","Anggun Ramadhan","1963-11-09","ID","81.55","VOTING_RIGHTS","2025-09-29"
"BO-00807","BUS-00347","Ayu Simatupang","1961-08-11","ID","10.97","VOTING_RIGHTS","2024-11-06"
"BO-00808","BUS-00348","Gita Santoso","1977-07-15","ID","39.84","OTHER_SIGNIFICANT_INFLUENCE","2024-03-28"
"BO-00809","BUS-00348","Ir. Wulan Gunawan","1991-01-27","ID","28.72","BOARD_CONTROL","2024-07-13"
"BO-00810","BUS-00348","Umi Siregar","1972-01-17","ID","31.44","VOTING_RIGHTS","2024-11-21"
"BO-00811","BUS-00349","Mega Umi Nugroho","1971-01-05","ID","86.36","OTHER_SIGNIFICANT_INFLUENCE","2026-01-24"
"BO-00812","BUS-00349","Drs. Oki Wijaya","1960-03-25","ID","13.64","VOTING_RIGHTS","2025-07-14"
"BO-00813","BUS-00350","Siti Pratama","1996-07-05","ID","54.48","BOARD_CONTROL","2025-12-10"
"BO-00814","BUS-00350","H. Rahmat Santoso","1973-02-11","ID","45.52","BOARD_CONTROL","2025-03-02"
"BO-00815","BUS-00351","Ir. Bagus Kusuma","1965-09-17","ID","75.70","OTHER_SIGNIFICANT_INFLUENCE","2025-01-01"
"BO-00816","BUS-00351","Hj. Mega Umi Halim","1985-07-18","ID","24.30","OWNERSHIP","2024-11-29"
"BO-00817","BUS-00352","Oki Lubis","1984-02-19","ID","68.15","OTHER_SIGNIFICANT_INFLUENCE","2024-08-15"
"BO-00818","BUS-00352","Eka Kusuma","1971-09-17","ID","11.87","VOTING_RIGHTS","2026-01-30"
"BO-00819","BUS-00352","Fajar Rahmat Pratama","1984-05-05","ID","10.25","BOARD_CONTROL","2023-12-24"
"BO-00820","BUS-00353","Hj. Anggun Kartika Pratama","1962-01-15","ID","41.48","OTHER_SIGNIFICANT_INFLUENCE","2023-11-02"
"BO-00821","BUS-00353","Adi Maulana","1974-02-17","ID","33.62","BOARD_CONTROL","2025-02-20"
"BO-00822","BUS-00353","Hj. Indah Setiawan","1985-03-27","ID","24.90","BOARD_CONTROL","2024-12-21"
"BO-00823","BUS-00354","Adi Iwan Santoso","1959-10-24","ID","27.36","OTHER_SIGNIFICANT_INFLUENCE","2024-12-17"
"BO-00824","BUS-00354","Tono Hidayat","1963-12-11","ID","12.19","VOTING_RIGHTS","2025-12-11"
"BO-00825","BUS-00354","Ir. Siti Hartono","1981-08-21","ID","49.62","OTHER_SIGNIFICANT_INFLUENCE","2025-02-01"
"BO-00826","BUS-00354","Joko Gilang Simatupang","1975-06-24","ID","10.83","BOARD_CONTROL","2026-02-17"
"BO-00827","BUS-00355","Ir. Fajar Hadi Pratama","1960-11-18","ID","100.00","OWNERSHIP","2025-03-26"
"BO-00828","BUS-00356","Umi Hartono","1960-06-02","ID","46.69","BOARD_CONTROL","2025-02-26"
"BO-00829","BUS-00356","Rina Kartika Ramadhan","1989-06-20","ID","14.99","VOTING_RIGHTS","2024-04-13"
"BO-00830","BUS-00356","Zahra Anggraini","1984-12-27","ID","17.65","BOARD_CONTROL","2024-06-29"
"BO-00831","BUS-00356","Rahmat Halim","1988-11-03","ID","20.67","BOARD_CONTROL","2025-02-01"
"BO-00832","BUS-00357","Dian Dian Siregar","1983-05-12","ID","20.74","OTHER_SIGNIFICANT_INFLUENCE","2024-05-13"
"BO-00833","BUS-00357","Hj. Indah Saputra","1981-08-15","ID","40.93","OTHER_SIGNIFICANT_INFLUENCE","2024-09-16"
"BO-00834","BUS-00357","Hadi Hadi Situmorang","1955-02-20","ID","38.33","OWNERSHIP","2023-11-29"
"BO-00835","BUS-00358","Rina Kartika Lubis","1998-12-24","ID","100.00","OTHER_SIGNIFICANT_INFLUENCE","2026-02-24"
"BO-00836","BUS-00359","Adi Santoso","1992-05-13","ID","14.34","OTHER_SIGNIFICANT_INFLUENCE","2025-03-20"
"BO-00837","BUS-00359","Indah Gunawan","1959-12-02","ID","52.32","VOTING_RIGHTS","2023-11-13"
"BO-00838","BUS-00359","Citra Suryadi","1987-02-01","ID","10.55","OTHER_SIGNIFICANT_INFLUENCE","2025-07-16"
"BO-00839","BUS-00359","Kartika Pratama","1992-04-04","ID","22.79","BOARD_CONTROL","2025-06-20"
"BO-00840","BUS-00360","H. Bayu Ramadhan","1955-02-20","ID","19.75","OTHER_SIGNIFICANT_INFLUENCE","2025-10-25"
"BO-00841","BUS-00360","Gita Ramadhan","1983-08-19","ID","23.72","BOARD_CONTROL","2025-09-24"
"BO-00842","BUS-00360","Ir. Wahyu Setiawan","1983-08-17","ID","56.53","BOARD_CONTROL","2024-04-15"
"BO-00843","BUS-00361","Indah Halim","1980-01-19","ID","19.58","VOTING_RIGHTS","2025-03-12"
"BO-00844","BUS-00361","Wahyu Situmorang","1978-12-25","ID","23.43","OWNERSHIP","2023-11-01"
"BO-00845","BUS-00361","Sari Putri Suryadi","1955-07-25","ID","56.99","OWNERSHIP","2024-12-08"
"BO-00846","BUS-00362","Lestari Santoso","1993-08-19","ID","55.45","BOARD_CONTROL","2024-04-03"
"BO-00847","BUS-00362","Wulan Umi Ramadhan","1964-07-13","ID","15.94","OTHER_SIGNIFICANT_INFLUENCE","2025-08-31"
"BO-00848","BUS-00362","Ir. Yuda Yuda Lubis","1983-02-08","ID","28.61","OTHER_SIGNIFICANT_INFLUENCE","2023-11-23"
"BO-00849","BUS-00363","Dra. Indah Lubis","1955-08-28","ID","57.75","OTHER_SIGNIFICANT_INFLUENCE","2024-09-18"
"BO-00850","BUS-00363","Gilang Maulana","1999-06-01","ID","25.42","OWNERSHIP","2024-09-20"
"BO-00851","BUS-00363","Drs. Bagus Suryadi","1988-10-08","ID","10.60","BOARD_CONTROL","2024-09-01"
"BO-00852","BUS-00365","Wulan Citra Gunawan","1981-06-10","ID","89.47","OTHER_SIGNIFICANT_INFLUENCE","2026-02-24"
"BO-00853","BUS-00365","Wulan Siregar","1961-03-04","ID","10.28","VOTING_RIGHTS","2025-10-30"
"BO-00854","BUS-00366","Putri Saputra","1988-03-20","ID","81.19","VOTING_RIGHTS","2025-07-23"
"BO-00855","BUS-00366","Ir. Siti Siregar","1967-05-10","ID","10.99","BOARD_CONTROL","2024-09-22"
"BO-00856","BUS-00367","Hadi Permana","1964-06-27","ID","45.68","VOTING_RIGHTS","2025-01-27"
"BO-00857","BUS-00367","Iwan Hidayat","1973-12-07","ID","11.13","BOARD_CONTROL","2023-11-26"
"BO-00858","BUS-00367","Wulan Lestari Simatupang","1982-11-06","ID","43.19","OWNERSHIP","2025-04-26"
"BO-00859","BUS-00368","Iwan Anggraini","1960-05-10","ID","100.00","OTHER_SIGNIFICANT_INFLUENCE","2025-03-23"
"BO-00860","BUS-00369","Joko Anggraini","1967-03-01","ID","70.17","VOTING_RIGHTS","2023-12-18"
"BO-00861","BUS-00369","Wulan Halim","1992-01-13","ID","29.83","BOARD_CONTROL","2024-12-11"
"BO-00862","BUS-00370","Adi Nanda Pratama","1957-07-14","ID","100.00","OWNERSHIP","2023-12-19"
"BO-00863","BUS-00371","H. Gilang Ramadhan","1956-10-26","ID","24.71","VOTING_RIGHTS","2025-03-18"
"BO-00864","BUS-00371","Rahmat Ramadhan","1998-02-13","ID","58.11","OTHER_SIGNIFICANT_INFLUENCE","2024-10-16"
"BO-00865","BUS-00371","Bayu Bagus Wijaya","1981-10-13","ID","17.18","BOARD_CONTROL","2025-09-25"
"BO-00866","BUS-00372","Drs. Cahya Simatupang","1982-06-09","ID","27.80","BOARD_CONTROL","2025-01-23"
"BO-00867","BUS-00372","Ir. Rina Halim","1982-11-12","ID","49.19","VOTING_RIGHTS","2025-10-13"
"BO-00868","BUS-00372","Sari Situmorang","1974-08-17","ID","23.01","OTHER_SIGNIFICANT_INFLUENCE","2024-10-05"
"BO-00869","BUS-00374","H. Nanda Lubis","1996-07-02","ID","24.00","VOTING_RIGHTS","2025-06-07"
"BO-00870","BUS-00374","Ir. Gita Ramadhan","1993-06-18","ID","55.90","OTHER_SIGNIFICANT_INFLUENCE","2024-02-15"
"BO-00871","BUS-00374","Dra. Lestari Simatupang","1960-08-16","ID","20.10","VOTING_RIGHTS","2024-10-08"
"BO-00872","BUS-00375","Gita Dewi Pratama","1983-06-23","ID","100.00","BOARD_CONTROL","2025-11-26"
"BO-00873","BUS-00376","Hj. Mega Halim","1960-08-28","ID","19.52","OWNERSHIP","2024-09-27"
"BO-00874","BUS-00376","Rahmat Hidayat","1955-05-13","ID","58.09","OTHER_SIGNIFICANT_INFLUENCE","2023-10-31"
"BO-00875","BUS-00376","Ir. Siti Permana","1988-12-05","ID","11.84","VOTING_RIGHTS","2024-08-20"
"BO-00876","BUS-00376","Wulan Gita Gunawan","1986-06-23","ID","10.55","VOTING_RIGHTS","2024-05-01"
"BO-00877","BUS-00377","Adi Hadi Pratama","1984-12-07","ID","79.24","VOTING_RIGHTS","2023-12-24"
"BO-00878","BUS-00377","Umi Wijaya","1989-08-26","ID","20.76","OWNERSHIP","2025-11-15"
"BO-00879","BUS-00378","H. Bagus Anggraini","1959-08-20","ID","75.10","OWNERSHIP","2024-08-18"
"BO-00880","BUS-00378","Adi Hidayat","1992-07-05","ID","24.90","OTHER_SIGNIFICANT_INFLUENCE","2026-01-20"
"BO-00881","BUS-00379","Joko Suryadi","1973-02-11","ID","70.67","VOTING_RIGHTS","2023-12-22"
"BO-00882","BUS-00379","Drs. Oki Gunawan","1989-06-28","ID","14.40","BOARD_CONTROL","2025-06-13"
"BO-00883","BUS-00379","Dra. Lestari Gunawan","1976-11-26","ID","10.50","OWNERSHIP","2026-02-27"
"BO-00884","BUS-00380","Dewi Kusuma","1989-06-07","ID","34.24","OWNERSHIP","2025-06-15"
"BO-00885","BUS-00380","Anggun Wulan Kusuma","1983-04-03","ID","51.02","BOARD_CONTROL","2024-12-14"
"BO-00886","BUS-00380","Zahra Wijaya","1973-06-26","ID","10.74","BOARD_CONTROL","2024-10-11"
"BO-00887","BUS-00381","Vina Umi Pratama","1976-07-07","ID","66.88","OTHER_SIGNIFICANT_INFLUENCE","2025-04-11"
"BO-00888","BUS-00381","Ir. Rina Wijaya","1956-06-23","ID","22.57","OTHER_SIGNIFICANT_INFLUENCE","2024-09-17"
"BO-00889","BUS-00381","Eka Maulana","1956-11-02","ID","10.55","OWNERSHIP","2024-10-11"
"BO-00890","BUS-00382","H. Hadi Nugroho","1982-12-26","ID","77.65","OWNERSHIP","2025-02-04"
"BO-00891","BUS-00382","H. Wahyu Gilang Permana","1964-07-12","ID","22.35","OWNERSHIP","2026-01-10"
"BO-00892","BUS-00383","Hj. Lestari Permana","1988-08-22","ID","72.49","VOTING_RIGHTS","2025-07-03"
"BO-00893","BUS-00383","Ir. Rahmat Anggraini","1989-07-13","ID","27.51","OTHER_SIGNIFICANT_INFLUENCE","2025-01-28"
"BO-00894","BUS-00384","Putri Santoso","1982-02-24","ID","43.67","OTHER_SIGNIFICANT_INFLUENCE","2024-03-31"
"BO-00895","BUS-00384","Dra. Putri Setiawan","1993-11-15","ID","43.74","OTHER_SIGNIFICANT_INFLUENCE","2024-03-07"
"BO-00896","BUS-00384","Drs. Dian Anggraini","1975-03-12","ID","10.35","OTHER_SIGNIFICANT_INFLUENCE","2025-01-03"
"BO-00897","BUS-00385","Adi Anggraini","1988-11-26","ID","87.62","OTHER_SIGNIFICANT_INFLUENCE","2024-01-30"
"BO-00898","BUS-00385","Eka Situmorang","1968-12-11","ID","11.00","VOTING_RIGHTS","2025-04-08"
"BO-00899","BUS-00386","Hadi Nanda Situmorang","1963-03-20","ID","57.32","OWNERSHIP","2025-07-19"
"BO-00900","BUS-00386","Ir. Adi Hidayat","1965-10-22","ID","42.68","OTHER_SIGNIFICANT_INFLUENCE","2024-07-26"
"BO-00901","BUS-00387","Adi Tono Simatupang","1984-06-12","ID","64.35","OWNERSHIP","2024-01-05"
"BO-00902","BUS-00387","Hj. Wulan Situmorang","1994-03-27","ID","21.21","OWNERSHIP","2024-12-29"
"BO-00903","BUS-00387","Citra Sari Halim","1979-06-16","ID","14.44","BOARD_CONTROL","2025-04-19"
"BO-00904","BUS-00388","Hadi Setiawan","1994-06-19","ID","22.59","OTHER_SIGNIFICANT_INFLUENCE","2024-03-10"
"BO-00905","BUS-00388","Hj. Anggun Anggraini","1967-01-09","ID","56.45","OWNERSHIP","2023-10-15"
"BO-00906","BUS-00388","Eka Suryadi","1978-04-03","ID","10.81","OTHER_SIGNIFICANT_INFLUENCE","2026-01-30"
"BO-00907","BUS-00388","Ir. Citra Dewi Hidayat","1958-04-05","ID","10.15","BOARD_CONTROL","2025-07-21"
"BO-00908","BUS-00389","Wahyu Adi Kusuma","1983-05-04","ID","100.00","VOTING_RIGHTS","2025-03-22"
"BO-00909","BUS-00390","Adi Situmorang","1988-04-20","ID","68.16","OTHER_SIGNIFICANT_INFLUENCE","2025-01-01"
"BO-00910","BUS-00390","Zahra Sari Permana","1992-09-10","ID","13.45","OTHER_SIGNIFICANT_INFLUENCE","2026-02-25"
"BO-00911","BUS-00390","Rahmat Setiawan","1980-06-05","ID","18.39","BOARD_CONTROL","2025-01-22"
"BO-00912","BUS-00391","Vina Mega Gunawan","1985-10-05","ID","27.43","BOARD_CONTROL","2024-12-12"
"BO-00913","BUS-00391","Lestari Maulana","1957-03-07","ID","72.57","BOARD_CONTROL","2023-11-28"
"BO-00914","BUS-00392","Sari Setiawan","1961-11-08","ID","69.65","BOARD_CONTROL","2025-03-24"
"BO-00915","BUS-00392","Yuda Halim","1955-04-26","ID","18.81","VOTING_RIGHTS","2024-02-25"
"BO-00916","BUS-00392","H. Adi Ramadhan","1975-12-12","ID","10.27","BOARD_CONTROL","2025-03-24"
"BO-00917","BUS-00393","Hj. Zahra Ayu Pratama","1996-11-10","ID","35.71","BOARD_CONTROL","2024-08-12"
"BO-00918","BUS-00393","Citra Maulana","1971-02-09","ID","13.87","VOTING_RIGHTS","2023-11-18"
"BO-00919","BUS-00393","Rina Maulana","1970-09-06","ID","12.60","BOARD_CONTROL","2025-09-23"
"BO-00920","BUS-00393","Drs. Adi Hartono","1996-10-17","ID","37.82","OTHER_SIGNIFICANT_INFLUENCE","2025-08-06"
"BO-00921","BUS-00394","Wahyu Maulana","1989-04-20","ID","25.79","VOTING_RIGHTS","2025-12-05"
"BO-00922","BUS-00394","Hj. Kartika Kusuma","1956-05-11","ID","63.50","OTHER_SIGNIFICANT_INFLUENCE","2025-08-23"
"BO-00923","BUS-00394","Oki Pratama","1992-12-24","ID","10.36","BOARD_CONTROL","2024-01-22"
"BO-00924","BUS-00395","Ir. Wulan Hidayat","1970-06-01","ID","47.47","OWNERSHIP","2025-01-16"
"BO-00925","BUS-00395","Ir. Vina Lubis","1964-03-22","ID","39.81","OTHER_SIGNIFICANT_INFLUENCE","2025-12-26"
"BO-00926","BUS-00395","H. Adi Siregar","1984-06-09","ID","10.31","OTHER_SIGNIFICANT_INFLUENCE","2024-12-26"
"BO-00927","BUS-00396","Tono Maulana","1979-06-18","ID","15.30","OTHER_SIGNIFICANT_INFLUENCE","2024-05-05"
"BO-00928","BUS-00396","Rahmat Nugroho","1956-05-05","ID","22.23","BOARD_CONTROL","2024-10-13"
"BO-00929","BUS-00396","Oki Wahyu Wijaya","1963-10-23","ID","49.29","OWNERSHIP","2026-02-27"
"BO-00930","BUS-00396","Drs. Nanda Gilang Lubis","1968-09-19","ID","13.18","OTHER_SIGNIFICANT_INFLUENCE","2025-09-11"
"BO-00931","BUS-00397","H. Dian Santoso","1980-04-12","ID","35.26","OTHER_SIGNIFICANT_INFLUENCE","2023-12-29"
"BO-00932","BUS-00397","Ir. Siti Lubis","1997-12-08","ID","64.74","BOARD_CONTROL","2024-12-08"
"BO-00933","BUS-00398","Ir. Tono Ramadhan","1965-10-09","ID","86.35","BOARD_CONTROL","2025-12-12"
"BO-00934","BUS-00398","Drs. Iwan Joko Anggraini","1975-04-21","ID","13.65","OWNERSHIP","2025-06-01"
"BO-00935","BUS-00399","Siti Situmorang","1975-10-21","ID","27.43","OWNERSHIP","2023-10-23"
"BO-00936","BUS-00399","Joko Maulana","1983-09-12","ID","38.32","BOARD_CONTROL","2025-10-04"
"BO-00937","BUS-00399","Ir. Wulan Suryadi","1988-08-24","ID","18.34","OWNERSHIP","2024-10-01"
"BO-00938","BUS-00399","Hj. Dewi Hidayat","1956-05-04","ID","15.91","OTHER_SIGNIFICANT_INFLUENCE","2024-04-29"
"BO-00939","BUS-00400","Hj. Ayu Saputra","1961-10-16","ID","87.50","VOTING_RIGHTS","2024-04-07"
"BO-00940","BUS-00400","Drs. Bagus Setiawan","1986-04-13","ID","10.81","BOARD_CONTROL","2024-04-07"
"BO-00941","BUS-00401","Hj. Wulan Permana","1963-05-09","ID","56.70","VOTING_RIGHTS","2025-07-11"
"BO-00942","BUS-00401","Citra Anggraini","1965-06-12","ID","19.20","OWNERSHIP","2025-05-10"
"BO-00943","BUS-00401","Joko Santoso","1983-10-27","ID","24.10","OTHER_SIGNIFICANT_INFLUENCE","2025-08-30"
"BO-00944","BUS-00402","Iwan Hartono","1979-08-08","ID","53.20","OTHER_SIGNIFICANT_INFLUENCE","2024-08-31"
"BO-00945","BUS-00402","H. Bagus Nugroho","1976-10-14","ID","33.76","OWNERSHIP","2024-06-03"
"BO-00946","BUS-00402","Ir. Putri Hartono","1961-06-27","ID","13.04","BOARD_CONTROL","2026-02-09"
"BO-00947","BUS-00403","Wahyu Ramadhan","1977-10-18","ID","32.48","BOARD_CONTROL","2025-05-23"
"BO-00948","BUS-00403","Drs. Rahmat Siregar","1973-11-21","ID","17.62","OWNERSHIP","2025-06-22"
"BO-00949","BUS-00403","Citra Wijaya","1984-11-12","ID","49.90","BOARD_CONTROL","2023-12-06"
"BO-00950","BUS-00404","Nanda Ramadhan","1996-05-15","ID","13.99","BOARD_CONTROL","2026-02-27"
"BO-00951","BUS-00404","Yuda Halim","1964-09-11","ID","59.84","BOARD_CONTROL","2025-10-22"
"BO-00952","BUS-00404","Yuda Siregar","1957-08-08","ID","15.63","BOARD_CONTROL","2026-02-26"
"BO-00953","BUS-00404","Tono Joko Wijaya","1979-09-01","ID","10.54","BOARD_CONTROL","2024-08-13"
"BO-00954","BUS-00405","Dian Nugroho","1983-09-22","ID","22.56","VOTING_RIGHTS","2025-12-10"
"BO-00955","BUS-00405","Ir. Hadi Santoso","1959-10-07","ID","55.76","BOARD_CONTROL","2025-08-16"
"BO-00956","BUS-00405","Ir. Wulan Situmorang","1957-07-14","ID","10.60","VOTING_RIGHTS","2024-01-21"
"BO-00957","BUS-00405","Hj. Anggun Situmorang","1963-10-25","ID","11.08","OTHER_SIGNIFICANT_INFLUENCE","2024-04-20"
"BO-00958","BUS-00406","Citra Zahra Pratama","1996-06-22","ID","25.74","BOARD_CONTROL","2024-04-10"
"BO-00959","BUS-00406","Dewi Gita Nugroho","1964-09-02","ID","74.26","OTHER_SIGNIFICANT_INFLUENCE","2023-11-07"
"BO-00960","BUS-00407","Mega Saputra","1990-12-07","ID","34.43","VOTING_RIGHTS","2025-01-06"
"BO-00961","BUS-00407","Ir. Eka Hartono","1977-02-07","ID","49.97","OWNERSHIP","2025-12-09"
"BO-00962","BUS-00407","Ir. Putri Situmorang","1997-08-24","ID","15.60","OTHER_SIGNIFICANT_INFLUENCE","2025-03-17"
"BO-00963","BUS-00408","Gilang Iwan Maulana","1959-06-24","ID","100.00","BOARD_CONTROL","2024-09-05"
"BO-00964","BUS-00409","Dra. Vina Ramadhan","1963-06-07","ID","32.26","OWNERSHIP","2025-03-14"
"BO-00965","BUS-00409","Ir. Gilang Bagus Pratama","1970-08-18","ID","67.74","VOTING_RIGHTS","2023-11-04"
"BO-00966","BUS-00410","Drs. Dian Yuda Hidayat","1980-08-16","ID","100.00","VOTING_RIGHTS","2025-06-26"
"BO-00967","BUS-00411","Putri Wijaya","1960-09-26","ID","72.94","BOARD_CONTROL","2025-03-02"
"BO-00968","BUS-00411","Putri Gunawan","1966-09-01","ID","27.06","OTHER_SIGNIFICANT_INFLUENCE","2025-08-31"
"BO-00969","BUS-00412","Oki Hidayat","1969-10-18","ID","100.00","BOARD_CONTROL","2025-09-15"
"BO-00970","BUS-00413","Anggun Kusuma","1961-10-15","ID","80.91","BOARD_CONTROL","2025-08-23"
"BO-00971","BUS-00413","Ayu Wijaya","1955-03-02","ID","10.05","OTHER_SIGNIFICANT_INFLUENCE","2025-12-30"
"BO-00972","BUS-00414","Ir. Adi Yuda Hidayat","1980-04-11","ID","38.59","OTHER_SIGNIFICANT_INFLUENCE","2023-12-18"
"BO-00973","BUS-00414","Dra. Citra Suryadi","1999-09-26","ID","50.62","OTHER_SIGNIFICANT_INFLUENCE","2024-10-03"
"BO-00974","BUS-00414","Ayu Wijaya","1990-03-20","ID","10.74","OTHER_SIGNIFICANT_INFLUENCE","2023-11-28"
"BO-00975","BUS-00415","Anggun Ramadhan","1985-08-03","ID","100.00","OWNERSHIP","2023-12-15"
"BO-00976","BUS-00416","H. Eka Bayu Simatupang","1984-08-06","ID","77.48","OTHER_SIGNIFICANT_INFLUENCE","2024-07-22"
"BO-00977","BUS-00416","Wulan Saputra","1968-01-25","ID","22.52","BOARD_CONTROL","2024-05-06"
"BO-00978","BUS-00417","Bayu Santoso","1995-03-05","ID","69.50","BOARD_CONTROL","2025-12-26"
"BO-00979","BUS-00417","Ir. Dewi Anggun Santoso","1976-04-13","ID","16.20","VOTING_RIGHTS","2025-12-06"
"BO-00980","BUS-00417","Eka Gunawan","1999-01-16","ID","10.17","OWNERSHIP","2025-07-26"
"BO-00981","BUS-00418","Rina Setiawan","1964-05-27","ID","70.75","VOTING_RIGHTS","2024-03-24"
"BO-00982","BUS-00418","Sari Permana","1963-05-14","ID","18.53","OWNERSHIP","2024-05-06"
"BO-00983","BUS-00418","Adi Fajar Suryadi","1995-03-17","ID","10.33","BOARD_CONTROL","2025-08-14"
"BO-00984","BUS-00419","Citra Saputra","1955-04-25","ID","69.37","OWNERSHIP","2024-06-10"
"BO-00985","BUS-00419","Drs. Bagus Gunawan","1997-01-25","ID","30.63","VOTING_RIGHTS","2025-04-19"
"BO-00986","BUS-00420","Citra Hartono","1970-09-03","ID","59.53","OTHER_SIGNIFICANT_INFLUENCE","2024-12-11"
"BO-00987","BUS-00420","Putri Permana","1960-08-08","ID","22.28","VOTING_RIGHTS","2024-06-09"
"BO-00988","BUS-00420","Putri Putri Anggraini","1962-10-28","ID","10.99","OWNERSHIP","2024-03-28"
"BO-00989","BUS-00421","Dian Anggraini","1966-05-25","ID","100.00","OTHER_SIGNIFICANT_INFLUENCE","2025-10-14"
"BO-00990","BUS-00422","Putri Suryadi","1980-09-18","ID","71.35","BOARD_CONTROL","2025-12-10"
"BO-00991","BUS-00422","H. Cahya Setiawan","1983-05-04","ID","10.05","BOARD_CONTROL","2023-11-05"
"BO-00992","BUS-00422","Eka Setiawan","1982-03-01","ID","10.17","OTHER_SIGNIFICANT_INFLUENCE","2024-08-01"
"BO-00993","BUS-00423","Kartika Siregar","1956-05-18","ID","54.55","VOTING_RIGHTS","2025-11-25"
"BO-00994","BUS-00423","Hj. Dewi Zahra Simatupang","1994-04-17","ID","14.27","OTHER_SIGNIFICANT_INFLUENCE","2024-01-26"
"BO-00995","BUS-00423","Dra. Rina Nugroho","1994-12-15","ID","31.18","BOARD_CONTROL","2025-03-18"
"BO-00996","BUS-00425","Gilang Ramadhan","1957-05-20","ID","87.27","OWNERSHIP","2025-06-14"
"BO-00997","BUS-00425","H. Nanda Rahmat Halim","1983-10-12","ID","10.97","BOARD_CONTROL","2024-11-09"
"BO-00998","BUS-00426","Joko Gilang Hidayat","1965-07-26","ID","30.93","VOTING_RIGHTS","2025-02-28"
"BO-00999","BUS-00426","Adi Bayu Hidayat","1975-11-04","ID","17.49","OWNERSHIP","2024-01-15"
"BO-01000","BUS-00426","Ir. Siti Halim","1983-01-14","ID","23.26","OWNERSHIP","2025-06-22"
"BO-01001","BUS-00426","Putri Wijaya","1997-08-03","ID","28.32","OTHER_SIGNIFICANT_INFLUENCE","2025-04-03"
"BO-01002","BUS-00428","Ayu Setiawan","1961-08-06","ID","52.13","OTHER_SIGNIFICANT_INFLUENCE","2024-08-04"
"BO-01003","BUS-00428","Anggun Dewi Setiawan","1962-08-20","ID","30.25","BOARD_CONTROL","2025-08-27"
"BO-01004","BUS-00428","Rahmat Cahya Kusuma","1994-01-13","ID","17.62","OWNERSHIP","2024-07-06"
"BO-01005","BUS-00429","Ayu Simatupang","1961-04-12","ID","18.10","OTHER_SIGNIFICANT_INFLUENCE","2024-07-23"
"BO-01006","BUS-00429","Sari Hartono","1955-08-18","ID","81.90","OWNERSHIP","2025-12-31"
"BO-01007","BUS-00430","Dra. Wulan Citra Anggraini","1982-02-27","ID","38.21","OTHER_SIGNIFICANT_INFLUENCE","2025-12-06"
"BO-01008","BUS-00430","Ir. Sari Ayu Halim","1956-02-07","ID","35.11","OTHER_SIGNIFICANT_INFLUENCE","2025-12-24"
"BO-01009","BUS-00430","Drs. Bagus Gunawan","1979-07-02","ID","26.68","OTHER_SIGNIFICANT_INFLUENCE","2025-08-09"
"BO-01010","BUS-00431","Drs. Wahyu Tono Anggraini","1969-11-27","ID","55.41","BOARD_CONTROL","2025-06-02"
"BO-01011","BUS-00431","Yuda Kusuma","1956-11-05","ID","21.00","BOARD_CONTROL","2024-05-12"
"BO-01012","BUS-00431","Joko Situmorang","1988-02-12","ID","10.60","BOARD_CONTROL","2024-08-21"
"BO-01013","BUS-00431","H. Wahyu Ramadhan","1961-06-14","ID","12.99","OTHER_SIGNIFICANT_INFLUENCE","2025-12-13"
"BO-01014","BUS-00432","Hadi Iwan Hartono","1998-02-14","ID","19.29","BOARD_CONTROL","2024-04-18"
"BO-01015","BUS-00432","Bagus Permana","1984-09-03","ID","21.05","OWNERSHIP","2025-02-05"
"BO-01016","BUS-00432","Tono Yuda Lubis","1968-09-09","ID","59.66","OWNERSHIP","2024-06-14"
"BO-01017","BUS-00433","Eka Iwan Halim","1997-06-08","ID","100.00","OTHER_SIGNIFICANT_INFLUENCE","2025-02-17"
"BO-01018","BUS-00434","Citra Gunawan","1976-10-06","ID","22.91","VOTING_RIGHTS","2024-11-04"
"BO-01019","BUS-00434","Citra Umi Halim","1985-01-09","ID","77.09","VOTING_RIGHTS","2025-01-01"
"BO-01020","BUS-00435","Dra. Anggun Gunawan","1963-11-18","ID","100.00","OWNERSHIP","2023-11-05"
"BO-01021","BUS-00436","Hj. Kartika Dewi Ramadhan","1991-02-13","ID","100.00","VOTING_RIGHTS","2025-04-02"
"BO-01022","BUS-00437","Bayu Permana","1965-11-19","ID","100.00","OTHER_SIGNIFICANT_INFLUENCE","2023-12-23"
"BO-01023","BUS-00438","Eka Siregar","1976-07-04","ID","100.00","OWNERSHIP","2023-11-20"
"BO-01024","BUS-00439","Ir. Umi Gunawan","1971-11-15","ID","32.10","OWNERSHIP","2025-10-29"
"BO-01025","BUS-00439","H. Oki Lubis","1958-08-19","ID","39.28","VOTING_RIGHTS","2023-10-15"
"BO-01026","BUS-00439","Indah Anggun Setiawan","1997-07-03","ID","17.09","VOTING_RIGHTS","2026-02-03"
"BO-01027","BUS-00439","Drs. Iwan Ramadhan","1987-10-24","ID","11.53","OTHER_SIGNIFICANT_INFLUENCE","2025-01-03"
"BO-01028","BUS-00440","Cahya Saputra","1978-10-20","ID","100.00","OTHER_SIGNIFICANT_INFLUENCE","2024-03-25"
"BO-01029","BUS-00441","Gilang Maulana","1958-09-18","ID","75.27","BOARD_CONTROL","2025-03-17"
"BO-01030","BUS-00441","Indah Anggraini","1968-10-01","ID","12.67","BOARD_CONTROL","2025-05-23"
"BO-01031","BUS-00441","Eka Ramadhan","1976-10-14","ID","12.06","BOARD_CONTROL","2024-11-05"
"BO-01032","BUS-00442","Mega Hidayat","1974-11-08","ID","64.13","BOARD_CONTROL","2023-10-25"
"BO-01033","BUS-00442","Mega Suryadi","1982-03-13","ID","19.46","OTHER_SIGNIFICANT_INFLUENCE","2023-11-01"
"BO-01034","BUS-00442","Hj. Wulan Setiawan","1967-10-21","ID","10.83","OTHER_SIGNIFICANT_INFLUENCE","2024-12-23"
"BO-01035","BUS-00443","Siti Permana","1990-03-06","ID","52.01","OTHER_SIGNIFICANT_INFLUENCE","2025-10-22"
"BO-01036","BUS-00443","Iwan Wijaya","1991-12-27","ID","33.98","VOTING_RIGHTS","2025-10-12"
"BO-01037","BUS-00443","Dra. Ayu Hidayat","1979-01-08","ID","10.49","OTHER_SIGNIFICANT_INFLUENCE","2024-08-25"
"BO-01038","BUS-00444","Hj. Citra Setiawan","1971-01-04","ID","100.00","BOARD_CONTROL","2024-09-21"
"BO-01039","BUS-00445","Nanda Situmorang","1980-06-25","ID","14.50","VOTING_RIGHTS","2024-08-08"
"BO-01040","BUS-00445","Iwan Ramadhan","1984-08-02","ID","75.13","VOTING_RIGHTS","2024-01-06"
"BO-01041","BUS-00445","Ir. Rina Gunawan","1971-09-13","ID","10.37","OWNERSHIP","2025-08-31"
"BO-01042","BUS-00446","Hj. Zahra Gunawan","1999-03-15","ID","45.34","BOARD_CONTROL","2024-05-14"
"BO-01043","BUS-00446","Siti Wijaya","1986-05-08","ID","27.42","OWNERSHIP","2024-03-02"
"BO-01044","BUS-00446","Joko Pratama","1958-02-08","ID","16.00","OTHER_SIGNIFICANT_INFLUENCE","2024-04-27"
"BO-01045","BUS-00446","H. Bagus Wijaya","1979-08-23","ID","11.24","OTHER_SIGNIFICANT_INFLUENCE","2024-08-14"
"BO-01046","BUS-00447","Ir. Mega Permana","1963-08-05","ID","100.00","BOARD_CONTROL","2025-01-23"
"BO-01047","BUS-00448","Dra. Indah Pratama","1996-06-10","ID","23.55","OWNERSHIP","2024-02-18"
"BO-01048","BUS-00448","Wahyu Saputra","1956-05-14","ID","76.45","VOTING_RIGHTS","2024-11-27"
"BO-01049","BUS-00450","Ir. Mega Zahra Hidayat","1972-04-27","ID","37.87","OTHER_SIGNIFICANT_INFLUENCE","2024-07-08"
"BO-01050","BUS-00450","Gita Situmorang","1961-07-06","ID","38.73","OWNERSHIP","2025-04-12"
"BO-01051","BUS-00450","H. Bagus Rahmat Simatupang","1956-04-08","ID","13.06","OTHER_SIGNIFICANT_INFLUENCE","2024-07-23"
"BO-01052","BUS-00450","Cahya Bagus Permana","1974-03-04","ID","10.34","VOTING_RIGHTS","2024-09-03"
"BO-01053","BUS-00451","Dewi Hidayat","1980-10-08","ID","100.00","OTHER_SIGNIFICANT_INFLUENCE","2024-09-09"
"BO-01054","BUS-00452","Gilang Anggraini","1984-10-08","ID","81.35","OWNERSHIP","2025-08-23"
"BO-01055","BUS-00452","Citra Hartono","1966-04-24","ID","10.77","OWNERSHIP","2025-03-23"
"BO-01056","BUS-00453","Wahyu Pratama","1997-02-24","ID","13.38","VOTING_RIGHTS","2025-06-08"
"BO-01057","BUS-00453","Citra Nugroho","1969-09-21","ID","86.62","OTHER_SIGNIFICANT_INFLUENCE","2025-08-10"
"BO-01058","BUS-00456","H. Tono Anggraini","1980-05-18","ID","12.99","OWNERSHIP","2025-01-21"
"BO-01059","BUS-00456","Umi Gunawan","1962-02-12","ID","87.01","VOTING_RIGHTS","2024-08-08"
"BO-01060","BUS-00457","Ir. Ayu Gunawan","1965-04-07","ID","58.26","OTHER_SIGNIFICANT_INFLUENCE","2025-04-04"
"BO-01061","BUS-00457","Ir. Zahra Kartika Setiawan","1997-09-21","ID","41.74","BOARD_CONTROL","2025-11-28"
"BO-01062","BUS-00458","Eka Adi Halim","1975-02-17","ID","83.80","OTHER_SIGNIFICANT_INFLUENCE","2025-06-21"
"BO-01063","BUS-00458","Anggun Zahra Santoso","1990-10-21","ID","10.77","VOTING_RIGHTS","2024-08-31"
"BO-01064","BUS-00459","Ir. Joko Halim","1995-10-17","ID","52.54","BOARD_CONTROL","2024-07-15"
"BO-01065","BUS-00459","Drs. Hadi Simatupang","1980-05-07","ID","47.46","VOTING_RIGHTS","2025-07-18"
"BO-01066","BUS-00460","Bagus Siregar","1975-05-27","ID","54.77","OWNERSHIP","2025-05-26"
"BO-01067","BUS-00460","Drs. Fajar Anggraini","1976-12-25","ID","45.23","VOTING_RIGHTS","2025-05-19"
"BO-01068","BUS-00461","Drs. Yuda Maulana","1961-10-05","ID","46.96","OWNERSHIP","2024-12-26"
"BO-01069","BUS-00461","H. Iwan Wijaya","1979-04-26","ID","27.54","OWNERSHIP","2024-07-22"
"BO-01070","BUS-00461","Rahmat Ramadhan","1963-10-17","ID","14.43","VOTING_RIGHTS","2024-10-13"
"BO-01071","BUS-00461","Ir. Bayu Siregar","1984-07-11","ID","11.07","OWNERSHIP","2024-04-30"
"BO-01072","BUS-00462","Gita Rina Maulana","1982-07-09","ID","49.08","OWNERSHIP","2025-02-25"
"BO-01073","BUS-00462","Ir. Rahmat Anggraini","1964-06-14","ID","37.21","BOARD_CONTROL","2025-08-10"
"BO-01074","BUS-00462","Gilang Permana","1987-08-22","ID","10.83","BOARD_CONTROL","2024-11-28"
"BO-01075","BUS-00463","Oki Simatupang","1964-09-06","ID","40.11","OTHER_SIGNIFICANT_INFLUENCE","2025-05-07"
"BO-01076","BUS-00463","Umi Kusuma","1971-01-05","ID","59.89","OWNERSHIP","2025-08-23"
"BO-01077","BUS-00464","Dra. Anggun Siti Wijaya","1978-08-05","ID","42.06","VOTING_RIGHTS","2025-02-11"
"BO-01078","BUS-00464","Nanda Anggraini","1975-05-23","ID","18.41","VOTING_RIGHTS","2023-12-28"
"BO-01079","BUS-00464","Putri Nugroho","1964-09-12","ID","39.53","OTHER_SIGNIFICANT_INFLUENCE","2024-09-07"
"BO-01080","BUS-00465","Wahyu Simatupang","1981-09-15","ID","72.54","OTHER_SIGNIFICANT_INFLUENCE","2024-08-31"
"BO-01081","BUS-00465","Yuda Suryadi","1990-02-14","ID","15.58","OWNERSHIP","2024-06-24"
"BO-01082","BUS-00465","Dra. Gita Saputra","1977-08-08","ID","11.88","OTHER_SIGNIFICANT_INFLUENCE","2025-03-26"
"BO-01083","BUS-00466","Yuda Gunawan","1998-07-04","ID","74.49","BOARD_CONTROL","2024-05-17"
"BO-01084","BUS-00466","Wahyu Kusuma","1966-02-11","ID","25.51","OTHER_SIGNIFICANT_INFLUENCE","2025-05-03"
"BO-01085","BUS-00467","Citra Suryadi","1969-06-08","ID","23.59","OWNERSHIP","2025-02-19"
"BO-01086","BUS-00467","Iwan Hartono","1957-02-01","ID","76.41","VOTING_RIGHTS","2025-09-28"
"BO-01087","BUS-00468","Drs. Bagus Suryadi","1979-09-16","ID","67.64","VOTING_RIGHTS","2024-06-04"
"BO-01088","BUS-00468","Tono Siregar","1978-05-06","ID","15.26","VOTING_RIGHTS","2025-01-30"
"BO-01089","BUS-00468","Dra. Rina Indah Situmorang","1995-04-24","ID","10.39","OTHER_SIGNIFICANT_INFLUENCE","2024-11-21"
"BO-01090","BUS-00469","Ayu Anggun Ramadhan","1961-02-13","ID","75.48","VOTING_RIGHTS","2025-05-12"
"BO-01091","BUS-00469","Siti Pratama","1979-02-13","ID","14.14","OWNERSHIP","2024-06-11"
"BO-01092","BUS-00469","Rahmat Hidayat","1979-11-19","ID","10.98","BOARD_CONTROL","2026-01-22"
"BO-01093","BUS-00470","Bagus Siregar","1975-04-17","ID","100.00","BOARD_CONTROL","2025-03-05"
"BO-01094","BUS-00471","H. Eka Wijaya","1994-06-02","ID","23.94","OTHER_SIGNIFICANT_INFLUENCE","2026-01-18"
"BO-01095","BUS-00471","H. Gilang Santoso","1977-01-12","ID","76.06","OWNERSHIP","2025-11-27"
"BO-01096","BUS-00472","Ir. Mega Nugroho","1990-09-04","ID","24.11","OWNERSHIP","2024-08-11"
"BO-01097","BUS-00472","Wahyu Saputra","1957-12-21","ID","50.10","VOTING_RIGHTS","2026-02-04"
"BO-01098","BUS-00472","Joko Nugroho","1956-10-21","ID","25.79","OWNERSHIP","2025-04-11"
"BO-01099","BUS-00473","Dra. Umi Ramadhan","1965-02-24","ID","88.06","VOTING_RIGHTS","2024-04-02"
"BO-01100","BUS-00473","H. Rahmat Pratama","1982-08-16","ID","10.01","BOARD_CONTROL","2023-10-26"
"BO-01101","BUS-00474","Zahra Hidayat","1997-01-24","ID","100.00","VOTING_RIGHTS","2025-07-03"
"BO-01102","BUS-00475","Rahmat Situmorang","1972-12-02","ID","42.75","OTHER_SIGNIFICANT_INFLUENCE","2024-02-03"
"BO-01103","BUS-00475","Cahya Nugroho","1973-09-08","ID","57.25","VOTING_RIGHTS","2025-12-12"
"BO-01104","BUS-00476","Dra. Ayu Lubis","1992-01-01","ID","100.00","OTHER_SIGNIFICANT_INFLUENCE","2024-08-16"
"BO-01105","BUS-00477","Wulan Saputra","1972-01-26","ID","41.64","OWNERSHIP","2025-11-23"
"BO-01106","BUS-00477","Yuda Eka Gunawan","1963-05-13","ID","23.15","OTHER_SIGNIFICANT_INFLUENCE","2025-10-08"
"BO-01107","BUS-00477","Ir. Zahra Nugroho","1964-04-22","ID","35.21","VOTING_RIGHTS","2025-12-27"
"BO-01108","BUS-00478","Bagus Lubis","1964-07-02","ID","26.20","OWNERSHIP","2025-05-30"
"BO-01109","BUS-00478","Dra. Citra Anggraini","1960-11-01","ID","31.81","BOARD_CONTROL","2024-07-05"
"BO-01110","BUS-00478","Dra. Kartika Situmorang","1961-05-23","ID","41.99","OWNERSHIP","2024-02-03"
"BO-01111","BUS-00479","Putri Permana","1959-04-01","ID","64.30","VOTING_RIGHTS","2025-04-29"
"BO-01112","BUS-00479","Dra. Dewi Simatupang","1988-12-25","ID","24.12","VOTING_RIGHTS","2025-10-18"
"BO-01113","BUS-00479","Dra. Zahra Halim","1999-06-13","ID","10.72","VOTING_RIGHTS","2024-09-20"
"BO-01114","BUS-00480","Drs. Wahyu Kusuma","1972-04-08","ID","22.65","BOARD_CONTROL","2024-02-22"
"BO-01115","BUS-00480","Gita Situmorang","1961-12-07","ID","50.94","OWNERSHIP","2024-07-31"
"BO-01116","BUS-00480","Fajar Hadi Saputra","1969-09-19","ID","10.36","OWNERSHIP","2024-08-14"
"BO-01117","BUS-00480","Adi Kusuma","1998-12-02","ID","16.05","VOTING_RIGHTS","2024-05-01"
"BO-01118","BUS-00481","H. Oki Adi Permana","1967-10-15","ID","100.00","OTHER_SIGNIFICANT_INFLUENCE","2024-02-26"
"BO-01119","BUS-00482","Dewi Maulana","1989-04-09","ID","27.42","OTHER_SIGNIFICANT_INFLUENCE","2025-02-15"
"BO-01120","BUS-00482","Hj. Vina Anggun Kusuma","1958-07-23","ID","72.58","OTHER_SIGNIFICANT_INFLUENCE","2025-08-15"
"BO-01121","BUS-00483","Oki Kusuma","1966-05-17","ID","16.12","BOARD_CONTROL","2024-07-29"
"BO-01122","BUS-00483","Sari Setiawan","1975-06-16","ID","47.31","VOTING_RIGHTS","2024-08-15"
"BO-01123","BUS-00483","Bagus Nugroho","1976-02-03","ID","20.94","OWNERSHIP","2026-01-29"
"BO-01124","BUS-00483","Drs. Dian Hartono","1991-01-21","ID","15.63","BOARD_CONTROL","2024-03-08"
"BO-01125","BUS-00484","Dewi Situmorang","1979-07-12","ID","20.62","OWNERSHIP","2025-06-23"
"BO-01126","BUS-00484","Ir. Kartika Siti Gunawan","1963-01-12","ID","36.07","OTHER_SIGNIFICANT_INFLUENCE","2024-05-14"
"BO-01127","BUS-00484","Joko Fajar Simatupang","1958-11-26","ID","16.06","BOARD_CONTROL","2026-01-10"
"BO-01128","BUS-00484","Hj. Gita Ramadhan","1962-06-21","ID","27.25","VOTING_RIGHTS","2024-03-13"
"BO-01129","BUS-00485","Dra. Anggun Setiawan","1982-06-05","ID","100.00","VOTING_RIGHTS","2025-10-17"
"BO-01130","BUS-00486","Citra Maulana","1994-12-07","ID","100.00","BOARD_CONTROL","2024-10-04"
"BO-01131","BUS-00487","H. Gilang Gunawan","1993-06-21","ID","10.89","OTHER_SIGNIFICANT_INFLUENCE","2025-01-26"
"BO-01132","BUS-00487","Gilang Cahya Wijaya","1966-04-07","ID","23.98","BOARD_CONTROL","2025-07-17"
"BO-01133","BUS-00487","Bagus Halim","1958-11-04","ID","65.13","OTHER_SIGNIFICANT_INFLUENCE","2023-12-18"
"BO-01134","BUS-00488","Ayu Wijaya","1966-03-09","ID","82.57","BOARD_CONTROL","2025-03-29"
"BO-01135","BUS-00488","Hadi Maulana","1958-04-28","ID","10.06","OTHER_SIGNIFICANT_INFLUENCE","2025-09-16"
"BO-01136","BUS-00489","Gilang Wijaya","1985-08-24","ID","100.00","OTHER_SIGNIFICANT_INFLUENCE","2024-03-09"
"BO-01137","BUS-00490","Drs. Tono Suryadi","1977-01-25","ID","16.72","BOARD_CONTROL","2026-02-28"
"BO-01138","BUS-00490","Adi Saputra","1967-03-26","ID","83.28","OWNERSHIP","2025-02-22"
"BO-01139","BUS-00491","Ir. Zahra Simatupang","1960-09-04","ID","38.77","VOTING_RIGHTS","2026-02-12"
"BO-01140","BUS-00491","H. Tono Pratama","1960-02-22","ID","14.98","OWNERSHIP","2023-11-27"
"BO-01141","BUS-00491","Iwan Siregar","1976-09-07","ID","25.58","OTHER_SIGNIFICANT_INFLUENCE","2023-11-30"
"BO-01142","BUS-00491","Ir. Cahya Maulana","1960-05-05","ID","20.67","OWNERSHIP","2024-08-29"
"BO-01143","BUS-00492","Putri Saputra","1955-06-25","ID","100.00","BOARD_CONTROL","2024-08-29"
"BO-01144","BUS-00493","Rahmat Gunawan","1981-02-16","ID","80.58","OWNERSHIP","2025-03-15"
"BO-01145","BUS-00493","Hj. Gita Nugroho","1985-01-26","ID","19.42","BOARD_CONTROL","2023-12-01"
"BO-01146","BUS-00495","Eka Hartono","1964-03-19","ID","13.99","OWNERSHIP","2023-11-03"
"BO-01147","BUS-00495","Hadi Gunawan","1967-10-22","ID","12.68","OTHER_SIGNIFICANT_INFLUENCE","2025-10-25"
"BO-01148","BUS-00495","Gita Anggraini","1968-03-16","ID","73.33","OWNERSHIP","2025-06-04"
"BO-01149","BUS-00496","Ir. Dewi Putri Santoso","1967-01-15","ID","80.72","VOTING_RIGHTS","2025-01-03"
"BO-01150","BUS-00496","Bagus Wijaya","1990-07-10","ID","19.28","VOTING_RIGHTS","2025-01-30"
"BO-01151","BUS-00497","Wahyu Pratama","1986-09-05","ID","54.75","VOTING_RIGHTS","2025-10-13"
"BO-01152","BUS-00497","Citra Umi Santoso","1965-05-07","ID","29.78","OWNERSHIP","2024-11-10"
"BO-01153","BUS-00497","Yuda Kusuma","1991-10-15","ID","10.25","OTHER_SIGNIFICANT_INFLUENCE","2025-06-24"
"BO-01154","BUS-00498","Umi Citra Pratama","1996-04-06","ID","31.01","VOTING_RIGHTS","2024-08-19"
"BO-01155","BUS-00498","Sari Dewi Lubis","1998-02-22","ID","68.99","OTHER_SIGNIFICANT_INFLUENCE","2024-06-28"
"BO-01156","BUS-00499","Cahya Anggraini","1977-03-22","ID","20.29","BOARD_CONTROL","2025-05-26"
"BO-01157","BUS-00499","Mega Simatupang","1962-10-03","ID","15.31","VOTING_RIGHTS","2025-06-26"
"BO-01158","BUS-00499","Cahya Siregar","1982-07-02","ID","64.40","BOARD_CONTROL","2025-03-25"
"BO-01159","BUS-00500","H. Eka Pratama","1963-05-01","ID","70.57","OTHER_SIGNIFICANT_INFLUENCE","2025-04-09"
"BO-01160","BUS-00500","Hj. Citra Wijaya","1993-05-18","ID","19.40","OWNERSHIP","2025-02-02"
"BO-01161","BUS-00500","Dra. Umi Lubis","1969-09-19","ID","10.03","OWNERSHIP","2025-04-09"
"BO-01162","BUS-00501","Citra Siti Suryadi","1968-01-25","ID","20.09","VOTING_RIGHTS","2024-04-01"
"BO-01163","BUS-00501","Dra. Dewi Lubis","1974-05-13","ID","79.91","OWNERSHIP","2023-10-26"
"BO-01164","BUS-00502","Ir. Dewi Saputra","1998-04-15","ID","81.41","BOARD_CONTROL","2025-10-13"
"BO-01165","BUS-00502","Ir. Anggun Nugroho","1985-03-06","ID","18.59","OWNERSHIP","2024-06-12"
"BO-01166","BUS-00503","Hj. Dewi Gita Situmorang","1996-02-12","ID","66.06","VOTING_RIGHTS","2024-03-26"
"BO-01167","BUS-00503","Cahya Saputra","1986-08-26","ID","16.56","VOTING_RIGHTS","2023-12-25"
"BO-01168","BUS-00503","Dra. Dewi Suryadi","1967-06-05","ID","17.38","OTHER_SIGNIFICANT_INFLUENCE","2024-08-15"
"BO-01169","BUS-00504","Eka Eka Maulana","1969-04-26","ID","100.00","OWNERSHIP","2024-07-17"
"BO-01170","BUS-00505","Ir. Kartika Kusuma","1971-10-08","ID","13.97","OWNERSHIP","2025-05-20"
"BO-01171","BUS-00505","Wulan Hartono","1957-06-17","ID","86.03","OWNERSHIP","2025-02-04"
"BO-01172","BUS-00506","Nanda Maulana","1993-10-18","ID","65.96","VOTING_RIGHTS","2025-06-10"
"BO-01173","BUS-00506","Hj. Wulan Maulana","1989-04-26","ID","34.04","BOARD_CONTROL","2024-07-07"
"BO-01174","BUS-00507","Dra. Kartika Gunawan","1986-01-16","ID","86.92","BOARD_CONTROL","2024-09-01"
"BO-01175","BUS-00507","Siti Hartono","1993-02-05","ID","13.08","OTHER_SIGNIFICANT_INFLUENCE","2026-02-02"
"BO-01176","BUS-00508","Ir. Gilang Gilang Permana","1994-07-27","ID","69.98","OWNERSHIP","2025-12-03"
"BO-01177","BUS-00508","Eka Nugroho","1984-10-18","ID","30.02","BOARD_CONTROL","2023-12-23"
"BO-01178","BUS-00509","Drs. Tono Pratama","1966-02-12","ID","82.05","OTHER_SIGNIFICANT_INFLUENCE","2025-07-17"
"BO-01179","BUS-00509","Ir. Eka Bayu Pratama","1977-11-03","ID","17.95","BOARD_CONTROL","2025-12-25"
"BO-01180","BUS-00510","Bayu Simatupang","1983-01-22","ID","16.80","VOTING_RIGHTS","2024-05-27"
"BO-01181","BUS-00510","Umi Nugroho","1976-03-03","ID","15.98","OWNERSHIP","2025-04-07"
"BO-01182","BUS-00510","Putri Kusuma","1982-02-18","ID","67.22","BOARD_CONTROL","2025-01-28"
"BO-01183","BUS-00511","Ir. Tono Situmorang","1989-11-13","ID","100.00","OWNERSHIP","2026-01-03"
"BO-01184","BUS-00512","H. Oki Yuda Halim","1966-06-16","ID","54.07","OTHER_SIGNIFICANT_INFLUENCE","2024-05-22"
"BO-01185","BUS-00512","Adi Simatupang","1955-01-13","ID","34.45","VOTING_RIGHTS","2024-02-29"
"BO-01186","BUS-00512","Lestari Halim","1998-08-21","ID","11.48","VOTING_RIGHTS","2025-01-05"
"BO-01187","BUS-00513","Gilang Oki Wijaya","1975-11-04","ID","100.00","OWNERSHIP","2024-03-05"
"BO-01188","BUS-00514","Dra. Ayu Suryadi","1963-12-15","ID","100.00","OWNERSHIP","2024-02-17"
"BO-01189","BUS-00515","Hj. Kartika Nugroho","1955-03-19","ID","69.48","OWNERSHIP","2024-12-15"
"BO-01190","BUS-00515","Citra Maulana","1967-11-09","ID","30.52","BOARD_CONTROL","2024-01-20"
"BO-01191","BUS-00516","Oki Nugroho","1980-12-17","ID","16.67","OTHER_SIGNIFICANT_INFLUENCE","2023-11-09"
"BO-01192","BUS-00516","Dra. Wulan Santoso","1955-03-18","ID","22.05","OTHER_SIGNIFICANT_INFLUENCE","2024-12-18"
"BO-01193","BUS-00516","Hj. Putri Siti Simatupang","1980-09-04","ID","18.64","BOARD_CONTROL","2024-12-11"
"BO-01194","BUS-00516","Mega Lubis","1957-04-12","ID","42.64","BOARD_CONTROL","2024-03-02"
"BO-01195","BUS-00517","Lestari Hartono","1961-12-09","ID","100.00","OWNERSHIP","2025-08-30"
"BO-01196","BUS-00518","Umi Kartika Hartono","1962-10-25","ID","65.39","VOTING_RIGHTS","2025-08-11"
"BO-01197","BUS-00518","Dra. Sari Ramadhan","1956-08-11","ID","11.90","VOTING_RIGHTS","2025-12-01"
"BO-01198","BUS-00518","Oki Permana","1955-05-21","ID","22.71","OTHER_SIGNIFICANT_INFLUENCE","2024-09-03"
"BO-01199","BUS-00519","Eka Hadi Simatupang","1986-04-02","ID","59.91","VOTING_RIGHTS","2026-01-27"
"BO-01200","BUS-00519","Bayu Halim","1985-08-21","ID","40.09","OTHER_SIGNIFICANT_INFLUENCE","2026-01-23"
"BO-01201","BUS-00520","Rina Gunawan","1966-05-07","ID","100.00","OWNERSHIP","2023-10-22"
"BO-01202","BUS-00521","Wahyu Ramadhan","1990-10-19","ID","54.67","BOARD_CONTROL","2024-04-18"
"BO-01203","BUS-00521","Wahyu Suryadi","1997-12-19","ID","20.81","OWNERSHIP","2024-07-13"
"BO-01204","BUS-00521","Zahra Sari Permana","1961-08-05","ID","10.39","BOARD_CONTROL","2024-01-12"
"BO-01205","BUS-00521","Wulan Zahra Permana","1980-07-16","ID","14.13","BOARD_CONTROL","2025-01-31"
"BO-01206","BUS-00522","Citra Hidayat","1958-05-02","ID","100.00","OWNERSHIP","2024-01-09"
"BO-01207","BUS-00523","Hj. Citra Hidayat","1983-06-23","ID","100.00","OTHER_SIGNIFICANT_INFLUENCE","2023-12-23"
"BO-01208","BUS-00524","Rina Santoso","1965-05-27","ID","50.02","OTHER_SIGNIFICANT_INFLUENCE","2023-12-30"
"BO-01209","BUS-00524","Dra. Rina Gunawan","1964-03-07","ID","32.84","OTHER_SIGNIFICANT_INFLUENCE","2024-01-14"
"BO-01210","BUS-00524","Bagus Setiawan","1969-05-28","ID","17.14","OWNERSHIP","2024-05-14"
"BO-01211","BUS-00525","Hj. Sari Anggun Gunawan","1973-10-24","ID","100.00","BOARD_CONTROL","2025-05-24"
"BO-01212","BUS-00526","Vina Zahra Gunawan","1956-08-06","ID","28.41","BOARD_CONTROL","2024-01-14"
"BO-01213","BUS-00526","Fajar Halim","1996-06-13","ID","71.59","OWNERSHIP","2025-05-29"
"BO-01214","BUS-00527","H. Dian Dian Maulana","1996-12-17","ID","86.48","OTHER_SIGNIFICANT_INFLUENCE","2025-08-01"
"BO-01215","BUS-00527","Tono Ramadhan","1969-08-05","ID","13.52","VOTING_RIGHTS","2025-02-26"
"BO-01216","BUS-00528","Dra. Siti Permana","1981-11-14","ID","33.97","VOTING_RIGHTS","2024-12-13"
"BO-01217","BUS-00528","Drs. Nanda Saputra","1987-05-02","ID","30.24","OTHER_SIGNIFICANT_INFLUENCE","2023-12-13"
"BO-01218","BUS-00528","Yuda Ramadhan","1958-11-22","ID","35.79","OTHER_SIGNIFICANT_INFLUENCE","2024-08-15"
"BO-01219","BUS-00529","Drs. Iwan Eka Saputra","1965-06-10","ID","70.22","OWNERSHIP","2025-01-17"
"BO-01220","BUS-00529","Ir. Oki Permana","1955-08-24","ID","13.68","VOTING_RIGHTS","2025-03-24"
"BO-01221","BUS-00529","Mega Siregar","1961-09-05","ID","16.10","VOTING_RIGHTS","2025-01-22"
"BO-01222","BUS-00530","Anggun Simatupang","1967-02-02","ID","24.78","BOARD_CONTROL","2025-09-30"
"BO-01223","BUS-00530","H. Fajar Ramadhan","1999-11-22","ID","15.00","VOTING_RIGHTS","2024-01-18"
"BO-01224","BUS-00530","Dra. Putri Umi Anggraini","1989-05-22","ID","60.22","VOTING_RIGHTS","2025-06-24"
"BO-01225","BUS-00532","Adi Iwan Gunawan","1991-11-21","ID","70.54","VOTING_RIGHTS","2025-02-26"
"BO-01226","BUS-00532","Ir. Umi Setiawan","1971-08-09","ID","18.85","BOARD_CONTROL","2025-03-13"
"BO-01227","BUS-00532","Anggun Kusuma","1974-02-01","ID","10.50","OWNERSHIP","2025-08-25"
"BO-01228","BUS-00533","Gilang Halim","1995-08-19","ID","69.60","OTHER_SIGNIFICANT_INFLUENCE","2025-07-04"
"BO-01229","BUS-00533","Yuda Siregar","1966-08-15","ID","30.40","VOTING_RIGHTS","2023-11-11"
"BO-01230","BUS-00534","Drs. Hadi Setiawan","1963-10-28","ID","100.00","BOARD_CONTROL","2025-07-06"
"BO-01231","BUS-00535","Ir. Siti Siregar","1992-07-18","ID","100.00","OTHER_SIGNIFICANT_INFLUENCE","2025-12-19"
"BO-01232","BUS-00536","Dewi Maulana","1997-04-05","ID","22.15","VOTING_RIGHTS","2024-02-16"
"BO-01233","BUS-00536","Wulan Halim","1987-04-20","ID","50.49","BOARD_CONTROL","2025-08-07"
"BO-01234","BUS-00536","Dra. Vina Halim","1983-01-26","ID","15.18","BOARD_CONTROL","2025-03-13"
"BO-01235","BUS-00536","Tono Rahmat Simatupang","1975-02-24","ID","12.18","BOARD_CONTROL","2024-03-26"
"BO-01236","BUS-00537","Dian Santoso","1998-02-23","ID","53.86","BOARD_CONTROL","2024-02-28"
"BO-01237","BUS-00537","Dra. Putri Kartika Saputra","1982-10-09","ID","32.81","VOTING_RIGHTS","2024-01-26"
"BO-01238","BUS-00537","Dewi Permana","1974-05-23","ID","10.18","OWNERSHIP","2024-01-29"
"BO-01239","BUS-00538","Citra Anggun Ramadhan","1996-07-14","ID","100.00","OTHER_SIGNIFICANT_INFLUENCE","2024-10-29"
"BO-01240","BUS-00539","Ir. Yuda Situmorang","1994-01-24","ID","18.25","OWNERSHIP","2025-04-03"
"BO-01241","BUS-00539","Ayu Santoso","1988-11-28","ID","81.75","BOARD_CONTROL","2024-06-09"
"BO-01242","BUS-00540","Ir. Nanda Ramadhan","1984-06-05","ID","46.63","VOTING_RIGHTS","2025-07-03"
"BO-01243","BUS-00540","Dra. Gita Siregar","1973-01-17","ID","53.37","OTHER_SIGNIFICANT_INFLUENCE","2024-08-17"
"BO-01244","BUS-00541","H. Hadi Lubis","1986-07-20","ID","100.00","OWNERSHIP","2025-10-30"
"BO-01245","BUS-00542","Drs. Yuda Kusuma","1966-09-21","ID","100.00","OWNERSHIP","2025-09-16"
"BO-01246","BUS-00543","Dian Permana","1977-12-04","ID","32.18","OTHER_SIGNIFICANT_INFLUENCE","2025-07-02"
"BO-01247","BUS-00543","H. Cahya Gunawan","1987-08-10","ID","41.01","VOTING_RIGHTS","2024-07-20"
"BO-01248","BUS-00543","Bagus Dian Suryadi","1993-01-09","ID","14.76","VOTING_RIGHTS","2023-12-27"
"BO-01249","BUS-00543","Yuda Lubis","1981-03-03","ID","12.05","BOARD_CONTROL","2025-07-24"
"BO-01250","BUS-00544","Dra. Vina Lubis","1974-11-05","ID","78.74","OTHER_SIGNIFICANT_INFLUENCE","2025-07-17"
"BO-01251","BUS-00544","Gilang Oki Hidayat","1993-06-01","ID","10.56","BOARD_CONTROL","2024-03-20"
"BO-01252","BUS-00544","H. Bagus Gunawan","1975-04-27","ID","10.70","OWNERSHIP","2025-11-26"
"BO-01253","BUS-00545","Drs. Wahyu Wijaya","1967-07-22","ID","14.48","OWNERSHIP","2025-04-12"
"BO-01254","BUS-00545","H. Eka Wijaya","1997-08-11","ID","85.52","OTHER_SIGNIFICANT_INFLUENCE","2025-05-31"
"BO-01255","BUS-00546","Citra Sari Gunawan","1958-10-05","ID","100.00","OWNERSHIP","2026-02-01"
"BO-01256","BUS-00547","Ir. Sari Saputra","1979-06-18","ID","73.30","OTHER_SIGNIFICANT_INFLUENCE","2025-09-02"
"BO-01257","BUS-00547","Bayu Fajar Lubis","1978-10-07","ID","12.55","VOTING_RIGHTS","2024-09-27"
"BO-01258","BUS-00547","Nanda Hadi Wijaya","1969-07-05","ID","10.15","OWNERSHIP","2024-07-26"
"BO-01259","BUS-00548","Siti Lubis","1999-11-22","ID","100.00","OWNERSHIP","2025-03-02"
"BO-01260","BUS-00549","Drs. Fajar Siregar","1970-10-23","ID","25.18","VOTING_RIGHTS","2025-12-18"
"BO-01261","BUS-00549","Dra. Vina Setiawan","1991-11-14","ID","30.93","OTHER_SIGNIFICANT_INFLUENCE","2025-05-25"
"BO-01262","BUS-00549","Yuda Siregar","1990-07-06","ID","27.49","OWNERSHIP","2025-08-28"
"BO-01263","BUS-00549","H. Bayu Simatupang","1992-03-27","ID","16.40","BOARD_CONTROL","2026-02-05"
"BO-01264","BUS-00550","Drs. Bayu Setiawan","1982-02-16","ID","32.00","OTHER_SIGNIFICANT_INFLUENCE","2024-05-29"
"BO-01265","BUS-00550","Eka Hartono","1967-09-02","ID","17.83","OWNERSHIP","2024-05-26"
"BO-01266","BUS-00550","Drs. Joko Gunawan","1982-04-06","ID","50.17","VOTING_RIGHTS","2024-10-13"
"BO-01267","BUS-00551","Mega Ramadhan","1965-05-25","ID","35.55","VOTING_RIGHTS","2025-05-25"
"BO-01268","BUS-00551","Hj. Anggun Dewi Situmorang","1994-12-23","ID","20.63","VOTING_RIGHTS","2024-01-28"
"BO-01269","BUS-00551","Ir. Gilang Joko Maulana","1986-10-27","ID","26.26","OWNERSHIP","2025-11-15"
"BO-01270","BUS-00551","Bayu Wijaya","1990-08-11","ID","17.56","OWNERSHIP","2024-11-03"
"BO-01271","BUS-00552","Dian Bagus Anggraini","1962-06-25","ID","51.33","OWNERSHIP","2023-11-16"
"BO-01272","BUS-00552","Fajar Situmorang","1963-07-02","ID","36.03","OTHER_SIGNIFICANT_INFLUENCE","2025-06-13"
"BO-01273","BUS-00552","Iwan Permana","1981-06-15","ID","12.64","BOARD_CONTROL","2025-02-21"
"BO-01274","BUS-00553","Drs. Tono Adi Wijaya","1970-03-21","ID","100.00","OWNERSHIP","2026-02-02"
"BO-01275","BUS-00554","Bayu Nugroho","1997-05-26","ID","34.41","BOARD_CONTROL","2025-07-01"
"BO-01276","BUS-00554","H. Nanda Lubis","1956-10-06","ID","28.80","VOTING_RIGHTS","2025-12-18"
"BO-01277","BUS-00554","Drs. Adi Wijaya","1955-01-09","ID","36.79","OWNERSHIP","2025-12-02"
"BO-01278","BUS-00555","Lestari Anggraini","1982-06-22","ID","100.00","OWNERSHIP","2023-12-27"
"BO-01279","BUS-00556","Ir. Oki Kusuma","1980-11-27","ID","100.00","VOTING_RIGHTS","2024-12-04"
"BO-01280","BUS-00557","Vina Gunawan","1977-08-09","ID","32.11","VOTING_RIGHTS","2024-12-21"
"BO-01281","BUS-00557","Citra Mega Simatupang","1974-06-24","ID","21.71","OWNERSHIP","2026-01-26"
"BO-01282","BUS-00557","Dian Bagus Wijaya","1958-10-11","ID","13.18","OWNERSHIP","2024-08-05"
"BO-01283","BUS-00557","Gilang Suryadi","1985-05-03","ID","33.00","OTHER_SIGNIFICANT_INFLUENCE","2025-01-04"
"BO-01284","BUS-00558","Putri Situmorang","1965-02-14","ID","78.63","VOTING_RIGHTS","2025-10-09"
"BO-01285","BUS-00558","Kartika Halim","1984-04-17","ID","10.10","VOTING_RIGHTS","2024-05-14"
"BO-01286","BUS-00558","Joko Hartono","1956-08-15","ID","10.68","OTHER_SIGNIFICANT_INFLUENCE","2024-07-29"
"BO-01287","BUS-00559","Vina Hidayat","1976-07-10","ID","35.45","OTHER_SIGNIFICANT_INFLUENCE","2023-11-14"
"BO-01288","BUS-00559","Fajar Setiawan","1957-03-16","ID","51.73","OWNERSHIP","2025-10-19"
"BO-01289","BUS-00559","Ir. Mega Setiawan","1968-01-19","ID","10.96","OWNERSHIP","2024-03-05"
"BO-01290","BUS-00560","Drs. Gilang Situmorang","1996-11-25","ID","55.98","VOTING_RIGHTS","2025-07-22"
"BO-01291","BUS-00560","Ir. Siti Gita Saputra","1974-03-09","ID","44.02","OWNERSHIP","2025-09-26"
"BO-01292","BUS-00561","Zahra Maulana","1963-08-14","ID","67.68","VOTING_RIGHTS","2024-07-06"
"BO-01293","BUS-00561","Dra. Siti Kusuma","1985-06-23","ID","32.32","OWNERSHIP","2026-01-13"
"BO-01294","BUS-00562","Ir. Zahra Suryadi","1955-07-17","ID","100.00","OWNERSHIP","2023-11-25"
"BO-01295","BUS-00563","Zahra Wijaya","1982-08-27","ID","100.00","BOARD_CONTROL","2025-11-22"
"BO-01296","BUS-00564","Citra Maulana","1958-04-11","ID","30.31","VOTING_RIGHTS","2025-10-13"
"BO-01297","BUS-00564","Ir. Indah Zahra Wijaya","1977-12-26","ID","18.66","OWNERSHIP","2023-10-20"
"BO-01298","BUS-00564","Hadi Pratama","1999-06-01","ID","51.03","OTHER_SIGNIFICANT_INFLUENCE","2025-07-11"
"BO-01299","BUS-00565","Hj. Wulan Ayu Hartono","1955-01-16","ID","20.98","VOTING_RIGHTS","2024-03-26"
"BO-01300","BUS-00565","Rahmat Nanda Ramadhan","1958-03-02","ID","46.15","BOARD_CONTROL","2024-06-22"
"BO-01301","BUS-00565","Mega Anggun Santoso","1970-05-28","ID","32.87","OWNERSHIP","2025-08-19"
"BO-01302","BUS-00566","Lestari Maulana","1979-12-03","ID","76.47","BOARD_CONTROL","2025-10-08"
"BO-01303","BUS-00566","Ayu Suryadi","1966-05-27","ID","23.53","OWNERSHIP","2024-02-23"
"BO-01304","BUS-00567","Ir. Wulan Hartono","1995-07-15","ID","40.15","OTHER_SIGNIFICANT_INFLUENCE","2024-02-01"
"BO-01305","BUS-00567","Hj. Mega Dewi Ramadhan","1977-09-06","ID","59.85","VOTING_RIGHTS","2023-11-29"
"BO-01306","BUS-00569","Zahra Mega Gunawan","1971-05-26","ID","100.00","BOARD_CONTROL","2023-12-10"
"BO-01307","BUS-00570","Hj. Lestari Gunawan","1973-08-03","ID","100.00","BOARD_CONTROL","2023-12-16"
"BO-01308","BUS-00571","Wahyu Saputra","1993-12-06","ID","87.89","OTHER_SIGNIFICANT_INFLUENCE","2024-10-11"
"BO-01309","BUS-00571","Dian Saputra","1989-03-03","ID","10.16","BOARD_CONTROL","2025-03-20"
"BO-01310","BUS-00572","Drs. Iwan Pratama","1978-05-05","ID","100.00","OTHER_SIGNIFICANT_INFLUENCE","2025-12-17"
"BO-01311","BUS-00573","Joko Lubis","1971-11-27","ID","67.18","VOTING_RIGHTS","2026-01-31"
"BO-01312","BUS-00573","Bayu Ramadhan","1959-06-01","ID","18.34","BOARD_CONTROL","2025-01-08"
"BO-01313","BUS-00573","Indah Vina Maulana","1973-05-20","ID","14.48","OTHER_SIGNIFICANT_INFLUENCE","2024-05-23"
"BO-01314","BUS-00574","Kartika Pratama","1983-03-24","ID","100.00","OTHER_SIGNIFICANT_INFLUENCE","2024-03-28"
"BO-01315","BUS-00575","Wulan Saputra","1967-12-25","ID","37.66","VOTING_RIGHTS","2025-05-31"
"BO-01316","BUS-00575","Ir. Eka Simatupang","1969-08-14","ID","45.79","OTHER_SIGNIFICANT_INFLUENCE","2026-01-10"
"BO-01317","BUS-00575","Kartika Pratama","1986-02-20","ID","10.16","BOARD_CONTROL","2023-11-25"
"BO-01318","BUS-00576","Dra. Kartika Suryadi","1970-09-10","ID","28.94","OWNERSHIP","2024-04-04"
"BO-01319","BUS-00576","Ir. Dewi Lubis","1964-04-12","ID","41.07","VOTING_RIGHTS","2025-08-07"
"BO-01320","BUS-00576","Wulan Ramadhan","1973-04-24","ID","13.50","BOARD_CONTROL","2024-04-28"
"BO-01321","BUS-00576","Anggun Suryadi","1986-01-15","ID","16.49","BOARD_CONTROL","2025-09-06"
"BO-01322","BUS-00577","Putri Pratama","1955-05-10","ID","82.97","VOTING_RIGHTS","2024-03-31"
"BO-01323","BUS-00577","Anggun Pratama","1988-09-17","ID","17.03","BOARD_CONTROL","2025-01-07"
"BO-01324","BUS-00578","Zahra Kartika Nugroho","1982-05-12","ID","73.58","BOARD_CONTROL","2024-12-06"
"BO-01325","BUS-00578","Tono Halim","1969-09-17","ID","14.10","OWNERSHIP","2025-10-01"
"BO-01326","BUS-00578","Fajar Gunawan","1959-02-10","ID","12.32","BOARD_CONTROL","2024-03-03"
"BO-01327","BUS-00579","Cahya Hartono","1970-01-17","ID","68.31","BOARD_CONTROL","2025-05-29"
"BO-01328","BUS-00579","Oki Simatupang","1976-01-26","ID","19.13","OTHER_SIGNIFICANT_INFLUENCE","2024-09-29"
"BO-01329","BUS-00579","Gita Sari Halim","1970-05-08","ID","12.56","BOARD_CONTROL","2024-01-18"
"BO-01330","BUS-00580","Dian Saputra","1965-07-22","ID","25.31","OWNERSHIP","2025-06-01"
"BO-01331","BUS-00580","Hj. Dewi Saputra","1974-10-08","ID","38.55","OTHER_SIGNIFICANT_INFLUENCE","2025-08-11"
"BO-01332","BUS-00580","Ayu Setiawan","1967-05-13","ID","36.14","BOARD_CONTROL","2025-11-08"
"BO-01333","BUS-00581","Tono Fajar Lubis","1978-02-19","ID","59.47","OTHER_SIGNIFICANT_INFLUENCE","2024-09-20"
"BO-01334","BUS-00581","Dra. Rina Halim","1972-05-21","ID","10.72","OTHER_SIGNIFICANT_INFLUENCE","2025-02-27"
"BO-01335","BUS-00581","Vina Setiawan","1972-04-16","ID","29.81","VOTING_RIGHTS","2025-07-14"
"BO-01336","BUS-00582","Anggun Gunawan","1983-06-21","ID","89.66","BOARD_CONTROL","2024-02-07"
"BO-01337","BUS-00582","Dra. Anggun Gunawan","1963-02-14","ID","10.85","VOTING_RIGHTS","2023-12-16"
"BO-01338","BUS-00583","Ir. Rahmat Saputra","1994-08-05","ID","100.00","VOTING_RIGHTS","2025-11-26"
"BO-01339","BUS-00584","Bagus Santoso","1991-04-06","ID","17.00","OTHER_SIGNIFICANT_INFLUENCE","2025-05-12"
"BO-01340","BUS-00584","Cahya Rahmat Saputra","1994-11-23","ID","66.00","OWNERSHIP","2025-02-18"
"BO-01341","BUS-00584","Dra. Citra Anggraini","1964-08-14","ID","17.00","OTHER_SIGNIFICANT_INFLUENCE","2026-03-02"
"BO-01342","BUS-00586","Oki Gunawan","1975-07-13","ID","43.50","OWNERSHIP","2025-05-20"
"BO-01343","BUS-00586","Hj. Putri Siregar","1963-08-16","ID","56.50","OWNERSHIP","2024-06-06"
"BO-01344","BUS-00587","Ir. Bagus Situmorang","1982-11-12","ID","33.02","BOARD_CONTROL","2024-02-05"
"BO-01345","BUS-00587","Nanda Anggraini","1964-05-07","ID","36.78","OWNERSHIP","2025-04-24"
"BO-01346","BUS-00587","Sari Halim","1994-12-10","ID","30.20","BOARD_CONTROL","2023-11-10"
"BO-01347","BUS-00588","Wahyu Wijaya","1981-08-25","ID","11.59","OWNERSHIP","2025-03-16"
"BO-01348","BUS-00588","Lestari Situmorang","1973-02-21","ID","35.93","OWNERSHIP","2023-11-24"
"BO-01349","BUS-00588","Gilang Siregar","1966-05-14","ID","52.48","OWNERSHIP","2023-11-08"
"BO-01350","BUS-00589","Drs. Yuda Ramadhan","1973-04-07","ID","43.63","VOTING_RIGHTS","2024-06-28"
"BO-01351","BUS-00589","Ayu Permana","1989-10-14","ID","32.96","OTHER_SIGNIFICANT_INFLUENCE","2025-03-10"
"BO-01352","BUS-00589","Ir. Wahyu Hartono","1983-06-20","ID","23.41","OTHER_SIGNIFICANT_INFLUENCE","2023-10-19"
"BO-01353","BUS-00590","Anggun Hartono","1998-12-18","ID","27.41","OTHER_SIGNIFICANT_INFLUENCE","2025-03-05"
"BO-01354","BUS-00590","Ir. Ayu Saputra","1956-03-07","ID","72.59","OWNERSHIP","2024-08-04"
"BO-01355","BUS-00591","Gita Siregar","1992-11-14","ID","60.67","BOARD_CONTROL","2026-01-11"
"BO-01356","BUS-00591","Nanda Setiawan","1975-06-01","ID","39.33","OTHER_SIGNIFICANT_INFLUENCE","2024-10-27"
"BO-01357","BUS-00592","Vina Anggraini","1967-12-18","ID","100.00","BOARD_CONTROL","2026-01-17"
"BO-01358","BUS-00593","Cahya Hidayat","1978-12-12","ID","87.02","VOTING_RIGHTS","2024-01-24"
"BO-01359","BUS-00593","Dra. Vina Santoso","1998-11-16","ID","10.99","BOARD_CONTROL","2025-01-27"
"BO-01360","BUS-00594","Indah Kusuma","1972-05-15","ID","100.00","BOARD_CONTROL","2024-01-12"
"BO-01361","BUS-00595","Ir. Bayu Santoso","1995-05-06","ID","35.07","VOTING_RIGHTS","2025-01-25"
"BO-01362","BUS-00595","Ir. Adi Bayu Setiawan","1975-03-05","ID","64.93","OWNERSHIP","2025-04-11"
"BO-01363","BUS-00596","Anggun Gunawan","1993-05-28","ID","63.11","OWNERSHIP","2025-08-25"
"BO-01364","BUS-00596","H. Hadi Gilang Setiawan","1970-06-15","ID","16.73","OWNERSHIP","2024-01-30"
"BO-01365","BUS-00596","Ir. Tono Ramadhan","1968-07-26","ID","10.99","BOARD_CONTROL","2025-09-10"
"BO-01366","BUS-00597","Lestari Gunawan","1978-02-18","ID","77.92","OTHER_SIGNIFICANT_INFLUENCE","2025-05-15"
"BO-01367","BUS-00597","Lestari Sari Hidayat","1971-09-21","ID","11.10","VOTING_RIGHTS","2025-10-26"
"BO-01368","BUS-00597","Zahra Anggraini","1980-06-19","ID","10.98","VOTING_RIGHTS","2024-01-03"
"BO-01369","BUS-00598","Dian Santoso","1966-06-17","ID","88.63","BOARD_CONTROL","2025-04-28"
"BO-01370","BUS-00598","Ir. Citra Situmorang","1978-12-15","ID","10.00","OWNERSHIP","2025-12-05"
"BO-01371","BUS-00599","Umi Maulana","1959-12-03","ID","44.20","BOARD_CONTROL","2025-10-23"
"BO-01372","BUS-00599","Wulan Anggraini","1975-03-05","ID","55.80","BOARD_CONTROL","2024-02-20"
"BO-01373","BUS-00600","Dra. Anggun Kartika Ramadhan","1970-01-18","ID","30.02","OTHER_SIGNIFICANT_INFLUENCE","2024-02-11"
"BO-01374","BUS-00600","Ir. Wulan Ayu Halim","1995-10-03","ID","52.94","BOARD_CONTROL","2025-05-13"
"BO-01375","BUS-00600","Zahra Halim","1972-06-01","ID","10.42","OWNERSHIP","2024-11-26"
"BO-01376","BUS-00601","Oki Nugroho","1986-05-11","ID","49.48","OTHER_SIGNIFICANT_INFLUENCE","2025-05-29"
"BO-01377","BUS-00601","Ir. Nanda Joko Halim","1997-02-16","ID","50.52","OWNERSHIP","2024-08-15"
"BO-01378","BUS-00602","Drs. Adi Situmorang","1987-05-14","ID","88.55","BOARD_CONTROL","2024-11-28"
"BO-01379","BUS-00602","Eka Dian Hartono","1993-08-16","ID","11.45","OWNERSHIP","2024-02-05"
"BO-01380","BUS-00603","Dewi Hidayat","1965-09-08","ID","86.53","OWNERSHIP","2025-10-08"
"BO-01381","BUS-00603","Dewi Maulana","1966-08-28","ID","10.28","OTHER_SIGNIFICANT_INFLUENCE","2024-08-06"
"BO-01382","BUS-00604","Gilang Wijaya","1981-06-07","ID","50.07","OTHER_SIGNIFICANT_INFLUENCE","2024-02-14"
"BO-01383","BUS-00604","Ir. Tono Nugroho","1970-11-09","ID","49.93","VOTING_RIGHTS","2024-03-13"
"BO-01384","BUS-00605","Siti Gunawan","1979-01-15","ID","100.00","OWNERSHIP","2024-01-29"
"BO-01385","BUS-00607","Hj. Mega Dewi Hartono","1975-01-09","ID","74.55","OTHER_SIGNIFICANT_INFLUENCE","2025-07-18"
"BO-01386","BUS-00607","Bagus Gunawan","1955-03-07","ID","25.45","OWNERSHIP","2024-09-30"
"BO-01387","BUS-00608","Lestari Halim","1987-09-19","ID","100.00","OTHER_SIGNIFICANT_INFLUENCE","2025-11-16"
"BO-01388","BUS-00609","Eka Situmorang","1988-12-27","ID","100.00","VOTING_RIGHTS","2024-12-05"
"BO-01389","BUS-00610","Ir. Gita Hartono","1988-02-28","ID","100.00","BOARD_CONTROL","2024-10-17"
"BO-01390","BUS-00611","Adi Joko Siregar","1956-10-01","ID","78.83","OWNERSHIP","2024-02-20"
"BO-01391","BUS-00611","Dewi Pratama","1965-04-17","ID","21.17","OWNERSHIP","2025-06-19"
"BO-01392","BUS-00612","Hj. Mega Lestari Siregar","1998-03-14","ID","43.79","BOARD_CONTROL","2024-12-10"
"BO-01393","BUS-00612","Yuda Kusuma","1957-02-21","ID","15.02","VOTING_RIGHTS","2024-05-01"
"BO-01394","BUS-00612","Wahyu Setiawan","1964-08-28","ID","10.78","VOTING_RIGHTS","2025-06-18"
"BO-01395","BUS-00612","Ir. Yuda Hartono","1980-06-23","ID","30.41","OWNERSHIP","2025-08-18"
"BO-01396","BUS-00613","Ir. Gita Permana","1966-01-28","ID","46.23","VOTING_RIGHTS","2024-07-18"
"BO-01397","BUS-00613","Adi Halim","1970-12-16","ID","53.77","BOARD_CONTROL","2024-06-30"
"BO-01398","BUS-00614","Umi Ramadhan","1985-11-11","ID","20.59","OTHER_SIGNIFICANT_INFLUENCE","2025-05-09"
"BO-01399","BUS-00614","Gita Dewi Wijaya","1992-02-12","ID","47.92","VOTING_RIGHTS","2025-03-16"
"BO-01400","BUS-00614","Dra. Sari Mega Wijaya","1981-01-16","ID","15.49","OWNERSHIP","2024-06-09"
"BO-01401","BUS-00614","Fajar Suryadi","1965-12-16","ID","16.00","OTHER_SIGNIFICANT_INFLUENCE","2024-05-06"
"BO-01402","BUS-00615","Ir. Wahyu Fajar Halim","1998-06-27","ID","24.07","VOTING_RIGHTS","2025-05-16"
"BO-01403","BUS-00615","Ir. Hadi Gunawan","1983-12-02","ID","48.23","OTHER_SIGNIFICANT_INFLUENCE","2025-06-19"
"BO-01404","BUS-00615","Ir. Ayu Gunawan","1995-03-16","ID","27.70","OTHER_SIGNIFICANT_INFLUENCE","2024-04-01"
"BO-01405","BUS-00616","Fajar Joko Situmorang","1983-02-09","ID","84.85","OWNERSHIP","2025-06-10"
"BO-01406","BUS-00616","Dra. Gita Indah Siregar","1985-01-27","ID","10.13","OTHER_SIGNIFICANT_INFLUENCE","2025-11-06"
"BO-01407","BUS-00617","Iwan Kusuma","1994-02-04","ID","20.67","OTHER_SIGNIFICANT_INFLUENCE","2024-02-05"
"BO-01408","BUS-00617","Ir. Rina Umi Nugroho","1983-09-21","ID","55.95","OWNERSHIP","2024-04-08"
"BO-01409","BUS-00617","Ir. Dian Hidayat","1955-05-28","ID","10.85","BOARD_CONTROL","2025-04-12"
"BO-01410","BUS-00617","H. Iwan Yuda Siregar","1971-10-24","ID","12.53","OWNERSHIP","2025-02-10"
"BO-01411","BUS-00618","Dra. Gita Ramadhan","1959-09-19","ID","22.42","OWNERSHIP","2025-05-07"
"BO-01412","BUS-00618","Drs. Adi Adi Santoso","1979-08-10","ID","50.62","OWNERSHIP","2024-06-04"
"BO-01413","BUS-00618","Sari Lubis","1998-02-27","ID","16.57","OTHER_SIGNIFICANT_INFLUENCE","2025-08-13"
"BO-01414","BUS-00618","Dra. Putri Suryadi","1965-01-23","ID","10.39","BOARD_CONTROL","2023-10-17"
"BO-01415","BUS-00619","Gilang Simatupang","1979-10-19","ID","12.69","VOTING_RIGHTS","2025-10-21"
"BO-01416","BUS-00619","H. Iwan Pratama","1986-12-03","ID","60.03","BOARD_CONTROL","2025-12-30"
"BO-01417","BUS-00619","Siti Mega Permana","1994-11-12","ID","16.17","BOARD_CONTROL","2024-12-21"
"BO-01418","BUS-00619","Hj. Zahra Permana","1969-08-14","ID","11.11","BOARD_CONTROL","2025-11-27"
"BO-01419","BUS-00620","Bayu Nugroho","1985-12-15","ID","45.71","OTHER_SIGNIFICANT_INFLUENCE","2026-01-23"
"BO-01420","BUS-00620","Ir. Tono Suryadi","1966-04-01","ID","54.29","VOTING_RIGHTS","2024-07-16"
"BO-01421","BUS-00621","Siti Wijaya","1979-05-19","ID","76.47","VOTING_RIGHTS","2024-03-09"
"BO-01422","BUS-00621","Dra. Vina Mega Permana","1994-10-14","ID","23.53","BOARD_CONTROL","2024-12-24"
"BO-01423","BUS-00622","Iwan Joko Gunawan","1998-05-28","ID","18.23","VOTING_RIGHTS","2025-02-18"
"BO-01424","BUS-00622","Hj. Wulan Simatupang","1974-02-13","ID","81.77","OWNERSHIP","2024-06-11"
"BO-01425","BUS-00623","H. Nanda Santoso","1990-01-08","ID","100.00","OTHER_SIGNIFICANT_INFLUENCE","2024-07-27"
"BO-01426","BUS-00624","Yuda Bayu Setiawan","1986-10-05","ID","82.41","BOARD_CONTROL","2024-11-05"
"BO-01427","BUS-00624","Ir. Iwan Anggraini","1964-01-11","ID","17.59","VOTING_RIGHTS","2026-01-19"
"BO-01428","BUS-00625","Ir. Oki Ramadhan","1976-08-14","ID","100.00","VOTING_RIGHTS","2023-10-17"
"BO-01429","BUS-00626","Adi Nugroho","1996-02-09","ID","30.37","VOTING_RIGHTS","2024-07-14"
"BO-01430","BUS-00626","Drs. Joko Wahyu Saputra","1971-06-28","ID","48.99","OWNERSHIP","2024-07-05"
"BO-01431","BUS-00626","Drs. Eka Situmorang","1980-08-03","ID","10.36","VOTING_RIGHTS","2025-06-15"
"BO-01432","BUS-00626","Mega Indah Simatupang","1985-03-08","ID","10.28","BOARD_CONTROL","2023-11-03"
"BO-01433","BUS-00627","Drs. Bayu Hartono","1968-08-14","ID","44.48","VOTING_RIGHTS","2026-03-01"
"BO-01434","BUS-00627","Drs. Dian Saputra","1965-09-12","ID","55.52","BOARD_CONTROL","2025-09-16"
"BO-01435","BUS-00628","Lestari Hartono","1969-03-27","ID","100.00","OWNERSHIP","2026-01-26"
"BO-01436","BUS-00630","H. Cahya Halim","1975-10-09","ID","55.07","OTHER_SIGNIFICANT_INFLUENCE","2025-08-02"
"BO-01437","BUS-00630","Ir. Zahra Umi Hartono","1980-05-27","ID","18.36","OTHER_SIGNIFICANT_INFLUENCE","2024-04-27"
"BO-01438","BUS-00630","Cahya Rahmat Situmorang","1994-09-20","ID","26.57","BOARD_CONTROL","2024-08-20"
"BO-01439","BUS-00631","Anggun Situmorang","1962-09-04","ID","52.19","OTHER_SIGNIFICANT_INFLUENCE","2025-09-24"
"BO-01440","BUS-00631","Yuda Ramadhan","1959-01-06","ID","47.81","VOTING_RIGHTS","2024-08-19"
"BO-01441","BUS-00632","Iwan Setiawan","1995-01-03","ID","89.74","BOARD_CONTROL","2024-12-22"
"BO-01442","BUS-00632","Putri Suryadi","1988-07-05","ID","10.26","OWNERSHIP","2025-06-12"
"BO-01443","BUS-00633","Drs. Adi Hartono","1992-05-17","ID","10.60","BOARD_CONTROL","2024-07-21"
"BO-01444","BUS-00633","H. Eka Kusuma","1974-02-21","ID","74.45","OWNERSHIP","2025-06-17"
"BO-01445","BUS-00633","Ir. Wulan Wijaya","1982-02-14","ID","10.68","VOTING_RIGHTS","2025-09-01"
"BO-01446","BUS-00634","Citra Gunawan","1997-06-18","ID","77.43","OTHER_SIGNIFICANT_INFLUENCE","2024-10-25"
"BO-01447","BUS-00634","Nanda Ramadhan","1962-01-25","ID","10.37","OTHER_SIGNIFICANT_INFLUENCE","2024-03-13"
"BO-01448","BUS-00634","Dra. Ayu Pratama","1962-01-28","ID","10.27","OTHER_SIGNIFICANT_INFLUENCE","2025-07-11"
"BO-01449","BUS-00635","Citra Permana","1956-03-24","ID","100.00","OTHER_SIGNIFICANT_INFLUENCE","2024-03-19"
"BO-01450","BUS-00636","Ir. Kartika Santoso","1988-01-19","ID","100.00","VOTING_RIGHTS","2024-11-11"
"BO-01451","BUS-00637","Indah Wijaya","1955-01-17","ID","17.41","BOARD_CONTROL","2026-02-25"
"BO-01452","BUS-00637","Hj. Indah Halim","1970-05-27","ID","68.23","BOARD_CONTROL","2025-08-22"
"BO-01453","BUS-00637","Sari Mega Lubis","1977-04-05","ID","14.36","BOARD_CONTROL","2025-01-24"
"BO-01454","BUS-00638","Bayu Suryadi","1994-02-02","ID","28.42","OWNERSHIP","2024-04-05"
"BO-01455","BUS-00638","Vina Saputra","1992-08-03","ID","71.58","OTHER_SIGNIFICANT_INFLUENCE","2024-01-24"
"BO-01456","BUS-00639","Ir. Rahmat Hartono","1986-06-10","ID","52.21","OWNERSHIP","2024-11-22"
"BO-01457","BUS-00639","Dewi Anggraini","1980-07-22","ID","33.95","VOTING_RIGHTS","2024-07-14"
"BO-01458","BUS-00639","Iwan Gilang Wijaya","1969-07-01","ID","10.63","OWNERSHIP","2025-01-11"
"BO-01459","BUS-00640","Ir. Oki Saputra","1962-07-17","ID","21.51","VOTING_RIGHTS","2024-08-24"
"BO-01460","BUS-00640","Lestari Wijaya","1984-02-06","ID","66.02","OWNERSHIP","2024-03-13"
"BO-01461","BUS-00640","Gita Saputra","1980-08-23","ID","12.47","BOARD_CONTROL","2025-11-02"
"BO-01462","BUS-00641","Ir. Gita Setiawan","1995-02-13","ID","31.46","OWNERSHIP","2025-11-08"
"BO-01463","BUS-00641","Anggun Wijaya","1990-09-19","ID","68.54","BOARD_CONTROL","2025-01-03"
"BO-01464","BUS-00642","Eka Oki Santoso","1972-04-24","ID","35.43","OTHER_SIGNIFICANT_INFLUENCE","2024-08-25"
"BO-01465","BUS-00642","Vina Hidayat","1991-12-13","ID","31.91","VOTING_RIGHTS","2025-11-06"
"BO-01466","BUS-00642","Dra. Siti Maulana","1959-11-06","ID","17.61","BOARD_CONTROL","2024-07-06"
"BO-01467","BUS-00642","Dra. Dewi Nugroho","1979-10-17","ID","15.05","VOTING_RIGHTS","2024-05-07"
"BO-01468","BUS-00643","Hj. Vina Rina Maulana","1974-07-28","ID","35.72","OTHER_SIGNIFICANT_INFLUENCE","2025-01-31"
"BO-01469","BUS-00643","Joko Siregar","1989-12-21","ID","64.28","OTHER_SIGNIFICANT_INFLUENCE","2024-06-11"
"BO-01470","BUS-00644","Ir. Siti Putri Situmorang","1960-07-14","ID","42.99","OTHER_SIGNIFICANT_INFLUENCE","2025-01-03"
"BO-01471","BUS-00644","Hj. Anggun Citra Setiawan","1958-06-15","ID","57.01","OWNERSHIP","2026-01-29"
"BO-01472","BUS-00645","Cahya Maulana","1988-07-07","ID","13.33","VOTING_RIGHTS","2024-08-02"
"BO-01473","BUS-00645","Putri Setiawan","1975-04-27","ID","19.01","OWNERSHIP","2025-11-07"
"BO-01474","BUS-00645","Hj. Umi Pratama","1995-11-05","ID","67.66","BOARD_CONTROL","2025-06-01"
"BO-01475","BUS-00646","Vina Halim","1974-11-12","ID","14.50","OWNERSHIP","2025-08-19"
"BO-01476","BUS-00646","Nanda Nugroho","1980-05-12","ID","85.50","VOTING_RIGHTS","2024-06-02"
"BO-01477","BUS-00647","Rahmat Nanda Suryadi","1967-05-15","ID","53.78","VOTING_RIGHTS","2025-01-01"
"BO-01478","BUS-00647","Putri Permana","1987-12-03","ID","46.22","VOTING_RIGHTS","2024-03-17"
"BO-01479","BUS-00648","Hj. Gita Zahra Suryadi","1980-11-02","ID","100.00","OWNERSHIP","2025-04-04"
"BO-01480","BUS-00649","Rina Maulana","1965-05-15","ID","100.00","OWNERSHIP","2025-06-09"
"BO-01481","BUS-00650","Gita Kusuma","1985-04-12","ID","100.00","OWNERSHIP","2025-04-24"
"BO-01482","BUS-00651","Ayu Setiawan","1994-12-12","ID","100.00","VOTING_RIGHTS","2026-01-02"
"BO-01483","BUS-00652","Nanda Kusuma","1969-06-28","ID","100.00","OTHER_SIGNIFICANT_INFLUENCE","2024-03-15"
"BO-01484","BUS-00653","Yuda Ramadhan","1972-03-16","ID","72.34","BOARD_CONTROL","2023-11-27"
"BO-01485","BUS-00653","Hj. Siti Nugroho","1963-11-09","ID","14.53","VOTING_RIGHTS","2024-01-26"
"BO-01486","BUS-00653","Cahya Gilang Gunawan","1958-12-13","ID","10.19","OTHER_SIGNIFICANT_INFLUENCE","2024-10-27"
"BO-01487","BUS-00654","H. Yuda Cahya Simatupang","1997-04-08","ID","64.73","OWNERSHIP","2024-12-10"
"BO-01488","BUS-00654","Hj. Sari Umi Halim","1980-12-03","ID","21.24","OWNERSHIP","2024-07-12"
"BO-01489","BUS-00654","Drs. Tono Hartono","1997-08-15","ID","10.45","VOTING_RIGHTS","2024-09-21"
"BO-01490","BUS-00655","Umi Hartono","1965-06-07","ID","100.00","BOARD_CONTROL","2023-10-18"
"BO-01491","BUS-00656","Ir. Tono Suryadi","1998-10-04","ID","39.92","OWNERSHIP","2023-10-17"
"BO-01492","BUS-00656","Ir. Sari Putri Setiawan","1967-01-18","ID","31.04","OWNERSHIP","2024-11-05"
"BO-01493","BUS-00656","Dewi Anggraini","1963-01-22","ID","15.61","VOTING_RIGHTS","2024-11-10"
"BO-01494","BUS-00656","Drs. Gilang Simatupang","1961-02-14","ID","13.43","OTHER_SIGNIFICANT_INFLUENCE","2024-12-01"
"BO-01495","BUS-00657","Wulan Ramadhan","1969-07-25","ID","23.45","VOTING_RIGHTS","2025-11-04"
"BO-01496","BUS-00657","Gita Saputra","1983-04-26","ID","76.55","OTHER_SIGNIFICANT_INFLUENCE","2025-10-08"
"BO-01497","BUS-00658","Drs. Bagus Hartono","1967-04-16","ID","49.56","VOTING_RIGHTS","2026-02-03"
"BO-01498","BUS-00658","Cahya Setiawan","1980-02-01","ID","31.62","OWNERSHIP","2025-05-28"
"BO-01499","BUS-00658","Hj. Vina Citra Simatupang","1998-04-02","ID","18.82","VOTING_RIGHTS","2026-02-03"
"BO-01500","BUS-00659","Ir. Bayu Yuda Simatupang","1997-01-06","ID","28.30","BOARD_CONTROL","2025-05-06"
"BO-01501","BUS-00659","Joko Adi Hidayat","1968-12-19","ID","31.87","BOARD_CONTROL","2024-10-20"
"BO-01502","BUS-00659","Ir. Joko Simatupang","1994-10-15","ID","17.71","BOARD_CONTROL","2024-08-22"
"BO-01503","BUS-00659","Tono Suryadi","1990-11-25","ID","22.12","OTHER_SIGNIFICANT_INFLUENCE","2024-04-05"
"BO-01504","BUS-00660","Sari Hartono","1995-05-27","ID","10.22","VOTING_RIGHTS","2024-04-07"
"BO-01505","BUS-00660","Hj. Mega Santoso","1973-07-28","ID","25.95","BOARD_CONTROL","2026-01-11"
"BO-01506","BUS-00660","Sari Simatupang","1974-04-26","ID","43.25","OTHER_SIGNIFICANT_INFLUENCE","2024-02-16"
"BO-01507","BUS-00660","Eka Suryadi","1975-12-11","ID","20.58","VOTING_RIGHTS","2024-01-23"
"BO-01508","BUS-00661","Ayu Hartono","1987-06-21","ID","47.49","OTHER_SIGNIFICANT_INFLUENCE","2023-11-05"
"BO-01509","BUS-00661","Vina Suryadi","1991-05-19","ID","42.14","OWNERSHIP","2025-12-29"
"BO-01510","BUS-00661","Drs. Fajar Rahmat Nugroho","1983-04-19","ID","10.47","OWNERSHIP","2024-08-05"
"BO-01511","BUS-00663","Dra. Zahra Siregar","1974-09-17","ID","59.50","OWNERSHIP","2023-11-15"
"BO-01512","BUS-00663","Gita Saputra","1978-09-21","ID","40.50","OWNERSHIP","2026-02-08"
"BO-01513","BUS-00664","Hadi Eka Siregar","1968-01-01","ID","46.45","OTHER_SIGNIFICANT_INFLUENCE","2025-11-07"
"BO-01514","BUS-00664","Ir. Cahya Pratama","1962-11-18","ID","18.18","OWNERSHIP","2023-11-27"
"BO-01515","BUS-00664","Hj. Indah Permana","1955-10-03","ID","35.37","VOTING_RIGHTS","2025-10-02"
"BO-01516","BUS-00665","Hj. Kartika Indah Saputra","1997-08-12","ID","43.90","OWNERSHIP","2024-02-29"
"BO-01517","BUS-00665","Ir. Ayu Saputra","1956-09-05","ID","56.10","OTHER_SIGNIFICANT_INFLUENCE","2024-09-30"
"BO-01518","BUS-00666","Joko Santoso","1998-10-06","ID","64.39","BOARD_CONTROL","2024-01-26"
"BO-01519","BUS-00666","Ir. Vina Saputra","1974-11-16","ID","13.26","OWNERSHIP","2023-12-15"
"BO-01520","BUS-00666","Siti Mega Anggraini","1984-06-11","ID","11.16","BOARD_CONTROL","2024-06-13"
"BO-01521","BUS-00666","H. Fajar Lubis","1977-04-15","ID","11.19","OTHER_SIGNIFICANT_INFLUENCE","2025-12-11"
"BO-01522","BUS-00667","Dewi Ramadhan","1968-09-14","ID","75.02","OTHER_SIGNIFICANT_INFLUENCE","2024-08-14"
"BO-01523","BUS-00667","Dra. Ayu Siregar","1973-09-24","ID","24.98","OTHER_SIGNIFICANT_INFLUENCE","2024-12-03"
"BO-01524","BUS-00668","Ir. Gita Hartono","1969-06-19","ID","20.69","VOTING_RIGHTS","2025-07-07"
"BO-01525","BUS-00668","Drs. Hadi Halim","1977-03-25","ID","39.07","OWNERSHIP","2025-03-01"
"BO-01526","BUS-00668","Hadi Kusuma","1982-04-14","ID","25.27","BOARD_CONTROL","2024-02-11"
"BO-01527","BUS-00668","Siti Simatupang","1966-05-08","ID","14.97","VOTING_RIGHTS","2024-11-26"
"BO-01528","BUS-00669","Hj. Putri Wijaya","1998-04-14","ID","85.11","BOARD_CONTROL","2024-06-04"
"BO-01529","BUS-00669","H. Tono Saputra","1957-11-20","ID","10.11","VOTING_RIGHTS","2024-01-13"
"BO-01530","BUS-00670","Umi Hidayat","1956-10-06","ID","100.00","OWNERSHIP","2024-12-06"
"BO-01531","BUS-00671","Sari Siti Hidayat","1992-07-21","ID","32.66","OTHER_SIGNIFICANT_INFLUENCE","2024-12-11"
"BO-01532","BUS-00671","Lestari Putri Wijaya","1993-06-03","ID","67.34","OWNERSHIP","2025-10-14"
"BO-01533","BUS-00672","Siti Wijaya","1969-05-09","ID","100.00","OWNERSHIP","2025-04-13"
"BO-01534","BUS-00673","Dra. Zahra Maulana","1993-06-03","ID","30.54","VOTING_RIGHTS","2026-02-14"
"BO-01535","BUS-00673","Hj. Anggun Kusuma","1986-08-02","ID","21.32","OWNERSHIP","2025-09-26"
"BO-01536","BUS-00673","Fajar Ramadhan","1989-04-26","ID","48.14","VOTING_RIGHTS","2024-03-09"
"BO-01537","BUS-00674","Hj. Anggun Siregar","1961-12-13","ID","89.10","BOARD_CONTROL","2025-10-04"
"BO-01538","BUS-00674","Dian Simatupang","1957-06-03","ID","10.11","BOARD_CONTROL","2025-03-23"
"BO-01539","BUS-00675","Ir. Dian Fajar Situmorang","1957-08-24","ID","45.18","VOTING_RIGHTS","2025-03-13"
"BO-01540","BUS-00675","Indah Maulana","1967-11-10","ID","43.21","VOTING_RIGHTS","2024-11-26"
"BO-01541","BUS-00675","Dra. Siti Permana","1958-05-20","ID","11.61","VOTING_RIGHTS","2024-10-30"
"BO-01542","BUS-00676","Hj. Siti Anggun Setiawan","1968-06-01","ID","100.00","OWNERSHIP","2024-12-12"
"BO-01543","BUS-00677","Putri Zahra Permana","1988-03-22","ID","80.65","OTHER_SIGNIFICANT_INFLUENCE","2025-07-09"
"BO-01544","BUS-00677","Cahya Pratama","1977-08-11","ID","10.96","OWNERSHIP","2024-06-28"
"BO-01545","BUS-00678","Hj. Anggun Situmorang","1960-11-21","ID","57.97","OTHER_SIGNIFICANT_INFLUENCE","2025-05-17"
"BO-01546","BUS-00678","Wulan Lubis","1988-03-20","ID","26.89","OTHER_SIGNIFICANT_INFLUENCE","2026-01-06"
"BO-01547","BUS-00678","Ir. Umi Gunawan","1977-12-04","ID","15.14","BOARD_CONTROL","2024-10-10"
"BO-01548","BUS-00679","Ir. Siti Anggun Maulana","1997-08-12","ID","11.23","VOTING_RIGHTS","2023-12-26"
"BO-01549","BUS-00679","Umi Nugroho","1967-01-24","ID","72.74","VOTING_RIGHTS","2023-12-15"
"BO-01550","BUS-00679","Dra. Ayu Citra Halim","1994-06-28","ID","10.92","VOTING_RIGHTS","2025-07-01"
"BO-01551","BUS-00680","Drs. Iwan Bagus Situmorang","1996-10-28","ID","17.21","VOTING_RIGHTS","2025-02-23"
"BO-01552","BUS-00680","Lestari Rina Gunawan","1973-12-07","ID","82.79","VOTING_RIGHTS","2025-06-08"
"BO-01553","BUS-00681","Rina Kusuma","1976-01-26","ID","27.09","VOTING_RIGHTS","2025-09-06"
"BO-01554","BUS-00681","H. Gilang Halim","1959-07-12","ID","27.73","VOTING_RIGHTS","2026-02-20"
"BO-01555","BUS-00681","Kartika Anggraini","1974-08-07","ID","45.18","VOTING_RIGHTS","2025-01-19"
"BO-01556","BUS-00682","Tono Setiawan","1955-04-16","ID","100.00","OWNERSHIP","2025-09-16"
"BO-01557","BUS-00683","Wulan Mega Saputra","1961-04-28","ID","11.99","OWNERSHIP","2024-06-10"
"BO-01558","BUS-00683","Ir. Sari Situmorang","1971-08-25","ID","68.39","OWNERSHIP","2024-04-03"
"BO-01559","BUS-00683","Gita Gunawan","1995-06-14","ID","10.54","VOTING_RIGHTS","2024-03-24"
"BO-01560","BUS-00685","Ayu Siregar","1997-07-23","ID","69.06","OTHER_SIGNIFICANT_INFLUENCE","2024-01-29"
"BO-01561","BUS-00685","Gilang Kusuma","1998-05-22","ID","18.34","VOTING_RIGHTS","2024-08-27"
"BO-01562","BUS-00685","Tono Suryadi","1982-08-03","ID","12.60","VOTING_RIGHTS","2023-12-30"
"BO-01563","BUS-00686","Kartika Pratama","1986-05-16","ID","44.55","VOTING_RIGHTS","2025-09-06"
"BO-01564","BUS-00686","Ir. Fajar Permana","1971-09-18","ID","15.32","OWNERSHIP","2025-08-28"
"BO-01565","BUS-00686","Dewi Simatupang","1960-12-19","ID","40.13","OTHER_SIGNIFICANT_INFLUENCE","2025-06-04"
"BO-01566","BUS-00687","Ir. Hadi Suryadi","1962-12-20","ID","100.00","OTHER_SIGNIFICANT_INFLUENCE","2024-04-15"
"BO-01567","BUS-00688","Umi Santoso","1995-10-21","ID","20.72","VOTING_RIGHTS","2023-11-25"
"BO-01568","BUS-00688","Ir. Sari Simatupang","1968-02-05","ID","26.90","VOTING_RIGHTS","2024-12-24"
"BO-01569","BUS-00688","Cahya Siregar","1976-02-04","ID","11.31","BOARD_CONTROL","2026-01-20"
"BO-01570","BUS-00688","Putri Anggraini","1989-01-19","ID","41.07","OTHER_SIGNIFICANT_INFLUENCE","2024-07-29"
"BO-01571","BUS-00689","Ir. Dewi Setiawan","1970-05-07","ID","38.14","OWNERSHIP","2023-12-31"
"BO-01572","BUS-00689","Dra. Umi Wulan Maulana","1985-12-05","ID","61.86","OWNERSHIP","2026-01-23"
"BO-01573","BUS-00690","Yuda Maulana","1986-04-15","ID","37.91","BOARD_CONTROL","2024-03-17"
"BO-01574","BUS-00690","Siti Santoso","1978-06-12","ID","47.10","OTHER_SIGNIFICANT_INFLUENCE","2024-10-01"
"BO-01575","BUS-00690","Kartika Wulan Santoso","1970-10-25","ID","14.99","BOARD_CONTROL","2026-02-06"
"BO-01576","BUS-00691","Indah Putri Permana","1976-08-03","ID","79.87","OWNERSHIP","2025-11-20"
"BO-01577","BUS-00691","Bagus Situmorang","1999-12-05","ID","10.76","BOARD_CONTROL","2024-09-26"
"BO-01578","BUS-00692","Umi Saputra","1976-08-19","ID","82.95","OTHER_SIGNIFICANT_INFLUENCE","2025-07-13"
"BO-01579","BUS-00692","Hj. Gita Ramadhan","1969-04-13","ID","17.05","BOARD_CONTROL","2026-01-12"
"BO-01580","BUS-00693","Ir. Kartika Hidayat","1966-11-02","ID","80.16","BOARD_CONTROL","2025-05-23"
"BO-01581","BUS-00693","Dewi Zahra Suryadi","1982-10-18","ID","10.06","OWNERSHIP","2026-02-22"
"BO-01582","BUS-00694","H. Adi Joko Santoso","1983-08-14","ID","59.53","OTHER_SIGNIFICANT_INFLUENCE","2024-02-02"
"BO-01583","BUS-00694","Mega Gunawan","1963-11-28","ID","24.31","OTHER_SIGNIFICANT_INFLUENCE","2023-10-31"
"BO-01584","BUS-00694","Wulan Vina Permana","1992-04-19","ID","16.16","OWNERSHIP","2024-04-10"
"BO-01585","BUS-00695","Tono Permana","1962-10-16","ID","25.29","BOARD_CONTROL","2025-11-07"
"BO-01586","BUS-00695","Ir. Umi Zahra Anggraini","1993-08-06","ID","10.38","VOTING_RIGHTS","2025-08-23"
"BO-01587","BUS-00695","H. Cahya Maulana","1986-10-22","ID","44.95","VOTING_RIGHTS","2024-06-05"
"BO-01588","BUS-00695","Nanda Hartono","1955-03-19","ID","19.38","OWNERSHIP","2025-09-05"
"BO-01589","BUS-00696","Ir. Rina Putri Gunawan","1969-09-19","ID","23.14","OTHER_SIGNIFICANT_INFLUENCE","2025-12-17"
"BO-01590","BUS-00696","Ir. Yuda Ramadhan","1972-09-22","ID","76.86","OTHER_SIGNIFICANT_INFLUENCE","2024-10-01"
"BO-01591","BUS-00697","Hadi Iwan Nugroho","1955-11-13","ID","56.96","OWNERSHIP","2026-02-06"
"BO-01592","BUS-00697","Dra. Dewi Hartono","1975-10-23","ID","43.04","OWNERSHIP","2024-02-03"
"BO-01593","BUS-00699","Hj. Indah Indah Nugroho","1984-09-12","ID","100.00","BOARD_CONTROL","2024-02-11"
"BO-01594","BUS-00700","Ayu Pratama","1979-11-02","ID","17.25","VOTING_RIGHTS","2025-02-18"
"BO-01595","BUS-00700","Nanda Setiawan","1991-12-02","ID","82.75","OWNERSHIP","2025-08-18"
"BO-01596","BUS-00701","Indah Suryadi","1973-06-07","ID","61.58","VOTING_RIGHTS","2024-02-05"
"BO-01597","BUS-00701","Hj. Gita Simatupang","1969-09-27","ID","38.42","VOTING_RIGHTS","2025-10-04"
"BO-01598","BUS-00702","Joko Suryadi","1973-03-19","ID","15.74","OTHER_SIGNIFICANT_INFLUENCE","2025-01-24"
"BO-01599","BUS-00702","Dian Maulana","1963-02-26","ID","84.26","OWNERSHIP","2026-01-02"
"BO-01600","BUS-00703","H. Bagus Simatupang","1988-06-01","ID","46.93","BOARD_CONTROL","2025-04-15"
"BO-01601","BUS-00703","Yuda Nugroho","1956-10-14","ID","53.07","OWNERSHIP","2025-04-16"
"BO-01602","BUS-00704","Dian Simatupang","1977-11-21","ID","21.01","VOTING_RIGHTS","2025-09-04"
"BO-01603","BUS-00704","Hj. Putri Wijaya","1992-02-22","ID","59.28","OWNERSHIP","2024-10-05"
"BO-01604","BUS-00704","Cahya Santoso","1970-06-23","ID","19.71","OTHER_SIGNIFICANT_INFLUENCE","2025-01-15"
"BO-01605","BUS-00705","Ir. Gita Siregar","1983-11-18","ID","89.58","BOARD_CONTROL","2026-02-22"
"BO-01606","BUS-00705","Dra. Umi Putri Maulana","1973-11-07","ID","10.42","VOTING_RIGHTS","2024-05-31"
"BO-01607","BUS-00706","Ir. Mega Pratama","1986-05-27","ID","45.01","OTHER_SIGNIFICANT_INFLUENCE","2024-08-25"
"BO-01608","BUS-00706","Drs. Tono Dian Santoso","1963-03-02","ID","18.27","BOARD_CONTROL","2024-05-05"
"BO-01609","BUS-00706","Rahmat Hartono","1962-09-17","ID","36.72","BOARD_CONTROL","2025-05-06"
"BO-01610","BUS-00707","Ir. Gita Vina Nugroho","1977-04-03","ID","100.00","BOARD_CONTROL","2025-12-18"
"BO-01611","BUS-00708","Wulan Sari Suryadi","1996-05-27","ID","46.49","OWNERSHIP","2023-12-17"
"BO-01612","BUS-00708","Bagus Kusuma","1965-11-04","ID","53.51","VOTING_RIGHTS","2024-07-01"
"BO-01613","BUS-00709","Dian Fajar Permana","1982-10-13","ID","100.00","BOARD_CONTROL","2023-11-08"
"BO-01614","BUS-00710","Drs. Eka Maulana","1973-03-28","ID","57.28","OTHER_SIGNIFICANT_INFLUENCE","2024-07-23"
"BO-01615","BUS-00710","Hj. Kartika Nugroho","1960-04-11","ID","42.72","VOTING_RIGHTS","2024-05-02"
"BO-01616","BUS-00711","Nanda Hadi Santoso","1980-04-17","ID","100.00","OWNERSHIP","2025-08-23"
"BO-01617","BUS-00712","Eka Pratama","1984-09-02","ID","89.56","VOTING_RIGHTS","2025-01-29"
"BO-01618","BUS-00712","Lestari Hidayat","1984-05-20","ID","10.04","BOARD_CONTROL","2024-08-30"
"BO-01619","BUS-00713","Hadi Hartono","1970-02-02","ID","20.71","OTHER_SIGNIFICANT_INFLUENCE","2024-05-21"
"BO-01620","BUS-00713","Mega Gita Setiawan","1983-06-25","ID","28.83","BOARD_CONTROL","2024-08-17"
"BO-01621","BUS-00713","Hj. Sari Nugroho","1988-06-05","ID","16.04","VOTING_RIGHTS","2024-10-12"
"BO-01622","BUS-00713","Fajar Hartono","1972-03-10","ID","34.42","OWNERSHIP","2025-07-19"
"BO-01623","BUS-00714","Mega Kusuma","1987-12-03","ID","75.80","BOARD_CONTROL","2025-02-26"
"BO-01624","BUS-00714","Drs. Wahyu Setiawan","1988-07-25","ID","12.56","VOTING_RIGHTS","2025-01-06"
"BO-01625","BUS-00714","Ir. Lestari Saputra","1964-10-10","ID","11.64","OTHER_SIGNIFICANT_INFLUENCE","2025-04-25"
"BO-01626","BUS-00715","Yuda Santoso","1959-12-20","ID","46.74","BOARD_CONTROL","2025-06-02"
"BO-01627","BUS-00715","Kartika Nugroho","1976-05-12","ID","28.81","OWNERSHIP","2025-04-10"
"BO-01628","BUS-00715","Lestari Maulana","1956-11-17","ID","24.45","OTHER_SIGNIFICANT_INFLUENCE","2025-12-15"
"BO-01629","BUS-00716","Bayu Permana","1976-04-19","ID","32.75","OWNERSHIP","2024-05-24"
"BO-01630","BUS-00716","Vina Situmorang","1972-05-06","ID","28.13","VOTING_RIGHTS","2025-07-10"
"BO-01631","BUS-00716","Wulan Setiawan","1994-07-28","ID","22.15","BOARD_CONTROL","2025-11-30"
"BO-01632","BUS-00716","Siti Anggraini","1969-09-27","ID","16.97","VOTING_RIGHTS","2024-04-26"
"BO-01633","BUS-00717","Ir. Bayu Ramadhan","1987-05-28","ID","100.00","OTHER_SIGNIFICANT_INFLUENCE","2023-12-03"
"BO-01634","BUS-00718","Hj. Mega Hidayat","1987-08-19","ID","59.87","OTHER_SIGNIFICANT_INFLUENCE","2025-02-16"
"BO-01635","BUS-00718","Dewi Kartika Kusuma","1968-07-21","ID","22.69","OWNERSHIP","2024-03-15"
"BO-01636","BUS-00718","Iwan Hadi Anggraini","1981-11-17","ID","17.44","OTHER_SIGNIFICANT_INFLUENCE","2024-12-15"
"BO-01637","BUS-00719","Rahmat Hadi Suryadi","1999-11-09","ID","100.00","VOTING_RIGHTS","2025-05-14"
"BO-01638","BUS-00720","Hadi Rahmat Saputra","1988-03-08","ID","76.65","OWNERSHIP","2025-08-14"
"BO-01639","BUS-00720","Rina Zahra Situmorang","1966-03-03","ID","10.83","OWNERSHIP","2024-09-28"
"BO-01640","BUS-00720","Drs. Dian Wijaya","1964-02-07","ID","12.52","VOTING_RIGHTS","2024-11-03"
"BO-01641","BUS-00721","Rahmat Anggraini","1971-12-15","ID","100.00","OTHER_SIGNIFICANT_INFLUENCE","2025-08-07"
"BO-01642","BUS-00722","Ayu Lestari Ramadhan","1971-04-01","ID","100.00","BOARD_CONTROL","2023-12-06"
"BO-01643","BUS-00723","Lestari Pratama","1986-10-27","ID","40.91","BOARD_CONTROL","2023-11-12"
"BO-01644","BUS-00723","Joko Wijaya","1956-07-01","ID","20.88","VOTING_RIGHTS","2025-06-11"
"BO-01645","BUS-00723","Hj. Rina Zahra Maulana","1977-12-06","ID","38.21","VOTING_RIGHTS","2025-01-29"
"BO-01646","BUS-00724","Joko Dian Pratama","1955-04-08","ID","63.13","BOARD_CONTROL","2025-08-01"
"BO-01647","BUS-00724","Ir. Oki Nugroho","1984-03-27","ID","14.58","VOTING_RIGHTS","2024-12-21"
"BO-01648","BUS-00724","Dewi Permana","1973-11-20","ID","22.29","OWNERSHIP","2024-09-22"
"BO-01649","BUS-00725","Eka Halim","1959-12-19","ID","100.00","BOARD_CONTROL","2025-11-15"
"BO-01650","BUS-00726","Vina Maulana","1989-04-26","ID","18.91","BOARD_CONTROL","2024-04-08"
"BO-01651","BUS-00726","Anggun Simatupang","1992-12-15","ID","81.09","OTHER_SIGNIFICANT_INFLUENCE","2025-05-07"
"BO-01652","BUS-00727","H. Eka Hidayat","1965-03-11","ID","73.48","OTHER_SIGNIFICANT_INFLUENCE","2023-11-12"
"BO-01653","BUS-00727","Hj. Zahra Suryadi","1961-10-20","ID","26.52","VOTING_RIGHTS","2025-04-06"
"BO-01654","BUS-00728","Ir. Ayu Anggraini","1960-12-15","ID","88.99","BOARD_CONTROL","2024-07-14"
"BO-01655","BUS-00728","H. Fajar Saputra","1990-12-28","ID","11.01","OWNERSHIP","2023-11-17"
"BO-01656","BUS-00729","Gilang Halim","1976-06-11","ID","49.43","VOTING_RIGHTS","2025-05-16"
"BO-01657","BUS-00729","Ayu Halim","1967-01-20","ID","29.24","VOTING_RIGHTS","2025-01-31"
"BO-01658","BUS-00729","Ir. Umi Siti Permana","1956-08-08","ID","10.53","BOARD_CONTROL","2025-03-21"
"BO-01659","BUS-00729","Dra. Ayu Simatupang","1971-09-13","ID","10.80","OTHER_SIGNIFICANT_INFLUENCE","2024-09-03"
"BO-01660","BUS-00730","Dewi Anggraini","1990-06-17","ID","100.00","VOTING_RIGHTS","2024-09-10"
"BO-01661","BUS-00731","Ir. Nanda Santoso","1966-06-04","ID","18.27","OTHER_SIGNIFICANT_INFLUENCE","2025-10-05"
"BO-01662","BUS-00731","Ayu Siregar","1988-06-10","ID","65.22","OTHER_SIGNIFICANT_INFLUENCE","2025-03-08"
"BO-01663","BUS-00731","Indah Santoso","1988-04-19","ID","10.96","VOTING_RIGHTS","2025-09-06"
"BO-01664","BUS-00732","Ir. Yuda Siregar","1982-01-21","ID","66.23","BOARD_CONTROL","2025-08-21"
"BO-01665","BUS-00732","Dra. Ayu Permana","1977-10-06","ID","22.16","BOARD_CONTROL","2024-06-14"
"BO-01666","BUS-00732","H. Adi Joko Siregar","1985-04-17","ID","10.31","OTHER_SIGNIFICANT_INFLUENCE","2025-10-29"
"BO-01667","BUS-00733","Ir. Zahra Saputra","1961-08-15","ID","20.39","OWNERSHIP","2024-03-08"
"BO-01668","BUS-00733","Sari Anggraini","1976-06-04","ID","28.41","VOTING_RIGHTS","2024-08-05"
"BO-01669","BUS-00733","Anggun Mega Halim","1994-02-20","ID","51.20","VOTING_RIGHTS","2025-11-08"
"BO-01670","BUS-00734","Gilang Situmorang","1961-06-22","ID","78.55","VOTING_RIGHTS","2024-02-16"
"BO-01671","BUS-00734","Bagus Halim","1998-06-10","ID","21.45","OTHER_SIGNIFICANT_INFLUENCE","2024-03-31"
"BO-01672","BUS-00735","Ir. Zahra Kartika Maulana","1975-04-15","ID","100.00","OWNERSHIP","2026-01-05"
"BO-01673","BUS-00736","Ir. Wahyu Saputra","1975-10-04","ID","85.08","VOTING_RIGHTS","2024-09-01"
"BO-01674","BUS-00736","Dian Kusuma","1992-06-15","ID","10.07","OTHER_SIGNIFICANT_INFLUENCE","2025-07-03"
"BO-01675","BUS-00737","Iwan Setiawan","1986-12-15","ID","78.67","VOTING_RIGHTS","2024-06-24"
"BO-01676","BUS-00737","Ir. Bagus Lubis","1986-08-07","ID","21.33","VOTING_RIGHTS","2025-04-27"
"BO-01677","BUS-00738","Mega Citra Simatupang","1992-04-15","ID","22.18","OWNERSHIP","2023-11-28"
"BO-01678","BUS-00738","Dra. Anggun Saputra","1966-07-28","ID","77.82","OTHER_SIGNIFICANT_INFLUENCE","2024-09-12"
"BO-01679","BUS-00739","Anggun Hartono","1966-12-09","ID","63.60","OTHER_SIGNIFICANT_INFLUENCE","2026-01-24"
"BO-01680","BUS-00739","Rina Simatupang","1963-07-25","ID","18.28","OWNERSHIP","2024-08-23"
"BO-01681","BUS-00739","Iwan Iwan Ramadhan","1973-09-21","ID","10.72","VOTING_RIGHTS","2024-03-21"
"BO-01682","BUS-00740","Ir. Gilang Kusuma","1974-10-28","ID","50.93","OWNERSHIP","2024-10-05"
"BO-01683","BUS-00740","Ir. Cahya Nugroho","1992-02-10","ID","27.90","BOARD_CONTROL","2025-11-10"
"BO-01684","BUS-00740","Dra. Gita Nugroho","1990-12-09","ID","21.17","OWNERSHIP","2026-02-18"
"BO-01685","BUS-00741","Zahra Saputra","1986-04-18","ID","48.82","OWNERSHIP","2025-04-03"
"BO-01686","BUS-00741","Dewi Ramadhan","1983-01-26","ID","27.29","OTHER_SIGNIFICANT_INFLUENCE","2024-03-24"
"BO-01687","BUS-00741","Mega Kusuma","1970-05-22","ID","10.10","BOARD_CONTROL","2024-02-19"
"BO-01688","BUS-00741","H. Adi Joko Kusuma","1988-12-07","ID","13.79","OWNERSHIP","2024-01-05"
"BO-01689","BUS-00742","Anggun Hidayat","1964-06-23","ID","77.14","BOARD_CONTROL","2024-03-11"
"BO-01690","BUS-00742","Indah Anggraini","1974-11-15","ID","10.78","BOARD_CONTROL","2025-02-15"
"BO-01691","BUS-00742","H. Adi Anggraini","1976-06-27","ID","10.06","BOARD_CONTROL","2024-03-22"
"BO-01692","BUS-00743","Mega Gunawan","1984-01-15","ID","51.35","BOARD_CONTROL","2024-01-27"
"BO-01693","BUS-00743","Fajar Halim","1961-08-16","ID","48.65","BOARD_CONTROL","2024-12-15"
"BO-01694","BUS-00744","Umi Anggraini","1999-04-25","ID","25.96","OWNERSHIP","2025-01-21"
"BO-01695","BUS-00744","Kartika Citra Kusuma","1955-04-01","ID","18.62","VOTING_RIGHTS","2024-05-11"
"BO-01696","BUS-00744","Oki Gilang Saputra","1996-02-05","ID","39.84","BOARD_CONTROL","2024-08-26"
"BO-01697","BUS-00744","Drs. Oki Wijaya","1988-01-03","ID","15.58","VOTING_RIGHTS","2024-09-30"
"BO-01698","BUS-00745","Ir. Nanda Dian Simatupang","1985-08-21","ID","100.00","VOTING_RIGHTS","2025-01-22"
"BO-01699","BUS-00746","H. Cahya Suryadi","1994-08-11","ID","26.37","BOARD_CONTROL","2025-02-13"
"BO-01700","BUS-00746","Kartika Gunawan","1960-07-11","ID","73.63","VOTING_RIGHTS","2024-06-24"
"BO-01701","BUS-00747","Hadi Wahyu Wijaya","1978-10-28","ID","17.27","BOARD_CONTROL","2024-01-20"
"BO-01702","BUS-00747","Bayu Wahyu Suryadi","1973-02-22","ID","82.73","OWNERSHIP","2025-10-01"
"BO-01703","BUS-00748","Ir. Putri Vina Kusuma","1994-01-21","ID","51.85","VOTING_RIGHTS","2024-05-10"
"BO-01704","BUS-00748","Vina Hidayat","1976-03-26","ID","17.62","VOTING_RIGHTS","2024-04-16"
"BO-01705","BUS-00748","Drs. Tono Nanda Saputra","1990-12-04","ID","30.53","BOARD_CONTROL","2025-01-17"
"BO-01706","BUS-00749","Joko Maulana","1981-09-21","ID","100.00","BOARD_CONTROL","2025-10-26"
"BO-01707","BUS-00750","Cahya Gilang Hartono","1964-10-26","ID","69.41","BOARD_CONTROL","2025-05-28"
"BO-01708","BUS-00750","Rina Anggraini","1969-06-14","ID","13.46","OWNERSHIP","2025-12-14"
"BO-01709","BUS-00750","Iwan Setiawan","1992-04-18","ID","10.72","VOTING_RIGHTS","2024-01-27"
"BO-01710","BUS-00751","Yuda Nanda Gunawan","1955-04-17","ID","60.06","BOARD_CONTROL","2024-11-24"
"BO-01711","BUS-00751","Cahya Kusuma","1993-02-11","ID","23.81","OTHER_SIGNIFICANT_INFLUENCE","2024-05-01"
"BO-01712","BUS-00751","Drs. Gilang Oki Permana","1958-05-20","ID","16.13","VOTING_RIGHTS","2024-09-09"
"BO-01713","BUS-00752","Gita Simatupang","1960-11-14","ID","48.99","BOARD_CONTROL","2024-11-07"
"BO-01714","BUS-00752","Dra. Zahra Situmorang","1957-06-12","ID","51.01","BOARD_CONTROL","2026-01-20"
"BO-01715","BUS-00753","Bayu Pratama","1993-07-09","ID","60.85","VOTING_RIGHTS","2024-09-11"
"BO-01716","BUS-00753","Rahmat Pratama","1996-06-14","ID","11.13","OTHER_SIGNIFICANT_INFLUENCE","2024-12-20"
"BO-01717","BUS-00753","H. Adi Setiawan","1955-06-24","ID","28.02","OWNERSHIP","2025-10-07"
"BO-01718","BUS-00754","Umi Situmorang","1962-07-22","ID","62.78","OTHER_SIGNIFICANT_INFLUENCE","2024-05-18"
"BO-01719","BUS-00754","H. Wahyu Pratama","1966-01-08","ID","37.22","VOTING_RIGHTS","2024-08-06"
"BO-01720","BUS-00755","Sari Halim","1971-10-13","ID","28.71","OTHER_SIGNIFICANT_INFLUENCE","2026-02-16"
"BO-01721","BUS-00755","Ir. Gilang Halim","1990-02-11","ID","71.29","BOARD_CONTROL","2024-04-13"
"BO-01722","BUS-00757","Hj. Siti Hidayat","1965-12-19","ID","58.36","OTHER_SIGNIFICANT_INFLUENCE","2025-06-25"
"BO-01723","BUS-00757","Eka Hidayat","1959-10-25","ID","41.64","OWNERSHIP","2025-12-03"
"BO-01724","BUS-00758","Hadi Rahmat Saputra","1995-01-05","ID","88.04","BOARD_CONTROL","2024-02-27"
"BO-01725","BUS-00758","Wahyu Simatupang","1995-10-23","ID","10.09","OTHER_SIGNIFICANT_INFLUENCE","2026-03-01"
"BO-01726","BUS-00759","Dra. Putri Nugroho","1991-07-12","ID","100.00","VOTING_RIGHTS","2024-07-09"
"BO-01727","BUS-00760","Siti Situmorang","1961-10-10","ID","87.32","BOARD_CONTROL","2025-09-05"
"BO-01728","BUS-00760","Cahya Nugroho","1993-02-09","ID","10.15","OTHER_SIGNIFICANT_INFLUENCE","2026-01-31"
"BO-01729","BUS-00761","Tono Anggraini","1977-02-21","ID","22.60","OWNERSHIP","2025-10-18"
"BO-01730","BUS-00761","Ir. Mega Citra Wijaya","1965-12-10","ID","54.76","VOTING_RIGHTS","2025-07-23"
"BO-01731","BUS-00761","Adi Hadi Ramadhan","1974-06-25","ID","22.64","OTHER_SIGNIFICANT_INFLUENCE","2024-03-23"
"BO-01732","BUS-00762","Tono Hidayat","1964-05-13","ID","54.72","OWNERSHIP","2024-02-15"
"BO-01733","BUS-00762","Hj. Rina Ramadhan","1983-06-18","ID","45.28","VOTING_RIGHTS","2024-09-25"
"BO-01734","BUS-00763","Drs. Yuda Hartono","1969-10-24","ID","56.99","OWNERSHIP","2025-01-07"
"BO-01735","BUS-00763","Siti Putri Hartono","1982-07-14","ID","31.79","OTHER_SIGNIFICANT_INFLUENCE","2023-10-30"
"BO-01736","BUS-00763","Hadi Ramadhan","1972-12-22","ID","10.05","OWNERSHIP","2025-08-18"
"BO-01737","BUS-00764","H. Adi Maulana","1996-08-15","ID","23.29","OTHER_SIGNIFICANT_INFLUENCE","2025-07-11"
"BO-01738","BUS-00764","Joko Wahyu Maulana","1993-06-01","ID","76.71","BOARD_CONTROL","2023-12-14"
"BO-01739","BUS-00766","Bagus Setiawan","1996-09-10","ID","56.64","OWNERSHIP","2025-10-31"
"BO-01740","BUS-00766","Bagus Fajar Hidayat","1964-06-17","ID","43.36","VOTING_RIGHTS","2025-05-06"
"BO-01741","BUS-00767","Dra. Vina Situmorang","1982-04-18","ID","100.00","OWNERSHIP","2025-02-05"
"BO-01742","BUS-00768","Siti Pratama","1998-12-01","ID","42.99","BOARD_CONTROL","2023-11-21"
"BO-01743","BUS-00768","Wulan Dewi Anggraini","1979-08-02","ID","22.76","BOARD_CONTROL","2026-01-13"
"BO-01744","BUS-00768","Ir. Citra Anggraini","1975-06-04","ID","34.25","OWNERSHIP","2023-12-02"
"BO-01745","BUS-00769","Yuda Halim","1956-10-11","ID","100.00","BOARD_CONTROL","2026-01-15"
"BO-01746","BUS-00770","Dewi Setiawan","1989-06-24","ID","41.74","OTHER_SIGNIFICANT_INFLUENCE","2025-08-02"
"BO-01747","BUS-00770","Eka Rahmat Anggraini","1991-08-17","ID","47.39","OTHER_SIGNIFICANT_INFLUENCE","2023-12-02"
"BO-01748","BUS-00770","Joko Setiawan","1998-05-27","ID","10.87","OWNERSHIP","2024-12-28"
"BO-01749","BUS-00771","Hj. Citra Gunawan","1964-06-05","ID","100.00","VOTING_RIGHTS","2026-01-08"
"BO-01750","BUS-00772","Ir. Gilang Permana","1965-11-20","ID","28.45","OWNERSHIP","2024-10-06"
"BO-01751","BUS-00772","Ayu Kusuma","1961-12-28","ID","71.55","OTHER_SIGNIFICANT_INFLUENCE","2024-07-19"
"BO-01752","BUS-00773","Lestari Situmorang","1967-05-10","ID","45.37","OWNERSHIP","2025-06-27"
"BO-01753","BUS-00773","Tono Santoso","1973-07-06","ID","13.18","OWNERSHIP","2025-11-18"
"BO-01754","BUS-00773","Anggun Kusuma","1995-07-10","ID","23.94","VOTING_RIGHTS","2024-11-21"
"BO-01755","BUS-00773","Iwan Ramadhan","1976-01-15","ID","17.51","BOARD_CONTROL","2026-02-24"
"BO-01756","BUS-00774","Drs. Adi Simatupang","1990-08-10","ID","100.00","VOTING_RIGHTS","2025-05-05"
"BO-01757","BUS-00775","Hj. Sari Dewi Nugroho","1986-01-15","ID","100.00","OWNERSHIP","2024-02-06"
"BO-01758","BUS-00776","H. Iwan Anggraini","1960-07-19","ID","41.52","VOTING_RIGHTS","2024-06-21"
"BO-01759","BUS-00776","Siti Putri Siregar","1991-08-02","ID","35.03","OWNERSHIP","2024-09-28"
"BO-01760","BUS-00776","Hadi Pratama","1993-07-14","ID","11.86","VOTING_RIGHTS","2025-08-24"
"BO-01761","BUS-00776","Indah Kartika Ramadhan","1970-08-09","ID","11.59","OTHER_SIGNIFICANT_INFLUENCE","2025-03-14"
"BO-01762","BUS-00777","Hj. Kartika Permana","1956-02-04","ID","68.58","VOTING_RIGHTS","2025-11-05"
"BO-01763","BUS-00777","Sari Hidayat","1999-12-01","ID","20.74","OTHER_SIGNIFICANT_INFLUENCE","2025-12-10"
"BO-01764","BUS-00777","Indah Maulana","1969-12-03","ID","10.54","BOARD_CONTROL","2025-09-25"
"BO-01765","BUS-00778","Gita Halim","1968-04-02","ID","44.75","VOTING_RIGHTS","2025-04-03"
"BO-01766","BUS-00778","Dra. Kartika Putri Anggraini","1999-01-10","ID","55.25","VOTING_RIGHTS","2024-12-18"
"BO-01767","BUS-00779","Dra. Wulan Gunawan","1970-01-03","ID","14.64","OWNERSHIP","2026-02-18"
"BO-01768","BUS-00779","Ir. Indah Setiawan","1958-12-07","ID","37.59","BOARD_CONTROL","2024-11-08"
"BO-01769","BUS-00779","Dra. Vina Lubis","1956-03-13","ID","18.20","OWNERSHIP","2025-07-26"
"BO-01770","BUS-00779","Zahra Permana","1988-03-03","ID","29.57","OTHER_SIGNIFICANT_INFLUENCE","2026-01-05"
"BO-01771","BUS-00780","Cahya Setiawan","1966-04-23","ID","31.64","OWNERSHIP","2024-01-31"
"BO-01772","BUS-00780","H. Tono Simatupang","1996-07-02","ID","21.12","VOTING_RIGHTS","2026-01-31"
"BO-01773","BUS-00780","Hj. Lestari Situmorang","1998-05-13","ID","47.24","VOTING_RIGHTS","2025-09-09"
"BO-01774","BUS-00781","H. Eka Suryadi","1994-11-12","ID","79.86","OWNERSHIP","2024-04-29"
"BO-01775","BUS-00781","Drs. Eka Simatupang","1958-06-11","ID","20.14","BOARD_CONTROL","2026-01-05"
"BO-01776","BUS-00782","Hj. Sari Siregar","1983-01-10","ID","51.03","BOARD_CONTROL","2023-12-23"
"BO-01777","BUS-00782","Vina Simatupang","1957-08-16","ID","48.97","BOARD_CONTROL","2024-04-26"
"BO-01778","BUS-00783","Eka Hidayat","1994-04-01","ID","86.45","VOTING_RIGHTS","2025-04-13"
"BO-01779","BUS-00783","Ir. Sari Setiawan","1973-09-03","ID","13.55","OTHER_SIGNIFICANT_INFLUENCE","2024-09-15"
"BO-01780","BUS-00784","Ayu Sari Anggraini","1962-04-12","ID","42.83","OWNERSHIP","2025-08-11"
"BO-01781","BUS-00784","Gita Nugroho","1963-04-12","ID","57.17","OWNERSHIP","2025-07-15"
"BO-01782","BUS-00785","Bagus Ramadhan","1984-02-16","ID","26.17","OWNERSHIP","2024-12-05"
"BO-01783","BUS-00785","Indah Umi Ramadhan","1988-05-28","ID","55.08","OTHER_SIGNIFICANT_INFLUENCE","2025-06-02"
"BO-01784","BUS-00785","H. Cahya Bayu Suryadi","1995-09-25","ID","18.75","VOTING_RIGHTS","2024-04-22"
"BO-01785","BUS-00786","Ir. Oki Simatupang","1962-02-20","ID","100.00","BOARD_CONTROL","2024-01-23"
"BO-01786","BUS-00787","Wulan Gita Saputra","1998-01-10","ID","54.26","OTHER_SIGNIFICANT_INFLUENCE","2024-01-08"
"BO-01787","BUS-00787","Ir. Yuda Simatupang","1999-03-25","ID","14.79","OTHER_SIGNIFICANT_INFLUENCE","2024-11-23"
"BO-01788","BUS-00787","Cahya Suryadi","1965-11-02","ID","30.95","VOTING_RIGHTS","2024-12-25"
"BO-01789","BUS-00788","Dra. Putri Situmorang","1964-11-24","ID","25.56","BOARD_CONTROL","2024-10-01"
"BO-01790","BUS-00788","Dra. Kartika Situmorang","1984-01-27","ID","74.44","OWNERSHIP","2024-09-10"
"BO-01791","BUS-00789","Indah Anggraini","1977-02-07","ID","100.00","VOTING_RIGHTS","2025-10-07"
"BO-01792","BUS-00790","Indah Gunawan","1955-10-25","ID","66.13","BOARD_CONTROL","2024-08-25"
"BO-01793","BUS-00790","Ir. Rahmat Situmorang","1976-12-15","ID","21.24","BOARD_CONTROL","2025-11-17"
"BO-01794","BUS-00790","Ir. Zahra Kusuma","1984-09-15","ID","12.63","VOTING_RIGHTS","2025-04-11"
"BO-01795","BUS-00791","Siti Gunawan","1989-01-05","ID","26.86","VOTING_RIGHTS","2024-11-03"
"BO-01796","BUS-00791","Ir. Yuda Hartono","1972-12-17","ID","22.45","VOTING_RIGHTS","2025-03-16"
"BO-01797","BUS-00791","Fajar Iwan Ramadhan","1973-02-22","ID","40.63","BOARD_CONTROL","2026-01-12"
"BO-01798","BUS-00791","Hj. Siti Ramadhan","1981-07-21","ID","10.06","OWNERSHIP","2024-10-11"
"BO-01799","BUS-00792","Ir. Yuda Wahyu Siregar","1967-08-01","ID","80.08","VOTING_RIGHTS","2025-09-14"
"BO-01800","BUS-00792","Gita Kusuma","1972-02-22","ID","10.87","OWNERSHIP","2025-11-14"
"BO-01801","BUS-00793","Bayu Hartono","1973-08-26","ID","61.39","OTHER_SIGNIFICANT_INFLUENCE","2026-01-27"
"BO-01802","BUS-00793","H. Adi Fajar Halim","1956-03-17","ID","10.87","BOARD_CONTROL","2025-04-25"
"BO-01803","BUS-00793","Hj. Mega Hidayat","1983-04-04","ID","12.28","VOTING_RIGHTS","2023-11-22"
"BO-01804","BUS-00793","Lestari Suryadi","1987-08-01","ID","15.46","OWNERSHIP","2023-11-28"
"BO-01805","BUS-00794","Indah Gita Permana","1980-07-20","ID","34.53","VOTING_RIGHTS","2025-03-06"
"BO-01806","BUS-00794","Hj. Siti Hidayat","1972-07-07","ID","18.01","VOTING_RIGHTS","2024-08-13"
"BO-01807","BUS-00794","Joko Bagus Lubis","1977-11-28","ID","47.46","OWNERSHIP","2025-05-12"
"BO-01808","BUS-00795","Umi Citra Santoso","1979-09-14","ID","65.13","VOTING_RIGHTS","2023-11-30"
"BO-01809","BUS-00795","Iwan Hartono","1982-02-05","ID","20.50","VOTING_RIGHTS","2025-01-09"
"BO-01810","BUS-00795","Dewi Setiawan","1971-10-20","ID","10.37","BOARD_CONTROL","2025-10-22"
"BO-01811","BUS-00797","Tono Fajar Situmorang","1981-12-04","ID","30.06","BOARD_CONTROL","2024-10-24"
"BO-01812","BUS-00797","Dra. Wulan Suryadi","1969-09-07","ID","69.94","OTHER_SIGNIFICANT_INFLUENCE","2025-10-07"
"BO-01813","BUS-00798","Hj. Sari Situmorang","1958-06-15","ID","80.35","VOTING_RIGHTS","2025-01-24"
"BO-01814","BUS-00798","Hadi Permana","1966-09-15","ID","10.68","OTHER_SIGNIFICANT_INFLUENCE","2025-01-01"
"BO-01815","BUS-00799","Ir. Hadi Gilang Maulana","1997-05-22","ID","63.51","OWNERSHIP","2025-05-26"
"BO-01816","BUS-00799","Hj. Wulan Simatupang","1961-07-13","ID","12.33","OWNERSHIP","2025-02-28"
"BO-01817","BUS-00799","Putri Suryadi","1995-01-22","ID","24.16","OTHER_SIGNIFICANT_INFLUENCE","2024-07-29"
"BO-01818","BUS-00800","Dra. Vina Wijaya","1962-11-16","ID","44.89","OTHER_SIGNIFICANT_INFLUENCE","2025-01-20"
"BO-01819","BUS-00800","Eka Kusuma","1998-03-15","ID","38.11","OWNERSHIP","2025-09-20"
"BO-01820","BUS-00800","Ir. Sari Saputra","1999-01-22","ID","10.70","OTHER_SIGNIFICANT_INFLUENCE","2025-05-04"
"BO-01821","BUS-00801","Indah Anggraini","1959-06-13","ID","35.98","BOARD_CONTROL","2024-10-28"
"BO-01822","BUS-00801","Ir. Siti Halim","1984-03-18","ID","64.02","OWNERSHIP","2025-04-20"
"BO-01823","BUS-00802","Anggun Situmorang","1961-08-26","ID","88.47","VOTING_RIGHTS","2025-01-27"
"BO-01824","BUS-00802","Wahyu Gilang Anggraini","1999-04-12","ID","10.54","OWNERSHIP","2026-01-18"
"BO-01825","BUS-00803","Vina Pratama","1964-08-14","ID","100.00","OTHER_SIGNIFICANT_INFLUENCE","2024-04-03"
"BO-01826","BUS-00804","Anggun Setiawan","1961-10-11","ID","77.47","BOARD_CONTROL","2025-06-11"
"BO-01827","BUS-00804","H. Cahya Bayu Permana","1986-02-14","ID","22.53","OTHER_SIGNIFICANT_INFLUENCE","2024-11-28"
"BO-01828","BUS-00805","Umi Rina Situmorang","1965-01-25","ID","46.66","BOARD_CONTROL","2023-12-19"
"BO-01829","BUS-00805","Nanda Wahyu Anggraini","1963-07-09","ID","36.72","BOARD_CONTROL","2024-02-19"
"BO-01830","BUS-00805","Fajar Saputra","1994-05-28","ID","16.62","VOTING_RIGHTS","2025-02-14"
"BO-01831","BUS-00806","Ir. Gilang Suryadi","1955-07-25","ID","100.00","BOARD_CONTROL","2024-05-09"
"BO-01832","BUS-00807","Bagus Gunawan","1976-07-17","ID","100.00","OTHER_SIGNIFICANT_INFLUENCE","2025-12-27"
"BO-01833","BUS-00808","Hj. Umi Pratama","1995-03-01","ID","45.66","OTHER_SIGNIFICANT_INFLUENCE","2025-08-08"
"BO-01834","BUS-00808","Ir. Gita Siregar","1971-06-06","ID","11.49","OWNERSHIP","2025-12-23"
"BO-01835","BUS-00808","Vina Simatupang","1982-05-16","ID","10.74","VOTING_RIGHTS","2025-02-02"
"BO-01836","BUS-00808","Ir. Rina Hartono","1998-06-17","ID","32.11","OTHER_SIGNIFICANT_INFLUENCE","2026-02-18"
"BO-01837","BUS-00809","Ir. Mega Vina Hartono","1977-11-21","ID","14.45","OTHER_SIGNIFICANT_INFLUENCE","2025-09-28"
"BO-01838","BUS-00809","Kartika Citra Hidayat","1993-09-27","ID","17.01","BOARD_CONTROL","2024-11-22"
"BO-01839","BUS-00809","Ayu Suryadi","1968-12-01","ID","68.54","VOTING_RIGHTS","2025-09-01"
"BO-01840","BUS-00810","Ir. Mega Suryadi","1997-01-13","ID","62.27","OWNERSHIP","2025-09-19"
"BO-01841","BUS-00810","Ir. Adi Setiawan","1980-02-12","ID","24.12","OTHER_SIGNIFICANT_INFLUENCE","2026-02-26"
"BO-01842","BUS-00810","Putri Lubis","1966-12-02","ID","13.61","OTHER_SIGNIFICANT_INFLUENCE","2024-08-01"
"BO-01843","BUS-00811","Rahmat Simatupang","1992-08-22","ID","100.00","VOTING_RIGHTS","2025-09-04"
"BO-01844","BUS-00812","Ayu Umi Gunawan","1990-02-25","ID","19.85","BOARD_CONTROL","2024-08-03"
"BO-01845","BUS-00812","Hj. Mega Lubis","1986-01-28","ID","46.56","VOTING_RIGHTS","2025-04-30"
"BO-01846","BUS-00812","Nanda Joko Simatupang","1989-01-02","ID","11.12","OTHER_SIGNIFICANT_INFLUENCE","2024-04-17"
"BO-01847","BUS-00812","Drs. Fajar Suryadi","1987-04-05","ID","22.47","BOARD_CONTROL","2024-06-14"
"BO-01848","BUS-00813","Ir. Bagus Siregar","1996-10-17","ID","100.00","VOTING_RIGHTS","2024-08-14"
"BO-01849","BUS-00814","H. Adi Wijaya","1966-11-04","ID","74.48","OWNERSHIP","2025-12-04"
"BO-01850","BUS-00814","Sari Ramadhan","1996-06-25","ID","25.52","BOARD_CONTROL","2024-11-29"
"BO-01851","BUS-00815","Dra. Sari Maulana","1978-11-08","ID","39.45","VOTING_RIGHTS","2023-12-18"
"BO-01852","BUS-00815","Hj. Dewi Simatupang","1971-10-25","ID","15.06","OWNERSHIP","2024-03-01"
"BO-01853","BUS-00815","Indah Maulana","1990-01-06","ID","45.49","VOTING_RIGHTS","2023-12-31"
"BO-01854","BUS-00816","Dewi Hidayat","1987-09-16","ID","100.00","OTHER_SIGNIFICANT_INFLUENCE","2024-11-03"
"BO-01855","BUS-00817","Siti Saputra","1978-02-03","ID","31.19","BOARD_CONTROL","2024-12-25"
"BO-01856","BUS-00817","Vina Hidayat","1983-10-22","ID","68.81","BOARD_CONTROL","2025-04-19"
"BO-01857","BUS-00818","Cahya Nugroho","1961-07-11","ID","83.39","BOARD_CONTROL","2024-08-14"
"BO-01858","BUS-00818","Iwan Setiawan","1996-08-12","ID","10.38","OTHER_SIGNIFICANT_INFLUENCE","2025-12-01"
"BO-01859","BUS-00819","Ir. Zahra Putri Maulana","1986-12-19","ID","70.55","VOTING_RIGHTS","2025-04-07"
"BO-01860","BUS-00819","Bayu Cahya Kusuma","1992-10-01","ID","12.39","OWNERSHIP","2024-02-17"
"BO-01861","BUS-00819","Fajar Iwan Lubis","1999-08-01","ID","10.86","BOARD_CONTROL","2024-12-05"
"BO-01862","BUS-00820","Hadi Situmorang","1996-05-24","ID","50.26","BOARD_CONTROL","2025-04-26"
"BO-01863","BUS-00820","Citra Suryadi","1991-01-27","ID","49.74","OWNERSHIP","2024-09-03"
"BO-01864","BUS-00821","Zahra Ramadhan","1999-11-23","ID","100.00","OTHER_SIGNIFICANT_INFLUENCE","2024-05-27"
"BO-01865","BUS-00822","Kartika Putri Wijaya","1998-05-01","ID","100.00","OWNERSHIP","2024-02-24"
"BO-01866","BUS-00823","Nanda Ramadhan","1994-02-23","ID","76.73","OWNERSHIP","2025-11-07"
"BO-01867","BUS-00823","Drs. Hadi Rahmat Kusuma","1981-10-15","ID","11.75","OWNERSHIP","2025-03-05"
"BO-01868","BUS-00823","Dra. Ayu Rina Pratama","1998-08-11","ID","11.52","BOARD_CONTROL","2024-11-02"
"BO-01869","BUS-00824","Anggun Kusuma","1969-07-27","ID","47.11","BOARD_CONTROL","2024-07-13"
"BO-01870","BUS-00824","Iwan Hidayat","1989-07-03","ID","34.27","BOARD_CONTROL","2024-01-18"
"BO-01871","BUS-00824","H. Joko Hidayat","1993-02-20","ID","10.66","BOARD_CONTROL","2023-10-22"
"BO-01872","BUS-00825","Dian Rahmat Maulana","1980-02-13","ID","57.72","VOTING_RIGHTS","2025-09-30"
"BO-01873","BUS-00825","Fajar Wijaya","1965-10-17","ID","42.28","OTHER_SIGNIFICANT_INFLUENCE","2024-09-30"
"BO-01874","BUS-00826","Gita Kusuma","1986-10-06","ID","100.00","OWNERSHIP","2024-07-13"
"BO-01875","BUS-00827","Hj. Wulan Kartika Wijaya","1955-04-18","ID","100.00","OWNERSHIP","2024-03-31"
"BO-01876","BUS-00828","Nanda Gunawan","1968-02-01","ID","100.00","OTHER_SIGNIFICANT_INFLUENCE","2024-08-19"
"BO-01877","BUS-00829","Oki Suryadi","1967-08-08","ID","34.59","BOARD_CONTROL","2024-08-24"
"BO-01878","BUS-00829","Gita Hidayat","1958-03-10","ID","45.34","OTHER_SIGNIFICANT_INFLUENCE","2024-08-02"
"BO-01879","BUS-00829","Kartika Maulana","1987-12-26","ID","20.07","OWNERSHIP","2025-05-09"
"BO-01880","BUS-00830","Kartika Indah Hidayat","1987-10-08","ID","45.07","OTHER_SIGNIFICANT_INFLUENCE","2025-03-07"
"BO-01881","BUS-00830","Hj. Gita Anggraini","1972-10-07","ID","37.73","OTHER_SIGNIFICANT_INFLUENCE","2025-03-08"
"BO-01882","BUS-00830","Drs. Tono Ramadhan","1959-01-14","ID","10.98","OTHER_SIGNIFICANT_INFLUENCE","2025-11-21"
"BO-01883","BUS-00831","Rina Pratama","1996-09-27","ID","76.15","BOARD_CONTROL","2025-07-30"
"BO-01884","BUS-00831","Dewi Hartono","1961-11-01","ID","11.71","VOTING_RIGHTS","2024-10-05"
"BO-01885","BUS-00831","Citra Rina Pratama","1978-07-24","ID","10.40","BOARD_CONTROL","2026-03-02"
"BO-01886","BUS-00832","Sari Pratama","1960-07-25","ID","71.51","BOARD_CONTROL","2024-12-15"
"BO-01887","BUS-00832","Mega Halim","1958-10-05","ID","28.49","OTHER_SIGNIFICANT_INFLUENCE","2025-08-21"
"BO-01888","BUS-00833","Dra. Umi Ramadhan","1991-08-13","ID","64.73","VOTING_RIGHTS","2023-12-21"
"BO-01889","BUS-00833","Lestari Situmorang","1957-09-09","ID","11.61","VOTING_RIGHTS","2025-07-12"
"BO-01890","BUS-00833","Bagus Anggraini","1965-04-24","ID","23.66","OTHER_SIGNIFICANT_INFLUENCE","2023-10-22"
"BO-01891","BUS-00834","Hj. Zahra Mega Gunawan","1965-09-27","ID","64.50","OWNERSHIP","2025-11-14"
"BO-01892","BUS-00834","Cahya Wahyu Wijaya","1997-02-14","ID","35.50","VOTING_RIGHTS","2026-02-12"
"BO-01893","BUS-00835","Tono Maulana","1980-03-08","ID","89.31","OTHER_SIGNIFICANT_INFLUENCE","2024-08-26"
"BO-01894","BUS-00835","Joko Gunawan","1971-06-12","ID","10.69","BOARD_CONTROL","2024-01-19"
"BO-01895","BUS-00836","Wulan Hartono","1958-03-08","ID","66.05","VOTING_RIGHTS","2025-04-07"
"BO-01896","BUS-00836","Siti Wijaya","1980-09-12","ID","12.87","OWNERSHIP","2024-12-28"
"BO-01897","BUS-00836","Yuda Ramadhan","1997-07-13","ID","10.00","OTHER_SIGNIFICANT_INFLUENCE","2024-08-08"
"BO-01898","BUS-00836","Indah Nugroho","1975-01-14","ID","11.08","OTHER_SIGNIFICANT_INFLUENCE","2024-08-22"
"BO-01899","BUS-00837","Joko Ramadhan","1989-05-10","ID","23.77","OTHER_SIGNIFICANT_INFLUENCE","2024-01-16"
"BO-01900","BUS-00837","Ir. Joko Anggraini","1988-02-23","ID","76.23","VOTING_RIGHTS","2023-12-11"
"BO-01901","BUS-00838","Ir. Anggun Pratama","1969-10-22","ID","50.50","VOTING_RIGHTS","2025-05-23"
"BO-01902","BUS-00838","Anggun Putri Maulana","1994-08-10","ID","26.51","OTHER_SIGNIFICANT_INFLUENCE","2024-02-13"
"BO-01903","BUS-00838","Dewi Hidayat","1978-12-06","ID","22.99","VOTING_RIGHTS","2023-12-07"
"BO-01904","BUS-00839","Yuda Yuda Permana","1971-03-08","ID","100.00","OWNERSHIP","2024-01-30"
"BO-01905","BUS-00840","Umi Santoso","1998-03-01","ID","100.00","BOARD_CONTROL","2024-08-11"
"BO-01906","BUS-00841","Drs. Bagus Situmorang","1979-04-11","ID","85.24","OWNERSHIP","2025-03-09"
"BO-01907","BUS-00841","Bayu Ramadhan","1971-07-04","ID","10.64","OWNERSHIP","2025-03-10"
"BO-01908","BUS-00843","Zahra Halim","1998-08-08","ID","80.58","OTHER_SIGNIFICANT_INFLUENCE","2026-03-02"
"BO-01909","BUS-00843","H. Adi Simatupang","1979-06-05","ID","10.81","BOARD_CONTROL","2024-07-19"
"BO-01910","BUS-00844","Ayu Permana","1986-05-05","ID","100.00","VOTING_RIGHTS","2024-02-17"
"BO-01911","BUS-00845","Gilang Permana","1998-08-02","ID","41.64","OTHER_SIGNIFICANT_INFLUENCE","2025-06-06"
"BO-01912","BUS-00845","Dra. Vina Lubis","1965-06-18","ID","58.36","OWNERSHIP","2025-05-05"
"BO-01913","BUS-00846","Ir. Joko Halim","1957-09-03","ID","100.00","VOTING_RIGHTS","2025-02-20"
"BO-01914","BUS-00847","Ir. Mega Hartono","1966-09-21","ID","19.33","BOARD_CONTROL","2023-12-05"
"BO-01915","BUS-00847","Yuda Hidayat","1987-01-26","ID","61.76","VOTING_RIGHTS","2025-05-10"
"BO-01916","BUS-00847","Bayu Suryadi","1987-08-08","ID","18.91","VOTING_RIGHTS","2024-06-29"
"BO-01917","BUS-00848","H. Rahmat Santoso","1976-05-12","ID","36.54","VOTING_RIGHTS","2026-02-25"
"BO-01918","BUS-00848","Yuda Santoso","1968-10-03","ID","63.46","BOARD_CONTROL","2024-04-01"
"BO-01919","BUS-00849","Anggun Siregar","1981-03-26","ID","10.99","OWNERSHIP","2023-11-16"
"BO-01920","BUS-00849","Fajar Nugroho","1976-05-07","ID","40.03","BOARD_CONTROL","2023-11-18"
"BO-01921","BUS-00849","Hj. Umi Vina Lubis","1958-07-25","ID","48.98","VOTING_RIGHTS","2024-11-29"
"BO-01922","BUS-00850","Rina Wijaya","1984-09-04","ID","75.43","OWNERSHIP","2025-01-10"
"BO-01923","BUS-00850","Kartika Wulan Pratama","1981-07-22","ID","14.42","VOTING_RIGHTS","2025-05-09"
"BO-01924","BUS-00850","Hadi Setiawan","1974-12-19","ID","10.56","BOARD_CONTROL","2025-12-09"
"BO-01925","BUS-00851","Vina Suryadi","1959-06-22","ID","100.00","OWNERSHIP","2023-11-30"
"BO-01926","BUS-00853","Drs. Hadi Setiawan","1970-02-02","ID","47.87","BOARD_CONTROL","2024-09-14"
"BO-01927","BUS-00853","Bagus Kusuma","1964-09-05","ID","52.13","BOARD_CONTROL","2024-08-28"
"BO-01928","BUS-00854","Ir. Mega Zahra Ramadhan","1998-12-04","ID","84.24","OTHER_SIGNIFICANT_INFLUENCE","2024-12-03"
"BO-01929","BUS-00854","H. Oki Halim","1969-09-22","ID","15.76","VOTING_RIGHTS","2024-11-16"
"BO-01930","BUS-00855","Gita Pratama","1996-08-20","ID","72.09","BOARD_CONTROL","2025-08-13"
"BO-01931","BUS-00855","Lestari Wijaya","1968-02-27","ID","16.62","VOTING_RIGHTS","2025-08-06"
"BO-01932","BUS-00855","Ir. Oki Anggraini","1983-08-07","ID","11.29","VOTING_RIGHTS","2023-10-28"
"BO-01933","BUS-00856","Hj. Umi Nugroho","1997-02-06","ID","61.66","VOTING_RIGHTS","2024-05-21"
"BO-01934","BUS-00856","Vina Kusuma","1970-11-13","ID","19.14","BOARD_CONTROL","2024-11-01"
"BO-01935","BUS-00856","Bayu Wahyu Halim","1966-01-24","ID","10.52","VOTING_RIGHTS","2024-05-13"
"BO-01936","BUS-00857","H. Rahmat Setiawan","1993-07-19","ID","55.72","BOARD_CONTROL","2025-04-13"
"BO-01937","BUS-00857","Cahya Anggraini","1976-06-16","ID","21.14","VOTING_RIGHTS","2025-09-13"
"BO-01938","BUS-00857","Wulan Permana","1993-08-12","ID","23.14","OTHER_SIGNIFICANT_INFLUENCE","2025-02-07"
"BO-01939","BUS-00858","Fajar Adi Setiawan","1988-09-18","ID","37.33","OWNERSHIP","2025-06-21"
"BO-01940","BUS-00858","Bagus Situmorang","1996-05-15","ID","26.10","OWNERSHIP","2024-10-02"
"BO-01941","BUS-00858","Ir. Citra Citra Suryadi","1957-06-07","ID","19.77","BOARD_CONTROL","2024-05-25"
"BO-01942","BUS-00858","Dewi Hidayat","1956-04-26","ID","16.80","BOARD_CONTROL","2024-10-29"
"BO-01943","BUS-00859","Yuda Lubis","1973-04-05","ID","57.37","OWNERSHIP","2024-03-21"
"BO-01944","BUS-00859","Bagus Kusuma","1995-06-25","ID","30.80","VOTING_RIGHTS","2023-10-19"
"BO-01945","BUS-00859","Drs. Tono Hidayat","1982-11-08","ID","11.83","OWNERSHIP","2025-10-26"
"BO-01946","BUS-00860","Nanda Iwan Setiawan","1963-05-18","ID","37.77","BOARD_CONTROL","2024-05-03"
"BO-01947","BUS-00860","H. Yuda Setiawan","1971-12-20","ID","33.57","OWNERSHIP","2025-04-27"
"BO-01948","BUS-00860","Mega Pratama","1975-08-05","ID","28.66","VOTING_RIGHTS","2024-02-24"
"BO-01949","BUS-00861","Ir. Siti Hidayat","1991-07-02","ID","89.79","OWNERSHIP","2025-03-05"
"BO-01950","BUS-00861","Sari Lubis","1968-05-15","ID","10.11","BOARD_CONTROL","2023-12-08"
"BO-01951","BUS-00862","Siti Maulana","1958-11-19","ID","70.06","VOTING_RIGHTS","2025-12-21"
"BO-01952","BUS-00862","Joko Hidayat","1966-04-08","ID","15.52","VOTING_RIGHTS","2024-06-03"
"BO-01953","BUS-00862","Drs. Yuda Nanda Ramadhan","1974-08-15","ID","14.42","VOTING_RIGHTS","2025-06-05"
"BO-01954","BUS-00863","Rina Mega Suryadi","1972-02-19","ID","38.89","BOARD_CONTROL","2025-03-28"
"BO-01955","BUS-00863","Bagus Suryadi","1989-12-17","ID","61.11","BOARD_CONTROL","2023-10-28"
"BO-01956","BUS-00864","Joko Maulana","1999-11-26","ID","73.00","BOARD_CONTROL","2024-01-10"
"BO-01957","BUS-00864","Drs. Joko Hidayat","1995-05-12","ID","10.26","OTHER_SIGNIFICANT_INFLUENCE","2025-11-20"
"BO-01958","BUS-00864","Umi Wijaya","1992-04-08","ID","16.74","BOARD_CONTROL","2024-11-12"
"BO-01959","BUS-00865","Dra. Siti Kartika Gunawan","1965-11-27","ID","32.36","VOTING_RIGHTS","2023-12-21"
"BO-01960","BUS-00865","Dra. Dewi Anggraini","1977-10-17","ID","12.58","OTHER_SIGNIFICANT_INFLUENCE","2024-04-12"
"BO-01961","BUS-00865","Oki Anggraini","1961-01-28","ID","38.37","OTHER_SIGNIFICANT_INFLUENCE","2025-09-02"
"BO-01962","BUS-00865","Iwan Nugroho","1957-05-03","ID","16.69","VOTING_RIGHTS","2024-11-03"
"BO-01963","BUS-00866","Indah Suryadi","1994-06-09","ID","100.00","OWNERSHIP","2025-01-22"
"BO-01964","BUS-00867","Drs. Eka Bagus Setiawan","1986-01-15","ID","58.45","VOTING_RIGHTS","2024-02-14"
"BO-01965","BUS-00867","Siti Nugroho","1995-11-10","ID","15.48","OTHER_SIGNIFICANT_INFLUENCE","2025-02-23"
"BO-01966","BUS-00867","Vina Pratama","1972-12-12","ID","26.07","OWNERSHIP","2023-12-28"
"BO-01967","BUS-00868","Lestari Zahra Maulana","1979-12-23","ID","45.21","OWNERSHIP","2023-11-24"
"BO-01968","BUS-00868","Zahra Kusuma","1964-03-02","ID","33.73","VOTING_RIGHTS","2024-09-17"
"BO-01969","BUS-00868","Drs. Iwan Siregar","1960-08-16","ID","10.08","VOTING_RIGHTS","2024-05-09"
"BO-01970","BUS-00868","Umi Nugroho","1957-12-25","ID","10.98","VOTING_RIGHTS","2025-04-20"
"BO-01971","BUS-00869","H. Fajar Lubis","1976-01-28","ID","100.00","VOTING_RIGHTS","2024-04-29"
"BO-01972","BUS-00870","Ir. Dewi Hartono","1988-07-07","ID","38.34","OTHER_SIGNIFICANT_INFLUENCE","2025-06-06"
"BO-01973","BUS-00870","Eka Ramadhan","1970-06-12","ID","43.03","VOTING_RIGHTS","2024-08-24"
"BO-01974","BUS-00870","Kartika Ramadhan","1983-09-18","ID","18.63","OWNERSHIP","2024-10-09"
"BO-01975","BUS-00871","Wahyu Ramadhan","1977-07-13","ID","10.68","VOTING_RIGHTS","2026-02-05"
"BO-01976","BUS-00871","Putri Setiawan","1969-04-02","ID","35.94","VOTING_RIGHTS","2024-04-04"
"BO-01977","BUS-00871","Vina Saputra","1989-12-18","ID","36.56","OTHER_SIGNIFICANT_INFLUENCE","2025-02-06"
"BO-01978","BUS-00871","Wahyu Wahyu Pratama","1963-11-26","ID","16.82","OWNERSHIP","2024-07-10"
"BO-01979","BUS-00872","Umi Umi Hidayat","1981-02-28","ID","37.52","BOARD_CONTROL","2025-06-11"
"BO-01980","BUS-00872","Hj. Ayu Maulana","1998-03-27","ID","62.48","OTHER_SIGNIFICANT_INFLUENCE","2024-07-25"
"BO-01981","BUS-00873","Adi Tono Ramadhan","1979-01-18","ID","57.25","BOARD_CONTROL","2025-05-22"
"BO-01982","BUS-00873","Umi Kusuma","1966-06-24","ID","32.15","BOARD_CONTROL","2023-11-25"
"BO-01983","BUS-00873","Hj. Ayu Halim","1987-01-02","ID","10.88","OWNERSHIP","2025-05-05"
"BO-01984","BUS-00874","Mega Indah Suryadi","1998-09-17","ID","100.00","BOARD_CONTROL","2024-05-29"
"BO-01985","BUS-00875","Hj. Anggun Suryadi","1977-10-24","ID","73.65","BOARD_CONTROL","2024-08-26"
"BO-01986","BUS-00875","Rina Kusuma","1977-11-27","ID","15.21","OTHER_SIGNIFICANT_INFLUENCE","2024-10-22"
"BO-01987","BUS-00875","Rina Setiawan","1963-11-12","ID","10.45","OWNERSHIP","2025-05-07"
"BO-01988","BUS-00876","Ir. Dewi Nugroho","1959-12-06","ID","100.00","OTHER_SIGNIFICANT_INFLUENCE","2024-05-19"
"BO-01989","BUS-00877","Wahyu Iwan Suryadi","1971-07-15","ID","78.40","OWNERSHIP","2024-12-11"
"BO-01990","BUS-00877","Adi Setiawan","1966-11-02","ID","11.14","OTHER_SIGNIFICANT_INFLUENCE","2024-03-28"
"BO-01991","BUS-00877","Ir. Lestari Situmorang","1976-02-23","ID","10.46","OTHER_SIGNIFICANT_INFLUENCE","2024-12-03"
"BO-01992","BUS-00878","H. Dian Nugroho","1955-07-14","ID","14.85","VOTING_RIGHTS","2024-10-29"
"BO-01993","BUS-00878","Joko Gunawan","1994-08-06","ID","85.15","BOARD_CONTROL","2025-08-31"
"BO-01994","BUS-00879","Hj. Sari Suryadi","1984-09-26","ID","66.64","OTHER_SIGNIFICANT_INFLUENCE","2024-04-30"
"BO-01995","BUS-00879","Drs. Cahya Santoso","1962-03-13","ID","21.97","OTHER_SIGNIFICANT_INFLUENCE","2024-02-12"
"BO-01996","BUS-00879","Dian Hartono","1979-05-04","ID","10.48","OWNERSHIP","2024-01-20"
"BO-01997","BUS-00880","Hj. Zahra Sari Setiawan","1968-09-16","ID","100.00","OWNERSHIP","2023-11-24"
"BO-01998","BUS-00881","Hadi Simatupang","1968-06-08","ID","84.72","BOARD_CONTROL","2024-02-17"
"BO-01999","BUS-00881","Wulan Hidayat","1960-02-26","ID","15.28","OWNERSHIP","2024-10-01"
"BO-02000","BUS-00882","Ir. Siti Anggraini","1986-05-04","ID","100.00","BOARD_CONTROL","2024-03-14"
"BO-02001","BUS-00883","Bagus Siregar","1986-03-25","ID","22.83","BOARD_CONTROL","2024-07-06"
"BO-02002","BUS-00883","Dra. Umi Rina Nugroho","1962-07-25","ID","77.17","OTHER_SIGNIFICANT_INFLUENCE","2025-04-20"
"BO-02003","BUS-00884","Wahyu Siregar","1988-06-09","ID","22.33","BOARD_CONTROL","2025-02-04"
"BO-02004","BUS-00884","Umi Dewi Pratama","1989-10-27","ID","16.59","BOARD_CONTROL","2025-02-09"
"BO-02005","BUS-00884","Ir. Zahra Pratama","1968-02-27","ID","46.20","OWNERSHIP","2025-03-23"
"BO-02006","BUS-00884","Rahmat Permana","1977-02-22","ID","14.88","VOTING_RIGHTS","2024-06-21"
"BO-02007","BUS-00885","Kartika Putri Santoso","1985-07-25","ID","38.43","VOTING_RIGHTS","2025-03-18"
"BO-02008","BUS-00885","Drs. Cahya Hidayat","1969-08-05","ID","33.13","OTHER_SIGNIFICANT_INFLUENCE","2025-11-20"
"BO-02009","BUS-00885","Hj. Rina Simatupang","1972-02-01","ID","28.44","VOTING_RIGHTS","2025-07-31"
"BO-02010","BUS-00886","Anggun Situmorang","1967-07-22","ID","29.25","OTHER_SIGNIFICANT_INFLUENCE","2024-10-15"
"BO-02011","BUS-00886","Ayu Anggraini","1967-05-09","ID","70.75","OTHER_SIGNIFICANT_INFLUENCE","2025-05-09"
"BO-02012","BUS-00887","Hj. Ayu Lestari Situmorang","1973-05-10","ID","100.00","VOTING_RIGHTS","2024-01-05"
"BO-02013","BUS-00888","Cahya Suryadi","1996-11-22","ID","72.25","OTHER_SIGNIFICANT_INFLUENCE","2024-10-18"
"BO-02014","BUS-00888","Ir. Gilang Dian Simatupang","1982-03-28","ID","13.68","VOTING_RIGHTS","2024-02-13"
"BO-02015","BUS-00888","H. Oki Hidayat","1996-08-26","ID","14.07","BOARD_CONTROL","2024-04-24"
"BO-02016","BUS-00889","Rina Siregar","1982-12-20","ID","100.00","OTHER_SIGNIFICANT_INFLUENCE","2025-08-14"
"BO-02017","BUS-00890","Bayu Lubis","1982-08-01","ID","66.19","OTHER_SIGNIFICANT_INFLUENCE","2025-07-18"
"BO-02018","BUS-00890","Adi Fajar Lubis","1970-01-28","ID","19.53","OWNERSHIP","2025-02-04"
"BO-02019","BUS-00890","H. Bagus Tono Santoso","1994-05-23","ID","10.89","OWNERSHIP","2025-04-11"
"BO-02020","BUS-00891","Ir. Iwan Halim","1961-10-03","ID","71.07","OTHER_SIGNIFICANT_INFLUENCE","2026-01-06"
"BO-02021","BUS-00891","Ayu Saputra","1996-10-20","ID","28.93","OTHER_SIGNIFICANT_INFLUENCE","2023-10-25"
"BO-02022","BUS-00893","Sari Pratama","1993-06-13","ID","100.00","OWNERSHIP","2025-06-15"
"BO-02023","BUS-00895","H. Oki Anggraini","1993-01-06","ID","23.93","OWNERSHIP","2025-06-26"
"BO-02024","BUS-00895","Siti Hartono","1975-02-17","ID","76.07","OWNERSHIP","2026-01-14"
"BO-02025","BUS-00896","H. Dian Ramadhan","1977-10-27","ID","38.13","VOTING_RIGHTS","2025-03-11"
"BO-02026","BUS-00896","Hj. Mega Wijaya","1970-03-07","ID","20.26","OTHER_SIGNIFICANT_INFLUENCE","2024-10-15"
"BO-02027","BUS-00896","Eka Suryadi","1960-12-07","ID","29.32","OTHER_SIGNIFICANT_INFLUENCE","2024-07-02"
"BO-02028","BUS-00896","Ir. Oki Joko Permana","1993-07-12","ID","12.29","OWNERSHIP","2023-12-16"
"BO-02029","BUS-00897","Eka Wijaya","1988-11-09","ID","43.80","BOARD_CONTROL","2024-08-13"
"BO-02030","BUS-00897","Wahyu Kusuma","1993-12-19","ID","56.20","OWNERSHIP","2025-02-04"
"BO-02031","BUS-00898","Wulan Vina Maulana","1978-05-20","ID","30.48","VOTING_RIGHTS","2025-05-05"
"BO-02032","BUS-00898","Cahya Adi Hidayat","1976-09-06","ID","69.52","OWNERSHIP","2025-08-16"
"BO-02033","BUS-00899","Ir. Bayu Gunawan","1986-02-24","ID","100.00","OTHER_SIGNIFICANT_INFLUENCE","2025-11-27"
"BO-02034","BUS-00900","Kartika Kusuma","1958-07-08","ID","40.53","OTHER_SIGNIFICANT_INFLUENCE","2023-12-03"
"BO-02035","BUS-00900","Drs. Nanda Nugroho","1960-12-05","ID","33.52","VOTING_RIGHTS","2024-02-12"
"BO-02036","BUS-00900","Bagus Ramadhan","1975-07-14","ID","10.30","BOARD_CONTROL","2025-03-01"
"BO-02037","BUS-00900","Ir. Umi Umi Maulana","1979-01-24","ID","15.65","OTHER_SIGNIFICANT_INFLUENCE","2024-05-08"
"BO-02038","BUS-00901","Bagus Halim","1965-12-08","ID","100.00","OWNERSHIP","2025-05-08"
"BO-02039","BUS-00902","Sari Kusuma","1987-06-13","ID","70.45","BOARD_CONTROL","2024-02-19"
"BO-02040","BUS-00902","Tono Santoso","1986-07-08","ID","16.19","VOTING_RIGHTS","2025-02-07"
"BO-02041","BUS-00902","Vina Lestari Maulana","1983-03-02","ID","13.36","OTHER_SIGNIFICANT_INFLUENCE","2024-02-27"
"BO-02042","BUS-00903","Drs. Yuda Cahya Lubis","1966-08-26","ID","100.00","OTHER_SIGNIFICANT_INFLUENCE","2025-02-07"
"BO-02043","BUS-00904","H. Fajar Situmorang","1970-07-11","ID","25.95","OTHER_SIGNIFICANT_INFLUENCE","2024-08-04"
"BO-02044","BUS-00904","Gilang Suryadi","1967-12-15","ID","16.34","VOTING_RIGHTS","2025-09-11"
"BO-02045","BUS-00904","Yuda Saputra","1967-02-02","ID","57.71","OTHER_SIGNIFICANT_INFLUENCE","2023-11-03"
"BO-02046","BUS-00905","Eka Gunawan","1975-01-13","ID","17.77","VOTING_RIGHTS","2024-02-16"
"BO-02047","BUS-00905","Ir. Putri Gunawan","1990-01-28","ID","43.50","BOARD_CONTROL","2026-02-25"
"BO-02048","BUS-00905","Ir. Ayu Simatupang","1978-06-03","ID","18.71","OTHER_SIGNIFICANT_INFLUENCE","2024-04-02"
"BO-02049","BUS-00905","Nanda Ramadhan","1957-06-08","ID","20.02","OTHER_SIGNIFICANT_INFLUENCE","2025-05-18"
"BO-02050","BUS-00906","Lestari Pratama","1965-03-13","ID","26.63","VOTING_RIGHTS","2025-08-22"
"BO-02051","BUS-00906","Gilang Situmorang","1955-12-25","ID","11.00","BOARD_CONTROL","2024-08-06"
"BO-02052","BUS-00906","Adi Setiawan","1964-04-15","ID","62.37","BOARD_CONTROL","2025-10-19"
"BO-02053","BUS-00907","Ir. Ayu Lubis","1964-07-20","ID","16.96","VOTING_RIGHTS","2026-01-01"
"BO-02054","BUS-00907","Drs. Hadi Santoso","1989-09-08","ID","25.53","OTHER_SIGNIFICANT_INFLUENCE","2023-12-07"
"BO-02055","BUS-00907","Hj. Wulan Vina Hartono","1984-03-10","ID","57.51","VOTING_RIGHTS","2025-08-17"
"BO-02056","BUS-00908","H. Oki Kusuma","1991-11-20","ID","21.43","VOTING_RIGHTS","2025-05-19"
"BO-02057","BUS-00908","Adi Lubis","1992-01-19","ID","59.49","VOTING_RIGHTS","2025-04-23"
"BO-02058","BUS-00908","Drs. Iwan Halim","1982-01-22","ID","10.51","BOARD_CONTROL","2025-10-23"
"BO-02059","BUS-00909","Dian Gunawan","1977-11-05","ID","41.30","BOARD_CONTROL","2024-07-12"
"BO-02060","BUS-00909","Kartika Sari Kusuma","1972-06-28","ID","15.28","VOTING_RIGHTS","2025-04-01"
"BO-02061","BUS-00909","Dra. Rina Anggraini","1982-07-03","ID","43.42","OTHER_SIGNIFICANT_INFLUENCE","2024-02-22"
"BO-02062","BUS-00910","Hj. Anggun Citra Permana","1968-06-19","ID","54.35","OWNERSHIP","2024-05-16"
"BO-02063","BUS-00910","H. Bayu Nugroho","1959-04-27","ID","27.82","OWNERSHIP","2025-06-07"
"BO-02064","BUS-00910","Zahra Situmorang","1973-06-13","ID","10.94","OTHER_SIGNIFICANT_INFLUENCE","2024-09-02"
"BO-02065","BUS-00911","Mega Situmorang","1958-02-24","ID","100.00","VOTING_RIGHTS","2024-11-23"
"BO-02066","BUS-00912","Siti Wijaya","1957-04-15","ID","100.00","BOARD_CONTROL","2025-07-27"
"BO-02067","BUS-00913","Cahya Anggraini","1958-06-07","ID","26.64","BOARD_CONTROL","2025-10-16"
"BO-02068","BUS-00913","Dra. Ayu Kusuma","1996-01-01","ID","36.14","OTHER_SIGNIFICANT_INFLUENCE","2025-12-03"
"BO-02069","BUS-00913","Indah Maulana","1969-04-01","ID","37.22","OTHER_SIGNIFICANT_INFLUENCE","2025-12-06"
"BO-02070","BUS-00914","Ir. Lestari Ramadhan","1963-08-13","ID","20.23","OTHER_SIGNIFICANT_INFLUENCE","2025-09-26"
"BO-02071","BUS-00914","Kartika Setiawan","1976-11-11","ID","68.91","OTHER_SIGNIFICANT_INFLUENCE","2025-05-01"
"BO-02072","BUS-00914","Putri Gunawan","1958-08-24","ID","10.89","OWNERSHIP","2026-01-14"
"BO-02073","BUS-00915","Drs. Joko Anggraini","1975-01-08","ID","100.00","OWNERSHIP","2025-04-11"
"BO-02074","BUS-00916","Hj. Lestari Vina Saputra","1968-08-22","ID","100.00","BOARD_CONTROL","2025-04-05"
"BO-02075","BUS-00917","Drs. Yuda Kusuma","1973-02-13","ID","74.56","OTHER_SIGNIFICANT_INFLUENCE","2025-08-01"
"BO-02076","BUS-00917","Eka Hartono","1966-08-09","ID","14.19","BOARD_CONTROL","2024-09-24"
"BO-02077","BUS-00917","Gita Suryadi","1979-05-05","ID","11.25","VOTING_RIGHTS","2025-09-11"
"BO-02078","BUS-00918","Bayu Kusuma","1966-10-06","ID","68.81","OTHER_SIGNIFICANT_INFLUENCE","2024-07-29"
"BO-02079","BUS-00918","Ir. Oki Lubis","1977-06-07","ID","31.19","VOTING_RIGHTS","2025-12-25"
"BO-02080","BUS-00919","Nanda Hartono","1974-02-08","ID","100.00","OWNERSHIP","2025-06-27"
"BO-02081","BUS-00920","Drs. Gilang Maulana","1999-10-19","ID","49.76","BOARD_CONTROL","2026-02-07"
"BO-02082","BUS-00920","H. Hadi Gunawan","1979-03-02","ID","11.14","VOTING_RIGHTS","2024-07-24"
"BO-02083","BUS-00920","Wahyu Rahmat Wijaya","1974-01-27","ID","39.10","OWNERSHIP","2024-07-27"
"BO-02084","BUS-00921","Ir. Putri Kusuma","1972-01-21","ID","69.58","OTHER_SIGNIFICANT_INFLUENCE","2025-07-26"
"BO-02085","BUS-00921","Ir. Lestari Kusuma","1998-09-03","ID","15.56","VOTING_RIGHTS","2024-11-20"
"BO-02086","BUS-00921","Eka Kusuma","1960-09-22","ID","10.06","VOTING_RIGHTS","2024-04-11"
"BO-02087","BUS-00922","Kartika Halim","1962-03-28","ID","11.67","OWNERSHIP","2025-08-30"
"BO-02088","BUS-00922","Wulan Umi Lubis","1988-05-23","ID","88.33","VOTING_RIGHTS","2025-03-08"
"BO-02089","BUS-00923","Wulan Nugroho","1966-01-15","ID","36.50","VOTING_RIGHTS","2024-05-30"
"BO-02090","BUS-00923","Ir. Zahra Santoso","1961-09-11","ID","63.50","VOTING_RIGHTS","2024-04-15"
"BO-02091","BUS-00924","Dra. Lestari Pratama","1977-08-01","ID","100.00","BOARD_CONTROL","2024-03-19"
"BO-02092","BUS-00925","Hj. Indah Ramadhan","1966-07-13","ID","51.42","OTHER_SIGNIFICANT_INFLUENCE","2023-10-24"
"BO-02093","BUS-00925","Iwan Gunawan","1976-12-01","ID","48.58","OTHER_SIGNIFICANT_INFLUENCE","2024-07-12"
"BO-02094","BUS-00926","Dra. Siti Nugroho","1964-12-16","ID","100.00","VOTING_RIGHTS","2025-12-31"
"BO-02095","BUS-00928","Nanda Simatupang","1958-09-02","ID","27.17","BOARD_CONTROL","2024-09-29"
"BO-02096","BUS-00928","Ir. Indah Ayu Saputra","1958-08-23","ID","72.83","VOTING_RIGHTS","2024-04-23"
"BO-02097","BUS-00929","Tono Pratama","1995-02-27","ID","100.00","OTHER_SIGNIFICANT_INFLUENCE","2024-04-02"
"BO-02098","BUS-00930","Dra. Mega Hartono","1997-03-13","ID","100.00","VOTING_RIGHTS","2025-07-22"
"BO-02099","BUS-00931","Cahya Siregar","1997-04-23","ID","36.52","BOARD_CONTROL","2025-02-01"
"BO-02100","BUS-00931","Bagus Nugroho","1961-06-27","ID","53.40","OWNERSHIP","2024-03-17"
"BO-02101","BUS-00931","Adi Eka Maulana","1987-10-06","ID","10.08","OTHER_SIGNIFICANT_INFLUENCE","2025-07-12"
"BO-02102","BUS-00932","Indah Indah Hidayat","1962-09-23","ID","100.00","OWNERSHIP","2025-10-20"
"BO-02103","BUS-00933","Citra Kartika Permana","1958-10-19","ID","100.00","OWNERSHIP","2025-07-21"
"BO-02104","BUS-00934","H. Hadi Ramadhan","1995-10-02","ID","100.00","BOARD_CONTROL","2024-08-02"
"BO-02105","BUS-00935","Dra. Lestari Kusuma","1994-07-27","ID","85.16","BOARD_CONTROL","2024-09-01"
"BO-02106","BUS-00935","Adi Setiawan","1956-12-23","ID","14.84","BOARD_CONTROL","2025-03-23"
"BO-02107","BUS-00936","H. Dian Fajar Hidayat","1970-01-04","ID","40.07","BOARD_CONTROL","2024-01-12"
"BO-02108","BUS-00936","Zahra Situmorang","1963-08-08","ID","39.49","VOTING_RIGHTS","2024-08-12"
"BO-02109","BUS-00936","Ir. Siti Umi Suryadi","1987-02-04","ID","10.12","BOARD_CONTROL","2023-12-27"
"BO-02110","BUS-00936","Bagus Siregar","1989-05-22","ID","10.32","BOARD_CONTROL","2024-03-07"
"BO-02111","BUS-00937","Kartika Hartono","1964-06-14","ID","11.22","BOARD_CONTROL","2024-06-20"
"BO-02112","BUS-00937","Drs. Joko Permana","1965-05-24","ID","13.15","OWNERSHIP","2024-05-18"
"BO-02113","BUS-00937","H. Yuda Siregar","1958-11-01","ID","75.63","BOARD_CONTROL","2024-11-11"
"BO-02114","BUS-00938","Mega Ayu Nugroho","1988-11-21","ID","84.49","OWNERSHIP","2025-01-21"
"BO-02115","BUS-00938","Ir. Sari Maulana","1966-03-06","ID","15.51","OTHER_SIGNIFICANT_INFLUENCE","2024-06-08"
"BO-02116","BUS-00939","Kartika Hidayat","1975-04-08","ID","100.00","OWNERSHIP","2024-03-25"
"BO-02117","BUS-00940","Tono Yuda Gunawan","1971-10-14","ID","82.48","VOTING_RIGHTS","2026-01-02"
"BO-02118","BUS-00940","Dra. Lestari Vina Maulana","1988-06-19","ID","17.52","BOARD_CONTROL","2023-11-14"
"BO-02119","BUS-00941","Putri Zahra Hartono","1955-11-14","ID","82.45","BOARD_CONTROL","2024-12-24"
"BO-02120","BUS-00941","H. Dian Iwan Siregar","1989-03-04","ID","17.55","BOARD_CONTROL","2026-01-02"
"BO-02121","BUS-00942","Rahmat Permana","1962-02-05","ID","100.00","OTHER_SIGNIFICANT_INFLUENCE","2025-10-23"
"BO-02122","BUS-00943","Gilang Rahmat Simatupang","1981-12-18","ID","60.83","VOTING_RIGHTS","2024-05-20"
"BO-02123","BUS-00943","Dian Anggraini","1957-02-26","ID","39.17","OTHER_SIGNIFICANT_INFLUENCE","2023-11-08"
"BO-02124","BUS-00944","Dra. Dewi Suryadi","1974-05-25","ID","58.89","BOARD_CONTROL","2025-10-27"
"BO-02125","BUS-00944","Hj. Zahra Sari Suryadi","1989-01-20","ID","14.87","VOTING_RIGHTS","2024-06-23"
"BO-02126","BUS-00944","Kartika Suryadi","1968-07-09","ID","16.18","VOTING_RIGHTS","2024-04-24"
"BO-02127","BUS-00944","Vina Situmorang","1989-03-08","ID","10.06","OWNERSHIP","2024-06-01"
"BO-02128","BUS-00945","Drs. Yuda Saputra","1984-11-18","ID","50.06","VOTING_RIGHTS","2024-01-22"
"BO-02129","BUS-00945","Ir. Rina Lestari Hidayat","1994-10-22","ID","12.07","BOARD_CONTROL","2025-09-18"
"BO-02130","BUS-00945","Vina Setiawan","1985-03-15","ID","18.16","OWNERSHIP","2023-11-15"
"BO-02131","BUS-00945","Iwan Saputra","1960-06-15","ID","19.71","BOARD_CONTROL","2024-09-05"
"BO-02132","BUS-00946","Drs. Eka Eka Saputra","1975-02-27","ID","32.39","OTHER_SIGNIFICANT_INFLUENCE","2024-12-02"
"BO-02133","BUS-00946","Putri Situmorang","1992-05-21","ID","67.61","BOARD_CONTROL","2024-11-22"
"BO-02134","BUS-00947","Drs. Rahmat Ramadhan","1958-07-26","ID","100.00","VOTING_RIGHTS","2024-08-20"
"BO-02135","BUS-00948","Cahya Wijaya","1982-04-04","ID","35.35","VOTING_RIGHTS","2026-02-05"
"BO-02136","BUS-00948","Bagus Rahmat Anggraini","1981-05-16","ID","14.71","BOARD_CONTROL","2024-12-10"
"BO-02137","BUS-00948","H. Bayu Hartono","1968-05-01","ID","49.94","OTHER_SIGNIFICANT_INFLUENCE","2024-04-03"
"BO-02138","BUS-00949","Wulan Lubis","1963-03-01","ID","81.72","OWNERSHIP","2025-07-19"
"BO-02139","BUS-00949","Zahra Situmorang","1956-11-19","ID","18.28","BOARD_CONTROL","2026-02-26"
"BO-02140","BUS-00950","Gita Lubis","1991-01-22","ID","18.29","BOARD_CONTROL","2024-08-31"
"BO-02141","BUS-00950","Ir. Hadi Adi Wijaya","1973-04-11","ID","81.71","OWNERSHIP","2026-01-15"
"BO-02142","BUS-00951","Drs. Hadi Lubis","1975-02-09","ID","69.90","OTHER_SIGNIFICANT_INFLUENCE","2024-12-26"
"BO-02143","BUS-00951","Indah Ramadhan","1999-03-14","ID","30.10","OTHER_SIGNIFICANT_INFLUENCE","2025-01-08"
"BO-02144","BUS-00952","Hj. Anggun Umi Maulana","1999-12-17","ID","100.00","VOTING_RIGHTS","2024-02-12"
"BO-02145","BUS-00953","Dra. Putri Santoso","1955-03-15","ID","57.79","OTHER_SIGNIFICANT_INFLUENCE","2024-11-16"
"BO-02146","BUS-00953","Drs. Oki Hartono","1984-12-26","ID","42.21","BOARD_CONTROL","2025-10-06"
"BO-02147","BUS-00954","Eka Oki Wijaya","1983-07-14","ID","25.08","VOTING_RIGHTS","2024-08-15"
"BO-02148","BUS-00954","Wulan Sari Halim","1985-06-11","ID","20.50","OTHER_SIGNIFICANT_INFLUENCE","2025-01-11"
"BO-02149","BUS-00954","Wahyu Setiawan","1982-06-23","ID","54.42","VOTING_RIGHTS","2025-08-14"
"BO-02150","BUS-00955","Wahyu Hidayat","1995-05-20","ID","74.98","VOTING_RIGHTS","2024-08-19"
"BO-02151","BUS-00955","Gilang Permana","1966-12-25","ID","25.02","OWNERSHIP","2025-08-07"
"BO-02152","BUS-00957","Nanda Dian Halim","1983-10-02","ID","84.70","BOARD_CONTROL","2024-01-23"
"BO-02153","BUS-00957","Ir. Putri Gita Maulana","1969-02-28","ID","10.42","VOTING_RIGHTS","2025-04-17"
"BO-02154","BUS-00958","Siti Hartono","1999-07-14","ID","50.73","VOTING_RIGHTS","2025-10-15"
"BO-02155","BUS-00958","Hj. Dewi Siregar","1994-10-17","ID","19.27","OWNERSHIP","2025-03-10"
"BO-02156","BUS-00958","Anggun Hidayat","1976-09-18","ID","30.00","BOARD_CONTROL","2025-06-10"
"BO-02157","BUS-00959","Dra. Lestari Rina Santoso","1964-09-07","ID","100.00","OTHER_SIGNIFICANT_INFLUENCE","2024-08-01"
"BO-02158","BUS-00960","Drs. Rahmat Nugroho","1968-01-08","ID","100.00","OTHER_SIGNIFICANT_INFLUENCE","2024-02-04"
"BO-02159","BUS-00961","H. Iwan Simatupang","1974-08-05","ID","73.28","OTHER_SIGNIFICANT_INFLUENCE","2024-01-03"
"BO-02160","BUS-00961","Dra. Putri Siregar","1981-10-23","ID","12.81","OTHER_SIGNIFICANT_INFLUENCE","2024-09-22"
"BO-02161","BUS-00961","Dian Siregar","1985-07-17","ID","10.32","VOTING_RIGHTS","2024-07-09"
"BO-02162","BUS-00962","Ir. Citra Hidayat","1997-05-19","ID","47.11","OWNERSHIP","2024-03-22"
"BO-02163","BUS-00962","Drs. Gilang Hartono","1974-03-02","ID","52.89","OWNERSHIP","2025-04-13"
"BO-02164","BUS-00963","Hj. Dewi Siregar","1959-05-01","ID","100.00","OWNERSHIP","2024-12-29"
"BO-02165","BUS-00964","Dra. Vina Saputra","1964-10-03","ID","100.00","OWNERSHIP","2025-02-26"
"BO-02166","BUS-00965","Ir. Adi Gunawan","1977-08-07","ID","79.09","OTHER_SIGNIFICANT_INFLUENCE","2024-01-15"
"BO-02167","BUS-00965","Oki Saputra","1956-09-23","ID","20.91","VOTING_RIGHTS","2025-05-21"
"BO-02168","BUS-00966","Ir. Putri Halim","1986-03-13","ID","100.00","OWNERSHIP","2024-12-04"
"BO-02169","BUS-00967","Sari Pratama","1955-04-17","ID","74.13","OWNERSHIP","2024-06-23"
"BO-02170","BUS-00967","Joko Situmorang","1979-11-15","ID","11.77","BOARD_CONTROL","2025-08-22"
"BO-02171","BUS-00967","H. Bagus Simatupang","1966-02-28","ID","10.32","OTHER_SIGNIFICANT_INFLUENCE","2024-09-05"
"BO-02172","BUS-00968","Drs. Adi Hidayat","1964-09-08","ID","14.15","OTHER_SIGNIFICANT_INFLUENCE","2025-08-21"
"BO-02173","BUS-00968","Anggun Gunawan","1967-08-10","ID","85.85","OTHER_SIGNIFICANT_INFLUENCE","2025-10-11"
"BO-02174","BUS-00969","Gilang Adi Lubis","1981-02-12","ID","22.65","OWNERSHIP","2024-08-07"
"BO-02175","BUS-00969","Mega Gunawan","1976-11-25","ID","14.69","OWNERSHIP","2025-04-28"
"BO-02176","BUS-00969","H. Joko Gunawan","1999-08-22","ID","27.64","OTHER_SIGNIFICANT_INFLUENCE","2025-02-04"
"BO-02177","BUS-00969","Ir. Kartika Kusuma","1959-11-26","ID","35.02","BOARD_CONTROL","2026-01-23"
"BO-02178","BUS-00970","Gita Situmorang","1980-07-02","ID","82.96","OTHER_SIGNIFICANT_INFLUENCE","2023-12-23"
"BO-02179","BUS-00970","Ir. Yuda Kusuma","1983-05-08","ID","10.65","VOTING_RIGHTS","2023-11-12"
"BO-02180","BUS-00971","Dra. Dewi Hidayat","1960-01-06","ID","54.36","OWNERSHIP","2025-05-28"
"BO-02181","BUS-00971","Hadi Fajar Permana","1982-02-07","ID","23.88","VOTING_RIGHTS","2025-01-02"
"BO-02182","BUS-00971","H. Hadi Gunawan","1986-05-10","ID","10.72","OTHER_SIGNIFICANT_INFLUENCE","2024-08-30"
"BO-02183","BUS-00971","Adi Siregar","1996-10-08","ID","11.04","VOTING_RIGHTS","2025-11-25"
"BO-02184","BUS-00972","Nanda Hartono","1970-07-23","ID","100.00","OTHER_SIGNIFICANT_INFLUENCE","2025-10-06"
"BO-02185","BUS-00973","Iwan Wahyu Hartono","1987-12-15","ID","65.53","OTHER_SIGNIFICANT_INFLUENCE","2026-01-29"
"BO-02186","BUS-00973","H. Iwan Ramadhan","1966-08-21","ID","19.60","OTHER_SIGNIFICANT_INFLUENCE","2024-05-02"
"BO-02187","BUS-00973","Joko Siregar","1991-03-28","ID","14.87","OTHER_SIGNIFICANT_INFLUENCE","2025-02-13"
"BO-02188","BUS-00974","Dewi Putri Saputra","1991-04-13","ID","44.71","OWNERSHIP","2024-10-22"
"BO-02189","BUS-00974","Dra. Putri Wijaya","1998-08-02","ID","55.29","VOTING_RIGHTS","2025-10-05"
"BO-02190","BUS-00975","Wahyu Saputra","1986-12-12","ID","46.28","VOTING_RIGHTS","2025-06-10"
"BO-02191","BUS-00975","Vina Anggraini","1968-04-17","ID","18.59","VOTING_RIGHTS","2023-11-16"
"BO-02192","BUS-00975","Hj. Dewi Permana","1988-03-09","ID","17.30","OTHER_SIGNIFICANT_INFLUENCE","2024-01-05"
"BO-02193","BUS-00975","Lestari Pratama","1958-08-18","ID","17.83","OTHER_SIGNIFICANT_INFLUENCE","2024-07-12"
"BO-02194","BUS-00976","Oki Gilang Lubis","1963-10-01","ID","75.24","VOTING_RIGHTS","2026-02-17"
"BO-02195","BUS-00976","Dian Iwan Hidayat","1980-06-03","ID","14.14","VOTING_RIGHTS","2026-01-06"
"BO-02196","BUS-00976","Fajar Santoso","1974-06-11","ID","10.68","BOARD_CONTROL","2024-07-27"
"BO-02197","BUS-00977","Umi Zahra Pratama","1961-10-27","ID","21.69","BOARD_CONTROL","2024-11-03"
"BO-02198","BUS-00977","Wahyu Halim","1979-09-17","ID","78.31","BOARD_CONTROL","2023-10-27"
"BO-02199","BUS-00978","Iwan Permana","1956-03-26","ID","62.75","OWNERSHIP","2025-04-25"
"BO-02200","BUS-00978","Yuda Siregar","1994-10-19","ID","20.33","OTHER_SIGNIFICANT_INFLUENCE","2024-01-04"
"BO-02201","BUS-00978","Adi Simatupang","1978-08-28","ID","10.60","OTHER_SIGNIFICANT_INFLUENCE","2024-03-19"
"BO-02202","BUS-00979","Siti Anggraini","1968-09-10","ID","38.93","VOTING_RIGHTS","2024-04-22"
"BO-02203","BUS-00979","Putri Kartika Hartono","1982-12-14","ID","44.01","BOARD_CONTROL","2024-11-09"
"BO-02204","BUS-00979","Hj. Wulan Permana","1985-01-25","ID","10.91","OTHER_SIGNIFICANT_INFLUENCE","2024-12-24"
"BO-02205","BUS-00980","Dra. Gita Suryadi","1994-12-26","ID","72.51","BOARD_CONTROL","2025-02-24"
"BO-02206","BUS-00980","Tono Siregar","1980-08-15","ID","14.96","BOARD_CONTROL","2025-12-21"
"BO-02207","BUS-00980","H. Gilang Gilang Saputra","1992-09-03","ID","12.53","BOARD_CONTROL","2024-01-22"
"BO-02208","BUS-00982","Tono Situmorang","1994-04-23","ID","53.65","OTHER_SIGNIFICANT_INFLUENCE","2024-03-26"
"BO-02209","BUS-00982","Gita Hartono","1993-08-26","ID","33.67","OWNERSHIP","2025-06-25"
"BO-02210","BUS-00982","Ayu Maulana","1971-07-15","ID","10.54","VOTING_RIGHTS","2024-12-22"
"BO-02211","BUS-00983","Hj. Lestari Dewi Ramadhan","1977-06-17","ID","47.74","OWNERSHIP","2025-05-02"
"BO-02212","BUS-00983","Umi Kusuma","1980-10-01","ID","25.98","BOARD_CONTROL","2024-03-05"
"BO-02213","BUS-00983","Indah Permana","1968-03-17","ID","13.58","BOARD_CONTROL","2023-11-20"
"BO-02214","BUS-00983","Drs. Nanda Anggraini","1998-05-11","ID","12.70","VOTING_RIGHTS","2024-05-16"
"BO-02215","BUS-00984","Dra. Vina Ramadhan","1972-05-14","ID","100.00","OWNERSHIP","2024-03-16"
"BO-02216","BUS-00985","Drs. Dian Tono Kusuma","1965-04-25","ID","64.24","VOTING_RIGHTS","2025-09-22"
"BO-02217","BUS-00985","Wulan Zahra Pratama","1996-11-14","ID","25.50","OWNERSHIP","2025-12-11"
"BO-02218","BUS-00985","Yuda Saputra","1972-08-09","ID","10.29","OWNERSHIP","2025-02-28"
"BO-02219","BUS-00986","Drs. Oki Iwan Hidayat","1975-11-01","ID","86.29","BOARD_CONTROL","2023-10-23"
"BO-02220","BUS-00986","Hj. Mega Nugroho","1999-01-05","ID","10.15","VOTING_RIGHTS","2026-01-05"
"BO-02221","BUS-00987","Hj. Siti Nugroho","1965-11-01","ID","81.87","OTHER_SIGNIFICANT_INFLUENCE","2025-01-16"
"BO-02222","BUS-00987","Lestari Simatupang","1975-04-09","ID","18.13","OTHER_SIGNIFICANT_INFLUENCE","2025-10-20"
"BO-02223","BUS-00988","Joko Anggraini","1999-12-12","ID","48.80","VOTING_RIGHTS","2025-05-15"
"BO-02224","BUS-00988","H. Oki Siregar","1985-12-22","ID","51.20","BOARD_CONTROL","2025-09-27"
"BO-02225","BUS-00989","Umi Hartono","1982-03-24","ID","88.94","OWNERSHIP","2025-06-11"
"BO-02226","BUS-00989","Hj. Citra Setiawan","1988-12-13","ID","10.18","OTHER_SIGNIFICANT_INFLUENCE","2026-01-12"
"BO-02227","BUS-00990","Dian Siregar","1980-06-25","ID","20.41","OWNERSHIP","2025-04-17"
"BO-02228","BUS-00990","Adi Nanda Hartono","1957-08-07","ID","12.00","OTHER_SIGNIFICANT_INFLUENCE","2025-01-08"
"BO-02229","BUS-00990","Siti Pratama","1958-05-17","ID","67.59","OWNERSHIP","2026-01-31"
"BO-02230","BUS-00991","Nanda Simatupang","1961-06-04","ID","77.38","VOTING_RIGHTS","2025-07-13"
"BO-02231","BUS-00991","Wahyu Suryadi","1989-10-13","ID","12.22","OTHER_SIGNIFICANT_INFLUENCE","2025-01-09"
"BO-02232","BUS-00991","Iwan Lubis","1981-11-17","ID","10.13","OWNERSHIP","2024-08-30"
"BO-02233","BUS-00992","Oki Suryadi","1966-12-11","ID","51.63","BOARD_CONTROL","2024-12-07"
"BO-02234","BUS-00992","Ir. Citra Mega Hidayat","1979-08-20","ID","48.37","OWNERSHIP","2026-01-14"
"BO-02235","BUS-00993","Adi Gilang Simatupang","1978-05-05","ID","100.00","OWNERSHIP","2024-08-10"
"BO-02236","BUS-00994","Hj. Indah Situmorang","1959-06-14","ID","100.00","BOARD_CONTROL","2026-01-15"
"BO-02237","BUS-00995","Ir. Cahya Oki Saputra","1964-03-25","ID","100.00","OWNERSHIP","2024-01-24"
"BO-02238","BUS-00996","Drs. Oki Dian Lubis","1964-07-10","ID","65.11","VOTING_RIGHTS","2024-04-30"
"BO-02239","BUS-00996","Siti Wijaya","1997-07-01","ID","24.05","OWNERSHIP","2026-01-30"
"BO-02240","BUS-00996","Fajar Pratama","1980-08-15","ID","10.84","VOTING_RIGHTS","2024-01-05"
"BO-02241","BUS-00997","Dian Lubis","1995-09-17","ID","33.63","VOTING_RIGHTS","2023-10-24"
"BO-02242","BUS-00997","Ayu Vina Ramadhan","1968-09-27","ID","66.37","VOTING_RIGHTS","2025-03-30"
"BO-02243","BUS-00998","Dra. Anggun Hidayat","1972-09-25","ID","70.98","VOTING_RIGHTS","2025-09-22"
"BO-02244","BUS-00998","Dian Permana","1997-07-03","ID","10.81","BOARD_CONTROL","2024-09-15"
"BO-02245","BUS-00998","Hj. Dewi Wijaya","1972-02-05","ID","10.27","OWNERSHIP","2025-09-14"
"BO-02246","BUS-00999","Dra. Kartika Maulana","1996-12-21","ID","69.76","VOTING_RIGHTS","2025-08-17"
"BO-02247","BUS-00999","Ir. Wulan Anggraini","1984-10-03","ID","30.24","OWNERSHIP","2024-04-25"
"BO-02248","BUS-01000","Hj. Ayu Hartono","1984-02-10","ID","72.27","OWNERSHIP","2024-06-20"
"BO-02249","BUS-01000","Mega Permana","1976-08-10","ID","27.73","BOARD_CONTROL","2024-01-12"
"BO-02250","BUS-01002","Hj. Wulan Anggun Santoso","1975-01-07","ID","70.39","VOTING_RIGHTS","2026-01-10"
"BO-02251","BUS-01002","Wulan Nugroho","1994-10-21","ID","11.37","VOTING_RIGHTS","2024-05-01"
"BO-02252","BUS-01002","Drs. Nanda Oki Nugroho","1981-12-12","ID","18.24","VOTING_RIGHTS","2024-03-23"
"BO-02253","BUS-01003","Drs. Cahya Eka Anggraini","1961-09-06","ID","25.95","BOARD_CONTROL","2026-01-03"
"BO-02254","BUS-01003","Hadi Suryadi","1957-04-15","ID","58.37","OWNERSHIP","2024-07-15"
"BO-02255","BUS-01003","Dra. Siti Dewi Hartono","1993-10-02","ID","15.68","VOTING_RIGHTS","2026-02-11"
"BO-02256","BUS-01004","Mega Situmorang","1995-07-23","ID","85.87","BOARD_CONTROL","2023-11-09"
"BO-02257","BUS-01004","Hadi Nugroho","1999-05-01","ID","14.13","OTHER_SIGNIFICANT_INFLUENCE","2024-07-06"
"BO-02258","BUS-01006","H. Wahyu Gilang Anggraini","1959-12-21","ID","53.29","BOARD_CONTROL","2024-08-21"
"BO-02259","BUS-01006","Dewi Anggraini","1996-09-28","ID","46.71","OTHER_SIGNIFICANT_INFLUENCE","2024-11-11"
"BO-02260","BUS-01007","Ir. Iwan Lubis","1992-10-28","ID","52.00","BOARD_CONTROL","2026-01-14"
"BO-02261","BUS-01007","Tono Situmorang","1969-12-19","ID","48.00","VOTING_RIGHTS","2024-07-13"
"BO-02262","BUS-01008","Ir. Eka Siregar","1983-12-05","ID","21.92","OTHER_SIGNIFICANT_INFLUENCE","2025-11-07"
"BO-02263","BUS-01008","H. Bayu Hidayat","1980-02-22","ID","20.71","OWNERSHIP","2026-02-12"
"BO-02264","BUS-01008","Ir. Joko Maulana","1960-10-01","ID","57.37","BOARD_CONTROL","2025-04-16"
"BO-02265","BUS-01009","Hj. Umi Hartono","1985-11-15","ID","49.80","BOARD_CONTROL","2024-04-07"
"BO-02266","BUS-01009","Drs. Adi Suryadi","1992-06-03","ID","50.20","OWNERSHIP","2024-11-03"
"BO-02267","BUS-01011","Vina Lubis","1988-09-26","ID","16.04","BOARD_CONTROL","2025-01-08"
"BO-02268","BUS-01011","Iwan Wahyu Siregar","1977-09-12","ID","56.07","OTHER_SIGNIFICANT_INFLUENCE","2025-04-10"
"BO-02269","BUS-01011","H. Eka Adi Permana","1957-11-03","ID","15.81","OWNERSHIP","2024-05-31"
"BO-02270","BUS-01011","Kartika Putri Pratama","1978-02-07","ID","12.08","VOTING_RIGHTS","2024-07-11"
"BO-02271","BUS-01012","Drs. Hadi Adi Lubis","1957-09-26","ID","83.65","OWNERSHIP","2025-09-19"
"BO-02272","BUS-01012","Ir. Joko Permana","1976-02-22","ID","16.35","BOARD_CONTROL","2025-01-01"
"BO-02273","BUS-01013","Ir. Oki Permana","1968-11-11","ID","100.00","VOTING_RIGHTS","2025-02-18"
"BO-02274","BUS-01014","Hj. Citra Kartika Situmorang","1981-03-08","ID","54.00","OWNERSHIP","2025-04-24"
"BO-02275","BUS-01014","Hadi Lubis","1984-08-28","ID","21.19","VOTING_RIGHTS","2026-02-09"
"BO-02276","BUS-01014","Eka Setiawan","1969-03-09","ID","24.81","OWNERSHIP","2026-02-26"
"BO-02277","BUS-01015","Dewi Halim","1986-03-24","ID","33.10","OTHER_SIGNIFICANT_INFLUENCE","2024-04-06"
"BO-02278","BUS-01015","Drs. Tono Siregar","1986-09-09","ID","19.74","BOARD_CONTROL","2023-11-18"
"BO-02279","BUS-01015","Ir. Bagus Maulana","1963-04-28","ID","16.96","VOTING_RIGHTS","2024-07-22"
"BO-02280","BUS-01015","Anggun Siti Santoso","1962-03-27","ID","30.20","OWNERSHIP","2025-02-09"
"BO-02281","BUS-01016","Dian Gunawan","1984-01-03","ID","11.03","OWNERSHIP","2025-07-20"
"BO-02282","BUS-01016","Siti Permana","1963-04-27","ID","88.97","OWNERSHIP","2025-11-02"
"BO-02283","BUS-01017","Vina Siregar","1998-05-03","ID","89.51","OTHER_SIGNIFICANT_INFLUENCE","2025-07-16"
"BO-02284","BUS-01017","Lestari Hidayat","1996-07-13","ID","10.83","VOTING_RIGHTS","2024-09-02"
"BO-02285","BUS-01018","Indah Lubis","1964-01-02","ID","86.98","BOARD_CONTROL","2025-03-15"
"BO-02286","BUS-01018","Dra. Kartika Dewi Anggraini","1975-04-01","ID","10.29","OTHER_SIGNIFICANT_INFLUENCE","2025-03-18"
"BO-02287","BUS-01020","Lestari Lestari Maulana","1969-02-19","ID","43.05","VOTING_RIGHTS","2025-12-19"
"BO-02288","BUS-01020","Dewi Sari Nugroho","1961-09-01","ID","13.00","BOARD_CONTROL","2024-04-26"
"BO-02289","BUS-01020","Ir. Bagus Hidayat","1996-06-08","ID","29.69","OTHER_SIGNIFICANT_INFLUENCE","2025-11-09"
"BO-02290","BUS-01020","Bayu Anggraini","1978-09-14","ID","14.26","VOTING_RIGHTS","2025-12-12"
"BO-02291","BUS-01021","Nanda Saputra","1989-09-12","ID","71.92","OTHER_SIGNIFICANT_INFLUENCE","2024-11-27"
"BO-02292","BUS-01021","Wahyu Gunawan","1995-08-04","ID","13.24","BOARD_CONTROL","2026-01-16"
"BO-02293","BUS-01021","Siti Anggun Ramadhan","1998-07-10","ID","14.84","OWNERSHIP","2025-12-06"
"BO-02294","BUS-01022","Hj. Kartika Zahra Hartono","1993-01-21","ID","55.80","OWNERSHIP","2025-06-25"
"BO-02295","BUS-01022","Drs. Joko Ramadhan","1972-02-23","ID","44.20","OWNERSHIP","2025-06-18"
"BO-02296","BUS-01023","Gilang Situmorang","1978-12-10","ID","41.89","VOTING_RIGHTS","2024-05-23"
"BO-02297","BUS-01023","Nanda Suryadi","1989-04-12","ID","58.11","OTHER_SIGNIFICANT_INFLUENCE","2025-07-15"
"BO-02298","BUS-01024","Ir. Citra Rina Situmorang","1961-08-20","ID","100.00","BOARD_CONTROL","2025-02-20"
"BO-02299","BUS-01025","Rahmat Dian Wijaya","1974-06-16","ID","28.95","VOTING_RIGHTS","2024-10-20"
"BO-02300","BUS-01025","Fajar Kusuma","1973-05-20","ID","52.24","BOARD_CONTROL","2025-05-28"
"BO-02301","BUS-01025","Adi Eka Ramadhan","1994-04-02","ID","18.81","VOTING_RIGHTS","2026-01-18"
"BO-02302","BUS-01026","Ir. Vina Suryadi","1957-03-07","ID","20.04","OWNERSHIP","2026-01-08"
"BO-02303","BUS-01026","Drs. Wahyu Simatupang","1973-04-04","ID","79.96","BOARD_CONTROL","2026-01-10"
"BO-02304","BUS-01027","Joko Setiawan","1967-01-07","ID","51.14","OTHER_SIGNIFICANT_INFLUENCE","2024-10-28"
"BO-02305","BUS-01027","Ayu Dewi Hartono","1958-03-20","ID","25.84","VOTING_RIGHTS","2024-11-02"
"BO-02306","BUS-01027","Hj. Dewi Anggun Permana","1976-03-25","ID","23.02","OWNERSHIP","2025-05-19"
"BO-02307","BUS-01028","Hj. Dewi Anggraini","1997-05-17","ID","61.38","VOTING_RIGHTS","2024-11-08"
"BO-02308","BUS-01028","Eka Cahya Suryadi","1972-04-16","ID","12.32","OTHER_SIGNIFICANT_INFLUENCE","2024-10-08"
"BO-02309","BUS-01028","Ir. Nanda Oki Maulana","1976-10-04","ID","14.13","OTHER_SIGNIFICANT_INFLUENCE","2024-02-29"
"BO-02310","BUS-01028","Rina Santoso","1966-02-26","ID","12.17","OWNERSHIP","2025-10-13"
"BO-02311","BUS-01029","Ir. Zahra Kartika Saputra","1999-10-01","ID","80.40","VOTING_RIGHTS","2026-01-19"
"BO-02312","BUS-01029","Drs. Bayu Pratama","1977-02-07","ID","10.26","VOTING_RIGHTS","2025-07-02"
"BO-02313","BUS-01030","Drs. Nanda Siregar","1985-01-05","ID","100.00","OWNERSHIP","2025-03-10"
"BO-02314","BUS-01032","Dian Gunawan","1961-01-05","ID","18.93","BOARD_CONTROL","2025-01-27"
"BO-02315","BUS-01032","Dian Gunawan","1994-06-12","ID","18.19","VOTING_RIGHTS","2023-12-26"
"BO-02316","BUS-01032","Drs. Dian Kusuma","1970-05-18","ID","24.51","VOTING_RIGHTS","2024-10-04"
"BO-02317","BUS-01032","Iwan Setiawan","1958-03-16","ID","38.37","BOARD_CONTROL","2024-09-05"
"BO-02318","BUS-01035","Hj. Ayu Hidayat","1976-08-15","ID","51.77","VOTING_RIGHTS","2025-05-25"
"BO-02319","BUS-01035","Gita Situmorang","1983-11-08","ID","15.95","OTHER_SIGNIFICANT_INFLUENCE","2025-08-25"
"BO-02320","BUS-01035","Joko Eka Wijaya","1983-02-03","ID","20.26","OTHER_SIGNIFICANT_INFLUENCE","2026-01-16"
"BO-02321","BUS-01035","Ir. Bayu Setiawan","1975-06-22","ID","12.02","VOTING_RIGHTS","2025-01-21"
"BO-02322","BUS-01036","Drs. Yuda Hadi Siregar","1974-01-02","ID","11.51","BOARD_CONTROL","2024-05-28"
"BO-02323","BUS-01036","Bagus Suryadi","1961-02-08","ID","88.49","OTHER_SIGNIFICANT_INFLUENCE","2024-12-29"
"BO-02324","BUS-01037","H. Fajar Situmorang","1961-12-09","ID","39.45","OWNERSHIP","2025-08-14"
"BO-02325","BUS-01037","Zahra Ayu Saputra","1980-10-13","ID","35.06","OWNERSHIP","2024-08-05"
"BO-02326","BUS-01037","Hadi Simatupang","1981-12-26","ID","25.49","OWNERSHIP","2025-09-03"
"BO-02327","BUS-01038","Oki Setiawan","1970-01-26","ID","100.00","OWNERSHIP","2024-09-06"
"BO-02328","BUS-01039","Dian Fajar Simatupang","1996-02-05","ID","73.56","VOTING_RIGHTS","2024-03-10"
"BO-02329","BUS-01039","H. Dian Setiawan","1995-05-19","ID","11.21","OWNERSHIP","2024-01-30"
"BO-02330","BUS-01039","Hj. Rina Ramadhan","1962-09-01","ID","15.23","OTHER_SIGNIFICANT_INFLUENCE","2024-08-30"
"BO-02331","BUS-01040","Ir. Lestari Sari Santoso","1964-03-09","ID","73.02","VOTING_RIGHTS","2023-10-31"
"BO-02332","BUS-01040","Hj. Anggun Maulana","1963-09-27","ID","11.97","OWNERSHIP","2024-10-08"
"BO-02333","BUS-01040","Dra. Dewi Gunawan","1975-12-27","ID","10.34","OTHER_SIGNIFICANT_INFLUENCE","2025-03-13"
"BO-02334","BUS-01041","Rina Suryadi","1984-03-18","ID","50.86","BOARD_CONTROL","2024-08-16"
"BO-02335","BUS-01041","Ir. Dewi Wijaya","1992-06-21","ID","13.70","OTHER_SIGNIFICANT_INFLUENCE","2024-02-01"
"BO-02336","BUS-01041","Gita Santoso","1996-02-11","ID","35.44","BOARD_CONTROL","2023-12-25"
"BO-02337","BUS-01042","Gilang Kusuma","1970-11-14","ID","73.70","VOTING_RIGHTS","2024-04-01"
"BO-02338","BUS-01042","Drs. Bagus Iwan Suryadi","1958-07-16","ID","13.77","OTHER_SIGNIFICANT_INFLUENCE","2024-02-18"
"BO-02339","BUS-01042","Ir. Vina Hartono","1998-04-23","ID","10.22","OWNERSHIP","2024-01-30"
"BO-02340","BUS-01043","Dra. Sari Pratama","1970-03-11","ID","100.00","OWNERSHIP","2025-06-16"
"BO-02341","BUS-01044","Ir. Gilang Saputra","1969-04-06","ID","26.72","OWNERSHIP","2023-12-07"
"BO-02342","BUS-01044","Ir. Dewi Lubis","1961-11-16","ID","26.63","OTHER_SIGNIFICANT_INFLUENCE","2025-12-09"
"BO-02343","BUS-01044","Vina Maulana","1955-08-07","ID","17.22","OWNERSHIP","2025-10-14"
"BO-02344","BUS-01044","Ir. Ayu Suryadi","1998-01-07","ID","29.43","BOARD_CONTROL","2023-10-28"
"BO-02345","BUS-01045","Zahra Wijaya","1958-06-21","ID","100.00","VOTING_RIGHTS","2025-02-02"
"BO-02346","BUS-01046","Rahmat Suryadi","1963-09-15","ID","100.00","OWNERSHIP","2025-10-22"
"BO-02347","BUS-01047","Wahyu Gunawan","1967-01-14","ID","23.38","BOARD_CONTROL","2024-05-26"
"BO-02348","BUS-01047","Ayu Nugroho","1973-07-12","ID","76.62","VOTING_RIGHTS","2025-04-01"
"BO-02349","BUS-01048","Adi Gunawan","1986-02-07","ID","47.12","OWNERSHIP","2024-09-25"
"BO-02350","BUS-01048","Sari Kusuma","1993-03-03","ID","41.86","BOARD_CONTROL","2024-05-18"
"BO-02351","BUS-01048","Dra. Citra Mega Wijaya","1973-04-16","ID","11.02","OWNERSHIP","2025-12-26"
"BO-02352","BUS-01049","Ir. Putri Santoso","1999-03-07","ID","57.84","OTHER_SIGNIFICANT_INFLUENCE","2025-06-14"
"BO-02353","BUS-01049","Nanda Wahyu Pratama","1976-03-19","ID","24.82","OTHER_SIGNIFICANT_INFLUENCE","2026-03-01"
"BO-02354","BUS-01049","Kartika Anggraini","1983-08-11","ID","10.59","OWNERSHIP","2026-01-16"
"BO-02355","BUS-01050","Hadi Situmorang","1995-12-11","ID","60.99","VOTING_RIGHTS","2024-08-03"
"BO-02356","BUS-01050","Putri Maulana","1969-04-23","ID","26.21","BOARD_CONTROL","2025-11-26"
"BO-02357","BUS-01050","Cahya Siregar","1962-07-08","ID","10.55","OWNERSHIP","2025-08-27"
"BO-02358","BUS-01051","Ir. Hadi Hartono","1998-08-26","ID","100.00","BOARD_CONTROL","2026-02-03"
"BO-02359","BUS-01052","Wulan Gita Permana","1964-07-07","ID","27.71","VOTING_RIGHTS","2024-12-01"
"BO-02360","BUS-01052","Umi Nugroho","1987-02-23","ID","72.29","OTHER_SIGNIFICANT_INFLUENCE","2024-11-14"
"BO-02361","BUS-01054","Sari Sari Ramadhan","1974-10-06","ID","59.08","OTHER_SIGNIFICANT_INFLUENCE","2024-01-07"
"BO-02362","BUS-01054","Siti Dewi Anggraini","1977-06-28","ID","11.27","OTHER_SIGNIFICANT_INFLUENCE","2024-10-23"
"BO-02363","BUS-01054","Oki Lubis","1976-06-20","ID","16.48","VOTING_RIGHTS","2025-04-03"
"BO-02364","BUS-01054","H. Fajar Santoso","1962-03-12","ID","13.17","OTHER_SIGNIFICANT_INFLUENCE","2025-04-12"
"BO-02365","BUS-01055","Eka Gilang Suryadi","1963-08-09","ID","100.00","VOTING_RIGHTS","2025-12-20"
"BO-02366","BUS-01056","Hj. Citra Permana","1968-01-14","ID","39.55","OWNERSHIP","2025-11-26"
"BO-02367","BUS-01056","Lestari Gunawan","1974-03-06","ID","60.45","BOARD_CONTROL","2026-01-05"
"BO-02368","BUS-01057","Kartika Halim","1999-04-13","ID","70.64","OWNERSHIP","2024-11-03"
"BO-02369","BUS-01057","Tono Halim","1984-10-15","ID","29.36","VOTING_RIGHTS","2025-10-18"
"BO-02370","BUS-01058","Dian Maulana","1982-07-23","ID","78.44","BOARD_CONTROL","2024-06-06"
"BO-02371","BUS-01058","Hj. Gita Saputra","1958-05-23","ID","10.95","VOTING_RIGHTS","2024-04-08"
"BO-02372","BUS-01058","Mega Kusuma","1961-01-13","ID","10.49","OWNERSHIP","2024-07-21"
"BO-02373","BUS-01059","Ir. Joko Lubis","1999-09-15","ID","100.00","OTHER_SIGNIFICANT_INFLUENCE","2026-02-27"
"BO-02374","BUS-01060","Ir. Citra Suryadi","1998-06-06","ID","19.95","OWNERSHIP","2025-03-07"
"BO-02375","BUS-01060","Nanda Hidayat","1992-08-19","ID","32.82","OTHER_SIGNIFICANT_INFLUENCE","2026-02-12"
"BO-02376","BUS-01060","Citra Gita Gunawan","1970-02-18","ID","47.23","VOTING_RIGHTS","2023-12-30"
"BO-02377","BUS-01061","Hj. Vina Pratama","1996-05-25","ID","11.45","BOARD_CONTROL","2024-07-18"
"BO-02378","BUS-01061","Hj. Kartika Gunawan","1987-02-26","ID","34.81","OWNERSHIP","2025-11-27"
"BO-02379","BUS-01061","Tono Lubis","1966-05-08","ID","43.45","VOTING_RIGHTS","2026-01-17"
"BO-02380","BUS-01061","H. Dian Anggraini","1969-09-27","ID","10.29","VOTING_RIGHTS","2025-06-29"
"BO-02381","BUS-01062","Eka Gilang Halim","1968-06-25","ID","39.77","BOARD_CONTROL","2025-12-10"
"BO-02382","BUS-01062","Joko Santoso","1996-06-27","ID","34.13","VOTING_RIGHTS","2024-09-25"
"BO-02383","BUS-01062","Nanda Rahmat Halim","1977-03-15","ID","15.90","OTHER_SIGNIFICANT_INFLUENCE","2025-10-28"
"BO-02384","BUS-01062","Gilang Saputra","1977-10-21","ID","10.20","OTHER_SIGNIFICANT_INFLUENCE","2025-03-25"
"BO-02385","BUS-01063","Gita Ramadhan","1989-10-22","ID","100.00","OWNERSHIP","2024-01-29"
"BO-02386","BUS-01064","Drs. Nanda Nugroho","1958-02-14","ID","100.00","OTHER_SIGNIFICANT_INFLUENCE","2024-08-31"
"BO-02387","BUS-01065","Hj. Gita Wijaya","1992-01-27","ID","100.00","VOTING_RIGHTS","2024-04-09"
"BO-02388","BUS-01066","Zahra Sari Saputra","1988-05-15","ID","28.01","OWNERSHIP","2025-06-11"
"BO-02389","BUS-01066","Rina Anggraini","1986-08-04","ID","25.30","OWNERSHIP","2025-05-10"
"BO-02390","BUS-01066","Dian Santoso","1966-08-23","ID","46.69","OTHER_SIGNIFICANT_INFLUENCE","2025-09-26"
"BO-02391","BUS-01067","Drs. Wahyu Wahyu Permana","1990-12-24","ID","78.35","BOARD_CONTROL","2026-02-17"
"BO-02392","BUS-01067","Mega Ramadhan","1979-12-01","ID","11.04","BOARD_CONTROL","2025-09-29"
"BO-02393","BUS-01067","Ayu Siregar","1971-09-02","ID","10.61","OWNERSHIP","2025-06-09"
"BO-02394","BUS-01068","Vina Suryadi","1959-07-18","ID","100.00","OTHER_SIGNIFICANT_INFLUENCE","2025-12-06"
"BO-02395","BUS-01069","Dra. Putri Kusuma","1978-11-13","ID","80.75","OWNERSHIP","2023-11-06"
"BO-02396","BUS-01069","Wulan Maulana","1971-01-20","ID","10.54","BOARD_CONTROL","2024-11-27"
"BO-02397","BUS-01070","Gilang Siregar","1959-02-26","ID","100.00","BOARD_CONTROL","2025-05-23"
"BO-02398","BUS-01071","Citra Dewi Siregar","1966-05-28","ID","77.41","OTHER_SIGNIFICANT_INFLUENCE","2024-04-18"
"BO-02399","BUS-01071","Gita Pratama","1963-12-17","ID","22.59","VOTING_RIGHTS","2024-10-30"
"BO-02400","BUS-01072","Nanda Hartono","1979-12-21","ID","36.96","OTHER_SIGNIFICANT_INFLUENCE","2023-11-09"
"BO-02401","BUS-01072","Hj. Lestari Halim","1978-06-04","ID","63.04","OTHER_SIGNIFICANT_INFLUENCE","2024-04-28"
"BO-02402","BUS-01073","Hadi Saputra","1972-12-15","ID","37.16","OWNERSHIP","2026-02-06"
"BO-02403","BUS-01073","Ir. Kartika Gunawan","1996-06-20","ID","62.84","OWNERSHIP","2024-09-20"
"BO-02404","BUS-01074","Rahmat Saputra","1969-09-11","ID","29.63","OTHER_SIGNIFICANT_INFLUENCE","2025-09-23"
"BO-02405","BUS-01074","Dra. Anggun Situmorang","1957-02-11","ID","21.54","OTHER_SIGNIFICANT_INFLUENCE","2025-02-18"
"BO-02406","BUS-01074","Umi Putri Setiawan","1997-06-06","ID","48.83","VOTING_RIGHTS","2025-05-20"
"BO-02407","BUS-01075","Wahyu Suryadi","1958-04-24","ID","100.00","OWNERSHIP","2025-10-15"
"BO-02408","BUS-01077","Drs. Eka Bagus Permana","1973-08-18","ID","100.00","OWNERSHIP","2024-03-04"
"BO-02409","BUS-01078","Umi Vina Simatupang","1986-08-05","ID","39.75","VOTING_RIGHTS","2026-02-07"
"BO-02410","BUS-01078","Siti Setiawan","1993-05-21","ID","60.25","OWNERSHIP","2024-02-20"
"BO-02411","BUS-01079","Rahmat Pratama","1980-06-11","ID","49.19","VOTING_RIGHTS","2025-10-08"
"BO-02412","BUS-01079","Dra. Mega Suryadi","1987-05-22","ID","27.17","OTHER_SIGNIFICANT_INFLUENCE","2024-11-19"
"BO-02413","BUS-01079","Hadi Saputra","1977-11-08","ID","12.38","BOARD_CONTROL","2024-08-01"
"BO-02414","BUS-01079","Dra. Dewi Simatupang","1963-11-12","ID","11.26","BOARD_CONTROL","2025-06-27"
"BO-02415","BUS-01080","Hj. Sari Mega Saputra","1955-04-08","ID","21.90","BOARD_CONTROL","2025-10-09"
"BO-02416","BUS-01080","Putri Gunawan","1970-08-05","ID","33.97","BOARD_CONTROL","2025-12-09"
"BO-02417","BUS-01080","Drs. Rahmat Anggraini","1977-09-17","ID","44.13","OTHER_SIGNIFICANT_INFLUENCE","2024-12-30"
"BO-02418","BUS-01081","Mega Setiawan","1966-10-20","ID","66.55","BOARD_CONTROL","2024-06-16"
"BO-02419","BUS-01081","Adi Maulana","1971-07-26","ID","16.92","BOARD_CONTROL","2023-10-20"
"BO-02420","BUS-01081","Siti Anggraini","1978-12-09","ID","16.53","VOTING_RIGHTS","2025-10-03"
"BO-02421","BUS-01082","Gilang Tono Siregar","1965-08-19","ID","100.00","VOTING_RIGHTS","2024-01-04"
"BO-02422","BUS-01083","Ayu Kusuma","1965-02-27","ID","33.09","OWNERSHIP","2025-09-20"
"BO-02423","BUS-01083","Lestari Hartono","1960-11-10","ID","66.91","BOARD_CONTROL","2026-02-06"
"BO-02424","BUS-01084","Bayu Nugroho","1992-08-10","ID","81.55","OWNERSHIP","2025-03-09"
"BO-02425","BUS-01084","Fajar Suryadi","1958-03-10","ID","10.19","OTHER_SIGNIFICANT_INFLUENCE","2023-12-14"
"BO-02426","BUS-01086","Ir. Indah Permana","1968-05-26","ID","43.33","VOTING_RIGHTS","2025-12-31"
"BO-02427","BUS-01086","Dian Gilang Wijaya","1982-09-28","ID","44.06","BOARD_CONTROL","2025-09-30"
"BO-02428","BUS-01086","Bayu Permana","1960-01-11","ID","11.00","OWNERSHIP","2023-11-03"
"BO-02429","BUS-01087","Ir. Cahya Nugroho","1975-04-12","ID","81.64","OWNERSHIP","2025-09-25"
"BO-02430","BUS-01087","Bagus Situmorang","1967-04-15","ID","10.50","VOTING_RIGHTS","2024-03-09"
"BO-02431","BUS-01088","Wahyu Permana","1960-02-24","ID","13.76","OTHER_SIGNIFICANT_INFLUENCE","2026-01-24"
"BO-02432","BUS-01088","Dewi Sari Gunawan","1975-05-02","ID","86.24","VOTING_RIGHTS","2024-02-21"
"BO-02433","BUS-01089","H. Cahya Tono Nugroho","1971-11-28","ID","41.70","OWNERSHIP","2026-03-02"
"BO-02434","BUS-01089","Tono Lubis","1985-07-15","ID","46.42","OTHER_SIGNIFICANT_INFLUENCE","2024-05-25"
"BO-02435","BUS-01089","Hj. Mega Hartono","1968-03-09","ID","10.24","BOARD_CONTROL","2025-01-10"
"BO-02436","BUS-01090","Zahra Santoso","1975-02-25","ID","51.02","VOTING_RIGHTS","2024-06-22"
"BO-02437","BUS-01090","Wahyu Lubis","1983-10-13","ID","13.99","VOTING_RIGHTS","2024-12-09"
"BO-02438","BUS-01090","Ir. Wulan Hartono","1967-03-11","ID","34.99","OWNERSHIP","2024-02-20"
"BO-02439","BUS-01091","Rina Situmorang","1963-05-06","ID","72.15","OTHER_SIGNIFICANT_INFLUENCE","2024-11-17"
"BO-02440","BUS-01091","Zahra Kusuma","1959-02-10","ID","10.32","OTHER_SIGNIFICANT_INFLUENCE","2024-01-08"
"BO-02441","BUS-01091","Anggun Permana","1981-01-27","ID","10.25","VOTING_RIGHTS","2024-06-17"
"BO-02442","BUS-01092","Gita Hartono","1970-02-15","ID","20.39","OTHER_SIGNIFICANT_INFLUENCE","2024-03-20"
"BO-02443","BUS-01092","Drs. Iwan Anggraini","1958-06-10","ID","58.91","BOARD_CONTROL","2025-01-22"
"BO-02444","BUS-01092","Eka Anggraini","1990-06-04","ID","10.41","OWNERSHIP","2024-10-03"
"BO-02445","BUS-01092","Eka Santoso","1960-10-04","ID","10.29","VOTING_RIGHTS","2025-02-13"
"BO-02446","BUS-01093","Dra. Vina Permana","1968-10-15","ID","100.00","BOARD_CONTROL","2023-11-18"
"BO-02447","BUS-01094","H. Dian Pratama","1999-09-06","ID","25.52","OTHER_SIGNIFICANT_INFLUENCE","2025-10-26"
"BO-02448","BUS-01094","Dra. Kartika Suryadi","1992-01-05","ID","18.89","OTHER_SIGNIFICANT_INFLUENCE","2025-09-10"
"BO-02449","BUS-01094","Anggun Hidayat","1976-04-23","ID","55.59","OWNERSHIP","2026-01-20"
"BO-02450","BUS-01095","Dra. Dewi Indah Halim","1957-08-06","ID","78.35","OTHER_SIGNIFICANT_INFLUENCE","2025-05-03"
"BO-02451","BUS-01095","Dewi Siti Kusuma","1992-08-26","ID","10.66","OWNERSHIP","2024-04-28"
"BO-02452","BUS-01095","Wahyu Dian Kusuma","1972-04-05","ID","10.41","BOARD_CONTROL","2025-09-14"
"BO-02453","BUS-01096","H. Adi Santoso","1978-01-16","ID","55.65","OTHER_SIGNIFICANT_INFLUENCE","2024-09-08"
"BO-02454","BUS-01096","Fajar Simatupang","1964-04-16","ID","29.68","VOTING_RIGHTS","2024-09-12"
"BO-02455","BUS-01096","Yuda Wahyu Lubis","1989-08-27","ID","14.67","VOTING_RIGHTS","2024-02-05"
"BO-02456","BUS-01097","Nanda Iwan Kusuma","1988-04-08","ID","15.11","OTHER_SIGNIFICANT_INFLUENCE","2025-02-22"
"BO-02457","BUS-01097","Cahya Siregar","1977-02-11","ID","40.58","OTHER_SIGNIFICANT_INFLUENCE","2024-04-28"
"BO-02458","BUS-01097","H. Rahmat Cahya Saputra","1976-08-22","ID","44.31","BOARD_CONTROL","2025-07-13"
"BO-02459","BUS-01098","Drs. Rahmat Simatupang","1962-02-24","ID","22.34","OTHER_SIGNIFICANT_INFLUENCE","2026-02-03"
"BO-02460","BUS-01098","Adi Ramadhan","1958-10-08","ID","77.66","OTHER_SIGNIFICANT_INFLUENCE","2025-02-06"
"BO-02461","BUS-01099","Ir. Putri Wijaya","1995-10-17","ID","68.61","BOARD_CONTROL","2023-11-29"
"BO-02462","BUS-01099","Siti Dewi Siregar","1997-12-27","ID","20.72","OTHER_SIGNIFICANT_INFLUENCE","2025-11-26"
"BO-02463","BUS-01099","Indah Wijaya","1978-02-17","ID","10.59","VOTING_RIGHTS","2024-07-10"
"BO-02464","BUS-01100","Gilang Suryadi","1964-12-22","ID","63.88","OWNERSHIP","2025-01-27"
"BO-02465","BUS-01100","Anggun Wijaya","1979-01-03","ID","15.09","OWNERSHIP","2026-01-20"
"BO-02466","BUS-01100","Hj. Anggun Setiawan","1976-06-13","ID","10.24","BOARD_CONTROL","2025-09-15"
"BO-02467","BUS-01100","Ir. Tono Simatupang","1967-06-24","ID","10.79","VOTING_RIGHTS","2025-10-27"
"BO-02468","BUS-01101","Ir. Putri Kusuma","1998-01-20","ID","100.00","OWNERSHIP","2025-11-13"
"BO-02469","BUS-01102","Ir. Nanda Halim","1992-01-14","ID","89.29","VOTING_RIGHTS","2025-11-17"
"BO-02470","BUS-01102","Wahyu Tono Permana","1964-12-15","ID","10.36","OWNERSHIP","2025-06-24"
"BO-02471","BUS-01103","Drs. Bayu Kusuma","1963-07-09","ID","22.83","BOARD_CONTROL","2024-06-20"
"BO-02472","BUS-01103","Nanda Siregar","1957-09-11","ID","49.80","BOARD_CONTROL","2025-03-05"
"BO-02473","BUS-01103","Mega Santoso","1982-06-15","ID","27.37","VOTING_RIGHTS","2026-01-10"
"BO-02474","BUS-01104","Zahra Lubis","1975-09-19","ID","26.29","OTHER_SIGNIFICANT_INFLUENCE","2026-01-06"
"BO-02475","BUS-01104","Dian Nanda Suryadi","1964-06-28","ID","22.56","VOTING_RIGHTS","2026-02-08"
"BO-02476","BUS-01104","Ir. Fajar Suryadi","1964-02-16","ID","35.30","OTHER_SIGNIFICANT_INFLUENCE","2024-02-06"
"BO-02477","BUS-01104","Hj. Vina Permana","1963-06-22","ID","15.85","OTHER_SIGNIFICANT_INFLUENCE","2023-10-20"
"BO-02478","BUS-01105","Anggun Lubis","1967-02-13","ID","45.61","OTHER_SIGNIFICANT_INFLUENCE","2024-11-20"
"BO-02479","BUS-01105","Tono Anggraini","1976-08-22","ID","54.39","OWNERSHIP","2025-03-29"
"BO-02480","BUS-01106","Mega Ramadhan","1990-12-28","ID","52.87","OWNERSHIP","2024-08-06"
"BO-02481","BUS-01106","Ir. Anggun Saputra","1964-12-07","ID","20.94","OWNERSHIP","2025-12-11"
"BO-02482","BUS-01106","Ir. Dian Simatupang","1975-04-09","ID","26.19","BOARD_CONTROL","2025-09-22"
"BO-02483","BUS-01107","Drs. Adi Wijaya","1972-11-21","ID","58.10","OTHER_SIGNIFICANT_INFLUENCE","2024-09-07"
"BO-02484","BUS-01107","Fajar Rahmat Hidayat","1981-02-26","ID","18.83","BOARD_CONTROL","2025-06-19"
"BO-02485","BUS-01107","Drs. Rahmat Lubis","1990-03-20","ID","10.03","VOTING_RIGHTS","2026-01-14"
"BO-02486","BUS-01107","Ayu Hidayat","1961-12-06","ID","13.04","BOARD_CONTROL","2025-07-05"
"BO-02487","BUS-01108","Hj. Putri Setiawan","1958-04-17","ID","100.00","OWNERSHIP","2024-05-31"
"BO-02488","BUS-01109","Ir. Rina Suryadi","1966-02-20","ID","84.56","OTHER_SIGNIFICANT_INFLUENCE","2024-04-04"
"BO-02489","BUS-01109","Ir. Citra Rina Simatupang","1960-12-19","ID","10.95","VOTING_RIGHTS","2024-04-01"
"BO-02490","BUS-01110","Rina Indah Santoso","1966-06-20","ID","28.65","OWNERSHIP","2026-02-21"
"BO-02491","BUS-01110","Dian Dian Saputra","1997-09-19","ID","36.44","OTHER_SIGNIFICANT_INFLUENCE","2024-11-14"
"BO-02492","BUS-01110","Ir. Ayu Zahra Nugroho","1998-10-26","ID","34.91","VOTING_RIGHTS","2025-08-22"
"BO-02493","BUS-01111","Drs. Nanda Rahmat Ramadhan","1992-06-12","ID","15.84","OWNERSHIP","2024-05-18"
"BO-02494","BUS-01111","Hj. Zahra Hartono","1969-12-08","ID","17.95","BOARD_CONTROL","2024-09-22"
"BO-02495","BUS-01111","Hj. Anggun Pratama","1956-12-03","ID","32.88","OWNERSHIP","2024-12-03"
"BO-02496","BUS-01111","Ir. Eka Lubis","1998-12-09","ID","33.33","OTHER_SIGNIFICANT_INFLUENCE","2024-02-13"
"BO-02497","BUS-01112","Ir. Gilang Simatupang","1960-09-17","ID","13.87","OWNERSHIP","2023-12-14"
"BO-02498","BUS-01112","Dra. Vina Hartono","1991-01-07","ID","71.15","OWNERSHIP","2024-12-21"
"BO-02499","BUS-01112","Dra. Indah Santoso","1966-06-23","ID","10.43","OTHER_SIGNIFICANT_INFLUENCE","2025-10-26"
"BO-02500","BUS-01113","Siti Sari Wijaya","1976-03-22","ID","73.46","VOTING_RIGHTS","2025-07-02"
"BO-02501","BUS-01113","Ir. Putri Permana","1959-02-13","ID","15.61","BOARD_CONTROL","2025-06-02"
"BO-02502","BUS-01113","Indah Hartono","1980-06-25","ID","10.96","OWNERSHIP","2024-08-04"
"BO-02503","BUS-01114","Hadi Wijaya","1971-07-26","ID","12.61","OWNERSHIP","2025-04-09"
"BO-02504","BUS-01114","Hj. Wulan Ramadhan","1980-01-01","ID","14.45","OTHER_SIGNIFICANT_INFLUENCE","2025-02-12"
"BO-02505","BUS-01114","Yuda Hidayat","1988-03-27","ID","72.94","VOTING_RIGHTS","2024-06-22"
"BO-02506","BUS-01116","Drs. Fajar Eka Suryadi","1989-07-19","ID","17.51","BOARD_CONTROL","2025-08-14"
"BO-02507","BUS-01116","Bagus Setiawan","1990-09-26","ID","45.33","VOTING_RIGHTS","2025-06-05"
"BO-02508","BUS-01116","Siti Putri Kusuma","1965-04-19","ID","37.16","OTHER_SIGNIFICANT_INFLUENCE","2025-03-24"
"BO-02509","BUS-01117","Umi Saputra","1978-08-17","ID","18.11","BOARD_CONTROL","2025-04-11"
"BO-02510","BUS-01117","Dra. Gita Halim","1959-12-18","ID","81.89","BOARD_CONTROL","2023-11-06"
"BO-02511","BUS-01118","Putri Halim","1974-06-06","ID","100.00","OTHER_SIGNIFICANT_INFLUENCE","2024-10-08"
"BO-02512","BUS-01119","Umi Simatupang","1989-04-24","ID","30.85","OTHER_SIGNIFICANT_INFLUENCE","2026-01-09"
"BO-02513","BUS-01119","Siti Permana","1962-12-09","ID","34.83","OTHER_SIGNIFICANT_INFLUENCE","2024-08-25"
"BO-02514","BUS-01119","Drs. Fajar Situmorang","1975-12-25","ID","34.32","VOTING_RIGHTS","2024-12-19"
"BO-02515","BUS-01120","Dra. Putri Pratama","1958-10-08","ID","54.13","OWNERSHIP","2024-07-16"
"BO-02516","BUS-01120","Umi Maulana","1998-08-25","ID","13.25","OWNERSHIP","2024-09-15"
"BO-02517","BUS-01120","H. Iwan Simatupang","1985-12-13","ID","32.62","OTHER_SIGNIFICANT_INFLUENCE","2025-09-05"
"BO-02518","BUS-01121","Drs. Rahmat Halim","1969-06-26","ID","60.97","VOTING_RIGHTS","2023-12-30"
"BO-02519","BUS-01121","Citra Citra Permana","1977-05-03","ID","26.96","BOARD_CONTROL","2023-10-15"
"BO-02520","BUS-01121","Wahyu Lubis","1958-05-17","ID","12.07","BOARD_CONTROL","2026-03-01"
"BO-02521","BUS-01122","Ayu Kusuma","1969-04-15","ID","48.54","OTHER_SIGNIFICANT_INFLUENCE","2023-12-14"
"BO-02522","BUS-01122","Ir. Fajar Situmorang","1976-07-05","ID","51.46","BOARD_CONTROL","2024-04-28"
"BO-02523","BUS-01123","Drs. Bayu Anggraini","1981-01-06","ID","100.00","VOTING_RIGHTS","2025-05-24"
"BO-02524","BUS-01124","Lestari Gunawan","1964-04-12","ID","49.04","OTHER_SIGNIFICANT_INFLUENCE","2024-02-12"
"BO-02525","BUS-01124","Indah Gunawan","1997-01-25","ID","50.96","OTHER_SIGNIFICANT_INFLUENCE","2025-08-06"
"BO-02526","BUS-01125","H. Tono Maulana","1986-09-23","ID","40.12","OTHER_SIGNIFICANT_INFLUENCE","2023-12-24"
"BO-02527","BUS-01125","Sari Sari Ramadhan","1959-05-10","ID","10.55","BOARD_CONTROL","2024-10-23"
"BO-02528","BUS-01125","Drs. Nanda Hidayat","1987-09-18","ID","49.33","VOTING_RIGHTS","2025-02-24"
"BO-02529","BUS-01126","Vina Maulana","1967-10-08","ID","100.00","BOARD_CONTROL","2024-08-25"
"BO-02530","BUS-01127","Dra. Ayu Suryadi","1978-11-28","ID","73.32","OWNERSHIP","2025-12-10"
"BO-02531","BUS-01127","Dra. Putri Wulan Situmorang","1962-09-01","ID","13.47","VOTING_RIGHTS","2025-09-19"
"BO-02532","BUS-01127","Fajar Setiawan","1989-04-21","ID","10.19","BOARD_CONTROL","2025-04-25"
"BO-02533","BUS-01128","Iwan Ramadhan","1961-02-17","ID","56.87","BOARD_CONTROL","2023-12-29"
"BO-02534","BUS-01128","Wulan Wijaya","1962-07-21","ID","13.83","OWNERSHIP","2024-04-01"
"BO-02535","BUS-01128","Ir. Sari Santoso","1987-08-18","ID","10.60","OWNERSHIP","2025-08-27"
"BO-02536","BUS-01128","Dra. Wulan Hidayat","1967-12-11","ID","18.70","VOTING_RIGHTS","2025-03-16"
"BO-02537","BUS-01129","Nanda Halim","1990-09-24","ID","28.07","OTHER_SIGNIFICANT_INFLUENCE","2024-01-01"
"BO-02538","BUS-01129","Drs. Eka Saputra","1958-07-23","ID","20.13","OWNERSHIP","2025-01-27"
"BO-02539","BUS-01129","Indah Ramadhan","1997-10-08","ID","51.80","VOTING_RIGHTS","2024-02-27"
"BO-02540","BUS-01130","Hj. Anggun Halim","1973-02-16","ID","63.69","OTHER_SIGNIFICANT_INFLUENCE","2024-01-18"
"BO-02541","BUS-01130","Bagus Cahya Hidayat","1958-06-17","ID","23.93","OWNERSHIP","2023-12-03"
"BO-02542","BUS-01130","H. Oki Wahyu Santoso","1958-10-01","ID","10.30","OTHER_SIGNIFICANT_INFLUENCE","2025-08-14"
"BO-02543","BUS-01131","Dra. Indah Vina Permana","1975-08-24","ID","57.75","OWNERSHIP","2023-10-31"
"BO-02544","BUS-01131","Dra. Dewi Gunawan","1994-01-06","ID","42.25","OWNERSHIP","2025-05-03"
"BO-02545","BUS-01132","Hj. Mega Mega Lubis","1999-01-06","ID","13.81","BOARD_CONTROL","2025-10-31"
"BO-02546","BUS-01132","Hj. Mega Kusuma","1980-12-20","ID","86.19","VOTING_RIGHTS","2025-10-21"
"BO-02547","BUS-01133","Ir. Gita Kusuma","1979-08-13","ID","87.78","OTHER_SIGNIFICANT_INFLUENCE","2023-12-21"
"BO-02548","BUS-01133","Mega Kusuma","1997-07-21","ID","10.98","OTHER_SIGNIFICANT_INFLUENCE","2025-03-19"
"BO-02549","BUS-01134","Rahmat Cahya Kusuma","1968-10-09","ID","11.74","OTHER_SIGNIFICANT_INFLUENCE","2024-05-06"
"BO-02550","BUS-01134","Ayu Dewi Ramadhan","1965-02-13","ID","88.26","OTHER_SIGNIFICANT_INFLUENCE","2024-12-26"
"BO-02551","BUS-01135","Iwan Halim","1995-04-04","ID","11.45","OWNERSHIP","2025-02-13"
"BO-02552","BUS-01135","Ir. Rina Anggraini","1971-11-07","ID","36.42","OWNERSHIP","2023-11-10"
"BO-02553","BUS-01135","Sari Rina Permana","1958-02-01","ID","52.13","OTHER_SIGNIFICANT_INFLUENCE","2024-05-27"
"BO-02554","BUS-01136","Ir. Iwan Hidayat","1968-04-18","ID","34.25","OTHER_SIGNIFICANT_INFLUENCE","2024-01-29"
"BO-02555","BUS-01136","Ir. Bagus Rahmat Maulana","1966-09-09","ID","65.75","OWNERSHIP","2025-07-06"
"BO-02556","BUS-01137","Drs. Bayu Pratama","1994-12-06","ID","55.32","VOTING_RIGHTS","2024-11-15"
"BO-02557","BUS-01137","Ir. Fajar Santoso","1985-03-25","ID","19.32","OTHER_SIGNIFICANT_INFLUENCE","2026-02-04"
"BO-02558","BUS-01137","Drs. Hadi Situmorang","1993-04-11","ID","12.02","OWNERSHIP","2023-12-18"
"BO-02559","BUS-01137","Dra. Anggun Hidayat","1960-06-10","ID","13.34","OTHER_SIGNIFICANT_INFLUENCE","2024-03-25"
"BO-02560","BUS-01138","Kartika Anggraini","1968-08-10","ID","100.00","OWNERSHIP","2026-02-19"
"BO-02561","BUS-01140","Dra. Putri Lubis","1984-10-26","ID","52.12","OTHER_SIGNIFICANT_INFLUENCE","2024-05-24"
"BO-02562","BUS-01140","Lestari Gita Wijaya","1991-08-08","ID","47.88","BOARD_CONTROL","2025-01-27"
"BO-02563","BUS-01141","Citra Hartono","1974-05-20","ID","58.17","OTHER_SIGNIFICANT_INFLUENCE","2025-05-07"
"BO-02564","BUS-01141","Ir. Wahyu Kusuma","1962-08-23","ID","21.09","VOTING_RIGHTS","2025-04-06"
"BO-02565","BUS-01141","Eka Santoso","1972-04-21","ID","20.74","OWNERSHIP","2024-03-08"
"BO-02566","BUS-01142","Ir. Ayu Siregar","1973-06-11","ID","100.00","OTHER_SIGNIFICANT_INFLUENCE","2024-08-26"
"BO-02567","BUS-01143","Ir. Rahmat Halim","1966-09-18","ID","11.64","BOARD_CONTROL","2024-11-07"
"BO-02568","BUS-01143","Eka Simatupang","1960-09-23","ID","23.47","BOARD_CONTROL","2025-08-20"
"BO-02569","BUS-01143","Mega Pratama","1985-06-08","ID","64.89","VOTING_RIGHTS","2024-05-26"
"BO-02570","BUS-01144","Hj. Vina Suryadi","1995-05-21","ID","100.00","BOARD_CONTROL","2024-03-28"
"BO-02571","BUS-01145","Sari Nugroho","1971-04-13","ID","100.00","OTHER_SIGNIFICANT_INFLUENCE","2024-05-10"
"BO-02572","BUS-01146","H. Oki Dian Kusuma","1992-08-23","ID","17.55","OWNERSHIP","2025-06-24"
"BO-02573","BUS-01146","Rina Siti Kusuma","1963-09-25","ID","27.92","OTHER_SIGNIFICANT_INFLUENCE","2024-03-10"
"BO-02574","BUS-01146","Wulan Zahra Permana","1983-04-13","ID","36.88","OWNERSHIP","2025-08-20"
"BO-02575","BUS-01146","Hj. Siti Saputra","1994-12-12","ID","17.65","OTHER_SIGNIFICANT_INFLUENCE","2024-04-19"
"BO-02576","BUS-01147","Putri Anggraini","1988-03-04","ID","45.98","OTHER_SIGNIFICANT_INFLUENCE","2024-03-09"
"BO-02577","BUS-01147","Eka Maulana","1961-04-24","ID","54.02","OTHER_SIGNIFICANT_INFLUENCE","2024-03-28"
"BO-02578","BUS-01148","Dra. Lestari Setiawan","1973-10-08","ID","55.94","BOARD_CONTROL","2025-12-10"
"BO-02579","BUS-01148","Zahra Vina Setiawan","1962-06-01","ID","27.14","OWNERSHIP","2024-12-21"
"BO-02580","BUS-01148","H. Dian Suryadi","1966-08-26","ID","16.92","BOARD_CONTROL","2025-01-14"
"BO-02581","BUS-01149","Drs. Hadi Gunawan","1976-08-21","ID","72.65","BOARD_CONTROL","2024-04-13"
"BO-02582","BUS-01149","Yuda Bayu Santoso","1984-12-01","ID","13.26","BOARD_CONTROL","2025-12-24"
"BO-02583","BUS-01149","Kartika Maulana","1993-04-20","ID","10.99","VOTING_RIGHTS","2026-01-16"
"BO-02584","BUS-01150","Ir. Indah Ramadhan","1987-05-23","ID","51.26","OWNERSHIP","2023-12-11"
"BO-02585","BUS-01150","Yuda Bagus Situmorang","1983-10-15","ID","48.74","BOARD_CONTROL","2025-11-18"
"BO-02586","BUS-01151","Citra Lestari Lubis","1961-12-26","ID","82.77","OTHER_SIGNIFICANT_INFLUENCE","2026-01-05"
"BO-02587","BUS-01151","Wahyu Anggraini","1971-02-09","ID","17.23","OTHER_SIGNIFICANT_INFLUENCE","2025-12-23"
"BO-02588","BUS-01152","Joko Simatupang","1976-05-24","ID","10.63","VOTING_RIGHTS","2024-06-07"
"BO-02589","BUS-01152","Kartika Siregar","1966-02-09","ID","59.08","BOARD_CONTROL","2025-02-01"
"BO-02590","BUS-01152","Ir. Adi Hidayat","1970-07-07","ID","30.29","OTHER_SIGNIFICANT_INFLUENCE","2024-05-05"
"BO-02591","BUS-01153","Drs. Eka Maulana","1957-07-04","ID","35.29","VOTING_RIGHTS","2025-01-22"
"BO-02592","BUS-01153","Rina Pratama","1972-09-28","ID","64.71","OWNERSHIP","2025-03-24"
"BO-02593","BUS-01154","Ir. Wulan Santoso","1995-09-05","ID","79.14","OTHER_SIGNIFICANT_INFLUENCE","2024-04-06"
"BO-02594","BUS-01154","Oki Wijaya","1992-03-14","ID","20.86","OWNERSHIP","2024-05-28"
"BO-02595","BUS-01155","Anggun Nugroho","1981-03-01","ID","48.98","OWNERSHIP","2025-10-08"
"BO-02596","BUS-01155","Kartika Hartono","1987-12-08","ID","16.26","OWNERSHIP","2025-05-05"
"BO-02597","BUS-01155","Sari Pratama","1994-05-06","ID","12.47","OWNERSHIP","2024-11-07"
"BO-02598","BUS-01155","Dra. Ayu Kusuma","1994-05-01","ID","22.29","BOARD_CONTROL","2024-04-25"
"BO-02599","BUS-01156","Hj. Umi Santoso","1968-01-16","ID","24.04","VOTING_RIGHTS","2026-02-02"
"BO-02600","BUS-01156","Yuda Hartono","1964-01-09","ID","75.96","VOTING_RIGHTS","2025-04-23"
"BO-02601","BUS-01157","Dra. Zahra Vina Kusuma","1988-05-25","ID","100.00","OTHER_SIGNIFICANT_INFLUENCE","2024-05-29"
"BO-02602","BUS-01158","Hj. Putri Kusuma","1963-02-11","ID","29.89","BOARD_CONTROL","2023-12-05"
"BO-02603","BUS-01158","Rina Saputra","1995-09-03","ID","70.11","VOTING_RIGHTS","2024-11-26"
"BO-02604","BUS-01159","Ir. Yuda Oki Lubis","1961-11-08","ID","25.84","OWNERSHIP","2025-10-16"
"BO-02605","BUS-01159","Hj. Indah Hartono","1963-04-14","ID","54.40","VOTING_RIGHTS","2025-06-13"
"BO-02606","BUS-01159","H. Bagus Pratama","1968-09-19","ID","19.76","BOARD_CONTROL","2025-09-09"
"BO-02607","BUS-01160","H. Adi Kusuma","1989-02-15","ID","63.29","VOTING_RIGHTS","2025-10-17"
"BO-02608","BUS-01160","Ayu Mega Santoso","1963-06-15","ID","14.88","BOARD_CONTROL","2024-04-05"
"BO-02609","BUS-01160","Adi Fajar Wijaya","1965-12-09","ID","11.04","OTHER_SIGNIFICANT_INFLUENCE","2024-05-03"
"BO-02610","BUS-01160","Drs. Bagus Hidayat","1995-03-16","ID","10.79","OTHER_SIGNIFICANT_INFLUENCE","2025-08-08"
"BO-02611","BUS-01161","Dra. Zahra Kusuma","1990-08-11","ID","58.91","OTHER_SIGNIFICANT_INFLUENCE","2024-01-30"
"BO-02612","BUS-01161","Dra. Zahra Suryadi","1981-07-28","ID","20.67","BOARD_CONTROL","2025-03-27"
"BO-02613","BUS-01161","Vina Wijaya","1979-04-21","ID","10.50","OTHER_SIGNIFICANT_INFLUENCE","2024-03-07"
"BO-02614","BUS-01163","Rina Ramadhan","1970-07-25","ID","53.58","VOTING_RIGHTS","2025-08-25"
"BO-02615","BUS-01163","Cahya Suryadi","1959-01-10","ID","25.63","VOTING_RIGHTS","2026-01-14"
"BO-02616","BUS-01163","Hj. Citra Simatupang","1966-07-15","ID","10.03","BOARD_CONTROL","2024-07-05"
"BO-02617","BUS-01163","Ir. Sari Situmorang","1975-07-03","ID","10.76","OWNERSHIP","2024-08-05"
"BO-02618","BUS-01164","Iwan Setiawan","1957-04-09","ID","100.00","BOARD_CONTROL","2025-03-04"
"BO-02619","BUS-01165","Dewi Dewi Kusuma","1976-07-14","ID","46.67","OTHER_SIGNIFICANT_INFLUENCE","2025-01-10"
"BO-02620","BUS-01165","Hj. Dewi Simatupang","1993-09-28","ID","22.69","OTHER_SIGNIFICANT_INFLUENCE","2024-03-26"
"BO-02621","BUS-01165","Ir. Zahra Halim","1959-05-04","ID","19.33","BOARD_CONTROL","2025-05-20"
"BO-02622","BUS-01165","H. Yuda Nanda Ramadhan","1962-04-17","ID","11.31","VOTING_RIGHTS","2024-07-03"
"BO-02623","BUS-01166","Hj. Ayu Situmorang","1960-08-03","ID","100.00","BOARD_CONTROL","2024-10-12"
"BO-02624","BUS-01167","Ir. Bagus Halim","1981-06-02","ID","52.34","VOTING_RIGHTS","2024-05-06"
"BO-02625","BUS-01167","Ir. Dewi Putri Lubis","1999-04-02","ID","11.61","VOTING_RIGHTS","2025-01-19"
"BO-02626","BUS-01167","Hj. Lestari Nugroho","1982-07-13","ID","36.05","VOTING_RIGHTS","2026-02-08"
"BO-02627","BUS-01168","Hj. Citra Anggraini","1981-05-15","ID","100.00","OWNERSHIP","2024-03-20"
"BO-02628","BUS-01169","Eka Saputra","1955-08-28","ID","31.30","OTHER_SIGNIFICANT_INFLUENCE","2023-10-30"
"BO-02629","BUS-01169","Ir. Gilang Simatupang","1974-07-04","ID","11.53","BOARD_CONTROL","2024-01-26"
"BO-02630","BUS-01169","Lestari Wijaya","1973-09-20","ID","34.12","OWNERSHIP","2023-11-17"
"BO-02631","BUS-01169","Umi Anggun Hidayat","1979-02-08","ID","23.05","OTHER_SIGNIFICANT_INFLUENCE","2025-04-30"
"BO-02632","BUS-01170","Ir. Tono Siregar","1958-03-04","ID","26.92","BOARD_CONTROL","2023-12-08"
"BO-02633","BUS-01170","Ir. Ayu Setiawan","1977-04-24","ID","73.08","OTHER_SIGNIFICANT_INFLUENCE","2025-11-09"
"BO-02634","BUS-01171","Dra. Zahra Wijaya","1972-10-06","ID","42.98","OWNERSHIP","2025-09-14"
"BO-02635","BUS-01171","Hadi Simatupang","1980-09-01","ID","10.92","VOTING_RIGHTS","2024-12-15"
"BO-02636","BUS-01171","H. Dian Cahya Suryadi","1985-11-25","ID","26.69","VOTING_RIGHTS","2024-06-16"
"BO-02637","BUS-01171","Dra. Siti Permana","1967-02-12","ID","19.41","OTHER_SIGNIFICANT_INFLUENCE","2024-03-13"
"BO-02638","BUS-01172","Hj. Anggun Citra Suryadi","1999-01-07","ID","70.84","VOTING_RIGHTS","2024-05-04"
"BO-02639","BUS-01172","Ir. Dian Wahyu Wijaya","1963-06-20","ID","14.31","OWNERSHIP","2024-11-13"
"BO-02640","BUS-01172","Wulan Umi Maulana","1989-11-18","ID","14.85","BOARD_CONTROL","2024-05-05"
"BO-02641","BUS-01173","Iwan Maulana","1956-04-28","ID","100.00","OWNERSHIP","2025-02-05"
"BO-02642","BUS-01174","Sari Hidayat","1972-12-11","ID","100.00","OTHER_SIGNIFICANT_INFLUENCE","2025-05-22"
"BO-02643","BUS-01175","Adi Pratama","1962-03-22","ID","58.07","OWNERSHIP","2025-05-11"
"BO-02644","BUS-01175","Ayu Setiawan","1999-10-17","ID","27.21","OTHER_SIGNIFICANT_INFLUENCE","2024-09-03"
"BO-02645","BUS-01175","Ayu Ramadhan","1985-10-02","ID","14.72","VOTING_RIGHTS","2025-11-21"
"BO-02646","BUS-01176","Bagus Adi Gunawan","1969-07-12","ID","23.31","OWNERSHIP","2026-02-23"
"BO-02647","BUS-01176","H. Adi Ramadhan","1983-05-22","ID","43.16","BOARD_CONTROL","2023-12-22"
"BO-02648","BUS-01176","Zahra Situmorang","1960-12-02","ID","19.97","OWNERSHIP","2024-09-14"
"BO-02649","BUS-01176","Rina Ramadhan","1970-01-22","ID","13.56","OWNERSHIP","2025-05-09"
"BO-02650","BUS-01177","Bayu Wahyu Simatupang","1987-12-09","ID","38.32","OWNERSHIP","2024-06-08"
"BO-02651","BUS-01177","Ir. Yuda Maulana","1966-09-23","ID","50.19","VOTING_RIGHTS","2023-12-16"
"BO-02652","BUS-01177","Ir. Siti Mega Permana","1966-03-28","ID","11.49","BOARD_CONTROL","2023-10-21"
"BO-02653","BUS-01178","Lestari Ayu Setiawan","1989-04-26","ID","88.29","VOTING_RIGHTS","2026-01-20"
"BO-02654","BUS-01178","Hj. Putri Gita Ramadhan","1992-03-06","ID","10.98","OTHER_SIGNIFICANT_INFLUENCE","2024-03-17"
"BO-02655","BUS-01179","H. Joko Gunawan","1994-01-09","ID","72.97","BOARD_CONTROL","2025-01-29"
"BO-02656","BUS-01179","Kartika Saputra","1982-12-20","ID","27.03","OTHER_SIGNIFICANT_INFLUENCE","2024-06-07"
"BO-02657","BUS-01180","Ir. Dian Situmorang","1975-01-21","ID","28.99","OTHER_SIGNIFICANT_INFLUENCE","2025-03-02"
"BO-02658","BUS-01180","H. Eka Hadi Suryadi","1974-11-02","ID","51.33","VOTING_RIGHTS","2025-11-30"
"BO-02659","BUS-01180","Joko Permana","1995-01-17","ID","19.68","OWNERSHIP","2024-12-02"
"BO-02660","BUS-01181","Dra. Kartika Siregar","1955-12-18","ID","100.00","OWNERSHIP","2026-01-16"
"BO-02661","BUS-01182","Dian Setiawan","1966-07-16","ID","100.00","BOARD_CONTROL","2024-07-07"
"BO-02662","BUS-01183","Ir. Nanda Adi Gunawan","1995-12-10","ID","100.00","BOARD_CONTROL","2026-02-25"
"BO-02663","BUS-01184","H. Gilang Nugroho","1995-03-20","ID","55.45","VOTING_RIGHTS","2025-03-11"
"BO-02664","BUS-01184","Ir. Nanda Anggraini","1988-03-25","ID","10.12","OWNERSHIP","2024-08-06"
"BO-02665","BUS-01184","Nanda Pratama","1992-09-04","ID","11.98","OTHER_SIGNIFICANT_INFLUENCE","2023-12-05"
"BO-02666","BUS-01184","Dra. Mega Anggun Wijaya","1962-07-04","ID","22.45","OTHER_SIGNIFICANT_INFLUENCE","2025-09-02"
"BO-02667","BUS-01185","Tono Suryadi","1989-11-06","ID","21.73","OWNERSHIP","2024-06-11"
"BO-02668","BUS-01185","Wulan Citra Setiawan","1966-06-26","ID","63.98","BOARD_CONTROL","2024-01-16"
"BO-02669","BUS-01185","Tono Anggraini","1973-06-28","ID","14.29","VOTING_RIGHTS","2025-12-03"
"BO-02670","BUS-01186","Sari Nugroho","1955-09-27","ID","100.00","VOTING_RIGHTS","2026-02-25"
"BO-02671","BUS-01187","Hj. Wulan Hidayat","1955-04-16","ID","71.04","VOTING_RIGHTS","2025-05-09"
"BO-02672","BUS-01187","Gilang Santoso","1985-11-25","ID","28.96","VOTING_RIGHTS","2024-01-16"
"BO-02673","BUS-01188","Hadi Simatupang","1992-08-28","ID","29.03","BOARD_CONTROL","2024-01-06"
"BO-02674","BUS-01188","Gita Vina Hidayat","1993-10-08","ID","35.05","BOARD_CONTROL","2024-05-12"
"BO-02675","BUS-01188","Oki Oki Anggraini","1971-06-12","ID","35.92","OWNERSHIP","2025-11-02"
"BO-02676","BUS-01190","Rina Lubis","1988-12-24","ID","26.72","VOTING_RIGHTS","2025-08-24"
"BO-02677","BUS-01190","Drs. Joko Nugroho","1974-08-26","ID","73.28","BOARD_CONTROL","2025-10-30"
"BO-02678","BUS-01191","Oki Gunawan","1973-09-19","ID","38.59","BOARD_CONTROL","2024-06-25"
"BO-02679","BUS-01191","Ir. Iwan Anggraini","1998-01-22","ID","50.45","OWNERSHIP","2026-01-28"
"BO-02680","BUS-01191","Nanda Halim","1955-09-22","ID","10.68","OTHER_SIGNIFICANT_INFLUENCE","2026-01-16"
"BO-02681","BUS-01192","H. Tono Wijaya","1972-06-17","ID","60.09","VOTING_RIGHTS","2024-04-08"
"BO-02682","BUS-01192","H. Bagus Wijaya","1955-10-07","ID","16.99","BOARD_CONTROL","2023-10-26"
"BO-02683","BUS-01192","Bagus Pratama","1962-11-20","ID","22.92","BOARD_CONTROL","2024-12-26"
"BO-02684","BUS-01193","Drs. Nanda Permana","1961-06-13","ID","100.00","BOARD_CONTROL","2025-10-01"
"BO-02685","BUS-01194","Fajar Siregar","1969-10-02","ID","100.00","OWNERSHIP","2024-04-29"
"BO-02686","BUS-01195","Hj. Kartika Siti Hartono","1982-04-04","ID","24.02","OWNERSHIP","2025-12-29"
"BO-02687","BUS-01195","Mega Santoso","1975-10-14","ID","52.13","OTHER_SIGNIFICANT_INFLUENCE","2024-07-05"
"BO-02688","BUS-01195","Dra. Gita Anggraini","1990-04-09","ID","11.43","OWNERSHIP","2024-02-27"
"BO-02689","BUS-01195","Ir. Mega Nugroho","1978-02-24","ID","12.42","OWNERSHIP","2024-04-02"
"BO-02690","BUS-01196","Bayu Saputra","1983-01-15","ID","100.00","OWNERSHIP","2024-09-09"
"BO-02691","BUS-01197","Sari Lubis","1957-09-08","ID","75.34","OTHER_SIGNIFICANT_INFLUENCE","2025-02-07"
"BO-02692","BUS-01197","Drs. Wahyu Hidayat","1962-01-11","ID","24.66","BOARD_CONTROL","2024-02-03"
"BO-02693","BUS-01198","Nanda Situmorang","1992-04-05","ID","55.52","BOARD_CONTROL","2024-02-21"
"BO-02694","BUS-01198","Ir. Kartika Wijaya","1989-10-12","ID","20.45","OTHER_SIGNIFICANT_INFLUENCE","2024-02-19"
"BO-02695","BUS-01198","Ir. Umi Gita Permana","1988-05-10","ID","10.62","OWNERSHIP","2025-08-04"
"BO-02696","BUS-01198","Nanda Saputra","1957-02-19","ID","13.41","VOTING_RIGHTS","2024-01-10"
"BO-02697","BUS-01199","Ir. Iwan Permana","1980-10-17","ID","32.42","OWNERSHIP","2024-10-19"
"BO-02698","BUS-01199","Ir. Kartika Maulana","1961-02-14","ID","28.32","BOARD_CONTROL","2025-06-18"
"BO-02699","BUS-01199","Ir. Hadi Situmorang","1976-01-21","ID","39.26","OTHER_SIGNIFICANT_INFLUENCE","2025-02-20"
"BO-02700","BUS-01200","Iwan Ramadhan","1955-09-28","ID","15.98","OWNERSHIP","2023-11-04"
"BO-02701","BUS-01200","Indah Halim","1959-05-09","ID","49.61","OWNERSHIP","2026-02-21"
"BO-02702","BUS-01200","Citra Anggraini","1956-12-17","ID","12.01","BOARD_CONTROL","2024-12-17"
"BO-02703","BUS-01200","Ir. Siti Hartono","1973-09-17","ID","22.40","VOTING_RIGHTS","2025-07-23"
"BO-02704","BUS-00217","Cahya Santoso","1970-06-23","ID","12.87","OTHER_SIGNIFICANT_INFLUENCE","2025-01-15"
"BO-02705","BUS-00234","Hj. Citra Setiawan","1971-01-04","ID","17.56","BOARD_CONTROL","2024-09-21"
"BO-02706","BUS-01162","Kartika Kusuma","1958-07-08","ID","23.74","OTHER_SIGNIFICANT_INFLUENCE","2023-12-03"
"BO-02707","BUS-00720","Ir. Wulan Kusuma","1978-09-15","ID","28.15","OTHER_SIGNIFICANT_INFLUENCE","2025-12-19"
"BO-02708","BUS-00426","Bagus Anggraini","1965-04-24","ID","28.76","OTHER_SIGNIFICANT_INFLUENCE","2023-10-22"
"BO-02709","BUS-00473","Ir. Fajar Nugroho","1991-09-19","ID","9.70","BOARD_CONTROL","2024-03-26"
"BO-02710","BUS-00394","Hj. Mega Mega Lubis","1999-01-06","ID","30.30","BOARD_CONTROL","2025-10-31"
"BO-02711","BUS-00240","Drs. Gilang Hartono","1974-03-02","ID","33.47","OWNERSHIP","2025-04-13"
"BO-02712","BUS-00015","Tono Situmorang","1976-06-28","ID","21.58","VOTING_RIGHTS","2023-12-31"
"BO-02713","BUS-00964","Dra. Zahra Siregar","1974-09-17","ID","24.85","OWNERSHIP","2023-11-15"
"BO-02714","BUS-00500","Nanda Saputra","1957-02-19","ID","13.76","VOTING_RIGHTS","2024-01-10"
"BO-02715","BUS-00284","Dian Fajar Simatupang","1996-02-05","ID","5.84","VOTING_RIGHTS","2024-03-10"
"BO-02716","BUS-01182","Wulan Ramadhan","1998-03-04","ID","16.02","BOARD_CONTROL","2024-09-05"
"BO-02717","BUS-00085","Citra Hidayat","1958-05-02","ID","36.48","OWNERSHIP","2024-01-09"
"BO-02718","BUS-00718","Ir. Wahyu Setiawan","1983-08-17","ID","15.27","BOARD_CONTROL","2024-04-15"
"BO-02719","BUS-00906","Mega Gita Setiawan","1983-06-25","ID","11.68","BOARD_CONTROL","2024-08-17"
"BO-02720","BUS-00584","Anggun Anggraini","1973-11-20","ID","38.51","OWNERSHIP","2023-12-28"
"BO-02721","BUS-00211","Umi Saputra","1976-08-19","ID","26.19","OTHER_SIGNIFICANT_INFLUENCE","2025-07-13"
"BO-02722","BUS-00649","H. Adi Santoso","1978-01-16","ID","27.91","OTHER_SIGNIFICANT_INFLUENCE","2024-09-08"
"BO-02723","BUS-00599","Yuda Oki Santoso","1957-01-16","ID","10.99","OWNERSHIP","2025-08-15"
"BO-02724","BUS-00147","Wahyu Situmorang","1978-12-25","ID","17.37","OWNERSHIP","2023-11-01"
"BO-02725","BUS-00999","Drs. Rahmat Ramadhan","1958-07-26","ID","42.89","VOTING_RIGHTS","2024-08-20"
"BO-02726","BUS-00977","Ir. Iwan Anggraini","1964-01-11","ID","27.90","VOTING_RIGHTS","2026-01-19"
"BO-02727","BUS-00850","Hj. Putri Setiawan","1958-04-17","ID","24.77","OWNERSHIP","2024-05-31"
"BO-02728","BUS-00797","Dra. Vina Saputra","1964-10-03","ID","42.95","OWNERSHIP","2025-02-26"
"BO-02729","BUS-00390","Drs. Tono Hartono","1997-08-15","ID","37.19","VOTING_RIGHTS","2024-09-21"
"BO-02730","BUS-00339","H. Bayu Fajar Hartono","1976-12-04","ID","28.16","OWNERSHIP","2024-12-20"
"BO-02731","BUS-00502","Ir. Citra Mega Hidayat","1979-08-20","ID","25.36","OWNERSHIP","2026-01-14"
"BO-02732","BUS-01186","Kartika Siregar","1956-05-18","ID","10.62","VOTING_RIGHTS","2025-11-25"
"BO-02733","BUS-01134","Hj. Mega Kusuma","1980-12-20","ID","32.15","VOTING_RIGHTS","2025-10-21"
"BO-02734","BUS-00284","Rahmat Hidayat","1955-05-13","ID","16.53","OTHER_SIGNIFICANT_INFLUENCE","2023-10-31"
"BO-02735","BUS-01193","Dian Hartono","1979-05-04","ID","27.30","OWNERSHIP","2024-01-20"
"BO-02736","BUS-00705","Drs. Cahya Maulana","1962-02-23","ID","40.96","OWNERSHIP","2025-07-28"
"BO-02737","BUS-00010","H. Bagus Tono Santoso","1994-05-23","ID","29.70","OWNERSHIP","2025-04-11"
"BO-02738","BUS-00713","Bayu Ramadhan","1959-06-01","ID","36.26","BOARD_CONTROL","2025-01-08"
"BO-02739","BUS-01196","Ir. Gilang Simatupang","1972-03-01","ID","37.49","OTHER_SIGNIFICANT_INFLUENCE","2024-09-05"
"BO-02740","BUS-00967","Hadi Kusuma","1982-04-14","ID","26.88","BOARD_CONTROL","2024-02-11"
"BO-02741","BUS-00885","Dewi Anggraini","1990-07-10","ID","14.89","BOARD_CONTROL","2024-01-17"
"BO-02742","BUS-01067","Cahya Anggraini","1976-06-16","ID","13.17","VOTING_RIGHTS","2025-09-13"
"BO-02743","BUS-00658","Drs. Iwan Situmorang","1997-06-03","ID","15.41","VOTING_RIGHTS","2025-12-13"
