"source_business_id","legal_name","trading_names","registration_number","registration_country","incorporation_date","industry_code","declared_turnover_band","address_line","city","province","postcode","country","contact_phone","contact_email","status"
"BUS-00001","PT Sejahtera Perkasa","Sejahtera Perkasa","9933573547250","ID","2018-02-27","59539","2_5B_50B","Jl. Anggrek No. 119","Surabaya","Jawa Timur","60111","ID","+628992392100","bus-00001@mailuji.example","ACTIVE"
"BUS-00002","UD Harapan Bersama","Harapan Bersama","9997320240087","ID","2019-11-27","52400","LT_300M","Jl. Melati No. 51","Balikpapan","Kalimantan Timur","76111","ID","+628995830342","bus-00002@mailuji.example","ACTIVE"
"BUS-00003","PT Berkah Digital","Berkah Digital","9941131366575","ID","2024-10-25","13923","LT_300M","Jl. Teratai No. 19","Medan","Sumatera Utara","20111","ID","+628994112389","bus-00003@contoh.id","ACTIVE"
"BUS-00004","PT Sinar Niaga","Sinar Niaga","9935904846401","ID","2014-06-01","53119","GT_50B","Jl. Flamboyan No. 8","Jakarta Pusat","DKI Jakarta","10110","ID","+628994642531","bus-00004@surelsintetis.id","ACTIVE"
"BUS-00005","Koperasi Sentosa Niaga","Sentosa Niaga","9965182804393","ID","2014-04-01","37729","300M_2_5B","Jl. Melati No. 103","Surabaya","Jawa Timur","60111","ID","+628995838202","bus-00005@contoh.id","ACTIVE"
"BUS-00006","CV Lestari Utama","Lestari Utama","9960510943468","ID","2012-12-25","58570","300M_2_5B","Jl. Mawar No. 198","Surabaya","Jawa Timur","60111","ID","+628994242967","bus-00006@surelsintetis.id","ACTIVE"
"BUS-00007","PT Abadi Digital","Abadi Digital","9912348896615","ID","2017-01-08","66107","300M_2_5B","Jl. Mawar No. 230","Semarang","Jawa Tengah","50111","ID","+628996701144","bus-00007@mailuji.example","ACTIVE"
"BUS-00008","UD Mandiri Nusantara","Mandiri Nusantara","9943748896102","ID","2013-01-26","18942","2_5B_50B","Jl. Teratai No. 205","Yogyakarta","DI Yogyakarta","55111","ID","+628993037330","bus-00008@mailuji.example","ACTIVE"
"BUS-00009","PT Harapan Nusantara","Harapan Nusantara","9963878199081","ID","2013-07-23","16033","300M_2_5B","Jl. Cempaka No. 130","Balikpapan","Kalimantan Timur","76111","ID","+628995583082","bus-00009@contoh.id","ACTIVE"
"BUS-00010","UD Sinar Nusantara","Sinar Nusantara","9947695029889","ID","2020-09-22","35085","GT_50B","Jl. Anggrek No. 57","Jakarta Pusat","DKI Jakarta","10110","ID","+628993006606","bus-00010@demo.example","CLOSED"
"BUS-00011","Koperasi Sejahtera Logistik","Sejahtera Logistik","9944289921397","ID","2013-04-25","70788","GT_50B","Jl. Flamboyan No. 215","Makassar","Sulawesi Selatan","90111","ID","+628993474285","bus-00011@demo.example","ACTIVE"
"BUS-00012","PT Harapan Nusantara","Harapan Nusantara","9917750066793","ID","2018-01-06","84269","2_5B_50B","Jl. Teratai No. 1","Medan","Sumatera Utara","20111","ID","+628992927955","bus-00012@contoh.id","ACTIVE"
"BUS-00013","PT Maju Utama","Maju Utama","9918215945372","ID","2016-06-24","55390","LT_300M","Jl. Teratai No. 160","Makassar","Sulawesi Selatan","90111","ID","+628998769880","bus-00013@contoh.id","ACTIVE"
"BUS-00014","CV Mandiri Perkasa","Mandiri Perkasa","9938113416679","ID","2022-12-25","53539","2_5B_50B","Jl. Dahlia No. 192","Semarang","Jawa Tengah","50111","ID","+628997367457","bus-00014@mailuji.example","ACTIVE"
"BUS-00015","Koperasi Abadi Bersama","Abadi Bersama","9976515613385","ID","2012-12-04","55074","LT_300M","Jl. Flamboyan No. 166","Makassar","Sulawesi Selatan","90111","ID","+628994686971","bus-00015@contoh.id","CLOSED"
"BUS-00016","Koperasi Lestari Niaga","Lestari Niaga","9962975102094","ID","2023-06-14","28891","300M_2_5B","Jl. Kenanga No. 190","Balikpapan","Kalimantan Timur","76111","ID","+628993816488","bus-00016@mailuji.example","ACTIVE"
"BUS-00017","UD Berkah Digital","Berkah Digital","9981673854106","ID","2018-06-22","94365","GT_50B","Jl. Teratai No. 166","Palembang","Sumatera Selatan","30111","ID","+628997434293","bus-00017@demo.example","ACTIVE"
"BUS-00018","CV Abadi Nusantara","Abadi Nusantara","9920736871701","ID","2020-04-03","43874","LT_300M","Jl. Flamboyan No. 224","Denpasar","Bali","80111","ID","+628994337035","bus-00018@contoh.id","ACTIVE"
"BUS-00019","UD Jaya Perkasa","Jaya Perkasa","9994070724822","ID","2014-04-02","16517","LT_300M","Jl. Bougenville No. 87","Palembang","Sumatera Selatan","30111","ID","+628992663837","bus-00019@demo.example","SUSPENDED"
"BUS-00020","CV Sejahtera Utama","Sejahtera Utama","9953257957370","ID","2012-10-07","15511","GT_50B","Jl. Dahlia No. 61","Medan","Sumatera Utara","20111","ID","+628999453281","bus-00020@surelsintetis.id","ACTIVE"
"BUS-00021","CV Berkah Nusantara","Berkah Nusantara","9944980308489","ID","2023-04-17","16163","GT_50B","Jl. Melati No. 25","Palembang","Sumatera Selatan","30111","ID","+628995863750","bus-00021@demo.example","ACTIVE"
"BUS-00022","UD Cemerlang Digital","Cemerlang Digital","9926700979395","ID","2014-03-24","68760","GT_50B","Jl. Dahlia No. 9","Makassar","Sulawesi Selatan","90111","ID","+628996850965","bus-00022@demo.example","ACTIVE"
"BUS-00023","Koperasi Sinar Bersama","Sinar Bersama","9922249055368","ID","2023-11-06","42157","GT_50B","Jl. Flamboyan No. 86","Medan","Sumatera Utara","20111","ID","+628996826804","bus-00023@surelsintetis.id","ACTIVE"
"BUS-00024","Koperasi Jaya Logistik","Jaya Logistik","9988213078459","ID","2013-05-14","79092","300M_2_5B","Jl. Bougenville No. 221","Bandung","Jawa Barat","40111","ID","+628994436681","bus-00024@surelsintetis.id","ACTIVE"
"BUS-00025","PT Maju Digital","Maju Digital","9936936366709","ID","2016-05-15","13367","LT_300M","Jl. Cempaka No. 228","Semarang","Jawa Tengah","50111","ID","+628998263488","bus-00025@surelsintetis.id","ACTIVE"
"BUS-00026","Koperasi Sinar Perkasa","Sinar Perkasa","9983714823438","ID","2020-02-24","26460","LT_300M","Jl. Cempaka No. 22","Yogyakarta","DI Yogyakarta","55111","ID","+628999661085","bus-00026@mailuji.example","ACTIVE"
"BUS-00027","Koperasi Abadi Digital","Abadi Digital","9996892231184","ID","2015-04-09","20551","GT_50B","Jl. Mawar No. 81","Jakarta Pusat","DKI Jakarta","10110","ID","+628999330822","bus-00027@surelsintetis.id","ACTIVE"
"BUS-00028","CV Sinar Digital","Sinar Digital","9955324507707","ID","2022-06-20","72806","300M_2_5B","Jl. Anggrek No. 224","Jakarta Pusat","DKI Jakarta","10110","ID","+628993356217","bus-00028@surelsintetis.id","ACTIVE"
"BUS-00029","UD Lestari Niaga","Lestari Niaga","9953876262751","ID","2021-05-07","96643","2_5B_50B","Jl. Flamboyan No. 180","Balikpapan","Kalimantan Timur","76111","ID","+628992106652","bus-00029@contoh.id","ACTIVE"
"BUS-00030","CV Jaya Nusantara","Jaya Nusantara","9926128737382","ID","2016-05-30","26013","LT_300M","Jl. Cempaka No. 95","Yogyakarta","DI Yogyakarta","55111","ID","+628992211701","bus-00030@mailuji.example","ACTIVE"
"BUS-00031","CV Abadi Utama","Abadi Utama","9978086406247","ID","2012-08-21","28505","300M_2_5B","Jl. Melati No. 62","Medan","Sumatera Utara","20111","ID","+628996023466","bus-00031@demo.example","ACTIVE"
"BUS-00032","Koperasi Mandiri Logistik","Mandiri Logistik","9976830231644","ID","2020-09-06","15817","300M_2_5B","Jl. Flamboyan No. 174","Semarang","Jawa Tengah","50111","ID","+628998923702","bus-00032@mailuji.example","ACTIVE"
"BUS-00033","CV Jaya Niaga","Jaya Niaga","9970248401602","ID","2023-11-27","12973","LT_300M","Jl. Mawar No. 73","Surabaya","Jawa Timur","60111","ID","+628999430835","bus-00033@surelsintetis.id","ACTIVE"
"BUS-00034","UD Cemerlang Nusantara","Cemerlang Nusantara","9936030657914","ID","2018-05-09","14409","300M_2_5B","Jl. Cempaka No. 183","Bandung","Jawa Barat","40111","ID","+628994800049","bus-00034@mailuji.example","ACTIVE"
"BUS-00035","Koperasi Sejahtera Bersama","Sejahtera Bersama","9921617714809","ID","2017-08-26","89586","2_5B_50B","Jl. Dahlia No. 193","Yogyakarta","DI Yogyakarta","55111","ID","+628993913619","bus-00035@mailuji.example","ACTIVE"
"BUS-00036","UD Sejahtera Perkasa","Sejahtera Perkasa","9954326261461","ID","2024-04-10","51428","GT_50B","Jl. Anggrek No. 203","Semarang","Jawa Tengah","50111","ID","+628992496232","bus-00036@surelsintetis.id","ACTIVE"
"BUS-00037","UD Makmur Nusantara","Makmur Nusantara","9979054742199","ID","2025-03-18","20834","300M_2_5B","Jl. Cempaka No. 38","Surabaya","Jawa Timur","60111","ID","+628998185996","bus-00037@mailuji.example","ACTIVE"
"BUS-00038","PT Mandiri Perkasa","Mandiri Perkasa","9943332020084","ID","2021-07-17","81946","2_5B_50B","-","Yogyakarta","DI Yogyakarta","55111","ID","+628991388154","bus-00038@contoh.id","ACTIVE"
"BUS-00039","PT Sentosa Perkasa","Sentosa Perkasa","9958683391439","ID","2013-05-20","82272","2_5B_50B","Jl. Anggrek No. 113","Yogyakarta","DI Yogyakarta","55111","ID","+628995427118","bus-00039@contoh.id","ACTIVE"
"BUS-00040","PT Makmur Digital","Makmur Digital","9943275303595","ID","2012-07-28","96046","300M_2_5B","Jl. Bougenville No. 89","Yogyakarta","DI Yogyakarta","55111","ID","+628996251445","bus-00040@contoh.id","ACTIVE"
"BUS-00041","Koperasi Harapan Logistik","Harapan Logistik","9946388597903","ID","2013-04-25","48556","GT_50B","Jl. Anggrek No. 215","Balikpapan","Kalimantan Timur","76111","ID","+628992255402","bus-00041@surelsintetis.id","ACTIVE"
"BUS-00042","UD Mandiri Bersama","Mandiri Bersama","9946407034622","ID","2019-05-31","64800","LT_300M","Jl. Anggrek No. 24","Semarang","Jawa Tengah","50111","ID","+628991518811","bus-00042@contoh.id","ACTIVE"
"BUS-00043","PT Cemerlang Nusantara","Cemerlang Nusantara","9976282101881","ID","2020-10-28","24550","LT_300M","Jl. Bougenville No. 114","Denpasar","Bali","80111","ID","+628997130972","bus-00043@contoh.id","ACTIVE"
"BUS-00044","PT Abadi Utama","Abadi Utama","9998480119043","ID","2016-03-06","44713","300M_2_5B","Jl. Dahlia No. 103","Makassar","Sulawesi Selatan","90111","ID","+628998225622","bus-00044@surelsintetis.id","ACTIVE"
"BUS-00045","Koperasi Maju Perkasa","Maju Perkasa","9981058938017","ID","2024-06-22","69997","300M_2_5B","Jl. Teratai No. 92","Jakarta Pusat","DKI Jakarta","10110","ID","+628999262895","bus-00045@mailuji.example","ACTIVE"
"BUS-00046","PT Mandiri Niaga","Mandiri Niaga","9972171269571","ID","2018-05-31","98491","300M_2_5B","Jl. Anggrek No. 1","Semarang","Jawa Tengah","50111","ID","+628994395953","bus-00046@mailuji.example","ACTIVE"
"BUS-00047","UD Abadi Perkasa","Abadi Perkasa","9984199459428","ID","2019-01-23","69029","2_5B_50B","Jl. Cempaka No. 171","Semarang","Jawa Tengah","50111","ID","+628999680507","bus-00047@contoh.id","ACTIVE"
"BUS-00048","CV Sentosa Utama","Sentosa Utama","9985417822100","ID","2025-08-02","24394","300M_2_5B","Jl. Bougenville No. 125","Denpasar","Bali","80111","ID","+628997917642","bus-00048@contoh.id","ACTIVE"
"BUS-00049","CV Lestari Utama","Lestari Utama","9966365175764","ID","2016-11-06","21827","LT_300M","Jl. Kenanga No. 76","Makassar","Sulawesi Selatan","90111","ID","+628991349851","bus-00049@mailuji.example","ACTIVE"
"BUS-00050","UD Sentosa Digital","Sentosa Digital","9962804105708","ID","2015-06-03","38004","2_5B_50B","Jl. Flamboyan No. 53","Yogyakarta","DI Yogyakarta","55111","ID","+628994044682","bus-00050@demo.example","ACTIVE"
"BUS-00051","CV Sinar Perkasa","Sinar Perkasa","9971768563542","ID","2021-04-29","91674","300M_2_5B","Jl. Flamboyan No. 8","Palembang","Sumatera Selatan","30111","ID","+628993101772","bus-00051@contoh.id","ACTIVE"
"BUS-00052","PT Sentosa Nusantara","Sentosa Nusantara","9976659713530","ID","2015-02-01","18064","LT_300M","Jl. Flamboyan No. 23","Balikpapan","Kalimantan Timur","76111","ID","+628991633833","bus-00052@contoh.id","ACTIVE"
"BUS-00053","CV Sentosa Nusantara","Sentosa Nusantara","9989374210335","ID","2020-12-26","55634","LT_300M","Jl. Melati No. 24","Makassar","Sulawesi Selatan","90111","ID","+628997865693","bus-00053@surelsintetis.id","ACTIVE"
"BUS-00054","UD Lestari Perkasa","Lestari Perkasa","9946286209776","ID","2023-12-12","76560","300M_2_5B","Jl. Melati No. 3","Surabaya","Jawa Timur","60111","ID","+628991633269","bus-00054@demo.example","ACTIVE"
"BUS-00055","PT Cemerlang Perkasa","Cemerlang Perkasa","9951950962273","ID","2017-05-19","13481","300M_2_5B","Jl. Dahlia No. 58","Semarang","Jawa Tengah","50111","ID","+628991968964","bus-00055@demo.example","ACTIVE"
"BUS-00056","UD Maju Utama","Maju Utama","9915248324490","ID","2022-08-24","10882","2_5B_50B","Jl. Cempaka No. 237","Makassar","Sulawesi Selatan","90111","ID","+628998439056","bus-00056@mailuji.example","ACTIVE"
"BUS-00057","UD Harapan Niaga","Harapan Niaga","9990633452351","ID","2012-10-04","31185","300M_2_5B","Jl. Melati No. 74","Palembang","Sumatera Selatan","30111","ID","+628997173860","bus-00057@surelsintetis.id","ACTIVE"
"BUS-00058","UD Jaya Utama","Jaya Utama","9991187058783","ID","2022-07-11","57297","300M_2_5B","Jl. Cempaka No. 55","Palembang","Sumatera Selatan","30111","ID","+628997250701","bus-00058@surelsintetis.id","ACTIVE"
"BUS-00059","Koperasi Abadi Utama","Abadi Utama","9945795778618","ID","2025-08-01","83438","LT_300M","Jl. Flamboyan No. 90","Denpasar","Bali","80111","ID","+628999941357","bus-00059@surelsintetis.id","ACTIVE"
"BUS-00060","PT Mandiri Niaga","Mandiri Niaga","9986468475369","ID","2018-10-15","50659","GT_50B","Jl. Cempaka No. 117","Jakarta Pusat","DKI Jakarta","10110","ID","+628999117190","bus-00060@contoh.id","ACTIVE"
"BUS-00061","CV Cemerlang Digital","Cemerlang Digital","9955213237246","ID","2022-10-22","46845","2_5B_50B","Jl. Melati No. 122","Jakarta Pusat","DKI Jakarta","10110","ID","+628993885045","bus-00061@surelsintetis.id","ACTIVE"
"BUS-00062","PT Sejahtera Perkasa","Sejahtera Perkasa","9975100923137","ID","2013-10-02","89115","LT_300M","Jl. Teratai No. 168","Jakarta Pusat","DKI Jakarta","10110","ID","+628994850596","bus-00062@demo.example","ACTIVE"
"BUS-00063","PT Jaya Digital","Jaya Digital","9951029371262","ID","2017-04-16","18125","GT_50B","Jl. Melati No. 52","Semarang","Jawa Tengah","50111","ID","+628991740504","bus-00063@demo.example","ACTIVE"
"BUS-00064","UD Sentosa Nusantara","Sentosa Nusantara","9992421248268","ID","2019-06-13","40167","300M_2_5B","Jl. Melati No. 13","Balikpapan","Kalimantan Timur","76111","ID","+628994500306","bus-00064@surelsintetis.id","ACTIVE"
"BUS-00065","CV Makmur Digital","Makmur Digital","9985991556773","ID","2018-12-02","67673","2_5B_50B","Jl. Bougenville No. 22","Surabaya","Jawa Timur","60111","ID","+628996234883","bus-00065@mailuji.example","ACTIVE"
"BUS-00066","CV Maju Utama","Maju Utama","9925569652802","ID","2013-09-17","11383","300M_2_5B","Jl. Cempaka No. 17","Semarang","Jawa Tengah","50111","ID","+628992001560","bus-00066@contoh.id","ACTIVE"
"BUS-00067","PT Sentosa Bersama","Sentosa Bersama","9969379796954","ID","2023-08-07","46228","GT_50B","Jl. Mawar No. 171","Medan","Sumatera Utara","20111","ID","+628991354472","bus-00067@mailuji.example","ACTIVE"
"BUS-00068","UD Cemerlang Digital","Cemerlang Digital","9938392605245","ID","2013-05-21","13640","LT_300M","Jl. Anggrek No. 177","Jakarta Pusat","DKI Jakarta","10110","ID","+628998413711","bus-00068@demo.example","ACTIVE"
"BUS-00069","Koperasi Cemerlang Bersama","Cemerlang Bersama","9993072788390","ID","2022-05-08","16208","2_5B_50B","Jl. Flamboyan No. 170","Makassar","Sulawesi Selatan","90111","ID","+628998689143","bus-00069@mailuji.example","ACTIVE"
"BUS-00070","PT Lestari Perkasa","Lestari Perkasa","9960607037817","ID","2025-04-05","64564","2_5B_50B","Jl. Melati No. 135","Surabaya","Jawa Timur","60111","ID","+628993704824","bus-00070@mailuji.example","ACTIVE"
"BUS-00071","CV Sentosa Logistik","Sentosa Logistik","9937313645151","ID","2014-08-26","11059","LT_300M","Jl. Mawar No. 97","Palembang","Sumatera Selatan","30111","ID","+628994716969","bus-00071@contoh.id","SUSPENDED"
"BUS-00072","PT Harapan Niaga","Harapan Niaga","9935975294498","ID","2020-01-28","36409","LT_300M","Jl. Mawar No. 221","Bandung","Jawa Barat","40111","ID","+628997197633","bus-00072@mailuji.example","ACTIVE"
"BUS-00073","UD Cemerlang Utama","Cemerlang Utama","9942839995057","ID","2022-04-09","26415","2_5B_50B","Jl. Flamboyan No. 199","Yogyakarta","DI Yogyakarta","55111","ID","+628998467051","bus-00073@surelsintetis.id","ACTIVE"
"BUS-00074","UD Jaya Logistik","Jaya Logistik","9941533951456","ID","2018-08-09","18807","LT_300M","Jl. Cempaka No. 173","Denpasar","Bali","80111","ID","+628994125833","bus-00074@demo.example","ACTIVE"
"BUS-00075","Koperasi Berkah Utama","Berkah Utama","9995244904419","ID","2019-09-15","74254","300M_2_5B","Jl. Bougenville No. 205","Semarang","Jawa Tengah","50111","ID","+628996402587","bus-00075@surelsintetis.id","ACTIVE"
"BUS-00076","PT Sinar Logistik","Sinar Logistik","9962017294870","ID","2014-03-27","65173","LT_300M","Jl. Anggrek No. 232","Makassar","Sulawesi Selatan","90111","ID","+628991040024","bus-00076@surelsintetis.id","ACTIVE"
"BUS-00077","Koperasi Cemerlang Nusantara","Cemerlang Nusantara","9954612871250","ID","2018-07-22","83738","LT_300M","SAMA DENGAN KTP","Denpasar","Bali","80111","ID","+628995595890","bus-00077@contoh.id","ACTIVE"
"BUS-00078","CV Abadi Niaga","Abadi Niaga","9986726793700","ID","2017-06-20","80773","LT_300M","Jl. Cempaka No. 132","Denpasar","Bali","80111","ID","+628997167144","bus-00078@mailuji.example","ACTIVE"
"BUS-00079","Koperasi Sinar Digital","Sinar Digital","9996701009622","ID","2017-05-27","14626","GT_50B","Jl. Dahlia No. 73","Surabaya","Jawa Timur","60111","ID","+628991749116","bus-00079@contoh.id","ACTIVE"
"BUS-00080","UD Sejahtera Perkasa","Sejahtera Perkasa","9949034605069","ID","2013-12-08","54379","300M_2_5B","Jl. Cempaka No. 187","Balikpapan","Kalimantan Timur","76111","ID","+628996431447","bus-00080@mailuji.example","ACTIVE"
"BUS-00081","PT Makmur Nusantara","Makmur Nusantara","9961741470962","ID","2020-01-15","73979","300M_2_5B","Jl. Flamboyan No. 109","Denpasar","Bali","80111","ID","+628995325152","bus-00081@mailuji.example","ACTIVE"
"BUS-00082","Koperasi Mandiri Niaga","Mandiri Niaga","9992794516897","ID","2013-02-13","27088","GT_50B","Jl. Flamboyan No. 7","Jakarta Pusat","DKI Jakarta","10110","ID","+628994306628","bus-00082@mailuji.example","ACTIVE"
"BUS-00083","CV Sejahtera Niaga","Sejahtera Niaga","9920627777052","ID","2015-06-29","54885","LT_300M","Jl. Dahlia No. 216","Denpasar","Bali","80111","ID","+628994110075","bus-00083@demo.example","ACTIVE"
"BUS-00084","UD Jaya Nusantara","Jaya Nusantara","9984075071330","ID","2025-08-28","72724","2_5B_50B","Jl. Flamboyan No. 38","Medan","Sumatera Utara","20111","ID","+628994209392","bus-00084@mailuji.example","ACTIVE"
"BUS-00085","Koperasi Sejahtera Digital","Sejahtera Digital","9990917703286","ID","2018-07-19","35146","LT_300M","Jl. Cempaka No. 141","Medan","Sumatera Utara","20111","ID","+628993699670","bus-00085@mailuji.example","ACTIVE"
"BUS-00086","Koperasi Mandiri Digital","Mandiri Digital","9924855788074","ID","2023-02-06","49528","GT_50B","Jl. Bougenville No. 164","Yogyakarta","DI Yogyakarta","55111","ID","+628997256179","bus-00086@demo.example","ACTIVE"
"BUS-00087","Koperasi Maju Utama","Maju Utama","9983849616078","ID","2024-07-09","47512","2_5B_50B","Jl. Flamboyan No. 93","Semarang","Jawa Tengah","50111","ID","+628999769751","bus-00087@mailuji.example","ACTIVE"
"BUS-00088","Koperasi Sinar Digital","Sinar Digital","9959736397528","ID","2017-08-12","18550","LT_300M","Jl. Dahlia No. 172","Surabaya","Jawa Timur","60111","ID","+628994941137","bus-00088@mailuji.example","ACTIVE"
"BUS-00089","UD Sentosa Logistik","Sentosa Logistik","9965071337054","ID","2019-06-18","55005","LT_300M","Jl. Mawar No. 21","Medan","Sumatera Utara","20111","ID","+628998978556","bus-00089@contoh.id","ACTIVE"
"BUS-00090","CV Sentosa Digital","Sentosa Digital","9939748480114","ID","2024-05-05","70841","2_5B_50B","Jl. Teratai No. 134","Palembang","Sumatera Selatan","30111","ID","+628992524648","bus-00090@demo.example","ACTIVE"
"BUS-00091","Koperasi Jaya Utama","Jaya Utama","9981107249754","ID","2014-01-10","60089","LT_300M","Jl. Mawar No. 2","Denpasar","Bali","80111","ID","+628999168088","bus-00091@contoh.id","ACTIVE"
"BUS-00092","PT Sinar Utama","Sinar Utama","9976584643870","ID","2024-03-28","19785","GT_50B","Jl. Anggrek No. 55","Medan","Sumatera Utara","20111","ID","+628993171689","bus-00092@surelsintetis.id","ACTIVE"
"BUS-00093","PT Abadi Bersama","Abadi Bersama","9970721958691","ID","2019-11-30","65649","GT_50B","Jl. Cempaka No. 32","Bandung","Jawa Barat","40111","ID","+628998313949","bus-00093@contoh.id","ACTIVE"
"BUS-00094","CV Sinar Niaga","Sinar Niaga","9967663877456","ID","2014-06-10","82534","2_5B_50B","Jl. Melati No. 128","Bandung","Jawa Barat","40111","ID","+628994534314","bus-00094@demo.example","ACTIVE"
"BUS-00095","CV Sentosa Nusantara","Sentosa Nusantara","9932299626782","ID","2023-03-29","25020","300M_2_5B","Jl. Bougenville No. 47","Denpasar","Bali","80111","ID","+628996628544","bus-00095@surelsintetis.id","CLOSED"
"BUS-00096","Koperasi Abadi Bersama","Abadi Bersama","9947016918151","ID","2024-12-08","99191","300M_2_5B","Jl. Mawar No. 191","Bandung","Jawa Barat","40111","ID","+628998924847","bus-00096@mailuji.example","ACTIVE"
"BUS-00097","Koperasi Sinar Digital","Sinar Digital","9914531682067","ID","2017-05-24","91306","300M_2_5B","Jl. Dahlia No. 38","Medan","Sumatera Utara","20111","ID","+628998419529","bus-00097@mailuji.example","ACTIVE"
"BUS-00098","CV Maju Nusantara","Maju Nusantara","9957250935401","ID","2024-02-18","12261","LT_300M","Jl. Cempaka No. 150","Makassar","Sulawesi Selatan","90111","ID","+628996329741","bus-00098@demo.example","ACTIVE"
"BUS-00099","UD Abadi Niaga","Abadi Niaga","9931050992680","ID","2013-10-28","31834","300M_2_5B","Jl. Bougenville No. 148","Palembang","Sumatera Selatan","30111","ID","+628998778574","bus-00099@surelsintetis.id","ACTIVE"
"BUS-00100","UD Mandiri Bersama","Mandiri Bersama","9933396545308","ID","2020-05-19","23012","GT_50B","Jl. Dahlia No. 85","Semarang","Jawa Tengah","50111","ID","+628999003300","bus-00100@surelsintetis.id","ACTIVE"
"BUS-00101","CV Maju Logistik","Maju Logistik","9978330185909","ID","2021-10-16","53729","2_5B_50B","Jl. Anggrek No. 238","Denpasar","Bali","80111","ID","+628992952432","bus-00101@mailuji.example","ACTIVE"
"BUS-00102","CV Lestari Utama","Lestari Utama","9928109855351","ID","2022-09-01","65222","300M_2_5B","Jl. Kenanga No. 211","Bandung","Jawa Barat","40111","ID","+628995552199","bus-00102@demo.example","ACTIVE"
"BUS-00103","PT Sentosa Nusantara","Sentosa Nusantara","9986687375198","ID","2013-11-07","50488","LT_300M","Jl. Anggrek No. 234","Medan","Sumatera Utara","20111","ID","+628996926729","bus-00103@surelsintetis.id","ACTIVE"
"BUS-00104","UD Jaya Bersama","Jaya Bersama","9917485977712","ID","2018-09-19","84555","2_5B_50B","Jl. Kenanga No. 168","Surabaya","Jawa Timur","60111","ID","+628999669607","bus-00104@demo.example","ACTIVE"
"BUS-00105","UD Sejahtera Nusantara","Sejahtera Nusantara","9982815788634","ID","2014-05-18","50978","LT_300M","Jl. Dahlia No. 18","Palembang","Sumatera Selatan","30111","ID","+628993439829","bus-00105@surelsintetis.id","ACTIVE"
"BUS-00106","CV Maju Bersama","Maju Bersama","9928965698044","ID","2013-01-07","81103","LT_300M","Jl. Anggrek No. 119","Semarang","Jawa Tengah","50111","ID","+628999341153","bus-00106@demo.example","ACTIVE"
"BUS-00107","CV Cemerlang Nusantara","Cemerlang Nusantara","9919080161557","ID","2013-12-31","79268","LT_300M","Jl. Dahlia No. 65","Bandung","Jawa Barat","40111","ID","+628995259182","bus-00107@demo.example","ACTIVE"
"BUS-00108","PT Makmur Nusantara","Makmur Nusantara","9978676827387","ID","2013-08-10","68432","GT_50B","Jl. Melati No. 74","Yogyakarta","DI Yogyakarta","55111","ID","+628992083478","bus-00108@demo.example","ACTIVE"
"BUS-00109","CV Harapan Perkasa","Harapan Perkasa","9983235045075","ID","2016-02-19","16314","LT_300M","Jl. Bougenville No. 194","Makassar","Sulawesi Selatan","90111","ID","+628999558526","bus-00109@surelsintetis.id","ACTIVE"
"BUS-00110","PT Jaya Bersama","Jaya Bersama","9970055002098","ID","2014-05-28","47257","GT_50B","Jl. Cempaka No. 190","Bandung","Jawa Barat","40111","ID","+628992916168","bus-00110@contoh.id","ACTIVE"
"BUS-00111","UD Maju Bersama","Maju Bersama","9957187861084","ID","2016-06-23","54768","2_5B_50B","Jl. Melati No. 208","Balikpapan","Kalimantan Timur","76111","ID","+628996504838","bus-00111@demo.example","CLOSED"
"BUS-00112","CV Lestari Digital","Lestari Digital","9914298101301","ID","2012-10-10","56685","LT_300M","Jl. Teratai No. 197","Denpasar","Bali","80111","ID","+628993989711","bus-00112@mailuji.example","ACTIVE"
"BUS-00113","UD Sentosa Perkasa","Sentosa Perkasa","9980997563855","ID","2017-06-06","54802","LT_300M","Jl. Melati No. 124","Surabaya","Jawa Timur","60111","ID","+628998651086","bus-00113@mailuji.example","ACTIVE"
"BUS-00114","UD Maju Perkasa","Maju Perkasa","9991781993093","ID","2014-04-05","12265","GT_50B","Jl. Mawar No. 119","Balikpapan","Kalimantan Timur","76111","ID","+628996399664","bus-00114@demo.example","ACTIVE"
"BUS-00115","UD Sentosa Nusantara","Sentosa Nusantara","9916090455142","ID","2024-08-17","88724","GT_50B","Jl. Kenanga No. 54","Makassar","Sulawesi Selatan","90111","ID","+628992954707","bus-00115@mailuji.example","ACTIVE"
"BUS-00116","Koperasi Harapan Nusantara","Harapan Nusantara","9945237595596","ID","2018-12-03","53515","GT_50B","Jl. Cempaka No. 83","Makassar","Sulawesi Selatan","90111","ID","+628996235445","bus-00116@mailuji.example","ACTIVE"
"BUS-00117","PT Abadi Perkasa","Abadi Perkasa","9918718247346","ID","2020-11-11","43976","LT_300M","Jl. Teratai No. 167","Medan","Sumatera Utara","20111","ID","+628992841630","bus-00117@surelsintetis.id","ACTIVE"
"BUS-00118","Koperasi Abadi Perkasa","Abadi Perkasa","9961188782321","ID","2016-03-25","34503","300M_2_5B","Jl. Dahlia No. 135","Makassar","Sulawesi Selatan","90111","ID","+628997868147","bus-00118@contoh.id","ACTIVE"
"BUS-00119","UD Makmur Digital","Makmur Digital","9979625599361","ID","2023-11-18","79112","2_5B_50B","Jl. Flamboyan No. 120","Makassar","Sulawesi Selatan","90111","ID","+628991497553","bus-00119@demo.example","ACTIVE"
"BUS-00120","PT Maju Bersama","Maju Bersama","9970090866494","ID","2016-04-07","53555","LT_300M","Jl. Cempaka No. 150","Palembang","Sumatera Selatan","30111","ID","+628993176736","bus-00120@mailuji.example","ACTIVE"
"BUS-00121","PT Makmur Digital","Makmur Digital","9994539384471","ID","2015-11-12","54448","LT_300M","Jl. Flamboyan No. 182","Denpasar","Bali","80111","ID","+628998016092","bus-00121@demo.example","ACTIVE"
"BUS-00122","CV Sejahtera Utama","Sejahtera Utama","9949234290217","ID","2018-01-10","37930","2_5B_50B","Jl. Dahlia No. 30","Makassar","Sulawesi Selatan","90111","ID","+628991057445","bus-00122@contoh.id","ACTIVE"
"BUS-00123","UD Lestari Digital","Lestari Digital","9990721128211","ID","2022-02-12","47099","LT_300M","Jl. Teratai No. 89","Surabaya","Jawa Timur","60111","ID","+628992501831","bus-00123@mailuji.example","ACTIVE"
"BUS-00124","CV Berkah Niaga","Berkah Niaga","9954579659887","ID","2019-09-22","76548","LT_300M","Jl. Teratai No. 72","Jakarta Pusat","DKI Jakarta","10110","ID","+628999738972","bus-00124@surelsintetis.id","ACTIVE"
"BUS-00125","PT Sinar Nusantara","Sinar Nusantara","9993425889709","ID","2018-10-28","56535","2_5B_50B","Jl. Bougenville No. 139","Medan","Sumatera Utara","20111","ID","+628999495723","bus-00125@mailuji.example","ACTIVE"
"BUS-00126","PT Sinar Perkasa","Sinar Perkasa","9921094632149","ID","2012-12-02","99419","LT_300M","Jl. Dahlia No. 130","Palembang","Sumatera Selatan","30111","ID","+628994892380","bus-00126@surelsintetis.id","ACTIVE"
"BUS-00127","PT Cemerlang Digital","Cemerlang Digital","9983114730606","ID","2018-08-25","79422","2_5B_50B","Jl. Teratai No. 82","Denpasar","Bali","80111","ID","+628994495018","bus-00127@mailuji.example","ACTIVE"
"BUS-00128","CV Harapan Bersama","Harapan Bersama","9963935671246","ID","2022-02-19","99824","2_5B_50B","Jl. Kenanga No. 20","Semarang","Jawa Tengah","50111","ID","+628994970886","bus-00128@demo.example","ACTIVE"
"BUS-00129","Koperasi Abadi Perkasa","Abadi Perkasa","9911722602124","ID","2020-05-02","12962","2_5B_50B","Jl. Anggrek No. 49","Makassar","Sulawesi Selatan","90111","ID","+628994030014","bus-00129@demo.example","ACTIVE"
"BUS-00130","Koperasi Mandiri Niaga","Mandiri Niaga","9967340239467","ID","2021-12-28","13576","LT_300M","Jl. Mawar No. 198","Yogyakarta","DI Yogyakarta","55111","ID","+628996441610","bus-00130@contoh.id","ACTIVE"
"BUS-00131","PT Jaya Nusantara","Jaya Nusantara","9923257095915","ID","2019-03-28","73967","300M_2_5B","Jl. Kenanga No. 120","Denpasar","Bali","80111","ID","+628998525047","bus-00131@demo.example","ACTIVE"
"BUS-00132","PT Sinar Nusantara","Sinar Nusantara","9973132709246","ID","2022-10-02","36501","LT_300M","Jl. Melati No. 166","Jakarta Pusat","DKI Jakarta","10110","ID","+628992599243","bus-00132@surelsintetis.id","ACTIVE"
"BUS-00133","CV Sentosa Digital","Sentosa Digital","9992257952296","ID","2025-08-24","32051","2_5B_50B","Jl. Bougenville No. 204","Yogyakarta","DI Yogyakarta","55111","ID","+628992321282","bus-00133@surelsintetis.id","ACTIVE"
"BUS-00134","CV Mandiri Logistik","Mandiri Logistik","9938126593121","ID","2012-11-18","99513","2_5B_50B","Jl. Kenanga No. 94","Medan","Sumatera Utara","20111","ID","+628991149858","bus-00134@demo.example","SUSPENDED"
"BUS-00135","PT Jaya Niaga","Jaya Niaga","9992282271020","ID","2018-06-01","13568","2_5B_50B","Jl. Mawar No. 184","Makassar","Sulawesi Selatan","90111","ID","+628993517464","bus-00135@mailuji.example","ACTIVE"
"BUS-00136","Koperasi Mandiri Utama","Mandiri Utama","9932720434545","ID","2018-07-07","46222","LT_300M","Jl. Cempaka No. 74","Yogyakarta","DI Yogyakarta","55111","ID","+628997749478","bus-00136@contoh.id","ACTIVE"
"BUS-00137","PT Sejahtera Bersama","Sejahtera Bersama","9947212570464","ID","2017-11-03","34934","GT_50B","Jl. Anggrek No. 113","Balikpapan","Kalimantan Timur","76111","ID","+628994973120","bus-00137@mailuji.example","ACTIVE"
"BUS-00138","Koperasi Harapan Niaga","Harapan Niaga","9938162694031","ID","2019-11-23","93501","GT_50B","Jl. Cempaka No. 148","Balikpapan","Kalimantan Timur","76111","ID","+628995296220","bus-00138@mailuji.example","ACTIVE"
"BUS-00139","CV Maju Niaga","Maju Niaga","9920283723005","ID","2015-05-03","13320","LT_300M","Jl. Anggrek No. 109","Semarang","Jawa Tengah","50111","ID","+628991956201","bus-00139@surelsintetis.id","ACTIVE"
"BUS-00140","PT Mandiri Bersama","Mandiri Bersama","9999833370925","ID","2025-02-10","35866","2_5B_50B","Jl. Flamboyan No. 214","Bandung","Jawa Barat","40111","ID","+628995348965","bus-00140@demo.example","ACTIVE"
"BUS-00141","Koperasi Lestari Logistik","Lestari Logistik","9972749036909","ID","2013-12-12","67378","2_5B_50B","Jl. Mawar No. 146","Makassar","Sulawesi Selatan","90111","ID","+628996911305","bus-00141@demo.example","ACTIVE"
"BUS-00142","Koperasi Sinar Utama","Sinar Utama","9988056028721","ID","2024-10-25","47141","2_5B_50B","Jl. Kenanga No. 200","Yogyakarta","DI Yogyakarta","55111","ID","+628994268045","bus-00142@mailuji.example","ACTIVE"
"BUS-00143","Koperasi Sentosa Bersama","Sentosa Bersama","9921129733181","ID","2017-08-14","44628","GT_50B","ALAMAT BELUM DIISI","Surabaya","Jawa Timur","60111","ID","+628995191753","bus-00143@demo.example","ACTIVE"
"BUS-00144","Koperasi Harapan Nusantara","Harapan Nusantara","9920304617463","ID","2021-11-28","61680","2_5B_50B","Jl. Flamboyan No. 153","Palembang","Sumatera Selatan","30111","ID","+628991359191","bus-00144@surelsintetis.id","ACTIVE"
"BUS-00145","CV Lestari Bersama","Lestari Bersama","9938610963206","ID","2018-01-03","59943","300M_2_5B","Jl. Dahlia No. 114","Jakarta Pusat","DKI Jakarta","10110","ID","+628998697914","bus-00145@contoh.id","ACTIVE"
"BUS-00146","UD Sentosa Digital","Sentosa Digital","9911896381622","ID","2024-11-05","73864","2_5B_50B","Jl. Flamboyan No. 228","Yogyakarta","DI Yogyakarta","55111","ID","+628999807646","bus-00146@contoh.id","ACTIVE"
"BUS-00147","Koperasi Mandiri Bersama","Mandiri Bersama","9932510772548","ID","2025-06-25","92453","300M_2_5B","Jl. Flamboyan No. 163","Yogyakarta","DI Yogyakarta","55111","ID","+628994520020","bus-00147@demo.example","ACTIVE"
"BUS-00148","PT Makmur Digital","Makmur Digital","9983080392900","ID","2012-10-16","67874","LT_300M","Jl. Mawar No. 6","Balikpapan","Kalimantan Timur","76111","ID","+628999420277","bus-00148@surelsintetis.id","ACTIVE"
"BUS-00149","CV Berkah Utama","Berkah Utama","9940562371401","ID","2024-04-06","34970","GT_50B","Jl. Mawar No. 9","Surabaya","Jawa Timur","60111","ID","+628994082657","bus-00149@mailuji.example","ACTIVE"
"BUS-00150","Koperasi Jaya Nusantara","Jaya Nusantara","9924515385568","ID","2019-08-03","82621","LT_300M","Jl. Cempaka No. 75","Balikpapan","Kalimantan Timur","76111","ID","+628995425589","bus-00150@mailuji.example","ACTIVE"
"BUS-00151","PT Abadi Bersama","Abadi Bersama","9926844460492","ID","2014-04-17","98268","2_5B_50B","Jl. Melati No. 100","Jakarta Pusat","DKI Jakarta","10110","ID","+628995817946","bus-00151@demo.example","ACTIVE"
"BUS-00152","Koperasi Sinar Utama","Sinar Utama","9950329648312","ID","2013-11-12","59104","LT_300M","Jl. Melati No. 214","Yogyakarta","DI Yogyakarta","55111","ID","+628998025066","bus-00152@surelsintetis.id","ACTIVE"
"BUS-00153","Koperasi Lestari Digital","Lestari Digital","9945457026334","ID","2025-08-25","76749","300M_2_5B","Jl. Kenanga No. 141","Balikpapan","Kalimantan Timur","76111","ID","+628995909348","bus-00153@mailuji.example","SUSPENDED"
"BUS-00154","UD Harapan Nusantara","Harapan Nusantara","9915904165522","ID","2016-03-24","59202","GT_50B","Jl. Teratai No. 86","Bandung","Jawa Barat","40111","ID","+628998546407","bus-00154@mailuji.example","ACTIVE"
"BUS-00155","PT Sentosa Digital","Sentosa Digital","9925199451500","ID","2024-03-22","92826","LT_300M","ALAMAT BELUM DIISI","Medan","Sumatera Utara","20111","ID","+628999117070","bus-00155@mailuji.example","ACTIVE"
"BUS-00156","UD Sejahtera Bersama","Sejahtera Bersama","9977164174255","ID","2024-03-31","61654","300M_2_5B","Jl. Melati No. 175","Denpasar","Bali","80111","ID","+628999001018","bus-00156@demo.example","ACTIVE"
"BUS-00157","Koperasi Lestari Bersama","Lestari Bersama","9980435021191","ID","2020-01-13","49662","2_5B_50B","Jl. Flamboyan No. 12","Semarang","Jawa Tengah","50111","ID","+628997063356","bus-00157@contoh.id","ACTIVE"
"BUS-00158","PT Abadi Digital","Abadi Digital","9967704331336","ID","2019-03-16","38192","300M_2_5B","Jl. Bougenville No. 140","Yogyakarta","DI Yogyakarta","55111","ID","+628996877073","bus-00158@contoh.id","ACTIVE"
"BUS-00159","UD Sentosa Perkasa","Sentosa Perkasa","9918145073519","ID","2021-02-24","36477","2_5B_50B","Jl. Kenanga No. 125","Semarang","Jawa Tengah","50111","ID","+628993924054","bus-00159@mailuji.example","ACTIVE"
"BUS-00160","CV Mandiri Perkasa","Mandiri Perkasa","9981264424454","ID","2021-12-01","25677","300M_2_5B","Jl. Melati No. 232","Bandung","Jawa Barat","40111","ID","+628993151196","bus-00160@contoh.id","ACTIVE"
"BUS-00161","UD Maju Niaga","Maju Niaga","9976509364137","ID","2020-08-06","72097","300M_2_5B","Jl. Anggrek No. 192","Medan","Sumatera Utara","20111","ID","+628999554369","bus-00161@mailuji.example","ACTIVE"
"BUS-00162","UD Abadi Niaga","Abadi Niaga","9986087140803","ID","2017-04-05","32874","2_5B_50B","Jl. Mawar No. 113","Jakarta Pusat","DKI Jakarta","10110","ID","+628991808482","bus-00162@mailuji.example","ACTIVE"
"BUS-00163","PT Cemerlang Utama","Cemerlang Utama","9952562082410","ID","2018-02-06","16381","2_5B_50B","Jl. Mawar No. 38","Balikpapan","Kalimantan Timur","76111","ID","+628994986970","bus-00163@mailuji.example","ACTIVE"
"BUS-00164","PT Jaya Niaga","Jaya Niaga","9983391804193","ID","2021-11-05","20084","LT_300M","Jl. Mawar No. 238","Yogyakarta","DI Yogyakarta","55111","ID","+628994161594","bus-00164@contoh.id","ACTIVE"
"BUS-00165","PT Jaya Niaga","Jaya Niaga","9923906955852","ID","2023-09-23","60960","2_5B_50B","Jl. Cempaka No. 120","Medan","Sumatera Utara","20111","ID","+628993829994","bus-00165@contoh.id","ACTIVE"
"BUS-00166","UD Harapan Niaga","Harapan Niaga","9974308446992","ID","2023-09-21","85731","2_5B_50B","N/A","Palembang","Sumatera Selatan","30111","ID","+628998435984","bus-00166@mailuji.example","ACTIVE"
"BUS-00167","CV Sejahtera Nusantara","Sejahtera Nusantara","9957224502766","ID","2013-11-30","15859","GT_50B","Jl. Teratai No. 218","Jakarta Pusat","DKI Jakarta","10110","ID","+628991130121","bus-00167@contoh.id","ACTIVE"
"BUS-00168","PT Maju Utama","Maju Utama","9961420280941","ID","2021-03-28","76558","GT_50B","Jl. Bougenville No. 41","Yogyakarta","DI Yogyakarta","55111","ID","+628998546131","bus-00168@contoh.id","ACTIVE"
"BUS-00169","UD Jaya Logistik","Jaya Logistik","9992641517725","ID","2016-08-06","24041","GT_50B","Jl. Dahlia No. 224","Semarang","Jawa Tengah","50111","ID","+628991314465","bus-00169@contoh.id","ACTIVE"
"BUS-00170","Koperasi Maju Utama","Maju Utama","9943371064336","ID","2016-06-05","98238","2_5B_50B","Jl. Melati No. 220","Makassar","Sulawesi Selatan","90111","ID","+628991390866","bus-00170@surelsintetis.id","ACTIVE"
"BUS-00171","CV Cemerlang Perkasa","Cemerlang Perkasa","9918282697259","ID","2023-07-31","18007","2_5B_50B","Jl. Bougenville No. 217","Makassar","Sulawesi Selatan","90111","ID","+628997184912","bus-00171@contoh.id","ACTIVE"
"BUS-00172","CV Sejahtera Perkasa","Sejahtera Perkasa","9918466416411","ID","2013-05-15","34583","LT_300M","Jl. Flamboyan No. 68","Makassar","Sulawesi Selatan","90111","ID","+628995090805","bus-00172@surelsintetis.id","ACTIVE"
"BUS-00173","PT Sentosa Perkasa","Sentosa Perkasa","9936130211022","ID","2014-06-23","49727","300M_2_5B","Jl. Cempaka No. 115","Yogyakarta","DI Yogyakarta","55111","ID","+628996208748","bus-00173@surelsintetis.id","ACTIVE"
"BUS-00174","Koperasi Cemerlang Bersama","Cemerlang Bersama","9949662081565","ID","2020-01-24","60349","GT_50B","Jl. Dahlia No. 27","Balikpapan","Kalimantan Timur","76111","ID","+628993306870","bus-00174@demo.example","ACTIVE"
"BUS-00175","Koperasi Mandiri Niaga","Mandiri Niaga","9991860693765","ID","2014-11-25","30468","2_5B_50B","Jl. Mawar No. 118","Yogyakarta","DI Yogyakarta","55111","ID","+628993156169","bus-00175@mailuji.example","ACTIVE"
"BUS-00176","UD Sentosa Perkasa","Sentosa Perkasa","9993294800826","ID","2024-10-16","57182","300M_2_5B","Jl. Kenanga No. 208","Makassar","Sulawesi Selatan","90111","ID","+628994935180","bus-00176@surelsintetis.id","ACTIVE"
"BUS-00177","UD Harapan Nusantara","Harapan Nusantara","9997704582424","ID","2022-01-08","47190","LT_300M","Jl. Teratai No. 27","Medan","Sumatera Utara","20111","ID","+628999351711","bus-00177@demo.example","ACTIVE"
"BUS-00178","Koperasi Makmur Perkasa","Makmur Perkasa","9965043606729","ID","2013-10-21","48596","2_5B_50B","Jl. Anggrek No. 237","Surabaya","Jawa Timur","60111","ID","+628998350414","bus-00178@demo.example","ACTIVE"
"BUS-00179","PT Harapan Nusantara","Harapan Nusantara","9965412934040","ID","2017-09-28","41565","300M_2_5B","Jl. Anggrek No. 230","Yogyakarta","DI Yogyakarta","55111","ID","+628991049716","bus-00179@mailuji.example","ACTIVE"
"BUS-00180","UD Sinar Perkasa","Sinar Perkasa","9948543635649","ID","2017-04-05","75468","2_5B_50B","Jl. Kenanga No. 199","Bandung","Jawa Barat","40111","ID","+628996722574","bus-00180@mailuji.example","SUSPENDED"
"BUS-00181","PT Sejahtera Niaga","Sejahtera Niaga","9965696023948","ID","2018-05-22","35545","300M_2_5B","Jl. Dahlia No. 222","Denpasar","Bali","80111","ID","+628999503004","bus-00181@contoh.id","ACTIVE"
"BUS-00182","UD Sejahtera Niaga","Sejahtera Niaga","9927743919450","ID","2015-05-14","65554","GT_50B","Jl. Melati No. 214","Denpasar","Bali","80111","ID","+628997317995","bus-00182@mailuji.example","ACTIVE"
"BUS-00183","Koperasi Makmur Logistik","Makmur Logistik","9998554002414","ID","2012-09-23","17789","GT_50B","Jl. Flamboyan No. 65","Makassar","Sulawesi Selatan","90111","ID","+628996183477","bus-00183@contoh.id","ACTIVE"
"BUS-00184","UD Sentosa Digital","Sentosa Digital","9977173665152","ID","2020-02-18","73824","GT_50B","Jl. Melati No. 211","Surabaya","Jawa Timur","60111","ID","+628995739183","bus-00184@demo.example","ACTIVE"
"BUS-00185","Koperasi Lestari Bersama","Lestari Bersama","9938691241396","ID","2015-05-23","65342","300M_2_5B","Jl. Anggrek No. 68","Palembang","Sumatera Selatan","30111","ID","+628996161269","bus-00185@contoh.id","ACTIVE"
"BUS-00186","UD Lestari Niaga","Lestari Niaga","9969610761268","ID","2019-07-23","63793","LT_300M","Jl. Cempaka No. 24","Jakarta Pusat","DKI Jakarta","10110","ID","+628997100128","bus-00186@demo.example","ACTIVE"
"BUS-00187","PT Mandiri Logistik","Mandiri Logistik","9974170594211","ID","2013-03-14","26712","2_5B_50B","Jl. Melati No. 150","Bandung","Jawa Barat","40111","ID","+628993387815","bus-00187@mailuji.example","ACTIVE"
"BUS-00188","Koperasi Abadi Niaga","Abadi Niaga","9953234974308","ID","2017-12-28","67864","GT_50B","Jl. Bougenville No. 185","Bandung","Jawa Barat","40111","ID","+628999259423","bus-00188@contoh.id","ACTIVE"
"BUS-00189","PT Maju Utama","Maju Utama","9956820021189","ID","2016-08-03","27104","2_5B_50B","Jl. Dahlia No. 59","Semarang","Jawa Tengah","50111","ID","+628994694700","bus-00189@surelsintetis.id","ACTIVE"
"BUS-00190","PT Harapan Logistik","Harapan Logistik","9959945341051","ID","2018-08-11","26687","2_5B_50B","Jl. Dahlia No. 72","Balikpapan","Kalimantan Timur","76111","ID","+628995977209","bus-00190@surelsintetis.id","ACTIVE"
"BUS-00191","UD Abadi Niaga","Abadi Niaga","9939233129124","ID","2019-05-17","87337","LT_300M","Jl. Melati No. 216","Semarang","Jawa Tengah","50111","ID","+628994722776","bus-00191@mailuji.example","ACTIVE"
"BUS-00192","Koperasi Lestari Perkasa","Lestari Perkasa","9973315052122","ID","2021-05-04","56599","GT_50B","Jl. Anggrek No. 71","Medan","Sumatera Utara","20111","ID","+628997902910","bus-00192@mailuji.example","ACTIVE"
"BUS-00193","UD Lestari Nusantara","Lestari Nusantara","9966297543168","ID","2020-08-24","39352","300M_2_5B","Jl. Flamboyan No. 106","Makassar","Sulawesi Selatan","90111","ID","+628995326973","bus-00193@mailuji.example","ACTIVE"
"BUS-00194","PT Maju Utama","Maju Utama","9914399347916","ID","2025-02-26","87884","GT_50B","Jl. Melati No. 203","Denpasar","Bali","80111","ID","+628997949292","bus-00194@mailuji.example","ACTIVE"
"BUS-00195","PT Jaya Niaga","Jaya Niaga","9944620695377","ID","2020-06-07","75379","LT_300M","Jl. Mawar No. 89","Palembang","Sumatera Selatan","30111","ID","+628992591216","bus-00195@demo.example","ACTIVE"
"BUS-00196","Koperasi Makmur Perkasa","Makmur Perkasa","9938034610223","ID","2015-07-22","87950","2_5B_50B","Jl. Dahlia No. 187","Makassar","Sulawesi Selatan","90111","ID","+628996093592","bus-00196@contoh.id","ACTIVE"
"BUS-00197","PT Makmur Nusantara","Makmur Nusantara","9990314724988","ID","2023-03-08","52493","2_5B_50B","Jl. Melati No. 37","Surabaya","Jawa Timur","60111","ID","+628993020185","bus-00197@demo.example","ACTIVE"
"BUS-00198","CV Makmur Niaga","Makmur Niaga","9951792357388","ID","2016-12-05","25751","LT_300M","Jl. Kenanga No. 64","Palembang","Sumatera Selatan","30111","ID","+628998062194","bus-00198@surelsintetis.id","ACTIVE"
"BUS-00199","CV Makmur Nusantara","Makmur Nusantara","9929943659566","ID","2018-05-24","47450","300M_2_5B","Jl. Kenanga No. 214","Semarang","Jawa Tengah","50111","ID","+628991005830","bus-00199@contoh.id","ACTIVE"
"BUS-00200","PT Maju Digital","Maju Digital","9928020217823","ID","2017-06-02","66623","LT_300M","Jl. Melati No. 111","Bandung","Jawa Barat","40111","ID","+628994506908","bus-00200@demo.example","ACTIVE"
"BUS-00201","UD Lestari Niaga","Lestari Niaga","9987245327343","ID","2018-10-18","35779","2_5B_50B","Jl. Flamboyan No. 214","Medan","Sumatera Utara","20111","ID","+628998810826","bus-00201@surelsintetis.id","ACTIVE"
"BUS-00202","PT Abadi Digital","Abadi Digital","9922896014969","ID","2017-07-16","97006","GT_50B","Jl. Teratai No. 135","Makassar","Sulawesi Selatan","90111","ID","+628993273128","bus-00202@demo.example","ACTIVE"
"BUS-00203","Koperasi Makmur Utama","Makmur Utama","9967964017920","ID","2018-08-20","87063","LT_300M","Jl. Teratai No. 74","Jakarta Pusat","DKI Jakarta","10110","ID","+628999565911","bus-00203@contoh.id","ACTIVE"
"BUS-00204","UD Maju Perkasa","Maju Perkasa","9915789025671","ID","2023-04-11","30111","GT_50B","Jl. Mawar No. 225","Surabaya","Jawa Timur","60111","ID","+628994850781","bus-00204@surelsintetis.id","ACTIVE"
"BUS-00205","Koperasi Maju Niaga","Maju Niaga","9996800632811","ID","2018-08-17","61413","GT_50B","Jl. Anggrek No. 76","Surabaya","Jawa Timur","60111","ID","+628993708981","bus-00205@demo.example","ACTIVE"
"BUS-00206","CV Maju Digital","Maju Digital","9970632366694","ID","2023-10-16","17473","GT_50B","Jl. Melati No. 164","Surabaya","Jawa Timur","60111","ID","+628994887532","bus-00206@contoh.id","ACTIVE"
"BUS-00207","CV Cemerlang Bersama","Cemerlang Bersama","9931099019072","ID","2017-10-06","22206","LT_300M","Jl. Teratai No. 130","Jakarta Pusat","DKI Jakarta","10110","ID","+628997046285","bus-00207@contoh.id","ACTIVE"
"BUS-00208","PT Makmur Digital","Makmur Digital","9965346785333","ID","2013-01-08","50027","300M_2_5B","Jl. Cempaka No. 35","Bandung","Jawa Barat","40111","ID","+628997921261","bus-00208@demo.example","ACTIVE"
"BUS-00209","UD Berkah Digital","Berkah Digital","9939430689593","ID","2012-11-26","27553","2_5B_50B","Jl. Anggrek No. 131","Balikpapan","Kalimantan Timur","76111","ID","+628996835905","bus-00209@surelsintetis.id","ACTIVE"
"BUS-00210","PT Abadi Bersama","Abadi Bersama","9997295724765","ID","2014-12-24","30216","LT_300M","Jl. Flamboyan No. 151","Yogyakarta","DI Yogyakarta","55111","ID","+628992677559","bus-00210@surelsintetis.id","ACTIVE"
"BUS-00211","PT Makmur Niaga","Makmur Niaga","9950293602877","ID","2018-11-23","62648","300M_2_5B","Jl. Flamboyan No. 163","Palembang","Sumatera Selatan","30111","ID","+628999718361","bus-00211@surelsintetis.id","SUSPENDED"
"BUS-00212","PT Berkah Logistik","Berkah Logistik","9954848508433","ID","2022-06-05","86194","GT_50B","Jl. Flamboyan No. 23","Yogyakarta","DI Yogyakarta","55111","ID","+628993860692","bus-00212@contoh.id","ACTIVE"
"BUS-00213","CV Abadi Niaga","Abadi Niaga","9971808513458","ID","2019-12-12","85756","300M_2_5B","Jl. Anggrek No. 198","Makassar","Sulawesi Selatan","90111","ID","+628992770880","bus-00213@contoh.id","ACTIVE"
"BUS-00214","Koperasi Berkah Perkasa","Berkah Perkasa","9949268161230","ID","2018-09-20","36455","2_5B_50B","Jl. Mawar No. 152","Medan","Sumatera Utara","20111","ID","+628996627319","bus-00214@demo.example","ACTIVE"
"BUS-00215","Koperasi Jaya Niaga","Jaya Niaga","9970997751722","ID","2021-08-27","11723","LT_300M","Jl. Mawar No. 132","Balikpapan","Kalimantan Timur","76111","ID","+628996826884","bus-00215@surelsintetis.id","ACTIVE"
"BUS-00216","CV Berkah Niaga","Berkah Niaga","9946703384627","ID","2024-04-03","33528","2_5B_50B","Jl. Dahlia No. 1","Denpasar","Bali","80111","ID","+628991825527","bus-00216@mailuji.example","ACTIVE"
"BUS-00217","PT Sentosa Perkasa","Sentosa Perkasa","9947604077465","ID","2014-04-08","67399","LT_300M","Jl. Melati No. 200","Surabaya","Jawa Timur","60111","ID","+628992061749","bus-00217@demo.example","ACTIVE"
"BUS-00218","Koperasi Cemerlang Utama","Cemerlang Utama","9995700486678","ID","2023-02-11","79110","300M_2_5B","Jl. Cempaka No. 232","Denpasar","Bali","80111","ID","+628999672415","bus-00218@surelsintetis.id","ACTIVE"
"BUS-00219","Koperasi Harapan Digital","Harapan Digital","9997831582730","ID","2021-01-19","94933","2_5B_50B","Jl. Cempaka No. 86","Makassar","Sulawesi Selatan","90111","ID","+628998908514","bus-00219@mailuji.example","ACTIVE"
"BUS-00220","PT Mandiri Bersama","Mandiri Bersama","9969876685690","ID","2022-06-22","23061","GT_50B","Jl. Kenanga No. 233","Makassar","Sulawesi Selatan","90111","ID","+628997377808","bus-00220@contoh.id","ACTIVE"
"BUS-00221","Koperasi Sinar Nusantara","Sinar Nusantara","9983455139001","ID","2021-07-06","99432","LT_300M","Jl. Bougenville No. 56","Semarang","Jawa Tengah","50111","ID","+628997703052","bus-00221@contoh.id","ACTIVE"
"BUS-00222","PT Sinar Utama","Sinar Utama","9925629677518","ID","2022-08-15","57843","GT_50B","Jl. Teratai No. 170","Makassar","Sulawesi Selatan","90111","ID","+628992719311","bus-00222@mailuji.example","ACTIVE"
"BUS-00223","UD Jaya Perkasa","Jaya Perkasa","9954159987181","ID","2015-02-25","22987","300M_2_5B","Jl. Kenanga No. 38","Jakarta Pusat","DKI Jakarta","10110","ID","+628996942635","bus-00223@contoh.id","ACTIVE"
"BUS-00224","CV Abadi Logistik","Abadi Logistik","9933070697930","ID","2024-08-28","72646","2_5B_50B","Jl. Kenanga No. 167","Semarang","Jawa Tengah","50111","ID","+628999825491","bus-00224@surelsintetis.id","ACTIVE"
"BUS-00225","PT Harapan Niaga","Harapan Niaga","9964020285117","ID","2017-04-19","82771","GT_50B","Jl. Dahlia No. 11","Palembang","Sumatera Selatan","30111","ID","+628996788325","bus-00225@contoh.id","ACTIVE"
"BUS-00226","UD Makmur Nusantara","Makmur Nusantara","9974162279607","ID","2018-06-22","52036","300M_2_5B","Jl. Melati No. 124","Surabaya","Jawa Timur","60111","ID","+628994087587","bus-00226@surelsintetis.id","SUSPENDED"
"BUS-00227","CV Sentosa Bersama","Sentosa Bersama","9955711327032","ID","2019-04-04","72134","LT_300M","Jl. Kenanga No. 24","Surabaya","Jawa Timur","60111","ID","+628991928472","bus-00227@demo.example","ACTIVE"
"BUS-00228","PT Sejahtera Digital","Sejahtera Digital","9915663718752","ID","2024-08-25","69270","2_5B_50B","Jl. Flamboyan No. 234","Semarang","Jawa Tengah","50111","ID","+628998810132","bus-00228@contoh.id","ACTIVE"
"BUS-00229","Koperasi Berkah Perkasa","Berkah Perkasa","9920518085677","ID","2014-08-23","33292","2_5B_50B","Jl. Melati No. 157","Bandung","Jawa Barat","40111","ID","+628997800338","bus-00229@demo.example","ACTIVE"
"BUS-00230","CV Makmur Utama","Makmur Utama","9966376258033","ID","2024-08-16","41702","LT_300M","Jl. Dahlia No. 160","Jakarta Pusat","DKI Jakarta","10110","ID","+628999227886","bus-00230@demo.example","SUSPENDED"
"BUS-00231","UD Harapan Nusantara","Harapan Nusantara","9915165759532","ID","2024-07-27","96914","300M_2_5B","Jl. Flamboyan No. 131","Balikpapan","Kalimantan Timur","76111","ID","+628995975503","bus-00231@demo.example","ACTIVE"
"BUS-00232","CV Harapan Logistik","Harapan Logistik","9938352773916","ID","2016-08-24","69867","LT_300M","Jl. Kenanga No. 32","Surabaya","Jawa Timur","60111","ID","+628994728099","bus-00232@surelsintetis.id","ACTIVE"
"BUS-00233","PT Lestari Niaga","Lestari Niaga","9995417179896","ID","2017-10-18","58162","2_5B_50B","Jl. Teratai No. 39","Balikpapan","Kalimantan Timur","76111","ID","+628992086383","bus-00233@contoh.id","ACTIVE"
"BUS-00234","Koperasi Harapan Logistik","Harapan Logistik","9973195075601","ID","2024-07-21","68195","2_5B_50B","Jl. Flamboyan No. 96","Makassar","Sulawesi Selatan","90111","ID","+628992537921","bus-00234@mailuji.example","ACTIVE"
"BUS-00235","UD Makmur Niaga","Makmur Niaga","9922985362431","ID","2022-05-09","59007","LT_300M","Jl. Kenanga No. 167","Bandung","Jawa Barat","40111","ID","+628991138030","bus-00235@contoh.id","ACTIVE"
"BUS-00236","Koperasi Makmur Digital","Makmur Digital","9911836183161","ID","2024-04-16","17523","LT_300M","Jl. Mawar No. 124","Bandung","Jawa Barat","40111","ID","+628993797768","bus-00236@contoh.id","ACTIVE"
"BUS-00237","Koperasi Harapan Bersama","Harapan Bersama","9988392126532","ID","2024-12-06","62421","300M_2_5B","Jl. Dahlia No. 144","Palembang","Sumatera Selatan","30111","ID","+628999965151","bus-00237@contoh.id","CLOSED"
"BUS-00238","UD Sinar Perkasa","Sinar Perkasa","9915000387358","ID","2012-12-25","68541","GT_50B","Jl. Dahlia No. 142","Balikpapan","Kalimantan Timur","76111","ID","+628999083895","bus-00238@surelsintetis.id","ACTIVE"
"BUS-00239","PT Berkah Niaga","Berkah Niaga","9917719009880","ID","2020-03-21","29308","GT_50B","Jl. Cempaka No. 215","Yogyakarta","DI Yogyakarta","55111","ID","+628992473512","bus-00239@demo.example","ACTIVE"
"BUS-00240","UD Berkah Perkasa","Berkah Perkasa","9968732263126","ID","2013-08-20","29812","2_5B_50B","Jl. Teratai No. 131","Yogyakarta","DI Yogyakarta","55111","ID","+628994814364","bus-00240@demo.example","ACTIVE"
"BUS-00241","UD Sejahtera Niaga","Sejahtera Niaga","9995836655125","ID","2022-11-19","25462","LT_300M","Jl. Teratai No. 127","Semarang","Jawa Tengah","50111","ID","+628995091357","bus-00241@contoh.id","ACTIVE"
"BUS-00242","CV Sinar Utama","Sinar Utama","9938419054779","ID","2021-02-09","88192","300M_2_5B","Jl. Teratai No. 177","Medan","Sumatera Utara","20111","ID","+628997162402","bus-00242@contoh.id","ACTIVE"
"BUS-00243","UD Sinar Utama","Sinar Utama","9967213315484","ID","2013-10-02","98002","300M_2_5B","Jl. Cempaka No. 141","Balikpapan","Kalimantan Timur","76111","ID","+628991517008","bus-00243@contoh.id","ACTIVE"
"BUS-00244","PT Harapan Bersama","Harapan Bersama","9936122474135","ID","2017-04-01","35194","GT_50B","Jl. Teratai No. 214","Bandung","Jawa Barat","40111","ID","+628997478548","bus-00244@demo.example","ACTIVE"
"BUS-00245","CV Abadi Logistik","Abadi Logistik","9922887157483","ID","2024-05-27","82066","GT_50B","Jl. Flamboyan No. 38","Balikpapan","Kalimantan Timur","76111","ID","+628992872723","bus-00245@mailuji.example","ACTIVE"
"BUS-00246","CV Jaya Digital","Jaya Digital","9917401726649","ID","2023-11-29","78385","GT_50B","Jl. Dahlia No. 145","Denpasar","Bali","80111","ID","+628994348757","bus-00246@surelsintetis.id","CLOSED"
"BUS-00247","Koperasi Harapan Perkasa","Harapan Perkasa","9941394612414","ID","2013-04-29","11406","2_5B_50B","Jl. Anggrek No. 21","Surabaya","Jawa Timur","60111","ID","+628998344395","bus-00247@demo.example","ACTIVE"
"BUS-00248","Koperasi Berkah Bersama","Berkah Bersama","9968446212332","ID","2018-10-06","67487","2_5B_50B","Jl. Kenanga No. 112","Palembang","Sumatera Selatan","30111","ID","+628997565181","bus-00248@mailuji.example","ACTIVE"
"BUS-00249","UD Sejahtera Digital","Sejahtera Digital","9962965182423","ID","2013-02-24","61352","2_5B_50B","Jl. Flamboyan No. 115","Palembang","Sumatera Selatan","30111","ID","+628993867396","bus-00249@surelsintetis.id","ACTIVE"
"BUS-00250","Koperasi Maju Niaga","Maju Niaga","9927308700567","ID","2023-03-23","31393","300M_2_5B","Jl. Teratai No. 127","Surabaya","Jawa Timur","60111","ID","+628996808513","bus-00250@demo.example","ACTIVE"
"BUS-00251","PT Sinar Digital","Sinar Digital","9994245968949","ID","2018-05-12","37539","300M_2_5B","Jl. Mawar No. 94","Makassar","Sulawesi Selatan","90111","ID","+628999121338","bus-00251@surelsintetis.id","ACTIVE"
"BUS-00252","CV Maju Digital","Maju Digital","9948001675873","ID","2018-03-17","62947","GT_50B","Jl. Mawar No. 90","Balikpapan","Kalimantan Timur","76111","ID","+628992140805","bus-00252@demo.example","ACTIVE"
"BUS-00253","UD Lestari Utama","Lestari Utama","9918649679035","ID","2012-12-04","96890","LT_300M","Jl. Melati No. 152","Palembang","Sumatera Selatan","30111","ID","+628991807399","bus-00253@demo.example","ACTIVE"
"BUS-00254","Koperasi Lestari Digital","Lestari Digital","9934617736420","ID","2018-01-06","44815","LT_300M","Jl. Kenanga No. 10","Denpasar","Bali","80111","ID","+628993794508","bus-00254@demo.example","ACTIVE"
"BUS-00255","Koperasi Lestari Utama","Lestari Utama","9979580083837","ID","2019-03-12","31156","2_5B_50B","Jl. Mawar No. 129","Denpasar","Bali","80111","ID","+628997518949","bus-00255@mailuji.example","ACTIVE"
"BUS-00256","Koperasi Jaya Logistik","Jaya Logistik","9977618901722","ID","2013-01-02","54988","2_5B_50B","Jl. Melati No. 167","Makassar","Sulawesi Selatan","90111","ID","+628993066418","bus-00256@mailuji.example","ACTIVE"
"BUS-00257","UD Maju Perkasa","Maju Perkasa","9921745749225","ID","2019-01-28","35042","2_5B_50B","Jl. Flamboyan No. 69","Medan","Sumatera Utara","20111","ID","+628999575237","bus-00257@mailuji.example","ACTIVE"
"BUS-00258","PT Maju Digital","Maju Digital","9971750821937","ID","2015-03-22","71998","LT_300M","Jl. Dahlia No. 89","Medan","Sumatera Utara","20111","ID","+628992267017","bus-00258@demo.example","ACTIVE"
"BUS-00259","UD Sentosa Perkasa","Sentosa Perkasa","9948865430120","ID","2016-05-17","43228","2_5B_50B","Jl. Dahlia No. 96","Denpasar","Bali","80111","ID","+628994162655","bus-00259@contoh.id","ACTIVE"
"BUS-00260","Koperasi Sentosa Perkasa","Sentosa Perkasa","9990800460560","ID","2015-04-29","79161","LT_300M","Jl. Melati No. 120","Denpasar","Bali","80111","ID","+628993563422","bus-00260@mailuji.example","ACTIVE"
"BUS-00261","Koperasi Mandiri Digital","Mandiri Digital","9941809796842","ID","2016-10-25","52289","LT_300M","Jl. Bougenville No. 180","Surabaya","Jawa Timur","60111","ID","+628993381538","bus-00261@surelsintetis.id","ACTIVE"
"BUS-00262","UD Makmur Logistik","Makmur Logistik","9911208483763","ID","2024-04-06","20968","LT_300M","Jl. Melati No. 91","Bandung","Jawa Barat","40111","ID","+628995808560","bus-00262@contoh.id","ACTIVE"
"BUS-00263","CV Jaya Bersama","Jaya Bersama","9948710008564","ID","2021-01-21","63819","300M_2_5B","Jl. Cempaka No. 203","Balikpapan","Kalimantan Timur","76111","ID","+628996988694","bus-00263@mailuji.example","SUSPENDED"
"BUS-00264","Koperasi Jaya Nusantara","Jaya Nusantara","9960763826399","ID","2020-02-14","95339","LT_300M","Jl. Bougenville No. 47","Denpasar","Bali","80111","ID","+628996881698","bus-00264@surelsintetis.id","ACTIVE"
"BUS-00265","CV Harapan Bersama","Harapan Bersama","9966704373645","ID","2022-08-05","91405","GT_50B","Jl. Mawar No. 214","Denpasar","Bali","80111","ID","+628992374576","bus-00265@contoh.id","ACTIVE"
"BUS-00266","PT Cemerlang Utama","Cemerlang Utama","9933985848879","ID","2025-04-19","72878","LT_300M","Jl. Flamboyan No. 95","Semarang","Jawa Tengah","50111","ID","+628999508628","bus-00266@demo.example","ACTIVE"
"BUS-00267","PT Abadi Perkasa","Abadi Perkasa","9934558351007","ID","2015-04-24","12366","GT_50B","Jl. Cempaka No. 75","Denpasar","Bali","80111","ID","+628995504240","bus-00267@contoh.id","SUSPENDED"
"BUS-00268","PT Harapan Niaga","Harapan Niaga","9943012027236","ID","2022-08-05","28126","GT_50B","Jl. Flamboyan No. 224","Surabaya","Jawa Timur","60111","ID","+628994967337","bus-00268@demo.example","ACTIVE"
"BUS-00269","UD Jaya Nusantara","Jaya Nusantara","9950139534475","ID","2024-02-27","96539","300M_2_5B","Jl. Flamboyan No. 148","Jakarta Pusat","DKI Jakarta","10110","ID","+628997360960","bus-00269@mailuji.example","ACTIVE"
"BUS-00270","CV Lestari Perkasa","Lestari Perkasa","9931173686422","ID","2015-04-01","58347","GT_50B","Jl. Teratai No. 135","Surabaya","Jawa Timur","60111","ID","+628992380271","bus-00270@surelsintetis.id","ACTIVE"
"BUS-00271","PT Sejahtera Perkasa","Sejahtera Perkasa","9923153954788","ID","2022-10-14","90010","GT_50B","Jl. Melati No. 210","Semarang","Jawa Tengah","50111","ID","+628997845979","bus-00271@surelsintetis.id","ACTIVE"
"BUS-00272","PT Sejahtera Nusantara","Sejahtera Nusantara","9963857045195","ID","2023-12-26","82129","2_5B_50B","Jl. Flamboyan No. 76","Surabaya","Jawa Timur","60111","ID","+628998572064","bus-00272@mailuji.example","ACTIVE"
"BUS-00273","CV Berkah Digital","Berkah Digital","9934809358554","ID","2024-05-12","50160","GT_50B","Jl. Kenanga No. 227","Yogyakarta","DI Yogyakarta","55111","ID","+628992141589","bus-00273@contoh.id","ACTIVE"
"BUS-00274","UD Lestari Nusantara","Lestari Nusantara","9931121866939","ID","2020-01-04","69825","GT_50B","Jl. Anggrek No. 212","Bandung","Jawa Barat","40111","ID","+628997043253","bus-00274@contoh.id","ACTIVE"
"BUS-00275","CV Cemerlang Digital","Cemerlang Digital","9940549680025","ID","2020-06-28","70990","300M_2_5B","Jl. Dahlia No. 104","Medan","Sumatera Utara","20111","ID","+628998504370","bus-00275@surelsintetis.id","ACTIVE"
"BUS-00276","Koperasi Abadi Digital","Abadi Digital","9913503089391","ID","2016-08-25","42210","GT_50B","Jl. Kenanga No. 189","Medan","Sumatera Utara","20111","ID","+628993296005","bus-00276@contoh.id","ACTIVE"
"BUS-00277","UD Sentosa Niaga","Sentosa Niaga","9916441914048","ID","2014-09-27","22811","GT_50B","Jl. Flamboyan No. 220","Yogyakarta","DI Yogyakarta","55111","ID","+628996909647","bus-00277@surelsintetis.id","ACTIVE"
"BUS-00278","CV Lestari Perkasa","Lestari Perkasa","9939683296820","ID","2019-10-24","85396","GT_50B","Jl. Flamboyan No. 76","Palembang","Sumatera Selatan","30111","ID","+628995829036","bus-00278@contoh.id","ACTIVE"
"BUS-00279","CV Sentosa Logistik","Sentosa Logistik","9914050491882","ID","2013-07-05","52431","LT_300M","Jl. Anggrek No. 94","Yogyakarta","DI Yogyakarta","55111","ID","+628993904857","bus-00279@demo.example","ACTIVE"
"BUS-00280","PT Sinar Digital","Sinar Digital","9923756285428","ID","2014-05-31","82482","300M_2_5B","Jl. Bougenville No. 76","Palembang","Sumatera Selatan","30111","ID","+628998410559","bus-00280@surelsintetis.id","ACTIVE"
"BUS-00281","Koperasi Sentosa Logistik","Sentosa Logistik","9982282482718","ID","2024-08-01","20740","LT_300M","Jl. Cempaka No. 163","Makassar","Sulawesi Selatan","90111","ID","+628993809345","bus-00281@demo.example","ACTIVE"
"BUS-00282","PT Makmur Utama","Makmur Utama","9952809955608","ID","2021-12-13","81389","2_5B_50B","Jl. Bougenville No. 27","Medan","Sumatera Utara","20111","ID","+628994685666","bus-00282@surelsintetis.id","ACTIVE"
"BUS-00283","PT Lestari Digital","Lestari Digital","9977471345188","ID","2012-12-26","49634","GT_50B","Jl. Bougenville No. 194","Balikpapan","Kalimantan Timur","76111","ID","+628998367954","bus-00283@demo.example","ACTIVE"
"BUS-00284","UD Berkah Nusantara","Berkah Nusantara","9939658066228","ID","2019-11-25","21354","2_5B_50B","Jl. Kenanga No. 18","Semarang","Jawa Tengah","50111","ID","+628995760177","bus-00284@demo.example","ACTIVE"
"BUS-00285","CV Jaya Bersama","Jaya Bersama","9955319985549","ID","2021-03-16","95341","300M_2_5B","Jl. Dahlia No. 238","Surabaya","Jawa Timur","60111","ID","+628996827678","bus-00285@surelsintetis.id","ACTIVE"
"BUS-00286","Koperasi Lestari Nusantara","Lestari Nusantara","9921253419775","ID","2015-12-09","69859","GT_50B","Jl. Teratai No. 23","Balikpapan","Kalimantan Timur","76111","ID","+628999994539","bus-00286@mailuji.example","ACTIVE"
"BUS-00287","UD Abadi Niaga","Abadi Niaga","9932886729932","ID","2020-03-28","98827","300M_2_5B","Jl. Bougenville No. 108","Balikpapan","Kalimantan Timur","76111","ID","+628999923069","bus-00287@demo.example","ACTIVE"
"BUS-00288","UD Mandiri Logistik","Mandiri Logistik","9969225658633","ID","2020-09-23","58149","2_5B_50B","Jl. Dahlia No. 51","Yogyakarta","DI Yogyakarta","55111","ID","+628993320495","bus-00288@demo.example","ACTIVE"
"BUS-00289","Koperasi Harapan Bersama","Harapan Bersama","9968524359919","ID","2016-04-14","49515","300M_2_5B","Jl. Anggrek No. 21","Makassar","Sulawesi Selatan","90111","ID","+628997537610","bus-00289@surelsintetis.id","ACTIVE"
"BUS-00290","UD Abadi Perkasa","Abadi Perkasa","9976729695532","ID","2024-12-08","27503","2_5B_50B","Jl. Melati No. 21","Semarang","Jawa Tengah","50111","ID","+628994094630","bus-00290@mailuji.example","ACTIVE"
"BUS-00291","CV Sejahtera Utama","Sejahtera Utama","9957751645875","ID","2017-05-02","93241","300M_2_5B","Jl. Mawar No. 171","Bandung","Jawa Barat","40111","ID","+628993725449","bus-00291@mailuji.example","ACTIVE"
"BUS-00292","CV Cemerlang Perkasa","Cemerlang Perkasa","9973548096360","ID","2013-12-08","95989","GT_50B","Jl. Kenanga No. 29","Semarang","Jawa Tengah","50111","ID","+628999113209","bus-00292@mailuji.example","ACTIVE"
"BUS-00293","CV Sejahtera Bersama","Sejahtera Bersama","9971388985150","ID","2024-09-15","49341","2_5B_50B","Jl. Flamboyan No. 162","Balikpapan","Kalimantan Timur","76111","ID","+628998498717","bus-00293@surelsintetis.id","ACTIVE"
"BUS-00294","PT Sentosa Nusantara","Sentosa Nusantara","9948602030785","ID","2018-07-12","60834","LT_300M","Jl. Anggrek No. 222","Denpasar","Bali","80111","ID","+628999030708","bus-00294@contoh.id","ACTIVE"
"BUS-00295","PT Harapan Logistik","Harapan Logistik","9974529094846","ID","2015-05-27","66980","300M_2_5B","Jl. Anggrek No. 221","Balikpapan","Kalimantan Timur","76111","ID","+628995434661","bus-00295@surelsintetis.id","ACTIVE"
"BUS-00296","PT Sinar Niaga","Sinar Niaga","9986038268881","ID","2023-12-11","59791","2_5B_50B","Jl. Kenanga No. 172","Denpasar","Bali","80111","ID","+628996614214","bus-00296@contoh.id","ACTIVE"
"BUS-00297","CV Mandiri Digital","Mandiri Digital","9918850837981","ID","2018-04-10","56762","300M_2_5B","Jl. Kenanga No. 132","Surabaya","Jawa Timur","60111","ID","+628991680071","bus-00297@demo.example","ACTIVE"
"BUS-00298","UD Berkah Perkasa","Berkah Perkasa","9965721306899","ID","2025-06-29","58319","300M_2_5B","Jl. Dahlia No. 8","Makassar","Sulawesi Selatan","90111","ID","+628995716244","bus-00298@mailuji.example","ACTIVE"
"BUS-00299","Koperasi Abadi Perkasa","Abadi Perkasa","9969267970505","ID","2014-08-06","94315","LT_300M","Jl. Bougenville No. 223","Makassar","Sulawesi Selatan","90111","ID","+628995339219","bus-00299@surelsintetis.id","SUSPENDED"
"BUS-00300","UD Sentosa Bersama","Sentosa Bersama","9997053241060","ID","2013-09-20","83243","300M_2_5B","SAMA DENGAN KTP","Palembang","Sumatera Selatan","30111","ID","+628991056620","bus-00300@contoh.id","ACTIVE"
"BUS-00301","UD Cemerlang Perkasa","Cemerlang Perkasa","9912851951096","ID","2018-10-08","51723","300M_2_5B","Jl. Dahlia No. 187","Surabaya","Jawa Timur","60111","ID","+628991711791","bus-00301@contoh.id","ACTIVE"
"BUS-00302","CV Berkah Logistik","Berkah Logistik","9923369520292","ID","2024-01-29","22245","300M_2_5B","Jl. Flamboyan No. 127","Jakarta Pusat","DKI Jakarta","10110","ID","+628991342876","bus-00302@contoh.id","ACTIVE"
"BUS-00303","Koperasi Berkah Logistik","Berkah Logistik","9954625973688","ID","2025-04-24","48670","GT_50B","Jl. Teratai No. 176","Denpasar","Bali","80111","ID","+628997967916","bus-00303@surelsintetis.id","ACTIVE"
"BUS-00304","CV Sinar Utama","Sinar Utama","9992529535941","ID","2014-03-10","68479","LT_300M","Jl. Melati No. 166","Medan","Sumatera Utara","20111","ID","+628992394153","bus-00304@contoh.id","ACTIVE"
"BUS-00305","PT Jaya Nusantara","Jaya Nusantara","9911101772527","ID","2015-04-08","43036","300M_2_5B","Jl. Cempaka No. 207","Denpasar","Bali","80111","ID","+628999093274","bus-00305@mailuji.example","ACTIVE"
"BUS-00306","PT Jaya Bersama","Jaya Bersama","9978816389255","ID","2016-02-27","89131","300M_2_5B","Jl. Melati No. 118","Surabaya","Jawa Timur","60111","ID","+628996954574","bus-00306@contoh.id","ACTIVE"
"BUS-00307","UD Abadi Bersama","Abadi Bersama","9992529534503","ID","2015-06-15","51297","300M_2_5B","Jl. Kenanga No. 186","Jakarta Pusat","DKI Jakarta","10110","ID","+628992988640","bus-00307@mailuji.example","ACTIVE"
"BUS-00308","PT Berkah Utama","Berkah Utama","9924874711487","ID","2022-07-12","61406","2_5B_50B","Jl. Kenanga No. 84","Palembang","Sumatera Selatan","30111","ID","+628997839878","bus-00308@surelsintetis.id","ACTIVE"
"BUS-00309","Koperasi Jaya Logistik","Jaya Logistik","9913396277423","ID","2021-08-23","15594","LT_300M","Jl. Bougenville No. 52","Palembang","Sumatera Selatan","30111","ID","+628995549535","bus-00309@surelsintetis.id","ACTIVE"
"BUS-00310","CV Lestari Digital","Lestari Digital","9921140550760","ID","2017-04-23","98583","GT_50B","Jl. Melati No. 22","Semarang","Jawa Tengah","50111","ID","+628991483990","bus-00310@surelsintetis.id","ACTIVE"
"BUS-00311","CV Sentosa Perkasa","Sentosa Perkasa","9981286174247","ID","2013-10-08","78037","LT_300M","Jl. Melati No. 71","Medan","Sumatera Utara","20111","ID","+628996098789","bus-00311@contoh.id","ACTIVE"
"BUS-00312","PT Cemerlang Nusantara","Cemerlang Nusantara","9979088103409","ID","2021-07-10","66851","2_5B_50B","Jl. Cempaka No. 198","Semarang","Jawa Tengah","50111","ID","+628991030261","bus-00312@mailuji.example","ACTIVE"
"BUS-00313","CV Makmur Bersama","Makmur Bersama","9995027040809","ID","2022-10-25","75508","300M_2_5B","Jl. Teratai No. 173","Makassar","Sulawesi Selatan","90111","ID","+628994026633","bus-00313@surelsintetis.id","ACTIVE"
"BUS-00314","UD Cemerlang Niaga","Cemerlang Niaga","9940077727086","ID","2021-08-05","53369","LT_300M","Jl. Kenanga No. 5","Semarang","Jawa Tengah","50111","ID","+628994060536","bus-00314@contoh.id","ACTIVE"
"BUS-00315","CV Jaya Logistik","Jaya Logistik","9920387525325","ID","2013-08-30","26873","300M_2_5B","Jl. Flamboyan No. 76","Semarang","Jawa Tengah","50111","ID","+628997002294","bus-00315@contoh.id","ACTIVE"
"BUS-00316","CV Harapan Niaga","Harapan Niaga","9935893678376","ID","2022-08-26","83288","300M_2_5B","Jl. Teratai No. 109","Palembang","Sumatera Selatan","30111","ID","+628995771351","bus-00316@demo.example","ACTIVE"
"BUS-00317","CV Jaya Niaga","Jaya Niaga","9934267118783","ID","2023-03-12","59458","LT_300M","Jl. Cempaka No. 197","Medan","Sumatera Utara","20111","ID","+628992862362","bus-00317@demo.example","ACTIVE"
"BUS-00318","CV Harapan Utama","Harapan Utama","9974547968306","ID","2021-06-08","31815","LT_300M","Jl. Cempaka No. 181","Balikpapan","Kalimantan Timur","76111","ID","+628994570347","bus-00318@demo.example","ACTIVE"
"BUS-00319","UD Abadi Utama","Abadi Utama","9926328305176","ID","2019-01-02","38521","2_5B_50B","Jl. Bougenville No. 40","Jakarta Pusat","DKI Jakarta","10110","ID","+628997330885","bus-00319@demo.example","ACTIVE"
"BUS-00320","UD Cemerlang Bersama","Cemerlang Bersama","9982796296209","ID","2014-03-04","80944","GT_50B","Jl. Mawar No. 33","Balikpapan","Kalimantan Timur","76111","ID","+628996959822","bus-00320@mailuji.example","ACTIVE"
"BUS-00321","Koperasi Sejahtera Perkasa","Sejahtera Perkasa","9951692396815","ID","2020-04-25","60538","300M_2_5B","Jl. Melati No. 224","Denpasar","Bali","80111","ID","+628996016754","bus-00321@contoh.id","ACTIVE"
"BUS-00322","PT Jaya Digital","Jaya Digital","9947239789274","ID","2018-02-21","77749","LT_300M","Jl. Bougenville No. 181","Jakarta Pusat","DKI Jakarta","10110","ID","+628992764083","bus-00322@demo.example","ACTIVE"
"BUS-00323","CV Berkah Perkasa","Berkah Perkasa","9981603338847","ID","2015-07-04","25440","LT_300M","Jl. Cempaka No. 214","Balikpapan","Kalimantan Timur","76111","ID","+628994097449","bus-00323@demo.example","SUSPENDED"
"BUS-00324","UD Cemerlang Perkasa","Cemerlang Perkasa","9967845545910","ID","2021-05-19","61088","LT_300M","Jl. Flamboyan No. 59","Medan","Sumatera Utara","20111","ID","+628996735698","bus-00324@surelsintetis.id","ACTIVE"
"BUS-00325","CV Lestari Bersama","Lestari Bersama","9918784416762","ID","2019-09-15","91095","300M_2_5B","Jl. Anggrek No. 14","Medan","Sumatera Utara","20111","ID","+628998341531","bus-00325@surelsintetis.id","ACTIVE"
"BUS-00326","UD Sentosa Perkasa","Sentosa Perkasa","9926949165578","ID","2023-03-14","46175","300M_2_5B","Jl. Kenanga No. 86","Bandung","Jawa Barat","40111","ID","+628996770369","bus-00326@mailuji.example","ACTIVE"
"BUS-00327","CV Mandiri Nusantara","Mandiri Nusantara","9967326956712","ID","2018-01-26","35498","GT_50B","Jl. Kenanga No. 221","Palembang","Sumatera Selatan","30111","ID","+628991448576","bus-00327@surelsintetis.id","ACTIVE"
"BUS-00328","Koperasi Jaya Nusantara","Jaya Nusantara","9945092593260","ID","2017-08-21","12900","GT_50B","Jl. Anggrek No. 98","Semarang","Jawa Tengah","50111","ID","+628999914694","bus-00328@demo.example","CLOSED"
"BUS-00329","Koperasi Berkah Digital","Berkah Digital","9951723699609","ID","2014-12-11","60246","GT_50B","Jl. Bougenville No. 173","Bandung","Jawa Barat","40111","ID","+628995618340","bus-00329@surelsintetis.id","ACTIVE"
"BUS-00330","PT Sejahtera Niaga","Sejahtera Niaga","9940171879239","ID","2025-06-29","55772","300M_2_5B","Jl. Melati No. 79","Surabaya","Jawa Timur","60111","ID","+628996591072","bus-00330@surelsintetis.id","ACTIVE"
"BUS-00331","CV Sentosa Logistik","Sentosa Logistik","9949021411341","ID","2022-04-03","14108","GT_50B","Jl. Teratai No. 229","Jakarta Pusat","DKI Jakarta","10110","ID","+628999019045","bus-00331@contoh.id","ACTIVE"
"BUS-00332","CV Sentosa Utama","Sentosa Utama","9934951666991","ID","2021-11-23","65865","LT_300M","Jl. Mawar No. 3","Denpasar","Bali","80111","ID","+628996889334","bus-00332@mailuji.example","SUSPENDED"
"BUS-00333","PT Sejahtera Logistik","Sejahtera Logistik","9990217057096","ID","2018-07-28","53556","GT_50B","Jl. Bougenville No. 236","Bandung","Jawa Barat","40111","ID","+628996784961","bus-00333@demo.example","ACTIVE"
"BUS-00334","UD Makmur Niaga","Makmur Niaga","9926968826577","ID","2019-03-23","27894","LT_300M","Jl. Bougenville No. 111","Medan","Sumatera Utara","20111","ID","+628999834564","bus-00334@mailuji.example","ACTIVE"
"BUS-00335","PT Jaya Nusantara","Jaya Nusantara","9987860310408","ID","2015-01-09","83901","300M_2_5B","Jl. Anggrek No. 44","Medan","Sumatera Utara","20111","ID","+628991350317","bus-00335@demo.example","ACTIVE"
"BUS-00336","PT Abadi Logistik","Abadi Logistik","9939845718545","ID","2012-11-18","43456","LT_300M","Jl. Teratai No. 68","Semarang","Jawa Tengah","50111","ID","+628994164400","bus-00336@mailuji.example","ACTIVE"
"BUS-00337","CV Abadi Perkasa","Abadi Perkasa","9925850301727","ID","2014-04-21","49949","LT_300M","Jl. Melati No. 178","Semarang","Jawa Tengah","50111","ID","+628992649168","bus-00337@demo.example","ACTIVE"
"BUS-00338","UD Jaya Bersama","Jaya Bersama","9982636507405","ID","2021-10-23","48782","LT_300M","Jl. Mawar No. 129","Surabaya","Jawa Timur","60111","ID","+628998534237","bus-00338@contoh.id","ACTIVE"
"BUS-00339","UD Maju Nusantara","Maju Nusantara","9981392175999","ID","2023-02-22","33658","300M_2_5B","Jl. Bougenville No. 194","Denpasar","Bali","80111","ID","+628999350639","bus-00339@mailuji.example","ACTIVE"
"BUS-00340","Koperasi Mandiri Logistik","Mandiri Logistik","9996684699974","ID","2015-01-07","67609","GT_50B","Jl. Kenanga No. 196","Palembang","Sumatera Selatan","30111","ID","+628996510149","bus-00340@mailuji.example","SUSPENDED"
"BUS-00341","Koperasi Mandiri Digital","Mandiri Digital","9987753399690","ID","2017-05-08","81980","LT_300M","Jl. Anggrek No. 217","Yogyakarta","DI Yogyakarta","55111","ID","+628991480119","bus-00341@demo.example","ACTIVE"
"BUS-00342","PT Berkah Niaga","Berkah Niaga","9963564814194","ID","2020-02-26","13028","2_5B_50B","Jl. Bougenville No. 61","Medan","Sumatera Utara","20111","ID","+628996157656","bus-00342@demo.example","ACTIVE"
"BUS-00343","UD Lestari Perkasa","Lestari Perkasa","9987977967201","ID","2016-02-22","48927","300M_2_5B","Jl. Cempaka No. 103","Medan","Sumatera Utara","20111","ID","+628991696126","bus-00343@contoh.id","ACTIVE"
"BUS-00344","Koperasi Lestari Utama","Lestari Utama","9964025860650","ID","2015-03-08","44437","GT_50B","Jl. Anggrek No. 132","Palembang","Sumatera Selatan","30111","ID","+628997545706","bus-00344@contoh.id","ACTIVE"
"BUS-00345","PT Jaya Utama","Jaya Utama","9960203503133","ID","2014-07-08","97726","300M_2_5B","Jl. Kenanga No. 51","Surabaya","Jawa Timur","60111","ID","+628996690358","bus-00345@surelsintetis.id","ACTIVE"
"BUS-00346","CV Lestari Nusantara","Lestari Nusantara","9971493064196","ID","2022-07-13","68716","LT_300M","Jl. Melati No. 110","Semarang","Jawa Tengah","50111","ID","+628998739561","bus-00346@surelsintetis.id","ACTIVE"
"BUS-00347","UD Abadi Nusantara","Abadi Nusantara","9975481884827","ID","2020-12-26","53639","LT_300M","Jl. Teratai No. 61","Semarang","Jawa Tengah","50111","ID","+628993073199","bus-00347@mailuji.example","ACTIVE"
"BUS-00348","Koperasi Abadi Nusantara","Abadi Nusantara","9916139497382","ID","2021-11-04","21520","GT_50B","Jl. Bougenville No. 130","Jakarta Pusat","DKI Jakarta","10110","ID","+628994463136","bus-00348@mailuji.example","ACTIVE"
"BUS-00349","Koperasi Sentosa Niaga","Sentosa Niaga","9965795759525","ID","2012-11-02","84078","2_5B_50B","Jl. Bougenville No. 198","Surabaya","Jawa Timur","60111","ID","+628999616988","bus-00349@mailuji.example","ACTIVE"
"BUS-00350","UD Jaya Utama","Jaya Utama","9934500370244","ID","2014-02-03","67538","GT_50B","Jl. Flamboyan No. 227","Jakarta Pusat","DKI Jakarta","10110","ID","+628998698786","bus-00350@contoh.id","ACTIVE"
"BUS-00351","CV Abadi Perkasa","Abadi Perkasa","9999530186934","ID","2015-02-03","85185","LT_300M","Jl. Anggrek No. 232","Denpasar","Bali","80111","ID","+628995091128","bus-00351@demo.example","ACTIVE"
"BUS-00352","Koperasi Makmur Utama","Makmur Utama","9952692000122","ID","2013-03-08","34980","2_5B_50B","Jl. Flamboyan No. 187","Denpasar","Bali","80111","ID","+628997728165","bus-00352@mailuji.example","SUSPENDED"
"BUS-00353","PT Abadi Logistik","Abadi Logistik","9938626967646","ID","2016-03-21","65411","LT_300M","Jl. Melati No. 183","Medan","Sumatera Utara","20111","ID","+628996808983","bus-00353@surelsintetis.id","ACTIVE"
"BUS-00354","Koperasi Maju Utama","Maju Utama","9946424334802","ID","2013-08-29","66157","300M_2_5B","Jl. Cempaka No. 161","Surabaya","Jawa Timur","60111","ID","+628997129408","bus-00354@mailuji.example","ACTIVE"
"BUS-00355","CV Sinar Logistik","Sinar Logistik","9912987586971","ID","2025-08-29","64340","LT_300M","Jl. Bougenville No. 75","Medan","Sumatera Utara","20111","ID","+628993752563","bus-00355@contoh.id","ACTIVE"
"BUS-00356","PT Makmur Digital","Makmur Digital","9996196812698","ID","2013-09-20","63770","GT_50B","Jl. Dahlia No. 187","Semarang","Jawa Tengah","50111","ID","+628994136145","bus-00356@demo.example","ACTIVE"
"BUS-00357","PT Sentosa Digital","Sentosa Digital","9928047071998","ID","2018-06-30","16528","300M_2_5B","Jl. Kenanga No. 216","Jakarta Pusat","DKI Jakarta","10110","ID","+628999901172","bus-00357@contoh.id","ACTIVE"
"BUS-00358","CV Cemerlang Bersama","Cemerlang Bersama","9914064422160","ID","2015-09-07","71554","LT_300M","Jl. Flamboyan No. 8","Medan","Sumatera Utara","20111","ID","+628994166938","bus-00358@demo.example","ACTIVE"
"BUS-00359","UD Sejahtera Digital","Sejahtera Digital","9994935868426","ID","2014-10-22","96497","LT_300M","Jl. Teratai No. 167","Jakarta Pusat","DKI Jakarta","10110","ID","+628999168749","bus-00359@contoh.id","ACTIVE"
"BUS-00360","PT Harapan Utama","Harapan Utama","9941151544254","ID","2012-08-27","82997","300M_2_5B","Jl. Dahlia No. 55","Palembang","Sumatera Selatan","30111","ID","+628999656842","bus-00360@mailuji.example","ACTIVE"
"BUS-00361","CV Lestari Perkasa","Lestari Perkasa","9973168509907","ID","2019-06-30","49696","300M_2_5B","Jl. Teratai No. 207","Denpasar","Bali","80111","ID","+628994145448","bus-00361@mailuji.example","ACTIVE"
"BUS-00362","Koperasi Mandiri Bersama","Mandiri Bersama","9948037217802","ID","2024-06-27","29153","LT_300M","Jl. Dahlia No. 155","Makassar","Sulawesi Selatan","90111","ID","+628997134439","bus-00362@surelsintetis.id","ACTIVE"
"BUS-00363","Koperasi Mandiri Perkasa","Mandiri Perkasa","9983153172366","ID","2022-08-16","65799","300M_2_5B","Jl. Kenanga No. 199","Surabaya","Jawa Timur","60111","ID","+628999979022","bus-00363@contoh.id","ACTIVE"
"BUS-00364","Koperasi Lestari Nusantara","Lestari Nusantara","9974846523726","ID","2018-05-15","19698","300M_2_5B","Jl. Teratai No. 183","Makassar","Sulawesi Selatan","90111","ID","+628994058976","bus-00364@demo.example","ACTIVE"
"BUS-00365","CV Harapan Nusantara","Harapan Nusantara","9951575215965","ID","2019-06-28","51268","GT_50B","Jl. Melati No. 25","Surabaya","Jawa Timur","60111","ID","+628991491166","bus-00365@demo.example","ACTIVE"
"BUS-00366","Koperasi Sentosa Nusantara","Sentosa Nusantara","9985989526807","ID","2015-05-23","57618","LT_300M","Jl. Kenanga No. 168","Bandung","Jawa Barat","40111","ID","+628994983020","bus-00366@surelsintetis.id","ACTIVE"
"BUS-00367","PT Makmur Perkasa","Makmur Perkasa","9932332263204","ID","2015-02-23","25146","300M_2_5B","Jl. Flamboyan No. 77","Makassar","Sulawesi Selatan","90111","ID","+628997755346","bus-00367@demo.example","ACTIVE"
"BUS-00368","Koperasi Berkah Niaga","Berkah Niaga","9972552283395","ID","2021-09-25","12814","2_5B_50B","Jl. Flamboyan No. 39","Palembang","Sumatera Selatan","30111","ID","+628999414096","bus-00368@contoh.id","ACTIVE"
"BUS-00369","CV Sinar Utama","Sinar Utama","9958830791236","ID","2019-01-11","67373","300M_2_5B","Jl. Kenanga No. 61","Jakarta Pusat","DKI Jakarta","10110","ID","+628996414464","bus-00369@demo.example","ACTIVE"
"BUS-00370","CV Harapan Nusantara","Harapan Nusantara","9989004825421","ID","2013-08-16","14924","GT_50B","Jl. Flamboyan No. 33","Surabaya","Jawa Timur","60111","ID","+628994622838","bus-00370@demo.example","ACTIVE"
"BUS-00371","Koperasi Mandiri Digital","Mandiri Digital","9999139574617","ID","2025-03-28","12646","300M_2_5B","Jl. Teratai No. 84","Yogyakarta","DI Yogyakarta","55111","ID","+628994595874","bus-00371@mailuji.example","ACTIVE"
"BUS-00372","Koperasi Sentosa Bersama","Sentosa Bersama","9926758376781","ID","2017-06-23","49187","LT_300M","Jl. Anggrek No. 78","Medan","Sumatera Utara","20111","ID","+628994677720","bus-00372@contoh.id","ACTIVE"
"BUS-00373","CV Harapan Logistik","Harapan Logistik","9916752359318","ID","2017-03-18","69263","2_5B_50B","Jl. Flamboyan No. 180","Palembang","Sumatera Selatan","30111","ID","+628995789754","bus-00373@demo.example","SUSPENDED"
"BUS-00374","PT Mandiri Utama","Mandiri Utama","9952286259249","ID","2023-01-10","45808","300M_2_5B","Jl. Cempaka No. 19","Surabaya","Jawa Timur","60111","ID","+628995822785","bus-00374@contoh.id","ACTIVE"
"BUS-00375","CV Makmur Digital","Makmur Digital","9960373455337","ID","2020-03-10","27688","300M_2_5B","Jl. Dahlia No. 167","Bandung","Jawa Barat","40111","ID","+628992860896","bus-00375@demo.example","ACTIVE"
"BUS-00376","UD Makmur Niaga","Makmur Niaga","9944420738549","ID","2021-11-21","58193","300M_2_5B","Jl. Dahlia No. 149","Balikpapan","Kalimantan Timur","76111","ID","+628991444865","bus-00376@mailuji.example","ACTIVE"
"BUS-00377","PT Cemerlang Nusantara","Cemerlang Nusantara","9965448988633","ID","2017-02-17","19535","300M_2_5B","Jl. Flamboyan No. 57","Balikpapan","Kalimantan Timur","76111","ID","+628996258450","bus-00377@mailuji.example","ACTIVE"
"BUS-00378","PT Sejahtera Utama","Sejahtera Utama","9921714559723","ID","2025-04-11","70562","LT_300M","Jl. Cempaka No. 52","Palembang","Sumatera Selatan","30111","ID","+628991296174","bus-00378@demo.example","ACTIVE"
"BUS-00379","PT Maju Nusantara","Maju Nusantara","9962845896442","ID","2016-01-08","85219","LT_300M","Jl. Bougenville No. 15","Yogyakarta","DI Yogyakarta","55111","ID","+628998357043","bus-00379@surelsintetis.id","ACTIVE"
"BUS-00380","CV Lestari Digital","Lestari Digital","9967905270302","ID","2021-02-19","93931","2_5B_50B","Jl. Kenanga No. 22","Denpasar","Bali","80111","ID","+628992696142","bus-00380@mailuji.example","ACTIVE"
"BUS-00381","Koperasi Cemerlang Niaga","Cemerlang Niaga","9912998588739","ID","2023-06-29","40624","300M_2_5B","Jl. Flamboyan No. 141","Semarang","Jawa Tengah","50111","ID","+628993692414","bus-00381@mailuji.example","ACTIVE"
"BUS-00382","Koperasi Makmur Digital","Makmur Digital","9918087485638","ID","2016-09-18","38996","2_5B_50B","Jl. Anggrek No. 6","Semarang","Jawa Tengah","50111","ID","+628992662137","bus-00382@contoh.id","ACTIVE"
"BUS-00383","Koperasi Cemerlang Logistik","Cemerlang Logistik","9991209659719","ID","2025-02-12","55011","GT_50B","Jl. Anggrek No. 73","Semarang","Jawa Tengah","50111","ID","+628994351558","bus-00383@surelsintetis.id","ACTIVE"
"BUS-00384","PT Mandiri Perkasa","Mandiri Perkasa","9944687004027","ID","2016-06-23","17630","GT_50B","Jl. Bougenville No. 4","Denpasar","Bali","80111","ID","+628999547368","bus-00384@mailuji.example","ACTIVE"
"BUS-00385","PT Sinar Perkasa","Sinar Perkasa","9910238316263","ID","2024-05-09","25664","300M_2_5B","Jl. Dahlia No. 189","Palembang","Sumatera Selatan","30111","ID","+628998154802","bus-00385@demo.example","ACTIVE"
"BUS-00386","PT Sejahtera Perkasa","Sejahtera Perkasa","9968324213482","ID","2022-08-25","72924","300M_2_5B","Jl. Anggrek No. 55","Bandung","Jawa Barat","40111","ID","+628993752393","bus-00386@surelsintetis.id","ACTIVE"
"BUS-00387","CV Sejahtera Perkasa","Sejahtera Perkasa","9924968776079","ID","2018-04-04","53291","LT_300M","Jl. Mawar No. 188","Bandung","Jawa Barat","40111","ID","+628998384101","bus-00387@surelsintetis.id","SUSPENDED"
"BUS-00388","CV Sentosa Nusantara","Sentosa Nusantara","9939191940851","ID","2024-12-09","87482","2_5B_50B","SAMA DENGAN KTP","Makassar","Sulawesi Selatan","90111","ID","+628997962429","bus-00388@contoh.id","ACTIVE"
"BUS-00389","CV Sejahtera Nusantara","Sejahtera Nusantara","9980755758110","ID","2018-09-19","88941","GT_50B","Jl. Anggrek No. 179","Medan","Sumatera Utara","20111","ID","+628993025171","bus-00389@demo.example","ACTIVE"
"BUS-00390","UD Harapan Digital","Harapan Digital","9984224366056","ID","2024-04-24","53420","2_5B_50B","Jl. Anggrek No. 45","Surabaya","Jawa Timur","60111","ID","+628992959583","bus-00390@demo.example","ACTIVE"
"BUS-00391","Koperasi Maju Digital","Maju Digital","9982121171144","ID","2019-07-31","63220","2_5B_50B","Jl. Dahlia No. 138","Palembang","Sumatera Selatan","30111","ID","+628995468953","bus-00391@mailuji.example","ACTIVE"
"BUS-00392","CV Lestari Bersama","Lestari Bersama","9934989029743","ID","2017-11-03","42794","2_5B_50B","Jl. Kenanga No. 223","Jakarta Pusat","DKI Jakarta","10110","ID","+628999468137","bus-00392@surelsintetis.id","ACTIVE"
"BUS-00393","Koperasi Mandiri Niaga","Mandiri Niaga","9954809134511","ID","2024-04-25","32810","2_5B_50B","Jl. Dahlia No. 52","Medan","Sumatera Utara","20111","ID","+628998834425","bus-00393@surelsintetis.id","ACTIVE"
"BUS-00394","PT Maju Logistik","Maju Logistik","9927265722560","ID","2016-03-17","86547","300M_2_5B","Jl. Dahlia No. 132","Bandung","Jawa Barat","40111","ID","+628997487895","bus-00394@contoh.id","ACTIVE"
"BUS-00395","PT Sentosa Perkasa","Sentosa Perkasa","9950114253440","ID","2022-12-08","62267","300M_2_5B","Jl. Flamboyan No. 135","Jakarta Pusat","DKI Jakarta","10110","ID","+628996327945","bus-00395@surelsintetis.id","ACTIVE"
"BUS-00396","UD Cemerlang Utama","Cemerlang Utama","9930541290276","ID","2013-05-01","34464","GT_50B","Jl. Kenanga No. 92","Medan","Sumatera Utara","20111","ID","+628994078374","bus-00396@contoh.id","ACTIVE"
"BUS-00397","UD Mandiri Logistik","Mandiri Logistik","9942325894931","ID","2019-02-12","50264","LT_300M","Jl. Cempaka No. 95","Denpasar","Bali","80111","ID","+628995437271","bus-00397@mailuji.example","ACTIVE"
"BUS-00398","UD Sentosa Digital","Sentosa Digital","9981993270206","ID","2020-04-27","21367","2_5B_50B","Jl. Mawar No. 109","Bandung","Jawa Barat","40111","ID","+628996519731","bus-00398@surelsintetis.id","ACTIVE"
"BUS-00399","Koperasi Mandiri Bersama","Mandiri Bersama","9944502475922","ID","2014-08-12","27654","GT_50B","Jl. Flamboyan No. 89","Semarang","Jawa Tengah","50111","ID","+628996638515","bus-00399@surelsintetis.id","ACTIVE"
"BUS-00400","Koperasi Abadi Nusantara","Abadi Nusantara","9954315357846","ID","2013-11-07","90397","2_5B_50B","Jl. Teratai No. 155","Jakarta Pusat","DKI Jakarta","10110","ID","+628999047313","bus-00400@contoh.id","ACTIVE"
"BUS-00401","PT Harapan Nusantara","Harapan Nusantara","9912707251307","ID","2014-04-25","69611","2_5B_50B","Jl. Dahlia No. 154","Balikpapan","Kalimantan Timur","76111","ID","+628998805167","bus-00401@mailuji.example","CLOSED"
"BUS-00402","CV Maju Digital","Maju Digital","9915933685508","ID","2025-07-19","36083","GT_50B","Jl. Teratai No. 80","Yogyakarta","DI Yogyakarta","55111","ID","+628994328740","bus-00402@surelsintetis.id","ACTIVE"
"BUS-00403","Koperasi Harapan Bersama","Harapan Bersama","9922325015856","ID","2021-06-10","42343","GT_50B","Jl. Dahlia No. 36","Makassar","Sulawesi Selatan","90111","ID","+628997877056","bus-00403@demo.example","ACTIVE"
"BUS-00404","CV Lestari Bersama","Lestari Bersama","9919412180368","ID","2022-06-27","60315","GT_50B","ALAMAT BELUM DIISI","Bandung","Jawa Barat","40111","ID","+628995127039","bus-00404@contoh.id","ACTIVE"
"BUS-00405","CV Makmur Bersama","Makmur Bersama","9975542413264","ID","2023-12-06","50016","LT_300M","Jl. Cempaka No. 47","Makassar","Sulawesi Selatan","90111","ID","+628998479732","bus-00405@surelsintetis.id","ACTIVE"
"BUS-00406","UD Cemerlang Nusantara","Cemerlang Nusantara","9931425230158","ID","2019-11-28","49492","2_5B_50B","Jl. Melati No. 98","Semarang","Jawa Tengah","50111","ID","+628992008554","bus-00406@surelsintetis.id","ACTIVE"
"BUS-00407","PT Sinar Bersama","Sinar Bersama","9975898481319","ID","2024-12-29","90392","LT_300M","Jl. Melati No. 22","Palembang","Sumatera Selatan","30111","ID","+628997984715","bus-00407@mailuji.example","ACTIVE"
"BUS-00408","PT Cemerlang Bersama","Cemerlang Bersama","9961231843297","ID","2020-02-10","19829","GT_50B","Jl. Cempaka No. 109","Semarang","Jawa Tengah","50111","ID","+628997119864","bus-00408@mailuji.example","ACTIVE"
"BUS-00409","PT Berkah Bersama","Berkah Bersama","9990528907960","ID","2021-08-17","57959","300M_2_5B","Jl. Flamboyan No. 217","Bandung","Jawa Barat","40111","ID","+628997704803","bus-00409@surelsintetis.id","ACTIVE"
"BUS-00410","PT Sentosa Perkasa","Sentosa Perkasa","9933256257116","ID","2015-07-06","55157","2_5B_50B","Jl. Flamboyan No. 218","Palembang","Sumatera Selatan","30111","ID","+628998264987","bus-00410@mailuji.example","ACTIVE"
"BUS-00411","CV Abadi Perkasa","Abadi Perkasa","9968366699621","ID","2015-01-01","63417","LT_300M","Jl. Cempaka No. 111","Denpasar","Bali","80111","ID","+628997826026","bus-00411@mailuji.example","ACTIVE"
"BUS-00412","Koperasi Sentosa Bersama","Sentosa Bersama","9929659651726","ID","2012-09-04","82343","300M_2_5B","Jl. Flamboyan No. 24","Medan","Sumatera Utara","20111","ID","+628998540351","bus-00412@mailuji.example","ACTIVE"
"BUS-00413","UD Sejahtera Digital","Sejahtera Digital","9917733055964","ID","2020-02-19","18138","GT_50B","Jl. Melati No. 208","Medan","Sumatera Utara","20111","ID","+628999740382","bus-00413@surelsintetis.id","ACTIVE"
"BUS-00414","PT Sinar Utama","Sinar Utama","9927805497989","ID","2018-01-31","62077","LT_300M","Jl. Kenanga No. 74","Surabaya","Jawa Timur","60111","ID","+628991141226","bus-00414@surelsintetis.id","ACTIVE"
"BUS-00415","UD Maju Perkasa","Maju Perkasa","9921269743284","ID","2025-08-04","35876","300M_2_5B","Jl. Flamboyan No. 13","Denpasar","Bali","80111","ID","+628996557969","bus-00415@contoh.id","ACTIVE"
"BUS-00416","CV Abadi Digital","Abadi Digital","9931694644164","ID","2014-12-05","99190","GT_50B","Jl. Melati No. 68","Balikpapan","Kalimantan Timur","76111","ID","+628994086332","bus-00416@demo.example","ACTIVE"
"BUS-00417","UD Makmur Bersama","Makmur Bersama","9917293820489","ID","2025-07-17","15649","2_5B_50B","Jl. Cempaka No. 23","Medan","Sumatera Utara","20111","ID","+628993021246","bus-00417@demo.example","ACTIVE"
"BUS-00418","Koperasi Sinar Utama","Sinar Utama","9958042983602","ID","2015-05-21","59874","2_5B_50B","Jl. Flamboyan No. 38","Jakarta Pusat","DKI Jakarta","10110","ID","+628999816755","bus-00418@contoh.id","ACTIVE"
"BUS-00419","CV Sinar Perkasa","Sinar Perkasa","9939573488048","ID","2020-06-02","29071","2_5B_50B","Jl. Dahlia No. 5","Makassar","Sulawesi Selatan","90111","ID","+628993598156","bus-00419@contoh.id","ACTIVE"
"BUS-00420","CV Abadi Niaga","Abadi Niaga","9930980921962","ID","2020-03-27","59611","300M_2_5B","Jl. Dahlia No. 100","Makassar","Sulawesi Selatan","90111","ID","+628992730008","bus-00420@surelsintetis.id","ACTIVE"
"BUS-00421","PT Harapan Niaga","Harapan Niaga","9934258980292","ID","2018-09-27","76528","2_5B_50B","Jl. Dahlia No. 213","Denpasar","Bali","80111","ID","+628996945738","bus-00421@demo.example","ACTIVE"
"BUS-00422","PT Sejahtera Logistik","Sejahtera Logistik","9987477129263","ID","2018-08-29","34704","2_5B_50B","Jl. Bougenville No. 231","Makassar","Sulawesi Selatan","90111","ID","+628996193591","bus-00422@contoh.id","ACTIVE"
"BUS-00423","CV Makmur Nusantara","Makmur Nusantara","9993709562953","ID","2013-12-24","72642","2_5B_50B","Jl. Cempaka No. 145","Palembang","Sumatera Selatan","30111","ID","+628992583431","bus-00423@contoh.id","ACTIVE"
"BUS-00424","UD Abadi Logistik","Abadi Logistik","9993581290092","ID","2014-08-14","46487","LT_300M","Jl. Dahlia No. 100","Palembang","Sumatera Selatan","30111","ID","+628994974183","bus-00424@mailuji.example","ACTIVE"
"BUS-00425","CV Sejahtera Digital","Sejahtera Digital","9931642989784","ID","2016-04-01","32172","300M_2_5B","Jl. Dahlia No. 137","Surabaya","Jawa Timur","60111","ID","+628991162535","bus-00425@surelsintetis.id","ACTIVE"
"BUS-00426","Koperasi Makmur Niaga","Makmur Niaga","9951419923248","ID","2019-02-13","76101","LT_300M","Jl. Anggrek No. 28","Semarang","Jawa Tengah","50111","ID","+628991684402","bus-00426@mailuji.example","ACTIVE"
"BUS-00427","UD Abadi Logistik","Abadi Logistik","9991799515515","ID","2014-04-29","31315","300M_2_5B","Jl. Anggrek No. 224","Medan","Sumatera Utara","20111","ID","+628993431284","bus-00427@surelsintetis.id","ACTIVE"
"BUS-00428","PT Cemerlang Logistik","Cemerlang Logistik","9991041579389","ID","2019-05-31","60581","GT_50B","Jl. Teratai No. 39","Bandung","Jawa Barat","40111","ID","+628994313770","bus-00428@mailuji.example","ACTIVE"
"BUS-00429","UD Harapan Nusantara","Harapan Nusantara","9913008256582","ID","2014-08-23","34957","GT_50B","Jl. Kenanga No. 25","Jakarta Pusat","DKI Jakarta","10110","ID","+628996622096","bus-00429@contoh.id","ACTIVE"
"BUS-00430","CV Sejahtera Digital","Sejahtera Digital","9921945387378","ID","2013-03-01","44398","LT_300M","Jl. Mawar No. 127","Semarang","Jawa Tengah","50111","ID","+628996507573","bus-00430@contoh.id","ACTIVE"
"BUS-00431","UD Mandiri Nusantara","Mandiri Nusantara","9928618826872","ID","2020-05-09","79098","LT_300M","Jl. Bougenville No. 7","Yogyakarta","DI Yogyakarta","55111","ID","+628991945703","bus-00431@surelsintetis.id","SUSPENDED"
"BUS-00432","Koperasi Sejahtera Bersama","Sejahtera Bersama","9925956064918","ID","2023-09-16","98238","2_5B_50B","Jl. Dahlia No. 167","Yogyakarta","DI Yogyakarta","55111","ID","+628992891023","bus-00432@mailuji.example","ACTIVE"
"BUS-00433","PT Sinar Utama","Sinar Utama","9959666580006","ID","2016-03-31","81691","2_5B_50B","Jl. Cempaka No. 72","Medan","Sumatera Utara","20111","ID","+628995643098","bus-00433@surelsintetis.id","ACTIVE"
"BUS-00434","PT Harapan Bersama","Harapan Bersama","9994688517746","ID","2021-11-08","68170","2_5B_50B","Jl. Melati No. 30","Yogyakarta","DI Yogyakarta","55111","ID","+628997228158","bus-00434@mailuji.example","ACTIVE"
"BUS-00435","Koperasi Lestari Logistik","Lestari Logistik","9949251651440","ID","2021-03-14","42830","2_5B_50B","Jl. Mawar No. 177","Semarang","Jawa Tengah","50111","ID","+628995490902","bus-00435@surelsintetis.id","ACTIVE"
"BUS-00436","Koperasi Makmur Utama","Makmur Utama","9913607492729","ID","2019-05-01","94365","2_5B_50B","Jl. Melati No. 124","Surabaya","Jawa Timur","60111","ID","+628993017564","bus-00436@surelsintetis.id","ACTIVE"
"BUS-00437","PT Berkah Logistik","Berkah Logistik","9976637623392","ID","2022-03-08","44700","300M_2_5B","Jl. Melati No. 44","Medan","Sumatera Utara","20111","ID","+628993263718","bus-00437@demo.example","ACTIVE"
"BUS-00438","PT Lestari Nusantara","Lestari Nusantara","9983624642847","ID","2019-10-15","14645","2_5B_50B","Jl. Kenanga No. 30","Palembang","Sumatera Selatan","30111","ID","+628992565119","bus-00438@mailuji.example","ACTIVE"
"BUS-00439","PT Harapan Perkasa","Harapan Perkasa","9968355786925","ID","2025-02-06","13967","LT_300M","Jl. Teratai No. 93","Denpasar","Bali","80111","ID","+628996599228","bus-00439@contoh.id","ACTIVE"
"BUS-00440","UD Makmur Perkasa","Makmur Perkasa","9997716252557","ID","2024-07-11","93807","2_5B_50B","Jl. Dahlia No. 17","Denpasar","Bali","80111","ID","+628999189197","bus-00440@contoh.id","ACTIVE"
"BUS-00441","Koperasi Lestari Perkasa","Lestari Perkasa","9965172950728","ID","2013-05-28","88727","GT_50B","Jl. Mawar No. 60","Denpasar","Bali","80111","ID","+628996037948","bus-00441@demo.example","ACTIVE"
"BUS-00442","PT Harapan Utama","Harapan Utama","9938543170364","ID","2021-11-24","70150","300M_2_5B","Jl. Mawar No. 134","Medan","Sumatera Utara","20111","ID","+628993624188","bus-00442@contoh.id","ACTIVE"
"BUS-00443","Koperasi Cemerlang Nusantara","Cemerlang Nusantara","9975024910806","ID","2012-09-05","51138","2_5B_50B","Jl. Dahlia No. 117","Bandung","Jawa Barat","40111","ID","+628992330368","bus-00443@surelsintetis.id","ACTIVE"
"BUS-00444","PT Sentosa Digital","Sentosa Digital","9962169583799","ID","2016-07-30","51114","LT_300M","Jl. Flamboyan No. 199","Bandung","Jawa Barat","40111","ID","+628991025070","bus-00444@demo.example","ACTIVE"
"BUS-00445","Koperasi Abadi Bersama","Abadi Bersama","9918800444502","ID","2014-06-26","20187","2_5B_50B","Jl. Flamboyan No. 72","Bandung","Jawa Barat","40111","ID","+628995437919","bus-00445@surelsintetis.id","ACTIVE"
"BUS-00446","PT Maju Bersama","Maju Bersama","9915262808765","ID","2013-03-19","14104","LT_300M","Jl. Teratai No. 64","Surabaya","Jawa Timur","60111","ID","+628996708851","bus-00446@mailuji.example","ACTIVE"
"BUS-00447","CV Sentosa Utama","Sentosa Utama","9951179798085","ID","2023-01-18","85087","GT_50B","Jl. Bougenville No. 162","Jakarta Pusat","DKI Jakarta","10110","ID","+628998556762","bus-00447@surelsintetis.id","ACTIVE"
"BUS-00448","Koperasi Mandiri Niaga","Mandiri Niaga","9915879099771","ID","2012-09-26","89332","LT_300M","Jl. Mawar No. 194","Makassar","Sulawesi Selatan","90111","ID","+628993374079","bus-00448@mailuji.example","ACTIVE"
"BUS-00449","CV Harapan Logistik","Harapan Logistik","9919531331888","ID","2018-03-30","50380","GT_50B","Jl. Bougenville No. 116","Makassar","Sulawesi Selatan","90111","ID","+628991054102","bus-00449@mailuji.example","ACTIVE"
"BUS-00450","UD Sinar Logistik","Sinar Logistik","9933242594090","ID","2024-09-26","16584","LT_300M","Jl. Kenanga No. 81","Balikpapan","Kalimantan Timur","76111","ID","+628993906122","bus-00450@contoh.id","ACTIVE"
"BUS-00451","UD Sinar Utama","Sinar Utama","9944374344653","ID","2018-11-28","59646","2_5B_50B","Jl. Mawar No. 119","Balikpapan","Kalimantan Timur","76111","ID","+628994160087","bus-00451@demo.example","ACTIVE"
"BUS-00452","UD Abadi Nusantara","Abadi Nusantara","9950195282570","ID","2013-06-08","47742","2_5B_50B","Jl. Mawar No. 10","Balikpapan","Kalimantan Timur","76111","ID","+628992615072","bus-00452@mailuji.example","SUSPENDED"
"BUS-00453","CV Abadi Niaga","Abadi Niaga","9987010555730","ID","2016-09-18","21693","GT_50B","Jl. Dahlia No. 6","Jakarta Pusat","DKI Jakarta","10110","ID","+628997027572","bus-00453@contoh.id","ACTIVE"
"BUS-00454","PT Cemerlang Niaga","Cemerlang Niaga","9997823430435","ID","2020-09-06","14481","300M_2_5B","Jl. Melati No. 163","Medan","Sumatera Utara","20111","ID","+628991579848","bus-00454@contoh.id","ACTIVE"
"BUS-00455","UD Lestari Digital","Lestari Digital","9933095374146","ID","2014-11-10","28352","LT_300M","Jl. Mawar No. 100","Makassar","Sulawesi Selatan","90111","ID","+628999467447","bus-00455@demo.example","ACTIVE"
"BUS-00456","UD Makmur Perkasa","Makmur Perkasa","9984503636869","ID","2013-10-08","16812","GT_50B","Jl. Cempaka No. 49","Makassar","Sulawesi Selatan","90111","ID","+628995857364","bus-00456@mailuji.example","ACTIVE"
"BUS-00457","Koperasi Abadi Niaga","Abadi Niaga","9934495649088","ID","2019-03-15","24826","2_5B_50B","Jl. Kenanga No. 97","Bandung","Jawa Barat","40111","ID","+628998554471","bus-00457@mailuji.example","ACTIVE"
"BUS-00458","UD Jaya Bersama","Jaya Bersama","9942995647605","ID","2020-12-31","16097","300M_2_5B","Jl. Dahlia No. 8","Surabaya","Jawa Timur","60111","ID","+628998847862","bus-00458@surelsintetis.id","ACTIVE"
"BUS-00459","Koperasi Sejahtera Bersama","Sejahtera Bersama","9946425513570","ID","2025-08-19","95776","GT_50B","Jl. Anggrek No. 75","Bandung","Jawa Barat","40111","ID","+628995166981","bus-00459@demo.example","ACTIVE"
"BUS-00460","UD Jaya Perkasa","Jaya Perkasa","9955533345639","ID","2021-02-07","88047","LT_300M","Jl. Cempaka No. 82","Denpasar","Bali","80111","ID","+628991391240","bus-00460@surelsintetis.id","ACTIVE"
"BUS-00461","UD Makmur Utama","Makmur Utama","9935945419748","ID","2024-08-13","50616","2_5B_50B","Jl. Mawar No. 81","Palembang","Sumatera Selatan","30111","ID","+628997110187","bus-00461@contoh.id","ACTIVE"
"BUS-00462","CV Sejahtera Niaga","Sejahtera Niaga","9972696806692","ID","2016-11-30","13844","GT_50B","Jl. Melati No. 90","Semarang","Jawa Tengah","50111","ID","+628997203164","bus-00462@mailuji.example","ACTIVE"
"BUS-00463","CV Berkah Perkasa","Berkah Perkasa","9979748269944","ID","2014-05-08","57043","LT_300M","Jl. Cempaka No. 32","Jakarta Pusat","DKI Jakarta","10110","ID","+628997968306","bus-00463@mailuji.example","ACTIVE"
"BUS-00464","UD Lestari Digital","Lestari Digital","9973595798428","ID","2015-07-04","23049","LT_300M","-","Bandung","Jawa Barat","40111","ID","+628992553962","bus-00464@demo.example","ACTIVE"
"BUS-00465","PT Maju Utama","Maju Utama","9985042065687","ID","2014-03-14","61202","2_5B_50B","Jl. Cempaka No. 28","Makassar","Sulawesi Selatan","90111","ID","+628994218909","bus-00465@demo.example","ACTIVE"
"BUS-00466","Koperasi Harapan Nusantara","Harapan Nusantara","9938326369450","ID","2014-03-29","16034","2_5B_50B","Jl. Flamboyan No. 118","Yogyakarta","DI Yogyakarta","55111","ID","+628996265194","bus-00466@surelsintetis.id","ACTIVE"
"BUS-00467","Koperasi Harapan Perkasa","Harapan Perkasa","9934984350385","ID","2023-01-13","46636","300M_2_5B","Jl. Anggrek No. 188","Jakarta Pusat","DKI Jakarta","10110","ID","+628995203848","bus-00467@demo.example","ACTIVE"
"BUS-00468","PT Maju Utama","Maju Utama","9980244861761","ID","2023-12-28","62561","LT_300M","Jl. Bougenville No. 233","Bandung","Jawa Barat","40111","ID","+628997015421","bus-00468@demo.example","ACTIVE"
"BUS-00469","PT Makmur Nusantara","Makmur Nusantara","9994146801124","ID","2017-08-30","88403","GT_50B","Jl. Kenanga No. 9","Bandung","Jawa Barat","40111","ID","+628997564900","bus-00469@mailuji.example","ACTIVE"
"BUS-00470","UD Jaya Bersama","Jaya Bersama","9957269682488","ID","2021-10-20","51800","LT_300M","Jl. Flamboyan No. 142","Semarang","Jawa Tengah","50111","ID","+628998169112","bus-00470@demo.example","ACTIVE"
"BUS-00471","PT Sejahtera Nusantara","Sejahtera Nusantara","9973367601884","ID","2020-12-16","48929","GT_50B","Jl. Dahlia No. 220","Palembang","Sumatera Selatan","30111","ID","+628997658976","bus-00471@contoh.id","ACTIVE"
"BUS-00472","PT Harapan Nusantara","Harapan Nusantara","9913112334357","ID","2022-10-28","84653","GT_50B","Jl. Bougenville No. 221","Palembang","Sumatera Selatan","30111","ID","+628999124476","bus-00472@demo.example","ACTIVE"
"BUS-00473","Koperasi Sentosa Perkasa","Sentosa Perkasa","9963939661268","ID","2016-04-14","16077","LT_300M","Jl. Dahlia No. 138","Makassar","Sulawesi Selatan","90111","ID","+628991265142","bus-00473@surelsintetis.id","ACTIVE"
"BUS-00474","CV Lestari Perkasa","Lestari Perkasa","9954140939340","ID","2023-06-13","41552","GT_50B","Jl. Melati No. 12","Semarang","Jawa Tengah","50111","ID","+628998306858","bus-00474@demo.example","ACTIVE"
"BUS-00475","CV Sentosa Nusantara","Sentosa Nusantara","9939094897620","ID","2020-12-08","65722","300M_2_5B","Jl. Teratai No. 205","Semarang","Jawa Tengah","50111","ID","+628994822988","bus-00475@mailuji.example","ACTIVE"
"BUS-00476","CV Mandiri Niaga","Mandiri Niaga","9970920949517","ID","2020-01-04","70338","2_5B_50B","Jl. Flamboyan No. 92","Denpasar","Bali","80111","ID","+628999471264","bus-00476@contoh.id","ACTIVE"
"BUS-00477","UD Cemerlang Niaga","Cemerlang Niaga","9924074968226","ID","2014-09-23","48265","300M_2_5B","Jl. Flamboyan No. 7","Makassar","Sulawesi Selatan","90111","ID","+628997441204","bus-00477@surelsintetis.id","ACTIVE"
"BUS-00478","Koperasi Lestari Utama","Lestari Utama","9991445638867","ID","2021-11-04","85958","LT_300M","Jl. Kenanga No. 180","Jakarta Pusat","DKI Jakarta","10110","ID","+628995021271","bus-00478@surelsintetis.id","ACTIVE"
"BUS-00479","CV Makmur Logistik","Makmur Logistik","9936516227566","ID","2024-07-22","96271","LT_300M","Jl. Bougenville No. 121","Semarang","Jawa Tengah","50111","ID","+628995659662","bus-00479@demo.example","ACTIVE"
"BUS-00480","CV Maju Logistik","Maju Logistik","9949420683371","ID","2024-08-22","50110","300M_2_5B","Jl. Dahlia No. 110","Jakarta Pusat","DKI Jakarta","10110","ID","+628994784998","bus-00480@mailuji.example","CLOSED"
"BUS-00481","Koperasi Sejahtera Niaga","Sejahtera Niaga","9942665892288","ID","2016-11-30","45643","300M_2_5B","Jl. Flamboyan No. 12","Semarang","Jawa Tengah","50111","ID","+628997425449","bus-00481@surelsintetis.id","SUSPENDED"
"BUS-00482","PT Maju Bersama","Maju Bersama","9980095339394","ID","2016-10-24","21027","300M_2_5B","Jl. Mawar No. 160","Yogyakarta","DI Yogyakarta","55111","ID","+628999441096","bus-00482@demo.example","ACTIVE"
"BUS-00483","PT Sinar Bersama","Sinar Bersama","9969971857535","ID","2015-09-30","23427","300M_2_5B","Jl. Mawar No. 116","Balikpapan","Kalimantan Timur","76111","ID","+628999003859","bus-00483@contoh.id","ACTIVE"
"BUS-00484","Koperasi Cemerlang Niaga","Cemerlang Niaga","9971391949069","ID","2019-04-25","61047","300M_2_5B","Jl. Mawar No. 35","Palembang","Sumatera Selatan","30111","ID","+628995714192","bus-00484@contoh.id","ACTIVE"
"BUS-00485","PT Sinar Bersama","Sinar Bersama","9999015307884","ID","2020-12-29","41057","2_5B_50B","Jl. Bougenville No. 223","Medan","Sumatera Utara","20111","ID","+628997220337","bus-00485@demo.example","ACTIVE"
"BUS-00486","Koperasi Sentosa Niaga","Sentosa Niaga","9948487180899","ID","2014-09-05","65919","2_5B_50B","Jl. Mawar No. 133","Yogyakarta","DI Yogyakarta","55111","ID","+628997680937","bus-00486@surelsintetis.id","CLOSED"
"BUS-00487","CV Abadi Bersama","Abadi Bersama","9991391939101","ID","2024-12-14","22353","GT_50B","Jl. Anggrek No. 39","Makassar","Sulawesi Selatan","90111","ID","+628993913811","bus-00487@mailuji.example","ACTIVE"
"BUS-00488","UD Sentosa Niaga","Sentosa Niaga","9915383357152","ID","2019-02-10","95193","LT_300M","Jl. Mawar No. 203","Balikpapan","Kalimantan Timur","76111","ID","+628998210994","bus-00488@surelsintetis.id","ACTIVE"
"BUS-00489","CV Cemerlang Bersama","Cemerlang Bersama","9960025662834","ID","2020-04-26","26054","GT_50B","Jl. Anggrek No. 5","Palembang","Sumatera Selatan","30111","ID","+628999460745","bus-00489@surelsintetis.id","ACTIVE"
"BUS-00490","PT Sejahtera Perkasa","Sejahtera Perkasa","9910336343517","ID","2024-01-11","64484","300M_2_5B","-","Yogyakarta","DI Yogyakarta","55111","ID","+628994759417","bus-00490@mailuji.example","ACTIVE"
"BUS-00491","PT Cemerlang Nusantara","Cemerlang Nusantara","9959493379957","ID","2023-04-27","81687","2_5B_50B","Jl. Bougenville No. 60","Yogyakarta","DI Yogyakarta","55111","ID","+628996742321","bus-00491@contoh.id","ACTIVE"
"BUS-00492","UD Cemerlang Nusantara","Cemerlang Nusantara","9942238712194","ID","2013-02-20","52737","LT_300M","Jl. Teratai No. 80","Semarang","Jawa Tengah","50111","ID","+628992343199","bus-00492@surelsintetis.id","ACTIVE"
"BUS-00493","UD Abadi Nusantara","Abadi Nusantara","9951538755454","ID","2021-09-19","29963","GT_50B","Jl. Dahlia No. 176","Semarang","Jawa Tengah","50111","ID","+628992858795","bus-00493@surelsintetis.id","ACTIVE"
"BUS-00494","CV Sinar Utama","Sinar Utama","9968301284878","ID","2015-07-06","17686","2_5B_50B","Jl. Teratai No. 137","Denpasar","Bali","80111","ID","+628998602331","bus-00494@demo.example","ACTIVE"
"BUS-00495","CV Harapan Niaga","Harapan Niaga","9990044732198","ID","2021-07-28","96941","300M_2_5B","Jl. Melati No. 234","Medan","Sumatera Utara","20111","ID","+628998220808","bus-00495@demo.example","ACTIVE"
"BUS-00496","PT Harapan Utama","Harapan Utama","9919914035320","ID","2012-12-22","69748","2_5B_50B","Jl. Cempaka No. 22","Semarang","Jawa Tengah","50111","ID","+628995073354","bus-00496@demo.example","ACTIVE"
"BUS-00497","PT Jaya Bersama","Jaya Bersama","9943381549409","ID","2021-07-27","58622","2_5B_50B","Jl. Anggrek No. 190","Bandung","Jawa Barat","40111","ID","+628991786616","bus-00497@mailuji.example","SUSPENDED"
"BUS-00498","UD Lestari Perkasa","Lestari Perkasa","9960944328124","ID","2024-02-28","85783","GT_50B","Jl. Cempaka No. 193","Yogyakarta","DI Yogyakarta","55111","ID","+628994017493","bus-00498@demo.example","ACTIVE"
"BUS-00499","CV Makmur Logistik","Makmur Logistik","9961209196967","ID","2018-08-02","27223","300M_2_5B","Jl. Kenanga No. 63","Semarang","Jawa Tengah","50111","ID","+628993994352","bus-00499@mailuji.example","ACTIVE"
"BUS-00500","PT Makmur Digital","Makmur Digital","9999972302837","ID","2013-09-06","82522","GT_50B","Jl. Teratai No. 173","Bandung","Jawa Barat","40111","ID","+628999495897","bus-00500@contoh.id","ACTIVE"
"BUS-00501","UD Mandiri Niaga","Mandiri Niaga","9995925490822","ID","2020-07-19","93196","2_5B_50B","SAMA DENGAN KTP","Palembang","Sumatera Selatan","30111","ID","+628993107519","bus-00501@mailuji.example","ACTIVE"
"BUS-00502","PT Abadi Bersama","Abadi Bersama","9939659453701","ID","2017-05-08","43363","GT_50B","Jl. Melati No. 34","Makassar","Sulawesi Selatan","90111","ID","+628993978636","bus-00502@surelsintetis.id","ACTIVE"
"BUS-00503","Koperasi Sejahtera Utama","Sejahtera Utama","9932557917605","ID","2019-04-10","13415","GT_50B","Jl. Teratai No. 31","Medan","Sumatera Utara","20111","ID","+628992051667","bus-00503@surelsintetis.id","ACTIVE"
"BUS-00504","CV Cemerlang Bersama","Cemerlang Bersama","9990238412248","ID","2021-03-10","81373","GT_50B","Jl. Dahlia No. 231","Jakarta Pusat","DKI Jakarta","10110","ID","+628991045139","bus-00504@demo.example","ACTIVE"
"BUS-00505","UD Sejahtera Utama","Sejahtera Utama","9916816589968","ID","2023-03-07","69470","GT_50B","Jl. Dahlia No. 84","Bandung","Jawa Barat","40111","ID","+628999575816","bus-00505@surelsintetis.id","ACTIVE"
"BUS-00506","PT Sinar Utama","Sinar Utama","9981875105274","ID","2022-12-20","84879","GT_50B","Jl. Melati No. 212","Medan","Sumatera Utara","20111","ID","+628994371962","bus-00506@mailuji.example","ACTIVE"
"BUS-00507","UD Sentosa Digital","Sentosa Digital","9991176256386","ID","2023-03-20","91121","2_5B_50B","Jl. Kenanga No. 65","Balikpapan","Kalimantan Timur","76111","ID","+628997436170","bus-00507@surelsintetis.id","ACTIVE"
"BUS-00508","CV Cemerlang Bersama","Cemerlang Bersama","9929892038783","ID","2020-04-20","25398","GT_50B","Jl. Teratai No. 165","Surabaya","Jawa Timur","60111","ID","+628999645659","bus-00508@contoh.id","ACTIVE"
"BUS-00509","UD Mandiri Utama","Mandiri Utama","9950540429922","ID","2016-08-18","11481","GT_50B","Jl. Melati No. 172","Surabaya","Jawa Timur","60111","ID","+628997329099","bus-00509@surelsintetis.id","ACTIVE"
"BUS-00510","Koperasi Sejahtera Nusantara","Sejahtera Nusantara","9911521958573","ID","2019-02-01","86606","GT_50B","Jl. Bougenville No. 192","Medan","Sumatera Utara","20111","ID","+628992452443","bus-00510@demo.example","ACTIVE"
"BUS-00511","PT Sinar Bersama","Sinar Bersama","9995500276920","ID","2024-10-03","95287","GT_50B","Jl. Flamboyan No. 111","Yogyakarta","DI Yogyakarta","55111","ID","+628998129053","bus-00511@surelsintetis.id","ACTIVE"
"BUS-00512","PT Maju Logistik","Maju Logistik","9913536526262","ID","2025-09-09","61133","2_5B_50B","Jl. Dahlia No. 149","Bandung","Jawa Barat","40111","ID","+628993553786","bus-00512@mailuji.example","ACTIVE"
"BUS-00513","CV Cemerlang Niaga","Cemerlang Niaga","9964182509645","ID","2013-09-20","85277","GT_50B","Jl. Cempaka No. 200","Surabaya","Jawa Timur","60111","ID","+628995747756","bus-00513@contoh.id","ACTIVE"
"BUS-00514","UD Sentosa Logistik","Sentosa Logistik","9914593419486","ID","2012-08-24","11433","GT_50B","Jl. Anggrek No. 86","Bandung","Jawa Barat","40111","ID","+628996558574","bus-00514@demo.example","ACTIVE"
"BUS-00515","Koperasi Makmur Niaga","Makmur Niaga","9935926795835","ID","2012-08-08","98653","2_5B_50B","Jl. Anggrek No. 97","Palembang","Sumatera Selatan","30111","ID","+628999920882","bus-00515@contoh.id","ACTIVE"
"BUS-00516","UD Harapan Utama","Harapan Utama","9959578390218","ID","2017-02-04","39089","300M_2_5B","Jl. Mawar No. 12","Makassar","Sulawesi Selatan","90111","ID","+628992643016","bus-00516@surelsintetis.id","ACTIVE"
"BUS-00517","CV Sentosa Logistik","Sentosa Logistik","9941066386230","ID","2023-02-21","38423","300M_2_5B","Jl. Dahlia No. 204","Yogyakarta","DI Yogyakarta","55111","ID","+628998107017","bus-00517@surelsintetis.id","ACTIVE"
"BUS-00518","CV Sejahtera Niaga","Sejahtera Niaga","9928720062421","ID","2023-05-23","43442","300M_2_5B","Jl. Teratai No. 209","Surabaya","Jawa Timur","60111","ID","+628992843835","bus-00518@demo.example","ACTIVE"
"BUS-00519","PT Sentosa Logistik","Sentosa Logistik","9982084854229","ID","2022-02-07","73264","GT_50B","Jl. Mawar No. 192","Surabaya","Jawa Timur","60111","ID","+628993946385","bus-00519@contoh.id","ACTIVE"
"BUS-00520","Koperasi Berkah Niaga","Berkah Niaga","9983185571612","ID","2019-02-27","18157","2_5B_50B","ALAMAT BELUM DIISI","Jakarta Pusat","DKI Jakarta","10110","ID","+628997562723","bus-00520@surelsintetis.id","ACTIVE"
"BUS-00521","CV Cemerlang Perkasa","Cemerlang Perkasa","9987881293147","ID","2023-05-19","29507","GT_50B","Jl. Dahlia No. 124","Surabaya","Jawa Timur","60111","ID","+628993768364","bus-00521@demo.example","ACTIVE"
"BUS-00522","CV Berkah Nusantara","Berkah Nusantara","9986375448905","ID","2024-08-23","60720","GT_50B","Jl. Teratai No. 184","Yogyakarta","DI Yogyakarta","55111","ID","+628996266296","bus-00522@surelsintetis.id","ACTIVE"
"BUS-00523","PT Lestari Niaga","Lestari Niaga","9948302407454","ID","2022-01-12","38297","LT_300M","Jl. Mawar No. 114","Bandung","Jawa Barat","40111","ID","+628998176542","bus-00523@demo.example","ACTIVE"
"BUS-00524","PT Makmur Digital","Makmur Digital","9913369249780","ID","2018-03-22","30810","LT_300M","Jl. Flamboyan No. 204","Bandung","Jawa Barat","40111","ID","+628995892151","bus-00524@mailuji.example","ACTIVE"
"BUS-00525","Koperasi Abadi Bersama","Abadi Bersama","9946046535988","ID","2025-05-16","33869","300M_2_5B","Jl. Melati No. 59","Semarang","Jawa Tengah","50111","ID","+628999806930","bus-00525@contoh.id","ACTIVE"
"BUS-00526","PT Sejahtera Utama","Sejahtera Utama","9973157373439","ID","2013-10-21","98007","GT_50B","Jl. Teratai No. 15","Yogyakarta","DI Yogyakarta","55111","ID","+628993829644","bus-00526@contoh.id","ACTIVE"
"BUS-00527","UD Makmur Perkasa","Makmur Perkasa","9959223350651","ID","2012-08-31","49643","LT_300M","Jl. Anggrek No. 203","Medan","Sumatera Utara","20111","ID","+628997370972","bus-00527@mailuji.example","ACTIVE"
"BUS-00528","PT Abadi Bersama","Abadi Bersama","9934301036134","ID","2015-08-07","57923","2_5B_50B","Jl. Mawar No. 220","Palembang","Sumatera Selatan","30111","ID","+628994629843","bus-00528@contoh.id","ACTIVE"
"BUS-00529","UD Sejahtera Digital","Sejahtera Digital","9946352464204","ID","2023-10-27","20234","2_5B_50B","Jl. Mawar No. 3","Yogyakarta","DI Yogyakarta","55111","ID","+628996694388","bus-00529@surelsintetis.id","ACTIVE"
"BUS-00530","PT Abadi Logistik","Abadi Logistik","9938521670947","ID","2023-01-03","20148","300M_2_5B","Jl. Kenanga No. 40","Semarang","Jawa Tengah","50111","ID","+628993101063","bus-00530@contoh.id","ACTIVE"
"BUS-00531","Koperasi Mandiri Perkasa","Mandiri Perkasa","9934721696189","ID","2014-06-23","67361","2_5B_50B","Jl. Anggrek No. 160","Surabaya","Jawa Timur","60111","ID","+628992526620","bus-00531@mailuji.example","ACTIVE"
"BUS-00532","CV Lestari Utama","Lestari Utama","9995893859696","ID","2013-10-11","81370","GT_50B","Jl. Melati No. 110","Yogyakarta","DI Yogyakarta","55111","ID","+628999740017","bus-00532@demo.example","CLOSED"
"BUS-00533","UD Maju Niaga","Maju Niaga","9970477236156","ID","2018-03-20","67427","LT_300M","Jl. Dahlia No. 10","Denpasar","Bali","80111","ID","+628997585805","bus-00533@mailuji.example","ACTIVE"
"BUS-00534","UD Cemerlang Digital","Cemerlang Digital","9914052208340","ID","2022-04-24","81640","GT_50B","Jl. Cempaka No. 94","Makassar","Sulawesi Selatan","90111","ID","+628995508664","bus-00534@surelsintetis.id","CLOSED"
"BUS-00535","CV Harapan Logistik","Harapan Logistik","9954822893468","ID","2018-04-26","91399","2_5B_50B","Jl. Kenanga No. 41","Bandung","Jawa Barat","40111","ID","+628992598733","bus-00535@contoh.id","ACTIVE"
"BUS-00536","CV Sinar Niaga","Sinar Niaga","9916121769008","ID","2024-01-21","99948","300M_2_5B","Jl. Bougenville No. 207","Semarang","Jawa Tengah","50111","ID","+628993600205","bus-00536@contoh.id","ACTIVE"
"BUS-00537","UD Maju Perkasa","Maju Perkasa","9956023424180","ID","2018-02-14","46380","300M_2_5B","Jl. Bougenville No. 78","Balikpapan","Kalimantan Timur","76111","ID","+628999908663","bus-00537@contoh.id","ACTIVE"
"BUS-00538","PT Sinar Utama","Sinar Utama","9962664672714","ID","2024-11-30","57046","300M_2_5B","Jl. Melati No. 9","Balikpapan","Kalimantan Timur","76111","ID","+628993486090","bus-00538@mailuji.example","ACTIVE"
"BUS-00539","UD Lestari Digital","Lestari Digital","9963254679272","ID","2020-04-13","73468","300M_2_5B","Jl. Teratai No. 55","Medan","Sumatera Utara","20111","ID","+628997030550","bus-00539@mailuji.example","ACTIVE"
"BUS-00540","CV Abadi Digital","Abadi Digital","9940619078210","ID","2020-11-26","65608","GT_50B","Jl. Flamboyan No. 64","Yogyakarta","DI Yogyakarta","55111","ID","+628993304220","bus-00540@mailuji.example","SUSPENDED"
"BUS-00541","UD Cemerlang Bersama","Cemerlang Bersama","9933111693775","ID","2015-12-15","85404","2_5B_50B","Jl. Mawar No. 61","Bandung","Jawa Barat","40111","ID","+628995866292","bus-00541@contoh.id","ACTIVE"
"BUS-00542","Koperasi Lestari Logistik","Lestari Logistik","9949515099454","ID","2013-07-25","15746","GT_50B","Jl. Mawar No. 217","Surabaya","Jawa Timur","60111","ID","+628998784585","bus-00542@mailuji.example","ACTIVE"
"BUS-00543","Koperasi Sentosa Digital","Sentosa Digital","9929032545333","ID","2022-05-03","99646","LT_300M","Jl. Cempaka No. 223","Palembang","Sumatera Selatan","30111","ID","+628992946878","bus-00543@demo.example","ACTIVE"
"BUS-00544","Koperasi Sentosa Bersama","Sentosa Bersama","9920649109204","ID","2017-04-15","51422","2_5B_50B","Jl. Mawar No. 86","Semarang","Jawa Tengah","50111","ID","+628995843641","bus-00544@demo.example","ACTIVE"
"BUS-00545","PT Mandiri Bersama","Mandiri Bersama","9978665581383","ID","2012-08-07","51749","GT_50B","Jl. Kenanga No. 173","Denpasar","Bali","80111","ID","+628991557566","bus-00545@surelsintetis.id","ACTIVE"
"BUS-00546","CV Sentosa Digital","Sentosa Digital","9955419553898","ID","2025-03-23","90816","LT_300M","Jl. Anggrek No. 17","Jakarta Pusat","DKI Jakarta","10110","ID","+628995860134","bus-00546@surelsintetis.id","ACTIVE"
"BUS-00547","Koperasi Berkah Perkasa","Berkah Perkasa","9965047897813","ID","2015-05-18","43601","2_5B_50B","Jl. Dahlia No. 18","Makassar","Sulawesi Selatan","90111","ID","+628991267277","bus-00547@contoh.id","ACTIVE"
"BUS-00548","CV Mandiri Bersama","Mandiri Bersama","9927626413196","ID","2025-04-27","41293","GT_50B","Jl. Teratai No. 165","Yogyakarta","DI Yogyakarta","55111","ID","+628998130052","bus-00548@demo.example","ACTIVE"
"BUS-00549","UD Makmur Perkasa","Makmur Perkasa","9963760142942","ID","2021-12-13","62300","GT_50B","Jl. Flamboyan No. 235","Balikpapan","Kalimantan Timur","76111","ID","+628996740496","bus-00549@surelsintetis.id","ACTIVE"
"BUS-00550","PT Sentosa Digital","Sentosa Digital","9952739597200","ID","2020-04-23","81797","2_5B_50B","Jl. Flamboyan No. 154","Palembang","Sumatera Selatan","30111","ID","+628996929040","bus-00550@contoh.id","ACTIVE"
"BUS-00551","CV Mandiri Perkasa","Mandiri Perkasa","9969834586407","ID","2014-11-27","51087","GT_50B","Jl. Cempaka No. 60","Makassar","Sulawesi Selatan","90111","ID","+628994786902","bus-00551@mailuji.example","ACTIVE"
"BUS-00552","UD Lestari Nusantara","Lestari Nusantara","9947715252702","ID","2017-08-23","10349","LT_300M","Jl. Mawar No. 232","Medan","Sumatera Utara","20111","ID","+628995104558","bus-00552@mailuji.example","ACTIVE"
"BUS-00553","PT Jaya Bersama","Jaya Bersama","9958247421679","ID","2015-05-13","51392","LT_300M","Jl. Melati No. 33","Makassar","Sulawesi Selatan","90111","ID","+628994395604","bus-00553@mailuji.example","ACTIVE"
"BUS-00554","UD Harapan Logistik","Harapan Logistik","9919583916585","ID","2025-03-09","78914","300M_2_5B","Jl. Teratai No. 9","Semarang","Jawa Tengah","50111","ID","+628997382682","bus-00554@mailuji.example","ACTIVE"
"BUS-00555","CV Makmur Logistik","Makmur Logistik","9922079090476","ID","2024-12-21","18662","2_5B_50B","Jl. Bougenville No. 151","Medan","Sumatera Utara","20111","ID","+628991402399","bus-00555@demo.example","ACTIVE"
"BUS-00556","PT Berkah Logistik","Berkah Logistik","9959796731441","ID","2019-12-27","20073","LT_300M","Jl. Flamboyan No. 207","Yogyakarta","DI Yogyakarta","55111","ID","+628996510941","bus-00556@demo.example","ACTIVE"
"BUS-00557","UD Lestari Logistik","Lestari Logistik","9976641696006","ID","2016-07-18","39858","2_5B_50B","Jl. Kenanga No. 145","Yogyakarta","DI Yogyakarta","55111","ID","+628996170412","bus-00557@demo.example","ACTIVE"
"BUS-00558","Koperasi Harapan Niaga","Harapan Niaga","9965723829667","ID","2018-05-23","76491","GT_50B","Jl. Teratai No. 91","Jakarta Pusat","DKI Jakarta","10110","ID","+628993309166","bus-00558@demo.example","ACTIVE"
"BUS-00559","CV Cemerlang Bersama","Cemerlang Bersama","9974780688043","ID","2020-12-27","68578","2_5B_50B","Jl. Bougenville No. 72","Yogyakarta","DI Yogyakarta","55111","ID","+628993784683","bus-00559@surelsintetis.id","ACTIVE"
"BUS-00560","Koperasi Cemerlang Bersama","Cemerlang Bersama","9959723637906","ID","2018-11-10","62108","300M_2_5B","Jl. Flamboyan No. 112","Surabaya","Jawa Timur","60111","ID","+628997883190","bus-00560@contoh.id","ACTIVE"
"BUS-00561","CV Harapan Perkasa","Harapan Perkasa","9936267174983","ID","2025-02-03","30321","LT_300M","Jl. Teratai No. 169","Semarang","Jawa Tengah","50111","ID","+628998121080","bus-00561@mailuji.example","ACTIVE"
"BUS-00562","UD Sentosa Perkasa","Sentosa Perkasa","9986057326632","ID","2012-12-29","58615","2_5B_50B","Jl. Mawar No. 174","Bandung","Jawa Barat","40111","ID","+628994004848","bus-00562@demo.example","ACTIVE"
"BUS-00563","UD Abadi Logistik","Abadi Logistik","9930602198745","ID","2013-07-11","45354","2_5B_50B","Jl. Flamboyan No. 36","Jakarta Pusat","DKI Jakarta","10110","ID","+628998495700","bus-00563@contoh.id","ACTIVE"
"BUS-00564","UD Harapan Niaga","Harapan Niaga","9954600946068","ID","2017-12-31","76512","2_5B_50B","Jl. Kenanga No. 145","Semarang","Jawa Tengah","50111","ID","+628996437594","bus-00564@demo.example","ACTIVE"
"BUS-00565","PT Lestari Nusantara","Lestari Nusantara","9965410317224","ID","2021-10-14","28709","LT_300M","Jl. Kenanga No. 129","Surabaya","Jawa Timur","60111","ID","+628999643740","bus-00565@contoh.id","ACTIVE"
"BUS-00566","CV Cemerlang Logistik","Cemerlang Logistik","9923719186738","ID","2019-11-16","65915","2_5B_50B","Jl. Teratai No. 200","Semarang","Jawa Tengah","50111","ID","+628999081122","bus-00566@surelsintetis.id","ACTIVE"
"BUS-00567","PT Abadi Perkasa","Abadi Perkasa","9985890625360","ID","2025-01-07","79748","LT_300M","Jl. Kenanga No. 172","Semarang","Jawa Tengah","50111","ID","+628998221509","bus-00567@mailuji.example","ACTIVE"
"BUS-00568","Koperasi Berkah Niaga","Berkah Niaga","9912612176075","ID","2024-07-18","51311","2_5B_50B","Jl. Bougenville No. 195","Palembang","Sumatera Selatan","30111","ID","+628991937921","bus-00568@mailuji.example","ACTIVE"
"BUS-00569","Koperasi Makmur Nusantara","Makmur Nusantara","9949659046173","ID","2019-03-31","87032","300M_2_5B","Jl. Anggrek No. 2","Bandung","Jawa Barat","40111","ID","+628995649903","bus-00569@demo.example","ACTIVE"
"BUS-00570","CV Cemerlang Digital","Cemerlang Digital","9941274162595","ID","2021-04-20","87145","LT_300M","Jl. Flamboyan No. 9","Balikpapan","Kalimantan Timur","76111","ID","+628999498074","bus-00570@contoh.id","ACTIVE"
"BUS-00571","PT Sinar Bersama","Sinar Bersama","9929074818523","ID","2017-10-04","16232","300M_2_5B","Jl. Flamboyan No. 119","Makassar","Sulawesi Selatan","90111","ID","+628994855829","bus-00571@surelsintetis.id","ACTIVE"
"BUS-00572","PT Berkah Niaga","Berkah Niaga","9973874552690","ID","2015-05-16","56825","LT_300M","Jl. Flamboyan No. 29","Medan","Sumatera Utara","20111","ID","+628998630757","bus-00572@demo.example","ACTIVE"
"BUS-00573","UD Cemerlang Utama","Cemerlang Utama","9942597993369","ID","2022-01-06","19305","GT_50B","Jl. Cempaka No. 226","Medan","Sumatera Utara","20111","ID","+628993580285","bus-00573@demo.example","ACTIVE"
"BUS-00574","PT Maju Digital","Maju Digital","9965040498300","ID","2013-09-19","36382","2_5B_50B","Jl. Melati No. 203","Surabaya","Jawa Timur","60111","ID","+628995524355","bus-00574@mailuji.example","ACTIVE"
"BUS-00575","Koperasi Harapan Niaga","Harapan Niaga","9962473169512","ID","2019-11-08","43139","300M_2_5B","Jl. Cempaka No. 154","Palembang","Sumatera Selatan","30111","ID","+628993654363","bus-00575@demo.example","ACTIVE"
"BUS-00576","CV Sejahtera Utama","Sejahtera Utama","9996643855591","ID","2019-02-26","63946","GT_50B","Jl. Bougenville No. 16","Jakarta Pusat","DKI Jakarta","10110","ID","+628997341948","bus-00576@demo.example","ACTIVE"
"BUS-00577","Koperasi Harapan Utama","Harapan Utama","9917603652485","ID","2018-08-02","57939","2_5B_50B","Jl. Bougenville No. 231","Jakarta Pusat","DKI Jakarta","10110","ID","+628999739169","bus-00577@demo.example","ACTIVE"
"BUS-00578","UD Mandiri Bersama","Mandiri Bersama","9993065570421","ID","2012-12-12","71941","2_5B_50B","Jl. Flamboyan No. 53","Denpasar","Bali","80111","ID","+628996135887","bus-00578@demo.example","ACTIVE"
"BUS-00579","CV Mandiri Logistik","Mandiri Logistik","9971154583357","ID","2025-04-01","65460","2_5B_50B","Jl. Melati No. 156","Surabaya","Jawa Timur","60111","ID","+628995957640","bus-00579@mailuji.example","ACTIVE"
"BUS-00580","UD Abadi Digital","Abadi Digital","9980773140234","ID","2012-09-22","78731","2_5B_50B","Jl. Teratai No. 207","Bandung","Jawa Barat","40111","ID","+628997713068","bus-00580@surelsintetis.id","ACTIVE"
"BUS-00581","CV Abadi Logistik","Abadi Logistik","9929153020082","ID","2013-07-21","47768","GT_50B","Jl. Anggrek No. 59","Medan","Sumatera Utara","20111","ID","+628996322432","bus-00581@surelsintetis.id","ACTIVE"
"BUS-00582","CV Sinar Perkasa","Sinar Perkasa","9926406881629","ID","2016-12-24","98529","GT_50B","Jl. Dahlia No. 230","Denpasar","Bali","80111","ID","+628991519700","bus-00582@surelsintetis.id","ACTIVE"
"BUS-00583","Koperasi Cemerlang Perkasa","Cemerlang Perkasa","9980145936672","ID","2019-06-30","82856","LT_300M","Jl. Cempaka No. 6","Semarang","Jawa Tengah","50111","ID","+628995876838","bus-00583@contoh.id","ACTIVE"
"BUS-00584","Koperasi Cemerlang Utama","Cemerlang Utama","9947515663891","ID","2017-10-20","39195","GT_50B","Jl. Flamboyan No. 173","Semarang","Jawa Tengah","50111","ID","+628993315678","bus-00584@contoh.id","ACTIVE"
"BUS-00585","Koperasi Lestari Bersama","Lestari Bersama","9958445644051","ID","2018-11-03","98609","LT_300M","Jl. Cempaka No. 97","Makassar","Sulawesi Selatan","90111","ID","+628994121249","bus-00585@demo.example","ACTIVE"
"BUS-00586","UD Berkah Digital","Berkah Digital","9923489927298","ID","2018-06-18","64309","LT_300M","Jl. Dahlia No. 1","Bandung","Jawa Barat","40111","ID","+628995355979","bus-00586@contoh.id","ACTIVE"
"BUS-00587","CV Sentosa Logistik","Sentosa Logistik","9960588808146","ID","2024-07-06","67463","2_5B_50B","Jl. Flamboyan No. 239","Balikpapan","Kalimantan Timur","76111","ID","+628991300420","bus-00587@mailuji.example","ACTIVE"
"BUS-00588","UD Lestari Bersama","Lestari Bersama","9996873540731","ID","2013-01-07","21463","LT_300M","Jl. Teratai No. 213","Yogyakarta","DI Yogyakarta","55111","ID","+628999719404","bus-00588@surelsintetis.id","ACTIVE"
"BUS-00589","CV Sejahtera Logistik","Sejahtera Logistik","9991455094866","ID","2023-06-11","61075","2_5B_50B","Jl. Teratai No. 143","Bandung","Jawa Barat","40111","ID","+628995952178","bus-00589@contoh.id","ACTIVE"
"BUS-00590","CV Makmur Bersama","Makmur Bersama","9989696919834","ID","2022-12-14","58021","GT_50B","Jl. Mawar No. 197","Semarang","Jawa Tengah","50111","ID","+628993050603","bus-00590@surelsintetis.id","ACTIVE"
"BUS-00591","CV Jaya Utama","Jaya Utama","9966655032707","ID","2019-03-08","63728","300M_2_5B","Jl. Mawar No. 203","Makassar","Sulawesi Selatan","90111","ID","+628991719869","bus-00591@contoh.id","ACTIVE"
"BUS-00592","Koperasi Sentosa Perkasa","Sentosa Perkasa","9929053977641","ID","2023-09-10","38793","GT_50B","Jl. Mawar No. 162","Palembang","Sumatera Selatan","30111","ID","+628993643504","bus-00592@surelsintetis.id","ACTIVE"
"BUS-00593","CV Abadi Digital","Abadi Digital","9974945522179","ID","2017-04-03","37546","GT_50B","Jl. Bougenville No. 31","Makassar","Sulawesi Selatan","90111","ID","+628997529889","bus-00593@surelsintetis.id","ACTIVE"
"BUS-00594","CV Harapan Niaga","Harapan Niaga","9990084783700","ID","2023-01-18","40793","2_5B_50B","Jl. Mawar No. 45","Yogyakarta","DI Yogyakarta","55111","ID","+628991472638","bus-00594@contoh.id","ACTIVE"
"BUS-00595","Koperasi Sejahtera Bersama","Sejahtera Bersama","9951226265402","ID","2018-07-31","81618","LT_300M","Jl. Kenanga No. 143","Surabaya","Jawa Timur","60111","ID","+628998261634","bus-00595@contoh.id","ACTIVE"
"BUS-00596","Koperasi Sinar Logistik","Sinar Logistik","9949733794620","ID","2013-01-28","40457","300M_2_5B","Jl. Teratai No. 144","Denpasar","Bali","80111","ID","+628996046402","bus-00596@demo.example","ACTIVE"
"BUS-00597","CV Makmur Digital","Makmur Digital","9963935319346","ID","2025-02-21","30609","300M_2_5B","Jl. Bougenville No. 162","Palembang","Sumatera Selatan","30111","ID","+628996540492","bus-00597@contoh.id","ACTIVE"
"BUS-00598","CV Berkah Perkasa","Berkah Perkasa","9988128537642","ID","2019-02-25","46921","GT_50B","Jl. Melati No. 6","Surabaya","Jawa Timur","60111","ID","+628998590372","bus-00598@contoh.id","ACTIVE"
"BUS-00599","UD Makmur Utama","Makmur Utama","9929076702497","ID","2022-06-15","68889","LT_300M","Jl. Cempaka No. 224","Bandung","Jawa Barat","40111","ID","+628991903558","bus-00599@surelsintetis.id","ACTIVE"
"BUS-00600","UD Sinar Perkasa","Sinar Perkasa","9911361169555","ID","2020-08-05","60663","LT_300M","Jl. Bougenville No. 185","Medan","Sumatera Utara","20111","ID","+628999191620","bus-00600@mailuji.example","ACTIVE"
"BUS-00601","CV Lestari Niaga","Lestari Niaga","9912819077113","ID","2015-12-15","14246","2_5B_50B","Jl. Flamboyan No. 185","Semarang","Jawa Tengah","50111","ID","+628992025863","bus-00601@contoh.id","ACTIVE"
"BUS-00602","PT Harapan Bersama","Harapan Bersama","9979277287202","ID","2016-02-23","12061","GT_50B","Jl. Flamboyan No. 234","Palembang","Sumatera Selatan","30111","ID","+628993804095","bus-00602@mailuji.example","ACTIVE"
"BUS-00603","PT Sentosa Perkasa","Sentosa Perkasa","9952426454479","ID","2020-07-24","53580","2_5B_50B","Jl. Anggrek No. 152","Semarang","Jawa Tengah","50111","ID","+628996973670","bus-00603@demo.example","ACTIVE"
"BUS-00604","PT Lestari Niaga","Lestari Niaga","9976425629971","ID","2021-12-20","84824","LT_300M","Jl. Teratai No. 215","Semarang","Jawa Tengah","50111","ID","+628993518947","bus-00604@mailuji.example","ACTIVE"
"BUS-00605","UD Abadi Digital","Abadi Digital","9935718418351","ID","2021-02-17","68388","300M_2_5B","Jl. Bougenville No. 107","Surabaya","Jawa Timur","60111","ID","+628992449405","bus-00605@surelsintetis.id","ACTIVE"
"BUS-00606","CV Maju Digital","Maju Digital","9960339797327","ID","2012-12-11","80944","2_5B_50B","Jl. Dahlia No. 211","Balikpapan","Kalimantan Timur","76111","ID","+628997865639","bus-00606@demo.example","ACTIVE"
"BUS-00607","CV Makmur Bersama","Makmur Bersama","9950623922739","ID","2024-10-29","63167","LT_300M","Jl. Anggrek No. 132","Jakarta Pusat","DKI Jakarta","10110","ID","+628999560658","bus-00607@contoh.id","ACTIVE"
"BUS-00608","PT Jaya Utama","Jaya Utama","9961901389070","ID","2015-11-18","67388","2_5B_50B","Jl. Teratai No. 190","Semarang","Jawa Tengah","50111","ID","+628994499680","bus-00608@surelsintetis.id","SUSPENDED"
"BUS-00609","CV Sinar Niaga","Sinar Niaga","9953661475087","ID","2020-12-24","95513","2_5B_50B","Jl. Cempaka No. 5","Palembang","Sumatera Selatan","30111","ID","+628997552063","bus-00609@surelsintetis.id","ACTIVE"
"BUS-00610","Koperasi Sentosa Logistik","Sentosa Logistik","9933193053803","ID","2019-04-07","28694","300M_2_5B","Jl. Melati No. 162","Palembang","Sumatera Selatan","30111","ID","+628996419653","bus-00610@mailuji.example","ACTIVE"
"BUS-00611","CV Mandiri Logistik","Mandiri Logistik","9946952247782","ID","2021-10-29","75391","300M_2_5B","Jl. Cempaka No. 137","Makassar","Sulawesi Selatan","90111","ID","+628995603348","bus-00611@demo.example","ACTIVE"
"BUS-00612","PT Lestari Logistik","Lestari Logistik","9962600080639","ID","2025-06-14","64835","2_5B_50B","Jl. Mawar No. 34","Medan","Sumatera Utara","20111","ID","+628999436414","bus-00612@surelsintetis.id","ACTIVE"
"BUS-00613","Koperasi Maju Niaga","Maju Niaga","9987723507436","ID","2016-10-23","55585","300M_2_5B","Jl. Melati No. 11","Palembang","Sumatera Selatan","30111","ID","+628997373143","bus-00613@mailuji.example","ACTIVE"
"BUS-00614","CV Abadi Digital","Abadi Digital","9923215087136","ID","2024-05-31","44745","2_5B_50B","Jl. Melati No. 89","Denpasar","Bali","80111","ID","+628999793569","bus-00614@mailuji.example","ACTIVE"
"BUS-00615","UD Harapan Digital","Harapan Digital","9999892879261","ID","2014-12-30","64612","300M_2_5B","Jl. Teratai No. 172","Yogyakarta","DI Yogyakarta","55111","ID","+628997363453","bus-00615@demo.example","ACTIVE"
"BUS-00616","PT Makmur Utama","Makmur Utama","9951237949588","ID","2015-04-18","91956","300M_2_5B","Jl. Flamboyan No. 155","Semarang","Jawa Tengah","50111","ID","+628999251711","bus-00616@surelsintetis.id","ACTIVE"
"BUS-00617","CV Mandiri Niaga","Mandiri Niaga","9931129903216","ID","2019-10-15","83426","LT_300M","Jl. Teratai No. 125","Makassar","Sulawesi Selatan","90111","ID","+628995272055","bus-00617@mailuji.example","ACTIVE"
"BUS-00618","PT Makmur Logistik","Makmur Logistik","9968107223302","ID","2024-08-13","74823","300M_2_5B","Jl. Dahlia No. 137","Surabaya","Jawa Timur","60111","ID","+628991713450","bus-00618@mailuji.example","ACTIVE"
"BUS-00619","Koperasi Sentosa Nusantara","Sentosa Nusantara","9957781597882","ID","2017-05-03","68212","2_5B_50B","Jl. Melati No. 68","Medan","Sumatera Utara","20111","ID","+628996687759","bus-00619@mailuji.example","ACTIVE"
"BUS-00620","UD Cemerlang Nusantara","Cemerlang Nusantara","9940517073452","ID","2019-09-22","39559","LT_300M","Jl. Teratai No. 177","Semarang","Jawa Tengah","50111","ID","+628997406703","bus-00620@contoh.id","ACTIVE"
"BUS-00621","PT Maju Logistik","Maju Logistik","9925274560475","ID","2020-04-15","66667","LT_300M","Jl. Dahlia No. 160","Balikpapan","Kalimantan Timur","76111","ID","+628997166344","bus-00621@contoh.id","ACTIVE"
"BUS-00622","CV Harapan Nusantara","Harapan Nusantara","9979181388172","ID","2020-11-18","18488","LT_300M","Jl. Kenanga No. 238","Bandung","Jawa Barat","40111","ID","+628999719471","bus-00622@surelsintetis.id","ACTIVE"
"BUS-00623","UD Makmur Perkasa","Makmur Perkasa","9961161765072","ID","2012-12-08","27750","GT_50B","Jl. Dahlia No. 101","Makassar","Sulawesi Selatan","90111","ID","+628992486351","bus-00623@surelsintetis.id","ACTIVE"
"BUS-00624","CV Makmur Nusantara","Makmur Nusantara","9996927081215","ID","2018-11-28","52134","GT_50B","Jl. Melati No. 117","Medan","Sumatera Utara","20111","ID","+628991734173","bus-00624@mailuji.example","ACTIVE"
"BUS-00625","PT Sejahtera Digital","Sejahtera Digital","9918195672633","ID","2016-12-29","40251","300M_2_5B","Jl. Anggrek No. 193","Denpasar","Bali","80111","ID","+628999798511","bus-00625@contoh.id","ACTIVE"
"BUS-00626","UD Sejahtera Niaga","Sejahtera Niaga","9954289131876","ID","2021-07-03","29587","2_5B_50B","Jl. Flamboyan No. 237","Surabaya","Jawa Timur","60111","ID","+628993995861","bus-00626@surelsintetis.id","ACTIVE"
"BUS-00627","CV Harapan Niaga","Harapan Niaga","9994139900065","ID","2012-12-30","45277","300M_2_5B","Jl. Kenanga No. 234","Makassar","Sulawesi Selatan","90111","ID","+628999824641","bus-00627@demo.example","ACTIVE"
"BUS-00628","Koperasi Harapan Bersama","Harapan Bersama","9918288002929","ID","2025-01-02","55859","2_5B_50B","Jl. Melati No. 158","Semarang","Jawa Tengah","50111","ID","+628995735027","bus-00628@contoh.id","ACTIVE"
"BUS-00629","PT Cemerlang Nusantara","Cemerlang Nusantara","9982422514282","ID","2014-12-19","76907","GT_50B","Jl. Kenanga No. 173","Bandung","Jawa Barat","40111","ID","+628997115130","bus-00629@mailuji.example","ACTIVE"
"BUS-00630","Koperasi Abadi Logistik","Abadi Logistik","9931262017230","ID","2020-08-14","61168","2_5B_50B","Jl. Teratai No. 70","Medan","Sumatera Utara","20111","ID","+628993361223","bus-00630@mailuji.example","ACTIVE"
"BUS-00631","CV Makmur Perkasa","Makmur Perkasa","9970282097327","ID","2022-12-14","17224","300M_2_5B","Jl. Mawar No. 137","Balikpapan","Kalimantan Timur","76111","ID","+628993058416","bus-00631@mailuji.example","ACTIVE"
"BUS-00632","PT Cemerlang Perkasa","Cemerlang Perkasa","9940076692776","ID","2025-09-03","63194","300M_2_5B","Jl. Anggrek No. 173","Balikpapan","Kalimantan Timur","76111","ID","+628997140131","bus-00632@contoh.id","ACTIVE"
"BUS-00633","PT Mandiri Logistik","Mandiri Logistik","9935116358245","ID","2022-09-12","22501","300M_2_5B","Jl. Kenanga No. 36","Semarang","Jawa Tengah","50111","ID","+628997904662","bus-00633@contoh.id","ACTIVE"
"BUS-00634","Koperasi Lestari Nusantara","Lestari Nusantara","9938736437057","ID","2025-06-20","13451","300M_2_5B","Jl. Melati No. 188","Jakarta Pusat","DKI Jakarta","10110","ID","+628992883316","bus-00634@surelsintetis.id","ACTIVE"
"BUS-00635","UD Sentosa Logistik","Sentosa Logistik","9960125113558","ID","2019-04-04","94512","GT_50B","Jl. Mawar No. 68","Denpasar","Bali","80111","ID","+628994231206","bus-00635@surelsintetis.id","ACTIVE"
"BUS-00636","Koperasi Abadi Nusantara","Abadi Nusantara","9973341227003","ID","2018-05-14","12594","2_5B_50B","Jl. Teratai No. 127","Jakarta Pusat","DKI Jakarta","10110","ID","+628998265822","bus-00636@contoh.id","ACTIVE"
"BUS-00637","UD Sejahtera Logistik","Sejahtera Logistik","9966231979931","ID","2025-08-11","75357","GT_50B","Jl. Kenanga No. 44","Bandung","Jawa Barat","40111","ID","+628997548737","bus-00637@contoh.id","ACTIVE"
"BUS-00638","Koperasi Maju Digital","Maju Digital","9926401723038","ID","2019-10-02","88097","2_5B_50B","Jl. Mawar No. 184","Yogyakarta","DI Yogyakarta","55111","ID","+628996558326","bus-00638@demo.example","ACTIVE"
"BUS-00639","Koperasi Berkah Utama","Berkah Utama","9931428644474","ID","2014-08-18","79176","GT_50B","Jl. Flamboyan No. 131","Palembang","Sumatera Selatan","30111","ID","+628994771750","bus-00639@contoh.id","ACTIVE"
"BUS-00640","Koperasi Sinar Digital","Sinar Digital","9991720374381","ID","2023-02-09","23604","2_5B_50B","Jl. Cempaka No. 205","Semarang","Jawa Tengah","50111","ID","+628991169440","bus-00640@contoh.id","ACTIVE"
"BUS-00641","UD Harapan Digital","Harapan Digital","9998020984109","ID","2014-07-30","16774","300M_2_5B","Jl. Bougenville No. 188","Semarang","Jawa Tengah","50111","ID","+628996179654","bus-00641@mailuji.example","ACTIVE"
"BUS-00642","PT Abadi Utama","Abadi Utama","9987518151522","ID","2015-03-19","94805","LT_300M","Jl. Flamboyan No. 35","Bandung","Jawa Barat","40111","ID","+628999056877","bus-00642@demo.example","ACTIVE"
"BUS-00643","CV Cemerlang Digital","Cemerlang Digital","9925791139472","ID","2012-08-15","34248","2_5B_50B","Jl. Anggrek No. 13","Yogyakarta","DI Yogyakarta","55111","ID","+628996166408","bus-00643@contoh.id","ACTIVE"
"BUS-00644","PT Sentosa Bersama","Sentosa Bersama","9946037264878","ID","2019-01-06","70265","LT_300M","Jl. Mawar No. 235","Makassar","Sulawesi Selatan","90111","ID","+628996745273","bus-00644@mailuji.example","ACTIVE"
"BUS-00645","Koperasi Makmur Bersama","Makmur Bersama","9973765649724","ID","2024-06-15","46255","300M_2_5B","Jl. Bougenville No. 183","Jakarta Pusat","DKI Jakarta","10110","ID","+628991777779","bus-00645@surelsintetis.id","ACTIVE"
"BUS-00646","CV Sentosa Utama","Sentosa Utama","9975907722715","ID","2017-02-06","85131","LT_300M","Jl. Kenanga No. 92","Yogyakarta","DI Yogyakarta","55111","ID","+628996701032","bus-00646@contoh.id","ACTIVE"
"BUS-00647","PT Berkah Bersama","Berkah Bersama","9998926752400","ID","2025-03-12","48211","2_5B_50B","Jl. Flamboyan No. 54","Palembang","Sumatera Selatan","30111","ID","+628997012234","bus-00647@demo.example","ACTIVE"
"BUS-00648","Koperasi Lestari Nusantara","Lestari Nusantara","9948413082032","ID","2019-09-06","14022","LT_300M","Jl. Bougenville No. 123","Palembang","Sumatera Selatan","30111","ID","+628997841310","bus-00648@demo.example","ACTIVE"
"BUS-00649","UD Berkah Niaga","Berkah Niaga","9926981505194","ID","2013-08-01","67057","LT_300M","Jl. Dahlia No. 81","Bandung","Jawa Barat","40111","ID","+628993700090","bus-00649@contoh.id","ACTIVE"
"BUS-00650","Koperasi Sejahtera Nusantara","Sejahtera Nusantara","9991984377406","ID","2025-01-09","94140","LT_300M","Jl. Bougenville No. 7","Denpasar","Bali","80111","ID","+628992635488","bus-00650@demo.example","ACTIVE"
"BUS-00651","PT Sentosa Logistik","Sentosa Logistik","9984913715848","ID","2022-01-23","31888","LT_300M","Jl. Kenanga No. 239","Denpasar","Bali","80111","ID","+628996808316","bus-00651@demo.example","ACTIVE"
"BUS-00652","Koperasi Lestari Utama","Lestari Utama","9996897625317","ID","2023-06-09","30303","GT_50B","Jl. Teratai No. 21","Bandung","Jawa Barat","40111","ID","+628991683358","bus-00652@demo.example","ACTIVE"
"BUS-00653","CV Berkah Logistik","Berkah Logistik","9934766667356","ID","2014-01-28","78620","LT_300M","Jl. Anggrek No. 132","Bandung","Jawa Barat","40111","ID","+628999893341","bus-00653@demo.example","SUSPENDED"
"BUS-00654","Koperasi Sentosa Utama","Sentosa Utama","9993924116042","ID","2019-10-24","39768","300M_2_5B","Jl. Bougenville No. 228","Bandung","Jawa Barat","40111","ID","+628997049633","bus-00654@mailuji.example","ACTIVE"
"BUS-00655","UD Jaya Niaga","Jaya Niaga","9980462430709","ID","2024-01-12","34314","LT_300M","Jl. Anggrek No. 138","Palembang","Sumatera Selatan","30111","ID","+628998888715","bus-00655@contoh.id","ACTIVE"
"BUS-00656","PT Sentosa Digital","Sentosa Digital","9987481065856","ID","2014-04-30","32895","300M_2_5B","Jl. Flamboyan No. 43","Denpasar","Bali","80111","ID","+628998332927","bus-00656@mailuji.example","ACTIVE"
"BUS-00657","CV Sentosa Niaga","Sentosa Niaga","9944587306676","ID","2023-04-19","38904","300M_2_5B","Jl. Mawar No. 214","Semarang","Jawa Tengah","50111","ID","+628992315879","bus-00657@mailuji.example","ACTIVE"
"BUS-00658","Koperasi Maju Digital","Maju Digital","9916893424749","ID","2022-05-24","49500","GT_50B","Jl. Kenanga No. 65","Surabaya","Jawa Timur","60111","ID","+628998619958","bus-00658@surelsintetis.id","ACTIVE"
"BUS-00659","CV Makmur Bersama","Makmur Bersama","9996105414165","ID","2022-03-03","20703","LT_300M","N/A","Bandung","Jawa Barat","40111","ID","+628992906651","bus-00659@demo.example","ACTIVE"
"BUS-00660","CV Cemerlang Perkasa","Cemerlang Perkasa","9996627666966","ID","2015-08-06","51752","GT_50B","Jl. Anggrek No. 142","Balikpapan","Kalimantan Timur","76111","ID","+628993557544","bus-00660@demo.example","ACTIVE"
"BUS-00661","UD Maju Niaga","Maju Niaga","9981782589504","ID","2022-03-31","67753","2_5B_50B","Jl. Kenanga No. 199","Jakarta Pusat","DKI Jakarta","10110","ID","+628993882182","bus-00661@surelsintetis.id","ACTIVE"
"BUS-00662","UD Abadi Logistik","Abadi Logistik","9951505890338","ID","2019-02-02","71373","300M_2_5B","Jl. Teratai No. 191","Makassar","Sulawesi Selatan","90111","ID","+628992912485","bus-00662@demo.example","CLOSED"
"BUS-00663","PT Abadi Utama","Abadi Utama","9982057314704","ID","2021-07-25","36496","GT_50B","Jl. Kenanga No. 91","Medan","Sumatera Utara","20111","ID","+628991486807","bus-00663@mailuji.example","ACTIVE"
"BUS-00664","PT Jaya Bersama","Jaya Bersama","9948376566708","ID","2014-08-22","83171","GT_50B","Jl. Flamboyan No. 228","Makassar","Sulawesi Selatan","90111","ID","+628998206175","bus-00664@demo.example","ACTIVE"
"BUS-00665","PT Lestari Utama","Lestari Utama","9923502093606","ID","2017-03-11","16933","300M_2_5B","Jl. Teratai No. 176","Semarang","Jawa Tengah","50111","ID","+628991412470","bus-00665@contoh.id","ACTIVE"
"BUS-00666","CV Cemerlang Bersama","Cemerlang Bersama","9921234500975","ID","2022-03-26","98377","2_5B_50B","Jl. Anggrek No. 92","Semarang","Jawa Tengah","50111","ID","+628995329910","bus-00666@contoh.id","ACTIVE"
"BUS-00667","PT Berkah Perkasa","Berkah Perkasa","9941114030555","ID","2013-03-01","15807","300M_2_5B","Jl. Teratai No. 127","Makassar","Sulawesi Selatan","90111","ID","+628994147032","bus-00667@mailuji.example","ACTIVE"
"BUS-00668","PT Maju Digital","Maju Digital","9988332523033","ID","2022-02-15","14528","GT_50B","Jl. Bougenville No. 8","Palembang","Sumatera Selatan","30111","ID","+628996899808","bus-00668@demo.example","ACTIVE"
"BUS-00669","UD Sentosa Bersama","Sentosa Bersama","9998260995214","ID","2015-09-15","43454","LT_300M","Jl. Teratai No. 75","Denpasar","Bali","80111","ID","+628994856336","bus-00669@mailuji.example","ACTIVE"
"BUS-00670","Koperasi Cemerlang Utama","Cemerlang Utama","9987940359730","ID","2022-11-21","98244","LT_300M","Jl. Dahlia No. 75","Surabaya","Jawa Timur","60111","ID","+628992941585","bus-00670@surelsintetis.id","ACTIVE"
"BUS-00671","PT Mandiri Perkasa","Mandiri Perkasa","9966560990099","ID","2018-08-02","77843","300M_2_5B","Jl. Flamboyan No. 105","Makassar","Sulawesi Selatan","90111","ID","+628999375020","bus-00671@surelsintetis.id","ACTIVE"
"BUS-00672","Koperasi Berkah Logistik","Berkah Logistik","9961260483259","ID","2015-09-12","98539","GT_50B","Jl. Bougenville No. 141","Palembang","Sumatera Selatan","30111","ID","+628991826529","bus-00672@demo.example","ACTIVE"
"BUS-00673","PT Lestari Logistik","Lestari Logistik","9915825273786","ID","2019-08-16","26038","LT_300M","Jl. Kenanga No. 38","Palembang","Sumatera Selatan","30111","ID","+628993537125","bus-00673@contoh.id","ACTIVE"
"BUS-00674","UD Lestari Bersama","Lestari Bersama","9959242654618","ID","2020-09-20","26418","GT_50B","Jl. Teratai No. 15","Palembang","Sumatera Selatan","30111","ID","+628994560396","bus-00674@mailuji.example","ACTIVE"
"BUS-00675","CV Sinar Utama","Sinar Utama","9945151124953","ID","2023-09-09","14586","300M_2_5B","ALAMAT BELUM DIISI","Surabaya","Jawa Timur","60111","ID","+628996015462","bus-00675@demo.example","ACTIVE"
"BUS-00676","PT Sejahtera Utama","Sejahtera Utama","9998125558784","ID","2018-10-05","33573","GT_50B","Jl. Teratai No. 52","Denpasar","Bali","80111","ID","+628993803868","bus-00676@demo.example","ACTIVE"
"BUS-00677","CV Cemerlang Niaga","Cemerlang Niaga","9948081950419","ID","2023-01-19","52969","LT_300M","Jl. Teratai No. 49","Bandung","Jawa Barat","40111","ID","+628992829760","bus-00677@mailuji.example","ACTIVE"
"BUS-00678","PT Berkah Niaga","Berkah Niaga","9915428595352","ID","2022-06-11","17206","LT_300M","Jl. Cempaka No. 31","Bandung","Jawa Barat","40111","ID","+628996837573","bus-00678@surelsintetis.id","ACTIVE"
"BUS-00679","Koperasi Makmur Niaga","Makmur Niaga","9981083634167","ID","2022-09-24","80573","GT_50B","Jl. Cempaka No. 152","Yogyakarta","DI Yogyakarta","55111","ID","+628997265470","bus-00679@demo.example","ACTIVE"
"BUS-00680","PT Berkah Digital","Berkah Digital","9989578447890","ID","2017-05-30","57461","GT_50B","Jl. Cempaka No. 169","Makassar","Sulawesi Selatan","90111","ID","+628997471242","bus-00680@contoh.id","ACTIVE"
"BUS-00681","Koperasi Maju Digital","Maju Digital","9911805976963","ID","2021-07-01","69149","300M_2_5B","Jl. Bougenville No. 32","Yogyakarta","DI Yogyakarta","55111","ID","+628994402429","bus-00681@contoh.id","ACTIVE"
"BUS-00682","Koperasi Berkah Digital","Berkah Digital","9998114995837","ID","2016-08-18","98374","GT_50B","Jl. Mawar No. 205","Surabaya","Jawa Timur","60111","ID","+628991617638","bus-00682@mailuji.example","ACTIVE"
"BUS-00683","UD Jaya Digital","Jaya Digital","9976015033446","ID","2020-09-28","72746","LT_300M","Jl. Bougenville No. 115","Bandung","Jawa Barat","40111","ID","+628991028298","bus-00683@demo.example","ACTIVE"
"BUS-00684","UD Berkah Utama","Berkah Utama","9934695002533","ID","2022-01-21","24673","GT_50B","Jl. Teratai No. 94","Denpasar","Bali","80111","ID","+628993482110","bus-00684@demo.example","ACTIVE"
"BUS-00685","UD Sinar Digital","Sinar Digital","9971815136143","ID","2016-06-29","13996","2_5B_50B","Jl. Cempaka No. 223","Surabaya","Jawa Timur","60111","ID","+628995064884","bus-00685@mailuji.example","ACTIVE"
"BUS-00686","UD Jaya Nusantara","Jaya Nusantara","9951472982317","ID","2022-07-02","71921","300M_2_5B","Jl. Dahlia No. 73","Palembang","Sumatera Selatan","30111","ID","+628994818981","bus-00686@contoh.id","ACTIVE"
"BUS-00687","Koperasi Cemerlang Utama","Cemerlang Utama","9954260581941","ID","2024-11-12","37311","2_5B_50B","Jl. Mawar No. 106","Jakarta Pusat","DKI Jakarta","10110","ID","+628998352751","bus-00687@mailuji.example","ACTIVE"
"BUS-00688","UD Maju Digital","Maju Digital","9930524079710","ID","2019-11-14","14699","300M_2_5B","Jl. Melati No. 199","Medan","Sumatera Utara","20111","ID","+628994262733","bus-00688@contoh.id","ACTIVE"
"BUS-00689","CV Harapan Logistik","Harapan Logistik","9984976179050","ID","2015-04-15","98904","2_5B_50B","Jl. Kenanga No. 151","Surabaya","Jawa Timur","60111","ID","+628994103109","bus-00689@surelsintetis.id","ACTIVE"
"BUS-00690","PT Abadi Utama","Abadi Utama","9964468639784","ID","2016-11-03","92328","300M_2_5B","Jl. Mawar No. 144","Semarang","Jawa Tengah","50111","ID","+628994196876","bus-00690@demo.example","ACTIVE"
"BUS-00691","UD Cemerlang Nusantara","Cemerlang Nusantara","9936387371352","ID","2017-09-19","44272","300M_2_5B","Jl. Cempaka No. 76","Surabaya","Jawa Timur","60111","ID","+628993063909","bus-00691@contoh.id","ACTIVE"
"BUS-00692","CV Mandiri Digital","Mandiri Digital","9925139178956","ID","2014-07-11","37416","2_5B_50B","Jl. Anggrek No. 27","Palembang","Sumatera Selatan","30111","ID","+628993843687","bus-00692@surelsintetis.id","ACTIVE"
"BUS-00693","UD Maju Logistik","Maju Logistik","9922958331819","ID","2019-05-31","41009","LT_300M","Jl. Melati No. 85","Makassar","Sulawesi Selatan","90111","ID","+628992516637","bus-00693@mailuji.example","ACTIVE"
"BUS-00694","UD Maju Niaga","Maju Niaga","9987037406378","ID","2018-12-03","95004","2_5B_50B","Jl. Flamboyan No. 108","Semarang","Jawa Tengah","50111","ID","+628996917272","bus-00694@contoh.id","ACTIVE"
"BUS-00695","PT Makmur Perkasa","Makmur Perkasa","9936182700026","ID","2022-06-01","59336","GT_50B","Jl. Flamboyan No. 191","Denpasar","Bali","80111","ID","+628991874891","bus-00695@demo.example","ACTIVE"
"BUS-00696","Koperasi Harapan Niaga","Harapan Niaga","9990319704437","ID","2017-07-23","59450","GT_50B","Jl. Cempaka No. 66","Bandung","Jawa Barat","40111","ID","+628996121457","bus-00696@surelsintetis.id","ACTIVE"
"BUS-00697","UD Abadi Perkasa","Abadi Perkasa","9930079288062","ID","2014-06-09","15546","2_5B_50B","Jl. Bougenville No. 142","Denpasar","Bali","80111","ID","+628995674112","bus-00697@mailuji.example","ACTIVE"
"BUS-00698","Koperasi Berkah Nusantara","Berkah Nusantara","9965475726091","ID","2020-09-09","69440","2_5B_50B","Jl. Cempaka No. 132","Bandung","Jawa Barat","40111","ID","+628996530013","bus-00698@mailuji.example","ACTIVE"
"BUS-00699","UD Jaya Utama","Jaya Utama","9935147986367","ID","2016-02-23","79393","LT_300M","Jl. Mawar No. 133","Surabaya","Jawa Timur","60111","ID","+628993689245","bus-00699@contoh.id","ACTIVE"
"BUS-00700","CV Jaya Logistik","Jaya Logistik","9948808766197","ID","2025-08-12","53239","GT_50B","Jl. Dahlia No. 162","Palembang","Sumatera Selatan","30111","ID","+628997321590","bus-00700@surelsintetis.id","ACTIVE"
"BUS-00701","UD Sinar Perkasa","Sinar Perkasa","9921138691500","ID","2022-05-10","27768","2_5B_50B","Jl. Anggrek No. 199","Denpasar","Bali","80111","ID","+628993713554","bus-00701@contoh.id","ACTIVE"
"BUS-00702","UD Makmur Niaga","Makmur Niaga","9983515179498","ID","2015-08-31","14356","2_5B_50B","Jl. Kenanga No. 8","Semarang","Jawa Tengah","50111","ID","+628995734708","bus-00702@surelsintetis.id","ACTIVE"
"BUS-00703","Koperasi Cemerlang Perkasa","Cemerlang Perkasa","9966497213182","ID","2013-08-08","38374","300M_2_5B","Jl. Bougenville No. 224","Surabaya","Jawa Timur","60111","ID","+628998939989","bus-00703@contoh.id","ACTIVE"
"BUS-00704","UD Sejahtera Perkasa","Sejahtera Perkasa","9936094331231","ID","2015-07-01","65170","GT_50B","Jl. Teratai No. 189","Makassar","Sulawesi Selatan","90111","ID","+628995692515","bus-00704@contoh.id","ACTIVE"
"BUS-00705","Koperasi Jaya Niaga","Jaya Niaga","9910160908619","ID","2024-02-24","79771","2_5B_50B","Jl. Anggrek No. 164","Balikpapan","Kalimantan Timur","76111","ID","+628994627490","bus-00705@contoh.id","ACTIVE"
"BUS-00706","CV Abadi Digital","Abadi Digital","9970831381413","ID","2022-05-14","88568","300M_2_5B","Jl. Flamboyan No. 26","Balikpapan","Kalimantan Timur","76111","ID","+628995601360","bus-00706@mailuji.example","ACTIVE"
"BUS-00707","UD Sinar Bersama","Sinar Bersama","9958320216564","ID","2020-11-28","91592","2_5B_50B","Jl. Flamboyan No. 181","Jakarta Pusat","DKI Jakarta","10110","ID","+628999304787","bus-00707@demo.example","ACTIVE"
"BUS-00708","CV Mandiri Niaga","Mandiri Niaga","9915780430762","ID","2021-06-09","69488","2_5B_50B","Jl. Flamboyan No. 78","Surabaya","Jawa Timur","60111","ID","+628997719239","bus-00708@demo.example","ACTIVE"
"BUS-00709","PT Berkah Utama","Berkah Utama","9952135951564","ID","2020-09-20","10208","LT_300M","Jl. Mawar No. 199","Palembang","Sumatera Selatan","30111","ID","+628991617582","bus-00709@contoh.id","SUSPENDED"
"BUS-00710","CV Makmur Perkasa","Makmur Perkasa","9983737647758","ID","2017-08-13","28381","2_5B_50B","Jl. Bougenville No. 170","Yogyakarta","DI Yogyakarta","55111","ID","+628992067572","bus-00710@demo.example","ACTIVE"
"BUS-00711","UD Sinar Utama","Sinar Utama","9925697366606","ID","2015-11-27","67397","LT_300M","Jl. Bougenville No. 19","Jakarta Pusat","DKI Jakarta","10110","ID","+628996116608","bus-00711@surelsintetis.id","ACTIVE"
"BUS-00712","UD Abadi Bersama","Abadi Bersama","9975024838878","ID","2013-09-28","20668","LT_300M","Jl. Bougenville No. 216","Medan","Sumatera Utara","20111","ID","+628991469626","bus-00712@surelsintetis.id","ACTIVE"
"BUS-00713","CV Sentosa Bersama","Sentosa Bersama","9934758621809","ID","2012-11-07","25186","LT_300M","Jl. Anggrek No. 51","Surabaya","Jawa Timur","60111","ID","+628997685043","bus-00713@demo.example","ACTIVE"
"BUS-00714","UD Berkah Niaga","Berkah Niaga","9997291624048","ID","2017-09-05","59316","LT_300M","Jl. Bougenville No. 66","Medan","Sumatera Utara","20111","ID","+628992061600","bus-00714@contoh.id","ACTIVE"
"BUS-00715","CV Berkah Utama","Berkah Utama","9985978978292","ID","2013-03-14","81854","LT_300M","Jl. Teratai No. 142","Semarang","Jawa Tengah","50111","ID","+628993811831","bus-00715@mailuji.example","ACTIVE"
"BUS-00716","CV Mandiri Utama","Mandiri Utama","9952783738360","ID","2014-03-17","90370","GT_50B","Jl. Anggrek No. 164","Medan","Sumatera Utara","20111","ID","+628993647642","bus-00716@surelsintetis.id","ACTIVE"
"BUS-00717","UD Makmur Niaga","Makmur Niaga","9948919136173","ID","2014-07-08","44087","GT_50B","Jl. Anggrek No. 188","Surabaya","Jawa Timur","60111","ID","+628995439910","bus-00717@demo.example","ACTIVE"
"BUS-00718","UD Sejahtera Nusantara","Sejahtera Nusantara","9919999200120","ID","2015-08-17","57695","LT_300M","Jl. Teratai No. 104","Denpasar","Bali","80111","ID","+628999773667","bus-00718@surelsintetis.id","ACTIVE"
"BUS-00719","Koperasi Maju Digital","Maju Digital","9925097571574","ID","2022-08-07","81988","GT_50B","Jl. Cempaka No. 15","Surabaya","Jawa Timur","60111","ID","+628992267554","bus-00719@contoh.id","CLOSED"
"BUS-00720","UD Abadi Digital","Abadi Digital","9938303712659","ID","2019-03-26","94780","LT_300M","Jl. Cempaka No. 5","Surabaya","Jawa Timur","60111","ID","+628994870227","bus-00720@mailuji.example","ACTIVE"
"BUS-00721","CV Sinar Nusantara","Sinar Nusantara","9985663561017","ID","2024-01-19","48888","2_5B_50B","Jl. Bougenville No. 66","Denpasar","Bali","80111","ID","+628994817209","bus-00721@contoh.id","ACTIVE"
"BUS-00722","Koperasi Lestari Digital","Lestari Digital","9990525787326","ID","2017-01-16","19740","LT_300M","Jl. Flamboyan No. 172","Medan","Sumatera Utara","20111","ID","+628997317706","bus-00722@demo.example","ACTIVE"
"BUS-00723","Koperasi Mandiri Digital","Mandiri Digital","9933759808271","ID","2017-06-26","17283","2_5B_50B","Jl. Mawar No. 140","Yogyakarta","DI Yogyakarta","55111","ID","+628997455531","bus-00723@surelsintetis.id","ACTIVE"
"BUS-00724","UD Harapan Nusantara","Harapan Nusantara","9952184591537","ID","2025-03-15","98522","2_5B_50B","Jl. Melati No. 225","Yogyakarta","DI Yogyakarta","55111","ID","+628992354411","bus-00724@surelsintetis.id","ACTIVE"
"BUS-00725","PT Jaya Utama","Jaya Utama","9917888164010","ID","2023-05-17","68013","2_5B_50B","Jl. Mawar No. 40","Palembang","Sumatera Selatan","30111","ID","+628996121975","bus-00725@demo.example","ACTIVE"
"BUS-00726","CV Mandiri Logistik","Mandiri Logistik","9967834431297","ID","2016-07-02","28651","LT_300M","Jl. Bougenville No. 212","Yogyakarta","DI Yogyakarta","55111","ID","+628996190463","bus-00726@mailuji.example","ACTIVE"
"BUS-00727","CV Sejahtera Nusantara","Sejahtera Nusantara","9954764639085","ID","2013-11-16","18566","2_5B_50B","Jl. Anggrek No. 63","Medan","Sumatera Utara","20111","ID","+628998425551","bus-00727@contoh.id","ACTIVE"
"BUS-00728","CV Maju Bersama","Maju Bersama","9929187776666","ID","2024-04-23","19971","300M_2_5B","Jl. Mawar No. 123","Semarang","Jawa Tengah","50111","ID","+628995867804","bus-00728@contoh.id","ACTIVE"
"BUS-00729","CV Jaya Utama","Jaya Utama","9982277920656","ID","2017-03-06","16850","GT_50B","Jl. Melati No. 91","Semarang","Jawa Tengah","50111","ID","+628999912986","bus-00729@contoh.id","SUSPENDED"
"BUS-00730","UD Sinar Niaga","Sinar Niaga","9972775780511","ID","2016-09-07","88247","2_5B_50B","Jl. Kenanga No. 33","Denpasar","Bali","80111","ID","+628995401335","bus-00730@surelsintetis.id","ACTIVE"
"BUS-00731","UD Lestari Digital","Lestari Digital","9947417172020","ID","2013-12-14","16406","300M_2_5B","Jl. Dahlia No. 208","Makassar","Sulawesi Selatan","90111","ID","+628993600394","bus-00731@contoh.id","ACTIVE"
"BUS-00732","UD Berkah Bersama","Berkah Bersama","9991778032302","ID","2015-09-07","18933","300M_2_5B","Jl. Kenanga No. 197","Balikpapan","Kalimantan Timur","76111","ID","+628995498079","bus-00732@surelsintetis.id","ACTIVE"
"BUS-00733","PT Makmur Perkasa","Makmur Perkasa","9955854933180","ID","2024-01-30","15929","GT_50B","Jl. Anggrek No. 227","Makassar","Sulawesi Selatan","90111","ID","+628991417687","bus-00733@surelsintetis.id","ACTIVE"
"BUS-00734","PT Maju Logistik","Maju Logistik","9941836626736","ID","2021-09-05","57252","LT_300M","Jl. Cempaka No. 139","Jakarta Pusat","DKI Jakarta","10110","ID","+628998118980","bus-00734@surelsintetis.id","ACTIVE"
"BUS-00735","Koperasi Sinar Bersama","Sinar Bersama","9961939166684","ID","2023-04-29","75674","LT_300M","Jl. Flamboyan No. 44","Denpasar","Bali","80111","ID","+628994256813","bus-00735@contoh.id","CLOSED"
"BUS-00736","UD Harapan Logistik","Harapan Logistik","9928091443508","ID","2024-06-30","82285","LT_300M","Jl. Teratai No. 180","Jakarta Pusat","DKI Jakarta","10110","ID","+628992917749","bus-00736@mailuji.example","CLOSED"
"BUS-00737","CV Jaya Perkasa","Jaya Perkasa","9982582152350","ID","2025-01-21","59008","LT_300M","Jl. Mawar No. 128","Jakarta Pusat","DKI Jakarta","10110","ID","+628993751202","bus-00737@mailuji.example","ACTIVE"
"BUS-00738","UD Sinar Nusantara","Sinar Nusantara","9974653206335","ID","2020-01-20","50493","LT_300M","Jl. Kenanga No. 109","Semarang","Jawa Tengah","50111","ID","+628994016203","bus-00738@surelsintetis.id","ACTIVE"
"BUS-00739","CV Berkah Digital","Berkah Digital","9955994689282","ID","2021-03-05","81542","GT_50B","Jl. Flamboyan No. 191","Jakarta Pusat","DKI Jakarta","10110","ID","+628991169410","bus-00739@mailuji.example","ACTIVE"
"BUS-00740","Koperasi Lestari Logistik","Lestari Logistik","9977552582529","ID","2013-05-18","41704","GT_50B","Jl. Kenanga No. 233","Denpasar","Bali","80111","ID","+628993819400","bus-00740@surelsintetis.id","ACTIVE"
"BUS-00741","PT Harapan Digital","Harapan Digital","9931390315058","ID","2014-11-11","78093","LT_300M","Jl. Bougenville No. 127","Makassar","Sulawesi Selatan","90111","ID","+628991457004","bus-00741@contoh.id","SUSPENDED"
"BUS-00742","CV Makmur Niaga","Makmur Niaga","9986704634111","ID","2014-01-08","60395","LT_300M","Jl. Dahlia No. 129","Medan","Sumatera Utara","20111","ID","+628998047899","bus-00742@mailuji.example","ACTIVE"
"BUS-00743","CV Maju Perkasa","Maju Perkasa","9976201824678","ID","2017-03-27","36703","2_5B_50B","Jl. Melati No. 190","Medan","Sumatera Utara","20111","ID","+628992358909","bus-00743@demo.example","ACTIVE"
"BUS-00744","PT Mandiri Utama","Mandiri Utama","9991480466021","ID","2023-03-09","81324","LT_300M","Jl. Flamboyan No. 112","Jakarta Pusat","DKI Jakarta","10110","ID","+628996386429","bus-00744@surelsintetis.id","ACTIVE"
"BUS-00745","CV Sejahtera Bersama","Sejahtera Bersama","9947480363310","ID","2025-01-18","47228","GT_50B","Jl. Bougenville No. 44","Palembang","Sumatera Selatan","30111","ID","+628995769209","bus-00745@contoh.id","CLOSED"
"BUS-00746","UD Maju Logistik","Maju Logistik","9994088778675","ID","2022-07-05","27944","300M_2_5B","Jl. Kenanga No. 186","Jakarta Pusat","DKI Jakarta","10110","ID","+628997863078","bus-00746@contoh.id","ACTIVE"
"BUS-00747","PT Sinar Digital","Sinar Digital","9933107687902","ID","2021-04-16","22536","LT_300M","Jl. Cempaka No. 80","Bandung","Jawa Barat","40111","ID","+628994639070","bus-00747@surelsintetis.id","ACTIVE"
"BUS-00748","UD Harapan Perkasa","Harapan Perkasa","9937130799614","ID","2024-09-12","45862","LT_300M","Jl. Flamboyan No. 220","Denpasar","Bali","80111","ID","+628995407925","bus-00748@contoh.id","ACTIVE"
"BUS-00749","UD Sentosa Perkasa","Sentosa Perkasa","9946905052205","ID","2020-08-06","20504","LT_300M","Jl. Kenanga No. 225","Semarang","Jawa Tengah","50111","ID","+628997192245","bus-00749@contoh.id","ACTIVE"
"BUS-00750","CV Sinar Bersama","Sinar Bersama","9938520203670","ID","2019-07-07","56591","LT_300M","Jl. Flamboyan No. 99","Makassar","Sulawesi Selatan","90111","ID","+628991683743","bus-00750@mailuji.example","ACTIVE"
"BUS-00751","UD Sentosa Niaga","Sentosa Niaga","9927898397352","ID","2017-02-10","42942","GT_50B","Jl. Dahlia No. 179","Bandung","Jawa Barat","40111","ID","+628997737000","bus-00751@contoh.id","ACTIVE"
"BUS-00752","PT Lestari Digital","Lestari Digital","9941287209118","ID","2020-07-17","36958","2_5B_50B","Jl. Cempaka No. 195","Surabaya","Jawa Timur","60111","ID","+628993716039","bus-00752@mailuji.example","ACTIVE"
"BUS-00753","UD Berkah Logistik","Berkah Logistik","9947907597379","ID","2023-11-19","47131","2_5B_50B","Jl. Teratai No. 225","Palembang","Sumatera Selatan","30111","ID","+628994630200","bus-00753@surelsintetis.id","ACTIVE"
"BUS-00754","CV Maju Nusantara","Maju Nusantara","9940695711498","ID","2021-02-20","64074","LT_300M","Jl. Teratai No. 123","Bandung","Jawa Barat","40111","ID","+628997025149","bus-00754@surelsintetis.id","ACTIVE"
"BUS-00755","Koperasi Jaya Logistik","Jaya Logistik","9964850984806","ID","2014-04-29","47068","GT_50B","Jl. Flamboyan No. 29","Semarang","Jawa Tengah","50111","ID","+628996600334","bus-00755@contoh.id","ACTIVE"
"BUS-00756","PT Makmur Digital","Makmur Digital","9961268170742","ID","2016-07-10","37694","300M_2_5B","Jl. Flamboyan No. 61","Medan","Sumatera Utara","20111","ID","+628993986810","bus-00756@contoh.id","ACTIVE"
"BUS-00757","UD Makmur Logistik","Makmur Logistik","9956835266036","ID","2017-05-03","81836","2_5B_50B","Jl. Flamboyan No. 16","Bandung","Jawa Barat","40111","ID","+628993061006","bus-00757@contoh.id","ACTIVE"
"BUS-00758","UD Lestari Bersama","Lestari Bersama","9955277424864","ID","2019-10-10","70665","2_5B_50B","Jl. Melati No. 210","Balikpapan","Kalimantan Timur","76111","ID","+628998547832","bus-00758@surelsintetis.id","ACTIVE"
"BUS-00759","Koperasi Mandiri Niaga","Mandiri Niaga","9951892589503","ID","2020-01-10","72619","300M_2_5B","Jl. Flamboyan No. 75","Palembang","Sumatera Selatan","30111","ID","+628991423294","bus-00759@surelsintetis.id","ACTIVE"
"BUS-00760","PT Jaya Perkasa","Jaya Perkasa","9994922284626","ID","2016-03-27","47469","300M_2_5B","Jl. Flamboyan No. 7","Denpasar","Bali","80111","ID","+628991780432","bus-00760@mailuji.example","ACTIVE"
"BUS-00761","Koperasi Sejahtera Bersama","Sejahtera Bersama","9963546742546","ID","2017-12-11","86392","2_5B_50B","Jl. Dahlia No. 128","Semarang","Jawa Tengah","50111","ID","+628999731032","bus-00761@demo.example","ACTIVE"
"BUS-00762","PT Abadi Bersama","Abadi Bersama","9952467367230","ID","2025-08-01","72531","GT_50B","Jl. Melati No. 101","Jakarta Pusat","DKI Jakarta","10110","ID","+628991309873","bus-00762@contoh.id","ACTIVE"
"BUS-00763","UD Abadi Perkasa","Abadi Perkasa","9911295587046","ID","2021-10-19","76609","LT_300M","Jl. Dahlia No. 9","Medan","Sumatera Utara","20111","ID","+628998929866","bus-00763@mailuji.example","ACTIVE"
"BUS-00764","UD Abadi Digital","Abadi Digital","9978747290209","ID","2015-04-23","28762","GT_50B","Jl. Mawar No. 151","Surabaya","Jawa Timur","60111","ID","+628994982374","bus-00764@mailuji.example","ACTIVE"
"BUS-00765","UD Jaya Nusantara","Jaya Nusantara","9912109087323","ID","2013-10-15","16047","2_5B_50B","Jl. Bougenville No. 232","Semarang","Jawa Tengah","50111","ID","+628991147083","bus-00765@surelsintetis.id","ACTIVE"
"BUS-00766","CV Abadi Perkasa","Abadi Perkasa","9967540267061","ID","2022-02-26","54844","GT_50B","Jl. Kenanga No. 17","Palembang","Sumatera Selatan","30111","ID","+628994896960","bus-00766@demo.example","ACTIVE"
"BUS-00767","Koperasi Lestari Perkasa","Lestari Perkasa","9924876193430","ID","2021-09-30","99690","GT_50B","Jl. Anggrek No. 163","Medan","Sumatera Utara","20111","ID","+628993837967","bus-00767@surelsintetis.id","ACTIVE"
"BUS-00768","Koperasi Sentosa Logistik","Sentosa Logistik","9999258866323","ID","2016-01-31","39262","300M_2_5B","Jl. Mawar No. 84","Semarang","Jawa Tengah","50111","ID","+628991909312","bus-00768@surelsintetis.id","ACTIVE"
"BUS-00769","UD Mandiri Logistik","Mandiri Logistik","9930210122937","ID","2024-07-01","57052","300M_2_5B","Jl. Kenanga No. 178","Jakarta Pusat","DKI Jakarta","10110","ID","+628996446718","bus-00769@mailuji.example","SUSPENDED"
"BUS-00770","Koperasi Maju Utama","Maju Utama","9999007760178","ID","2019-03-01","29737","300M_2_5B","Jl. Mawar No. 148","Palembang","Sumatera Selatan","30111","ID","+628991310433","bus-00770@surelsintetis.id","SUSPENDED"
"BUS-00771","PT Sejahtera Digital","Sejahtera Digital","9911723261098","ID","2019-04-23","73156","300M_2_5B","Jl. Kenanga No. 220","Makassar","Sulawesi Selatan","90111","ID","+628999830201","bus-00771@demo.example","ACTIVE"
"BUS-00772","CV Abadi Perkasa","Abadi Perkasa","9919093529301","ID","2019-04-17","88410","LT_300M","Jl. Flamboyan No. 128","Balikpapan","Kalimantan Timur","76111","ID","+628995576003","bus-00772@surelsintetis.id","ACTIVE"
"BUS-00773","Koperasi Sejahtera Bersama","Sejahtera Bersama","9943379299957","ID","2015-06-04","87820","LT_300M","Jl. Dahlia No. 200","Palembang","Sumatera Selatan","30111","ID","+628998880421","bus-00773@contoh.id","ACTIVE"
"BUS-00774","Koperasi Maju Perkasa","Maju Perkasa","9991347090995","ID","2013-08-17","55420","LT_300M","Jl. Dahlia No. 77","Semarang","Jawa Tengah","50111","ID","+628998217888","bus-00774@contoh.id","ACTIVE"
"BUS-00775","UD Sinar Bersama","Sinar Bersama","9965863785369","ID","2017-04-11","91856","LT_300M","Jl. Anggrek No. 118","Makassar","Sulawesi Selatan","90111","ID","+628992278589","bus-00775@surelsintetis.id","ACTIVE"
"BUS-00776","PT Mandiri Bersama","Mandiri Bersama","9988642217121","ID","2023-04-11","13705","2_5B_50B","Jl. Cempaka No. 54","Balikpapan","Kalimantan Timur","76111","ID","+628998641560","bus-00776@surelsintetis.id","ACTIVE"
"BUS-00777","CV Maju Utama","Maju Utama","9965889746618","ID","2023-02-20","24987","GT_50B","Jl. Melati No. 19","Makassar","Sulawesi Selatan","90111","ID","+628994701507","bus-00777@demo.example","ACTIVE"
"BUS-00778","CV Sejahtera Niaga","Sejahtera Niaga","9931462690563","ID","2025-07-25","27690","LT_300M","Jl. Dahlia No. 59","Jakarta Pusat","DKI Jakarta","10110","ID","+628997294710","bus-00778@mailuji.example","ACTIVE"
"BUS-00779","Koperasi Harapan Logistik","Harapan Logistik","9922001293201","ID","2017-10-24","23842","300M_2_5B","Jl. Anggrek No. 93","Palembang","Sumatera Selatan","30111","ID","+628994307069","bus-00779@contoh.id","ACTIVE"
"BUS-00780","UD Cemerlang Logistik","Cemerlang Logistik","9968058930591","ID","2015-03-11","50498","GT_50B","Jl. Teratai No. 167","Palembang","Sumatera Selatan","30111","ID","+628992592031","bus-00780@demo.example","ACTIVE"
"BUS-00781","Koperasi Lestari Logistik","Lestari Logistik","9955876756785","ID","2025-09-01","56507","2_5B_50B","Jl. Cempaka No. 112","Yogyakarta","DI Yogyakarta","55111","ID","+628998792611","bus-00781@surelsintetis.id","ACTIVE"
"BUS-00782","Koperasi Berkah Nusantara","Berkah Nusantara","9964467660093","ID","2016-06-22","92322","GT_50B","Jl. Dahlia No. 208","Denpasar","Bali","80111","ID","+628999474448","bus-00782@mailuji.example","ACTIVE"
"BUS-00783","Koperasi Cemerlang Bersama","Cemerlang Bersama","9937582931990","ID","2017-10-03","77695","2_5B_50B","Jl. Flamboyan No. 134","Medan","Sumatera Utara","20111","ID","+628993382354","bus-00783@surelsintetis.id","ACTIVE"
"BUS-00784","CV Sinar Nusantara","Sinar Nusantara","9944319079821","ID","2015-03-14","83177","300M_2_5B","Jl. Anggrek No. 142","Palembang","Sumatera Selatan","30111","ID","+628999764806","bus-00784@surelsintetis.id","ACTIVE"
"BUS-00785","CV Abadi Logistik","Abadi Logistik","9955477978869","ID","2022-10-05","55736","GT_50B","Jl. Dahlia No. 118","Palembang","Sumatera Selatan","30111","ID","+628993623901","bus-00785@surelsintetis.id","ACTIVE"
"BUS-00786","PT Jaya Logistik","Jaya Logistik","9911962952199","ID","2025-07-06","81608","300M_2_5B","Jl. Anggrek No. 162","Makassar","Sulawesi Selatan","90111","ID","+628999604114","bus-00786@mailuji.example","SUSPENDED"
"BUS-00787","UD Mandiri Nusantara","Mandiri Nusantara","9991505044293","ID","2024-10-09","35852","2_5B_50B","Jl. Flamboyan No. 11","Medan","Sumatera Utara","20111","ID","+628992396935","bus-00787@demo.example","ACTIVE"
"BUS-00788","UD Makmur Utama","Makmur Utama","9981080956077","ID","2019-10-18","98720","LT_300M","Jl. Flamboyan No. 67","Semarang","Jawa Tengah","50111","ID","+628995791358","bus-00788@demo.example","ACTIVE"
"BUS-00789","Koperasi Sentosa Logistik","Sentosa Logistik","9921274324652","ID","2017-04-29","83147","300M_2_5B","Jl. Cempaka No. 23","Makassar","Sulawesi Selatan","90111","ID","+628996287359","bus-00789@contoh.id","ACTIVE"
"BUS-00790","PT Cemerlang Logistik","Cemerlang Logistik","9999543623405","ID","2013-07-17","59350","300M_2_5B","Jl. Dahlia No. 14","Semarang","Jawa Tengah","50111","ID","+628997451423","bus-00790@contoh.id","ACTIVE"
"BUS-00791","Koperasi Maju Niaga","Maju Niaga","9981403059969","ID","2019-07-30","58317","GT_50B","Jl. Flamboyan No. 172","Bandung","Jawa Barat","40111","ID","+628993654640","bus-00791@surelsintetis.id","ACTIVE"
"BUS-00792","PT Mandiri Nusantara","Mandiri Nusantara","9960783496723","ID","2023-04-10","10964","LT_300M","Jl. Bougenville No. 191","Makassar","Sulawesi Selatan","90111","ID","+628995420656","bus-00792@surelsintetis.id","ACTIVE"
"BUS-00793","CV Makmur Nusantara","Makmur Nusantara","9954636265505","ID","2014-06-19","33550","300M_2_5B","Jl. Bougenville No. 64","Makassar","Sulawesi Selatan","90111","ID","+628992954112","bus-00793@contoh.id","ACTIVE"
"BUS-00794","Koperasi Lestari Perkasa","Lestari Perkasa","9983662566413","ID","2015-05-08","71775","GT_50B","Jl. Dahlia No. 37","Makassar","Sulawesi Selatan","90111","ID","+628998634013","bus-00794@surelsintetis.id","ACTIVE"
"BUS-00795","PT Jaya Logistik","Jaya Logistik","9927292547027","ID","2021-08-03","10087","300M_2_5B","Jl. Teratai No. 158","Medan","Sumatera Utara","20111","ID","+628997493561","bus-00795@contoh.id","ACTIVE"
"BUS-00796","UD Jaya Logistik","Jaya Logistik","9926145173162","ID","2016-09-15","47152","LT_300M","Jl. Kenanga No. 2","Palembang","Sumatera Selatan","30111","ID","+628998562191","bus-00796@mailuji.example","ACTIVE"
"BUS-00797","PT Cemerlang Niaga","Cemerlang Niaga","9911377987935","ID","2022-09-29","93005","GT_50B","Jl. Melati No. 85","Bandung","Jawa Barat","40111","ID","+628992417012","bus-00797@surelsintetis.id","ACTIVE"
"BUS-00798","Koperasi Sinar Bersama","Sinar Bersama","9961526545815","ID","2021-05-09","80562","GT_50B","Jl. Dahlia No. 142","Palembang","Sumatera Selatan","30111","ID","+628998336451","bus-00798@surelsintetis.id","ACTIVE"
"BUS-00799","PT Sinar Bersama","Sinar Bersama","9916337091696","ID","2012-09-10","11517","LT_300M","Jl. Bougenville No. 155","Bandung","Jawa Barat","40111","ID","+628992935580","bus-00799@surelsintetis.id","ACTIVE"
"BUS-00800","CV Sejahtera Logistik","Sejahtera Logistik","9981607313587","ID","2015-10-05","44653","LT_300M","Jl. Bougenville No. 178","Balikpapan","Kalimantan Timur","76111","ID","+628993319938","bus-00800@contoh.id","ACTIVE"
"BUS-00801","Koperasi Lestari Bersama","Lestari Bersama","9947169471975","ID","2013-03-03","33033","2_5B_50B","Jl. Flamboyan No. 43","Bandung","Jawa Barat","40111","ID","+628995132205","bus-00801@surelsintetis.id","ACTIVE"
"BUS-00802","PT Harapan Utama","Harapan Utama","9924427033813","ID","2020-08-12","25078","GT_50B","Jl. Anggrek No. 129","Medan","Sumatera Utara","20111","ID","+628992075976","bus-00802@surelsintetis.id","ACTIVE"
"BUS-00803","CV Makmur Logistik","Makmur Logistik","9930784388020","ID","2013-05-14","99409","300M_2_5B","Jl. Anggrek No. 184","Denpasar","Bali","80111","ID","+628992380728","bus-00803@demo.example","ACTIVE"
"BUS-00804","UD Berkah Perkasa","Berkah Perkasa","9924422101715","ID","2019-06-22","33122","300M_2_5B","Jl. Cempaka No. 34","Makassar","Sulawesi Selatan","90111","ID","+628995836591","bus-00804@mailuji.example","ACTIVE"
"BUS-00805","PT Maju Perkasa","Maju Perkasa","9925909252027","ID","2019-01-13","54289","GT_50B","Jl. Kenanga No. 83","Jakarta Pusat","DKI Jakarta","10110","ID","+628991002927","bus-00805@demo.example","ACTIVE"
"BUS-00806","PT Cemerlang Logistik","Cemerlang Logistik","9918763565225","ID","2013-03-29","91074","2_5B_50B","Jl. Mawar No. 191","Balikpapan","Kalimantan Timur","76111","ID","+628993450000","bus-00806@contoh.id","ACTIVE"
"BUS-00807","Koperasi Jaya Niaga","Jaya Niaga","9995700919507","ID","2013-03-03","76680","300M_2_5B","Jl. Dahlia No. 197","Makassar","Sulawesi Selatan","90111","ID","+628994084990","bus-00807@demo.example","ACTIVE"
"BUS-00808","Koperasi Abadi Niaga","Abadi Niaga","9944540607745","ID","2016-08-14","50158","300M_2_5B","Jl. Cempaka No. 165","Medan","Sumatera Utara","20111","ID","+628999926170","bus-00808@contoh.id","ACTIVE"
"BUS-00809","Koperasi Berkah Logistik","Berkah Logistik","9949058292808","ID","2013-07-28","56012","300M_2_5B","Jl. Mawar No. 25","Palembang","Sumatera Selatan","30111","ID","+628994540324","bus-00809@contoh.id","ACTIVE"
"BUS-00810","Koperasi Cemerlang Utama","Cemerlang Utama","9922110101963","ID","2017-05-17","21480","LT_300M","Jl. Flamboyan No. 209","Jakarta Pusat","DKI Jakarta","10110","ID","+628991441850","bus-00810@contoh.id","ACTIVE"
"BUS-00811","CV Harapan Logistik","Harapan Logistik","9994533035781","ID","2023-06-06","84143","300M_2_5B","Jl. Anggrek No. 73","Bandung","Jawa Barat","40111","ID","+628998764787","bus-00811@demo.example","ACTIVE"
"BUS-00812","UD Cemerlang Utama","Cemerlang Utama","9954947849138","ID","2024-11-09","73686","LT_300M","Jl. Cempaka No. 148","Denpasar","Bali","80111","ID","+628994609021","bus-00812@demo.example","ACTIVE"
"BUS-00813","UD Jaya Utama","Jaya Utama","9996914337069","ID","2013-07-08","57974","LT_300M","Jl. Mawar No. 165","Palembang","Sumatera Selatan","30111","ID","+628997004725","bus-00813@contoh.id","ACTIVE"
"BUS-00814","UD Makmur Nusantara","Makmur Nusantara","9968303873035","ID","2013-08-14","31229","2_5B_50B","Jl. Mawar No. 20","Bandung","Jawa Barat","40111","ID","+628997567510","bus-00814@contoh.id","ACTIVE"
"BUS-00815","UD Mandiri Utama","Mandiri Utama","9910528396835","ID","2017-12-07","79294","2_5B_50B","Jl. Mawar No. 48","Yogyakarta","DI Yogyakarta","55111","ID","+628996464993","bus-00815@surelsintetis.id","ACTIVE"
"BUS-00816","PT Sentosa Perkasa","Sentosa Perkasa","9918253852870","ID","2018-07-16","21793","GT_50B","Jl. Flamboyan No. 63","Yogyakarta","DI Yogyakarta","55111","ID","+628993956854","bus-00816@surelsintetis.id","ACTIVE"
"BUS-00817","Koperasi Makmur Perkasa","Makmur Perkasa","9978098096160","ID","2016-12-04","95006","300M_2_5B","Jl. Melati No. 222","Jakarta Pusat","DKI Jakarta","10110","ID","+628995450843","bus-00817@demo.example","ACTIVE"
"BUS-00818","PT Maju Digital","Maju Digital","9992333977065","ID","2020-02-27","56664","GT_50B","Jl. Kenanga No. 181","Bandung","Jawa Barat","40111","ID","+628992189974","bus-00818@mailuji.example","ACTIVE"
"BUS-00819","Koperasi Mandiri Niaga","Mandiri Niaga","9959185273624","ID","2020-08-05","36801","300M_2_5B","Jl. Anggrek No. 212","Surabaya","Jawa Timur","60111","ID","+628993323093","bus-00819@contoh.id","ACTIVE"
"BUS-00820","Koperasi Maju Utama","Maju Utama","9912602173896","ID","2019-07-07","96944","GT_50B","Jl. Bougenville No. 79","Denpasar","Bali","80111","ID","+628998648300","bus-00820@contoh.id","ACTIVE"
"BUS-00821","PT Jaya Bersama","Jaya Bersama","9963945621289","ID","2012-10-28","35895","GT_50B","Jl. Flamboyan No. 152","Jakarta Pusat","DKI Jakarta","10110","ID","+628999038532","bus-00821@contoh.id","ACTIVE"
"BUS-00822","CV Sejahtera Bersama","Sejahtera Bersama","9969589054045","ID","2015-06-02","42133","2_5B_50B","Jl. Kenanga No. 16","Denpasar","Bali","80111","ID","+628999319955","bus-00822@demo.example","ACTIVE"
"BUS-00823","PT Sentosa Logistik","Sentosa Logistik","9952647568819","ID","2023-06-30","81823","GT_50B","Jl. Flamboyan No. 20","Bandung","Jawa Barat","40111","ID","+628997893304","bus-00823@contoh.id","ACTIVE"
"BUS-00824","Koperasi Maju Utama","Maju Utama","9983869087662","ID","2025-04-10","74872","2_5B_50B","Jl. Mawar No. 236","Makassar","Sulawesi Selatan","90111","ID","+628993468448","bus-00824@contoh.id","ACTIVE"
"BUS-00825","UD Jaya Niaga","Jaya Niaga","9986104797038","ID","2019-01-13","96078","300M_2_5B","Jl. Cempaka No. 194","Makassar","Sulawesi Selatan","90111","ID","+628992015445","bus-00825@demo.example","ACTIVE"
"BUS-00826","CV Sentosa Bersama","Sentosa Bersama","9948624770669","ID","2015-03-21","34965","GT_50B","Jl. Bougenville No. 89","Makassar","Sulawesi Selatan","90111","ID","+628993314701","bus-00826@contoh.id","ACTIVE"
"BUS-00827","CV Sentosa Bersama","Sentosa Bersama","9990345976511","ID","2015-03-23","97810","2_5B_50B","Jl. Anggrek No. 32","Makassar","Sulawesi Selatan","90111","ID","+628996711720","bus-00827@surelsintetis.id","ACTIVE"
"BUS-00828","UD Lestari Utama","Lestari Utama","9973563616954","ID","2020-10-11","53131","GT_50B","Jl. Anggrek No. 25","Surabaya","Jawa Timur","60111","ID","+628992808520","bus-00828@contoh.id","ACTIVE"
"BUS-00829","Koperasi Sinar Digital","Sinar Digital","9985100543926","ID","2017-02-02","76182","2_5B_50B","Jl. Melati No. 197","Yogyakarta","DI Yogyakarta","55111","ID","+628991380399","bus-00829@demo.example","ACTIVE"
"BUS-00830","Koperasi Cemerlang Niaga","Cemerlang Niaga","9991387572447","ID","2024-02-21","13395","300M_2_5B","Jl. Anggrek No. 79","Semarang","Jawa Tengah","50111","ID","+628996695447","bus-00830@demo.example","ACTIVE"
"BUS-00831","Koperasi Harapan Utama","Harapan Utama","9929963613352","ID","2016-12-18","66199","2_5B_50B","Jl. Melati No. 137","Denpasar","Bali","80111","ID","+628996911658","bus-00831@surelsintetis.id","ACTIVE"
"BUS-00832","UD Sentosa Bersama","Sentosa Bersama","9953192560876","ID","2024-09-11","96920","LT_300M","Jl. Kenanga No. 212","Denpasar","Bali","80111","ID","+628996630814","bus-00832@demo.example","CLOSED"
"BUS-00833","CV Abadi Nusantara","Abadi Nusantara","9974360294733","ID","2013-09-27","93931","2_5B_50B","Jl. Cempaka No. 30","Balikpapan","Kalimantan Timur","76111","ID","+628994161227","bus-00833@demo.example","ACTIVE"
"BUS-00834","UD Lestari Perkasa","Lestari Perkasa","9963751483173","ID","2020-04-08","52729","2_5B_50B","Jl. Cempaka No. 55","Medan","Sumatera Utara","20111","ID","+628993801384","bus-00834@contoh.id","ACTIVE"
"BUS-00835","Koperasi Sentosa Digital","Sentosa Digital","9954191677265","ID","2020-11-30","62945","LT_300M","Jl. Flamboyan No. 11","Jakarta Pusat","DKI Jakarta","10110","ID","+628994573290","bus-00835@mailuji.example","ACTIVE"
"BUS-00836","CV Berkah Digital","Berkah Digital","9998381662656","ID","2023-07-04","20870","300M_2_5B","Jl. Bougenville No. 48","Jakarta Pusat","DKI Jakarta","10110","ID","+628993651129","bus-00836@demo.example","ACTIVE"
"BUS-00837","PT Berkah Nusantara","Berkah Nusantara","9997754348583","ID","2020-08-30","65424","2_5B_50B","Jl. Mawar No. 195","Medan","Sumatera Utara","20111","ID","+628996631071","bus-00837@contoh.id","ACTIVE"
"BUS-00838","UD Jaya Perkasa","Jaya Perkasa","9956271499910","ID","2022-10-26","79022","2_5B_50B","Jl. Kenanga No. 175","Yogyakarta","DI Yogyakarta","55111","ID","+628994426345","bus-00838@demo.example","ACTIVE"
"BUS-00839","UD Jaya Niaga","Jaya Niaga","9987277726255","ID","2024-09-02","58866","GT_50B","Jl. Mawar No. 134","Yogyakarta","DI Yogyakarta","55111","ID","+628999871957","bus-00839@contoh.id","ACTIVE"
"BUS-00840","Koperasi Sentosa Bersama","Sentosa Bersama","9995181136107","ID","2017-10-08","87058","300M_2_5B","Jl. Teratai No. 141","Surabaya","Jawa Timur","60111","ID","+628992776202","bus-00840@demo.example","ACTIVE"
"BUS-00841","UD Sentosa Logistik","Sentosa Logistik","9924697109589","ID","2021-12-28","12137","GT_50B","Jl. Melati No. 75","Denpasar","Bali","80111","ID","+628999489672","bus-00841@surelsintetis.id","ACTIVE"
"BUS-00842","UD Lestari Utama","Lestari Utama","9961359817674","ID","2016-10-06","28454","300M_2_5B","Jl. Mawar No. 58","Makassar","Sulawesi Selatan","90111","ID","+628999538896","bus-00842@surelsintetis.id","ACTIVE"
"BUS-00843","Koperasi Makmur Digital","Makmur Digital","9977404280534","ID","2017-12-30","64055","2_5B_50B","Jl. Flamboyan No. 44","Palembang","Sumatera Selatan","30111","ID","+628996138622","bus-00843@surelsintetis.id","ACTIVE"
"BUS-00844","UD Abadi Logistik","Abadi Logistik","9917001784466","ID","2021-08-10","68495","2_5B_50B","Jl. Teratai No. 85","Medan","Sumatera Utara","20111","ID","+628993018145","bus-00844@surelsintetis.id","CLOSED"
"BUS-00845","Koperasi Jaya Bersama","Jaya Bersama","9946289083692","ID","2014-01-07","40965","LT_300M","Jl. Cempaka No. 200","Bandung","Jawa Barat","40111","ID","+628993376682","bus-00845@contoh.id","ACTIVE"
"BUS-00846","PT Sentosa Digital","Sentosa Digital","9919293402567","ID","2021-06-16","78654","300M_2_5B","Jl. Melati No. 228","Surabaya","Jawa Timur","60111","ID","+628996134084","bus-00846@contoh.id","ACTIVE"
"BUS-00847","CV Maju Niaga","Maju Niaga","9983655015280","ID","2017-08-17","27096","2_5B_50B","Jl. Teratai No. 86","Semarang","Jawa Tengah","50111","ID","+628991874031","bus-00847@surelsintetis.id","ACTIVE"
"BUS-00848","PT Maju Perkasa","Maju Perkasa","9961705916592","ID","2014-04-15","34132","2_5B_50B","Jl. Mawar No. 99","Yogyakarta","DI Yogyakarta","55111","ID","+628995396298","bus-00848@surelsintetis.id","ACTIVE"
"BUS-00849","UD Lestari Perkasa","Lestari Perkasa","9977079547435","ID","2020-10-21","78570","LT_300M","Jl. Kenanga No. 122","Surabaya","Jawa Timur","60111","ID","+628996798165","bus-00849@surelsintetis.id","ACTIVE"
"BUS-00850","UD Sinar Perkasa","Sinar Perkasa","9990901628034","ID","2018-03-02","48630","300M_2_5B","Jl. Anggrek No. 106","Yogyakarta","DI Yogyakarta","55111","ID","+628996416657","bus-00850@demo.example","ACTIVE"
"BUS-00851","UD Jaya Logistik","Jaya Logistik","9939464042185","ID","2013-03-06","90843","GT_50B","Jl. Melati No. 107","Denpasar","Bali","80111","ID","+628998081590","bus-00851@demo.example","ACTIVE"
"BUS-00852","PT Jaya Niaga","Jaya Niaga","9938860039841","ID","2014-10-26","92700","300M_2_5B","Jl. Melati No. 198","Palembang","Sumatera Selatan","30111","ID","+628998857722","bus-00852@surelsintetis.id","ACTIVE"
"BUS-00853","CV Mandiri Digital","Mandiri Digital","9934425883228","ID","2021-09-22","45089","GT_50B","Jl. Melati No. 97","Surabaya","Jawa Timur","60111","ID","+628992872960","bus-00853@demo.example","ACTIVE"
"BUS-00854","CV Makmur Niaga","Makmur Niaga","9947088817822","ID","2012-10-21","87099","LT_300M","Jl. Cempaka No. 155","Jakarta Pusat","DKI Jakarta","10110","ID","+628992411478","bus-00854@surelsintetis.id","ACTIVE"
"BUS-00855","UD Mandiri Bersama","Mandiri Bersama","9944041043977","ID","2021-02-21","42300","2_5B_50B","Jl. Melati No. 132","Jakarta Pusat","DKI Jakarta","10110","ID","+628999694487","bus-00855@demo.example","ACTIVE"
"BUS-00856","Koperasi Maju Bersama","Maju Bersama","9953353440087","ID","2015-02-14","10713","LT_300M","Jl. Bougenville No. 27","Semarang","Jawa Tengah","50111","ID","+628996003031","bus-00856@contoh.id","ACTIVE"
"BUS-00857","UD Jaya Logistik","Jaya Logistik","9941409063388","ID","2019-08-16","37397","300M_2_5B","Jl. Dahlia No. 122","Surabaya","Jawa Timur","60111","ID","+628991153789","bus-00857@contoh.id","ACTIVE"
"BUS-00858","UD Harapan Perkasa","Harapan Perkasa","9952125939342","ID","2017-06-04","52772","GT_50B","Jl. Melati No. 51","Makassar","Sulawesi Selatan","90111","ID","+628992312239","bus-00858@demo.example","ACTIVE"
"BUS-00859","PT Maju Perkasa","Maju Perkasa","9925955901826","ID","2020-01-19","92002","LT_300M","Jl. Cempaka No. 122","Denpasar","Bali","80111","ID","+628996177587","bus-00859@surelsintetis.id","ACTIVE"
"BUS-00860","CV Maju Logistik","Maju Logistik","9923366646548","ID","2016-01-29","68204","300M_2_5B","Jl. Flamboyan No. 140","Denpasar","Bali","80111","ID","+628992914208","bus-00860@mailuji.example","ACTIVE"
"BUS-00861","CV Sejahtera Digital","Sejahtera Digital","9924013473267","ID","2024-06-17","26252","300M_2_5B","Jl. Kenanga No. 213","Yogyakarta","DI Yogyakarta","55111","ID","+628999574869","bus-00861@contoh.id","ACTIVE"
"BUS-00862","Koperasi Sinar Digital","Sinar Digital","9911839744898","ID","2013-03-09","76913","GT_50B","Jl. Teratai No. 27","Medan","Sumatera Utara","20111","ID","+628992704363","bus-00862@mailuji.example","ACTIVE"
"BUS-00863","Koperasi Mandiri Digital","Mandiri Digital","9944337763441","ID","2014-08-17","68356","2_5B_50B","Jl. Dahlia No. 198","Denpasar","Bali","80111","ID","+628998813797","bus-00863@contoh.id","ACTIVE"
"BUS-00864","PT Mandiri Utama","Mandiri Utama","9975620866817","ID","2016-07-06","30079","LT_300M","Jl. Anggrek No. 11","Yogyakarta","DI Yogyakarta","55111","ID","+628993071569","bus-00864@contoh.id","ACTIVE"
"BUS-00865","Koperasi Sejahtera Digital","Sejahtera Digital","9976143642530","ID","2021-01-31","28083","GT_50B","Jl. Cempaka No. 218","Yogyakarta","DI Yogyakarta","55111","ID","+628998626475","bus-00865@surelsintetis.id","ACTIVE"
"BUS-00866","PT Berkah Digital","Berkah Digital","9955046755967","ID","2017-04-07","94037","LT_300M","Jl. Anggrek No. 148","Balikpapan","Kalimantan Timur","76111","ID","+628996458455","bus-00866@demo.example","ACTIVE"
"BUS-00867","CV Makmur Utama","Makmur Utama","9915244898733","ID","2020-04-05","80857","300M_2_5B","Jl. Melati No. 77","Medan","Sumatera Utara","20111","ID","+628991579831","bus-00867@surelsintetis.id","ACTIVE"
"BUS-00868","UD Sinar Perkasa","Sinar Perkasa","9928325354282","ID","2014-07-12","44619","GT_50B","Jl. Dahlia No. 221","Surabaya","Jawa Timur","60111","ID","+628994377403","bus-00868@contoh.id","ACTIVE"
"BUS-00869","PT Sejahtera Nusantara","Sejahtera Nusantara","9917050030978","ID","2014-03-31","72855","300M_2_5B","Jl. Melati No. 150","Surabaya","Jawa Timur","60111","ID","+628997814007","bus-00869@contoh.id","ACTIVE"
"BUS-00870","Koperasi Sentosa Digital","Sentosa Digital","9916425293871","ID","2016-02-14","44523","LT_300M","Jl. Mawar No. 200","Makassar","Sulawesi Selatan","90111","ID","+628996651867","bus-00870@contoh.id","ACTIVE"
"BUS-00871","PT Jaya Utama","Jaya Utama","9964908720554","ID","2023-08-15","69033","300M_2_5B","Jl. Anggrek No. 174","Surabaya","Jawa Timur","60111","ID","+628996121355","bus-00871@surelsintetis.id","CLOSED"
"BUS-00872","CV Makmur Digital","Makmur Digital","9939450306131","ID","2015-09-12","53717","GT_50B","Jl. Anggrek No. 35","Balikpapan","Kalimantan Timur","76111","ID","+628992639918","bus-00872@mailuji.example","ACTIVE"
"BUS-00873","CV Cemerlang Digital","Cemerlang Digital","9921414178617","ID","2024-08-10","76131","2_5B_50B","Jl. Cempaka No. 114","Balikpapan","Kalimantan Timur","76111","ID","+628999368561","bus-00873@demo.example","ACTIVE"
"BUS-00874","CV Mandiri Utama","Mandiri Utama","9949820503874","ID","2016-11-11","99427","LT_300M","Jl. Anggrek No. 90","Surabaya","Jawa Timur","60111","ID","+628993438989","bus-00874@contoh.id","ACTIVE"
"BUS-00875","UD Cemerlang Perkasa","Cemerlang Perkasa","9942543183943","ID","2020-01-29","20677","2_5B_50B","Jl. Dahlia No. 180","Makassar","Sulawesi Selatan","90111","ID","+628993654269","bus-00875@contoh.id","ACTIVE"
"BUS-00876","Koperasi Lestari Logistik","Lestari Logistik","9933705537872","ID","2014-10-01","47432","GT_50B","Jl. Kenanga No. 151","Makassar","Sulawesi Selatan","90111","ID","+628998280478","bus-00876@mailuji.example","ACTIVE"
"BUS-00877","CV Sentosa Logistik","Sentosa Logistik","9935007528790","ID","2023-03-12","80662","GT_50B","Jl. Anggrek No. 227","Makassar","Sulawesi Selatan","90111","ID","+628998639976","bus-00877@surelsintetis.id","ACTIVE"
"BUS-00878","CV Cemerlang Utama","Cemerlang Utama","9952038602808","ID","2012-09-16","45559","2_5B_50B","Jl. Kenanga No. 19","Semarang","Jawa Tengah","50111","ID","+628994597004","bus-00878@demo.example","ACTIVE"
"BUS-00879","CV Harapan Logistik","Harapan Logistik","9938222548188","ID","2020-02-13","76276","300M_2_5B","Jl. Anggrek No. 68","Medan","Sumatera Utara","20111","ID","+628994571840","bus-00879@mailuji.example","ACTIVE"
"BUS-00880","PT Mandiri Nusantara","Mandiri Nusantara","9939708470311","ID","2016-08-22","46582","300M_2_5B","Jl. Mawar No. 127","Semarang","Jawa Tengah","50111","ID","+628997289797","bus-00880@demo.example","ACTIVE"
"BUS-00881","Koperasi Sinar Niaga","Sinar Niaga","9920435967120","ID","2021-07-03","92142","LT_300M","Jl. Bougenville No. 48","Bandung","Jawa Barat","40111","ID","+628996639113","bus-00881@mailuji.example","ACTIVE"
"BUS-00882","Koperasi Abadi Perkasa","Abadi Perkasa","9953811558470","ID","2020-12-23","71757","2_5B_50B","Jl. Anggrek No. 46","Bandung","Jawa Barat","40111","ID","+628994026520","bus-00882@contoh.id","ACTIVE"
"BUS-00883","PT Mandiri Nusantara","Mandiri Nusantara","9975592564070","ID","2013-06-05","34773","GT_50B","Jl. Kenanga No. 169","Denpasar","Bali","80111","ID","+628993869152","bus-00883@mailuji.example","ACTIVE"
"BUS-00884","CV Sentosa Niaga","Sentosa Niaga","9955547009050","ID","2017-06-21","96443","LT_300M","Jl. Flamboyan No. 12","Yogyakarta","DI Yogyakarta","55111","ID","+628993590331","bus-00884@contoh.id","ACTIVE"
"BUS-00885","PT Sejahtera Niaga","Sejahtera Niaga","9929880618014","ID","2023-08-24","67737","LT_300M","Jl. Mawar No. 215","Denpasar","Bali","80111","ID","+628993352034","bus-00885@mailuji.example","ACTIVE"
"BUS-00886","PT Sejahtera Niaga","Sejahtera Niaga","9943261125779","ID","2025-06-08","44459","LT_300M","Jl. Dahlia No. 75","Makassar","Sulawesi Selatan","90111","ID","+628996164951","bus-00886@contoh.id","ACTIVE"
"BUS-00887","UD Sejahtera Bersama","Sejahtera Bersama","9976042566236","ID","2019-08-05","80407","LT_300M","Jl. Cempaka No. 27","Makassar","Sulawesi Selatan","90111","ID","+628991365982","bus-00887@surelsintetis.id","ACTIVE"
"BUS-00888","PT Makmur Utama","Makmur Utama","9926833163195","ID","2015-09-29","57215","2_5B_50B","Jl. Dahlia No. 203","Bandung","Jawa Barat","40111","ID","+628996845592","bus-00888@surelsintetis.id","SUSPENDED"
"BUS-00889","PT Sinar Niaga","Sinar Niaga","9930526744365","ID","2018-11-18","95283","300M_2_5B","Jl. Cempaka No. 54","Yogyakarta","DI Yogyakarta","55111","ID","+628992014011","bus-00889@demo.example","ACTIVE"
"BUS-00890","CV Abadi Logistik","Abadi Logistik","9996243711874","ID","2024-09-06","89077","300M_2_5B","Jl. Flamboyan No. 148","Bandung","Jawa Barat","40111","ID","+628997370048","bus-00890@demo.example","ACTIVE"
"BUS-00891","PT Sentosa Digital","Sentosa Digital","9915578949836","ID","2024-07-04","10998","LT_300M","Jl. Mawar No. 195","Denpasar","Bali","80111","ID","+628997680398","bus-00891@mailuji.example","ACTIVE"
"BUS-00892","CV Sejahtera Niaga","Sejahtera Niaga","9987998246332","ID","2015-04-27","34929","2_5B_50B","Jl. Teratai No. 234","Semarang","Jawa Tengah","50111","ID","+628991098328","bus-00892@demo.example","ACTIVE"
"BUS-00893","CV Jaya Bersama","Jaya Bersama","9948966322577","ID","2014-11-19","92986","GT_50B","Jl. Flamboyan No. 76","Semarang","Jawa Tengah","50111","ID","+628999094409","bus-00893@mailuji.example","ACTIVE"
"BUS-00894","Koperasi Sentosa Digital","Sentosa Digital","9991495346648","ID","2015-07-28","89107","LT_300M","Jl. Anggrek No. 57","Medan","Sumatera Utara","20111","ID","+628994663524","bus-00894@surelsintetis.id","SUSPENDED"
"BUS-00895","PT Cemerlang Digital","Cemerlang Digital","9980357793291","ID","2018-02-28","11356","GT_50B","Jl. Mawar No. 237","Makassar","Sulawesi Selatan","90111","ID","+628999019224","bus-00895@demo.example","ACTIVE"
"BUS-00896","CV Lestari Nusantara","Lestari Nusantara","9994943500925","ID","2022-02-06","48000","2_5B_50B","Jl. Mawar No. 51","Semarang","Jawa Tengah","50111","ID","+628999292833","bus-00896@mailuji.example","ACTIVE"
"BUS-00897","CV Sentosa Utama","Sentosa Utama","9956600448974","ID","2020-04-26","41041","LT_300M","Jl. Kenanga No. 77","Bandung","Jawa Barat","40111","ID","+628995265573","bus-00897@demo.example","ACTIVE"
"BUS-00898","Koperasi Sejahtera Niaga","Sejahtera Niaga","9932079018176","ID","2023-08-10","13973","2_5B_50B","Jl. Mawar No. 30","Medan","Sumatera Utara","20111","ID","+628992503525","bus-00898@surelsintetis.id","ACTIVE"
"BUS-00899","UD Berkah Bersama","Berkah Bersama","9988421223281","ID","2024-01-24","54132","LT_300M","Jl. Kenanga No. 4","Makassar","Sulawesi Selatan","90111","ID","+628992355741","bus-00899@demo.example","ACTIVE"
"BUS-00900","Koperasi Sejahtera Logistik","Sejahtera Logistik","9938817659674","ID","2024-08-27","70063","2_5B_50B","Jl. Teratai No. 14","Makassar","Sulawesi Selatan","90111","ID","+628995274330","bus-00900@surelsintetis.id","ACTIVE"
"BUS-00901","UD Berkah Nusantara","Berkah Nusantara","9999268104943","ID","2020-09-29","23337","LT_300M","Jl. Bougenville No. 219","Semarang","Jawa Tengah","50111","ID","+628995092789","bus-00901@mailuji.example","ACTIVE"
"BUS-00902","UD Jaya Nusantara","Jaya Nusantara","9946593697341","ID","2014-06-28","41992","GT_50B","Jl. Dahlia No. 158","Bandung","Jawa Barat","40111","ID","+628999113162","bus-00902@contoh.id","ACTIVE"
"BUS-00903","PT Jaya Utama","Jaya Utama","9939416967675","ID","2016-10-05","91524","GT_50B","Jl. Cempaka No. 206","Makassar","Sulawesi Selatan","90111","ID","+628996460321","bus-00903@surelsintetis.id","SUSPENDED"
"BUS-00904","UD Abadi Perkasa","Abadi Perkasa","9912058913384","ID","2016-08-27","98822","GT_50B","Jl. Teratai No. 232","Palembang","Sumatera Selatan","30111","ID","+628995322977","bus-00904@contoh.id","CLOSED"
"BUS-00905","PT Harapan Niaga","Harapan Niaga","9961791400944","ID","2025-08-07","13798","2_5B_50B","Jl. Mawar No. 174","Yogyakarta","DI Yogyakarta","55111","ID","+628994115001","bus-00905@surelsintetis.id","ACTIVE"
"BUS-00906","CV Abadi Digital","Abadi Digital","9991864351155","ID","2012-11-25","91150","2_5B_50B","Jl. Melati No. 185","Bandung","Jawa Barat","40111","ID","+628992468546","bus-00906@surelsintetis.id","ACTIVE"
"BUS-00907","UD Sinar Perkasa","Sinar Perkasa","9977868416430","ID","2013-04-27","37226","LT_300M","Jl. Anggrek No. 92","Palembang","Sumatera Selatan","30111","ID","+628998136643","bus-00907@demo.example","ACTIVE"
"BUS-00908","UD Maju Nusantara","Maju Nusantara","9966193301828","ID","2020-12-22","65359","300M_2_5B","Jl. Anggrek No. 163","Palembang","Sumatera Selatan","30111","ID","+628995343366","bus-00908@demo.example","ACTIVE"
"BUS-00909","Koperasi Lestari Digital","Lestari Digital","9934037368781","ID","2022-10-03","15175","300M_2_5B","Jl. Teratai No. 145","Bandung","Jawa Barat","40111","ID","+628998264185","bus-00909@surelsintetis.id","ACTIVE"
"BUS-00910","Koperasi Maju Nusantara","Maju Nusantara","9918150090364","ID","2020-05-24","77927","GT_50B","Jl. Kenanga No. 41","Semarang","Jawa Tengah","50111","ID","+628991877010","bus-00910@contoh.id","ACTIVE"
"BUS-00911","Koperasi Lestari Niaga","Lestari Niaga","9928458263521","ID","2013-03-27","20195","300M_2_5B","Jl. Mawar No. 43","Bandung","Jawa Barat","40111","ID","+628997204916","bus-00911@contoh.id","ACTIVE"
"BUS-00912","PT Maju Digital","Maju Digital","9993697637643","ID","2013-11-20","97305","300M_2_5B","-","Surabaya","Jawa Timur","60111","ID","+628992724809","bus-00912@mailuji.example","ACTIVE"
"BUS-00913","CV Sinar Logistik","Sinar Logistik","9931659094940","ID","2025-02-25","77027","GT_50B","Jl. Flamboyan No. 67","Jakarta Pusat","DKI Jakarta","10110","ID","+628998564308","bus-00913@surelsintetis.id","ACTIVE"
"BUS-00914","UD Sinar Bersama","Sinar Bersama","9927822856626","ID","2017-03-16","39485","GT_50B","Jl. Cempaka No. 232","Balikpapan","Kalimantan Timur","76111","ID","+628995584694","bus-00914@mailuji.example","ACTIVE"
"BUS-00915","UD Cemerlang Bersama","Cemerlang Bersama","9968386104836","ID","2022-08-27","92229","GT_50B","Jl. Kenanga No. 227","Yogyakarta","DI Yogyakarta","55111","ID","+628994519565","bus-00915@demo.example","ACTIVE"
"BUS-00916","PT Lestari Nusantara","Lestari Nusantara","9915020074018","ID","2025-08-02","22149","GT_50B","Jl. Dahlia No. 3","Yogyakarta","DI Yogyakarta","55111","ID","+628994162333","bus-00916@mailuji.example","ACTIVE"
"BUS-00917","PT Jaya Logistik","Jaya Logistik","9958586711079","ID","2022-06-11","12286","GT_50B","Jl. Anggrek No. 199","Medan","Sumatera Utara","20111","ID","+628991201985","bus-00917@contoh.id","ACTIVE"
"BUS-00918","CV Maju Logistik","Maju Logistik","9921384108141","ID","2020-10-04","71861","LT_300M","Jl. Anggrek No. 157","Balikpapan","Kalimantan Timur","76111","ID","+628997574044","bus-00918@demo.example","SUSPENDED"
"BUS-00919","UD Berkah Bersama","Berkah Bersama","9924582028292","ID","2023-03-22","47458","2_5B_50B","Jl. Flamboyan No. 95","Semarang","Jawa Tengah","50111","ID","+628998056044","bus-00919@surelsintetis.id","ACTIVE"
"BUS-00920","Koperasi Mandiri Perkasa","Mandiri Perkasa","9974777330315","ID","2024-01-11","90578","2_5B_50B","Jl. Anggrek No. 180","Makassar","Sulawesi Selatan","90111","ID","+628996329681","bus-00920@demo.example","ACTIVE"
"BUS-00921","CV Makmur Logistik","Makmur Logistik","9922011180322","ID","2015-07-14","65530","LT_300M","Jl. Mawar No. 39","Bandung","Jawa Barat","40111","ID","+628994773038","bus-00921@contoh.id","ACTIVE"
"BUS-00922","CV Lestari Logistik","Lestari Logistik","9966718612420","ID","2021-04-17","48013","GT_50B","Jl. Kenanga No. 83","Semarang","Jawa Tengah","50111","ID","+628998471964","bus-00922@contoh.id","ACTIVE"
"BUS-00923","CV Makmur Niaga","Makmur Niaga","9940646931660","ID","2015-06-13","94132","LT_300M","Jl. Mawar No. 86","Semarang","Jawa Tengah","50111","ID","+628995202439","bus-00923@contoh.id","ACTIVE"
"BUS-00924","Koperasi Jaya Digital","Jaya Digital","9979820886575","ID","2018-01-16","44307","2_5B_50B","Jl. Kenanga No. 187","Denpasar","Bali","80111","ID","+628995686089","bus-00924@mailuji.example","ACTIVE"
"BUS-00925","CV Maju Bersama","Maju Bersama","9983063210059","ID","2025-08-02","58122","LT_300M","Jl. Cempaka No. 233","Palembang","Sumatera Selatan","30111","ID","+628996202976","bus-00925@surelsintetis.id","ACTIVE"
"BUS-00926","CV Mandiri Nusantara","Mandiri Nusantara","9999180805328","ID","2013-04-16","23646","GT_50B","Jl. Anggrek No. 38","Palembang","Sumatera Selatan","30111","ID","+628995282149","bus-00926@contoh.id","ACTIVE"
"BUS-00927","Koperasi Berkah Nusantara","Berkah Nusantara","9981612012523","ID","2025-05-25","54964","2_5B_50B","Jl. Kenanga No. 172","Jakarta Pusat","DKI Jakarta","10110","ID","+628994632683","bus-00927@surelsintetis.id","ACTIVE"
"BUS-00928","Koperasi Berkah Perkasa","Berkah Perkasa","9954555203486","ID","2021-04-08","32617","300M_2_5B","Jl. Bougenville No. 37","Bandung","Jawa Barat","40111","ID","+628993120897","bus-00928@demo.example","ACTIVE"
"BUS-00929","UD Berkah Logistik","Berkah Logistik","9982717408354","ID","2018-10-27","10998","300M_2_5B","Jl. Dahlia No. 44","Makassar","Sulawesi Selatan","90111","ID","+628994742099","bus-00929@mailuji.example","ACTIVE"
"BUS-00930","PT Berkah Logistik","Berkah Logistik","9989079115196","ID","2023-10-05","69855","2_5B_50B","Jl. Teratai No. 203","Surabaya","Jawa Timur","60111","ID","+628997613833","bus-00930@demo.example","ACTIVE"
"BUS-00931","Koperasi Sentosa Bersama","Sentosa Bersama","9945772511864","ID","2015-06-01","21816","2_5B_50B","Jl. Melati No. 36","Medan","Sumatera Utara","20111","ID","+628999037355","bus-00931@mailuji.example","SUSPENDED"
"BUS-00932","Koperasi Abadi Bersama","Abadi Bersama","9916658834346","ID","2013-04-20","96374","LT_300M","Jl. Melati No. 44","Semarang","Jawa Tengah","50111","ID","+628991630760","bus-00932@demo.example","ACTIVE"
"BUS-00933","UD Cemerlang Bersama","Cemerlang Bersama","9989034207526","ID","2022-10-13","87144","2_5B_50B","Jl. Dahlia No. 32","Palembang","Sumatera Selatan","30111","ID","+628992099338","bus-00933@mailuji.example","ACTIVE"
"BUS-00934","UD Abadi Niaga","Abadi Niaga","9935674295244","ID","2024-06-29","60029","2_5B_50B","Jl. Bougenville No. 21","Surabaya","Jawa Timur","60111","ID","+628991069266","bus-00934@demo.example","ACTIVE"
"BUS-00935","Koperasi Harapan Utama","Harapan Utama","9949241159351","ID","2025-03-24","64542","2_5B_50B","-","Semarang","Jawa Tengah","50111","ID","+628993291259","bus-00935@demo.example","ACTIVE"
"BUS-00936","Koperasi Berkah Niaga","Berkah Niaga","9976482082869","ID","2024-04-09","11974","GT_50B","Jl. Melati No. 121","Bandung","Jawa Barat","40111","ID","+628993475751","bus-00936@demo.example","ACTIVE"
"BUS-00937","PT Sejahtera Bersama","Sejahtera Bersama","9948142261872","ID","2018-05-18","82690","300M_2_5B","Jl. Kenanga No. 144","Semarang","Jawa Tengah","50111","ID","+628993090241","bus-00937@mailuji.example","ACTIVE"
"BUS-00938","PT Cemerlang Logistik","Cemerlang Logistik","9958467293922","ID","2023-03-07","48814","GT_50B","Jl. Mawar No. 85","Surabaya","Jawa Timur","60111","ID","+628999090986","bus-00938@contoh.id","ACTIVE"
"BUS-00939","Koperasi Lestari Utama","Lestari Utama","9974902941664","ID","2019-03-05","44965","GT_50B","Jl. Anggrek No. 34","Bandung","Jawa Barat","40111","ID","+628992259780","bus-00939@surelsintetis.id","ACTIVE"
"BUS-00940","UD Berkah Nusantara","Berkah Nusantara","9933810552806","ID","2020-04-18","47299","2_5B_50B","Jl. Melati No. 131","Bandung","Jawa Barat","40111","ID","+628998104086","bus-00940@mailuji.example","ACTIVE"
"BUS-00941","Koperasi Jaya Utama","Jaya Utama","9972827790243","ID","2024-01-23","78520","GT_50B","Jl. Kenanga No. 27","Makassar","Sulawesi Selatan","90111","ID","+628996343132","bus-00941@surelsintetis.id","ACTIVE"
"BUS-00942","Koperasi Sinar Nusantara","Sinar Nusantara","9923633930878","ID","2019-02-14","86639","LT_300M","Jl. Melati No. 182","Palembang","Sumatera Selatan","30111","ID","+628998263850","bus-00942@surelsintetis.id","ACTIVE"
"BUS-00943","UD Harapan Perkasa","Harapan Perkasa","9993528628657","ID","2024-01-06","73795","LT_300M","Jl. Bougenville No. 234","Makassar","Sulawesi Selatan","90111","ID","+628997095847","bus-00943@surelsintetis.id","ACTIVE"
"BUS-00944","Koperasi Berkah Perkasa","Berkah Perkasa","9963144103730","ID","2014-07-13","97339","LT_300M","Jl. Cempaka No. 119","Semarang","Jawa Tengah","50111","ID","+628994591435","bus-00944@mailuji.example","ACTIVE"
"BUS-00945","PT Cemerlang Digital","Cemerlang Digital","9929925735098","ID","2012-08-15","35065","2_5B_50B","Jl. Kenanga No. 187","Jakarta Pusat","DKI Jakarta","10110","ID","+628995631728","bus-00945@mailuji.example","ACTIVE"
"BUS-00946","CV Sejahtera Digital","Sejahtera Digital","9999742931272","ID","2014-03-16","50382","300M_2_5B","Jl. Melati No. 98","Jakarta Pusat","DKI Jakarta","10110","ID","+628993113220","bus-00946@surelsintetis.id","ACTIVE"
"BUS-00947","PT Mandiri Niaga","Mandiri Niaga","9945388537493","ID","2015-09-17","75478","LT_300M","Jl. Flamboyan No. 46","Jakarta Pusat","DKI Jakarta","10110","ID","+628997777179","bus-00947@surelsintetis.id","ACTIVE"
"BUS-00948","CV Abadi Nusantara","Abadi Nusantara","9951748546461","ID","2020-09-01","21386","GT_50B","Jl. Kenanga No. 74","Makassar","Sulawesi Selatan","90111","ID","+628991260142","bus-00948@demo.example","ACTIVE"
"BUS-00949","PT Berkah Nusantara","Berkah Nusantara","9936380262251","ID","2020-03-27","46475","GT_50B","Jl. Melati No. 56","Palembang","Sumatera Selatan","30111","ID","+628995157976","bus-00949@surelsintetis.id","ACTIVE"
"BUS-00950","PT Sinar Nusantara","Sinar Nusantara","9923461723449","ID","2020-12-16","50724","2_5B_50B","Jl. Kenanga No. 30","Semarang","Jawa Tengah","50111","ID","+628991191352","bus-00950@demo.example","ACTIVE"
"BUS-00951","CV Abadi Nusantara","Abadi Nusantara","9928544664281","ID","2022-07-06","26084","2_5B_50B","Jl. Teratai No. 1","Makassar","Sulawesi Selatan","90111","ID","+628991769776","bus-00951@demo.example","ACTIVE"
"BUS-00952","UD Sentosa Logistik","Sentosa Logistik","9912200863662","ID","2025-05-27","98358","GT_50B","Jl. Bougenville No. 118","Yogyakarta","DI Yogyakarta","55111","ID","+628999543941","bus-00952@surelsintetis.id","ACTIVE"
"BUS-00953","UD Makmur Logistik","Makmur Logistik","9980968217624","ID","2017-02-17","48106","LT_300M","Jl. Anggrek No. 1","Surabaya","Jawa Timur","60111","ID","+628999537172","bus-00953@mailuji.example","ACTIVE"
"BUS-00954","UD Jaya Utama","Jaya Utama","9936760344711","ID","2013-02-08","94837","LT_300M","Jl. Anggrek No. 219","Bandung","Jawa Barat","40111","ID","+628996882001","bus-00954@surelsintetis.id","ACTIVE"
"BUS-00955","PT Sentosa Nusantara","Sentosa Nusantara","9925133705270","ID","2018-08-23","93399","LT_300M","Jl. Cempaka No. 203","Surabaya","Jawa Timur","60111","ID","+628999483353","bus-00955@surelsintetis.id","ACTIVE"
"BUS-00956","UD Harapan Bersama","Harapan Bersama","9989941538726","ID","2019-01-07","66140","2_5B_50B","Jl. Melati No. 229","Makassar","Sulawesi Selatan","90111","ID","+628991663335","bus-00956@demo.example","ACTIVE"
"BUS-00957","CV Berkah Utama","Berkah Utama","9970707163758","ID","2014-11-01","71152","LT_300M","SAMA DENGAN KTP","Yogyakarta","DI Yogyakarta","55111","ID","+628997319960","bus-00957@surelsintetis.id","ACTIVE"
"BUS-00958","UD Makmur Niaga","Makmur Niaga","9955516683627","ID","2024-01-08","39763","LT_300M","Jl. Mawar No. 202","Medan","Sumatera Utara","20111","ID","+628997586086","bus-00958@contoh.id","ACTIVE"
"BUS-00959","Koperasi Cemerlang Utama","Cemerlang Utama","9956363817684","ID","2017-09-14","55505","2_5B_50B","Jl. Anggrek No. 85","Denpasar","Bali","80111","ID","+628999624564","bus-00959@contoh.id","ACTIVE"
"BUS-00960","PT Sejahtera Perkasa","Sejahtera Perkasa","9915020494265","ID","2016-08-26","23849","300M_2_5B","Jl. Teratai No. 145","Yogyakarta","DI Yogyakarta","55111","ID","+628993102276","bus-00960@mailuji.example","ACTIVE"
"BUS-00961","CV Sinar Logistik","Sinar Logistik","9926456094104","ID","2017-02-04","56307","LT_300M","Jl. Teratai No. 88","Semarang","Jawa Tengah","50111","ID","+628992219079","bus-00961@contoh.id","ACTIVE"
"BUS-00962","PT Sejahtera Niaga","Sejahtera Niaga","9947179252184","ID","2022-04-09","92819","2_5B_50B","Jl. Mawar No. 179","Surabaya","Jawa Timur","60111","ID","+628996163603","bus-00962@contoh.id","ACTIVE"
"BUS-00963","PT Makmur Utama","Makmur Utama","9966111435030","ID","2016-06-09","15179","300M_2_5B","Jl. Melati No. 120","Balikpapan","Kalimantan Timur","76111","ID","+628992403020","bus-00963@demo.example","ACTIVE"
"BUS-00964","PT Makmur Perkasa","Makmur Perkasa","9988805625498","ID","2017-01-18","40992","GT_50B","Jl. Dahlia No. 104","Yogyakarta","DI Yogyakarta","55111","ID","+628994304473","bus-00964@surelsintetis.id","ACTIVE"
"BUS-00965","CV Maju Utama","Maju Utama","9950144879353","ID","2018-08-20","19260","LT_300M","Jl. Melati No. 132","Medan","Sumatera Utara","20111","ID","+628996145173","bus-00965@mailuji.example","ACTIVE"
"BUS-00966","PT Abadi Perkasa","Abadi Perkasa","9926252830647","ID","2024-08-30","58391","300M_2_5B","Jl. Dahlia No. 60","Denpasar","Bali","80111","ID","+628995335926","bus-00966@demo.example","ACTIVE"
"BUS-00967","CV Lestari Perkasa","Lestari Perkasa","9922061800946","ID","2016-11-24","21849","2_5B_50B","Jl. Flamboyan No. 69","Yogyakarta","DI Yogyakarta","55111","ID","+628991634370","bus-00967@surelsintetis.id","ACTIVE"
"BUS-00968","UD Jaya Perkasa","Jaya Perkasa","9951757308641","ID","2018-06-10","52953","2_5B_50B","Jl. Melati No. 211","Semarang","Jawa Tengah","50111","ID","+628994854388","bus-00968@contoh.id","ACTIVE"
"BUS-00969","Koperasi Sentosa Digital","Sentosa Digital","9936972692598","ID","2022-02-27","62440","300M_2_5B","Jl. Teratai No. 86","Denpasar","Bali","80111","ID","+628998619906","bus-00969@surelsintetis.id","ACTIVE"
"BUS-00970","PT Lestari Logistik","Lestari Logistik","9933867957796","ID","2017-08-28","51726","300M_2_5B","Jl. Mawar No. 46","Surabaya","Jawa Timur","60111","ID","+628992816328","bus-00970@mailuji.example","ACTIVE"
"BUS-00971","UD Harapan Digital","Harapan Digital","9910091034315","ID","2013-09-16","76531","GT_50B","Jl. Cempaka No. 30","Semarang","Jawa Tengah","50111","ID","+628996749059","bus-00971@demo.example","CLOSED"
"BUS-00972","PT Cemerlang Perkasa","Cemerlang Perkasa","9989150130610","ID","2024-03-22","60520","300M_2_5B","Jl. Anggrek No. 211","Jakarta Pusat","DKI Jakarta","10110","ID","+628991445789","bus-00972@surelsintetis.id","ACTIVE"
"BUS-00973","Koperasi Sejahtera Bersama","Sejahtera Bersama","9955405069796","ID","2017-11-05","39046","2_5B_50B","Jl. Teratai No. 211","Surabaya","Jawa Timur","60111","ID","+628992685558","bus-00973@surelsintetis.id","ACTIVE"
"BUS-00974","Koperasi Mandiri Utama","Mandiri Utama","9998709599615","ID","2020-05-18","61364","GT_50B","Jl. Teratai No. 133","Palembang","Sumatera Selatan","30111","ID","+628991648186","bus-00974@surelsintetis.id","ACTIVE"
"BUS-00975","CV Berkah Perkasa","Berkah Perkasa","9936539449225","ID","2023-05-10","50637","2_5B_50B","Jl. Kenanga No. 152","Medan","Sumatera Utara","20111","ID","+628995964381","bus-00975@mailuji.example","ACTIVE"
"BUS-00976","Koperasi Harapan Digital","Harapan Digital","9988042666697","ID","2013-09-11","71459","2_5B_50B","Jl. Anggrek No. 35","Surabaya","Jawa Timur","60111","ID","+628996926706","bus-00976@contoh.id","ACTIVE"
"BUS-00977","Koperasi Sinar Perkasa","Sinar Perkasa","9913029532997","ID","2018-03-06","67388","LT_300M","Jl. Melati No. 133","Medan","Sumatera Utara","20111","ID","+628991929071","bus-00977@mailuji.example","ACTIVE"
"BUS-00978","PT Lestari Nusantara","Lestari Nusantara","9988866119350","ID","2017-12-29","12398","LT_300M","SAMA DENGAN KTP","Balikpapan","Kalimantan Timur","76111","ID","+628998447576","bus-00978@surelsintetis.id","ACTIVE"
"BUS-00979","UD Sejahtera Nusantara","Sejahtera Nusantara","9913257369526","ID","2017-06-27","78015","GT_50B","Jl. Melati No. 194","Surabaya","Jawa Timur","60111","ID","+628994901382","bus-00979@demo.example","ACTIVE"
"BUS-00980","PT Makmur Bersama","Makmur Bersama","9938644742268","ID","2023-05-23","48431","LT_300M","N/A","Surabaya","Jawa Timur","60111","ID","+628991952522","bus-00980@demo.example","ACTIVE"
"BUS-00981","PT Maju Digital","Maju Digital","9952666705967","ID","2018-07-03","74554","LT_300M","Jl. Anggrek No. 146","Jakarta Pusat","DKI Jakarta","10110","ID","+628992506942","bus-00981@demo.example","ACTIVE"
"BUS-00982","UD Berkah Bersama","Berkah Bersama","9941681718874","ID","2013-09-10","41255","GT_50B","Jl. Anggrek No. 152","Semarang","Jawa Tengah","50111","ID","+628995846241","bus-00982@demo.example","ACTIVE"
"BUS-00983","PT Jaya Perkasa","Jaya Perkasa","9992534314737","ID","2024-10-10","71329","300M_2_5B","Jl. Kenanga No. 204","Semarang","Jawa Tengah","50111","ID","+628992100755","bus-00983@surelsintetis.id","ACTIVE"
"BUS-00984","PT Sentosa Nusantara","Sentosa Nusantara","9983895155913","ID","2017-12-26","14820","300M_2_5B","Jl. Teratai No. 6","Makassar","Sulawesi Selatan","90111","ID","+628997252859","bus-00984@mailuji.example","SUSPENDED"
"BUS-00985","CV Sinar Bersama","Sinar Bersama","9960982521534","ID","2023-03-19","33309","GT_50B","Jl. Dahlia No. 20","Jakarta Pusat","DKI Jakarta","10110","ID","+628999723908","bus-00985@demo.example","CLOSED"
"BUS-00986","CV Harapan Perkasa","Harapan Perkasa","9963767938065","ID","2022-10-14","25861","2_5B_50B","Jl. Kenanga No. 165","Palembang","Sumatera Selatan","30111","ID","+628999554845","bus-00986@surelsintetis.id","SUSPENDED"
"BUS-00987","PT Sentosa Nusantara","Sentosa Nusantara","9992076439461","ID","2014-06-27","71343","300M_2_5B","Jl. Kenanga No. 135","Balikpapan","Kalimantan Timur","76111","ID","+628992449487","bus-00987@mailuji.example","ACTIVE"
"BUS-00988","CV Makmur Digital","Makmur Digital","9926369716832","ID","2021-05-05","15131","GT_50B","Jl. Teratai No. 42","Makassar","Sulawesi Selatan","90111","ID","+628992810689","bus-00988@mailuji.example","ACTIVE"
"BUS-00989","UD Jaya Perkasa","Jaya Perkasa","9935150572016","ID","2023-05-14","95624","LT_300M","Jl. Flamboyan No. 25","Bandung","Jawa Barat","40111","ID","+628992832180","bus-00989@mailuji.example","ACTIVE"
"BUS-00990","CV Jaya Logistik","Jaya Logistik","9990152195473","ID","2020-12-01","37569","GT_50B","Jl. Flamboyan No. 47","Yogyakarta","DI Yogyakarta","55111","ID","+628991732034","bus-00990@mailuji.example","ACTIVE"
"BUS-00991","PT Abadi Niaga","Abadi Niaga","9915692259707","ID","2022-08-31","13099","LT_300M","Jl. Flamboyan No. 216","Yogyakarta","DI Yogyakarta","55111","ID","+628998948559","bus-00991@contoh.id","ACTIVE"
"BUS-00992","Koperasi Makmur Niaga","Makmur Niaga","9952778897434","ID","2024-10-12","32351","GT_50B","Jl. Mawar No. 73","Jakarta Pusat","DKI Jakarta","10110","ID","+628994669720","bus-00992@mailuji.example","ACTIVE"
"BUS-00993","Koperasi Sinar Perkasa","Sinar Perkasa","9912474562949","ID","2024-01-11","99472","GT_50B","Jl. Dahlia No. 167","Denpasar","Bali","80111","ID","+628995317534","bus-00993@mailuji.example","ACTIVE"
"BUS-00994","UD Makmur Niaga","Makmur Niaga","9975228584764","ID","2022-04-05","32155","300M_2_5B","Jl. Melati No. 228","Surabaya","Jawa Timur","60111","ID","+628997942463","bus-00994@surelsintetis.id","ACTIVE"
"BUS-00995","PT Sinar Utama","Sinar Utama","9915757096599","ID","2017-04-12","99112","2_5B_50B","Jl. Bougenville No. 25","Palembang","Sumatera Selatan","30111","ID","+628994780037","bus-00995@contoh.id","ACTIVE"
"BUS-00996","PT Sejahtera Bersama","Sejahtera Bersama","9932158141835","ID","2019-03-27","79828","LT_300M","Jl. Cempaka No. 12","Surabaya","Jawa Timur","60111","ID","+628992825892","bus-00996@demo.example","ACTIVE"
"BUS-00997","UD Maju Digital","Maju Digital","9979311909410","ID","2023-02-05","73298","GT_50B","Jl. Teratai No. 105","Medan","Sumatera Utara","20111","ID","+628998362872","bus-00997@demo.example","ACTIVE"
"BUS-00998","UD Cemerlang Niaga","Cemerlang Niaga","9996433203304","ID","2020-07-04","56969","300M_2_5B","Jl. Mawar No. 198","Jakarta Pusat","DKI Jakarta","10110","ID","+628999472310","bus-00998@contoh.id","ACTIVE"
"BUS-00999","UD Makmur Bersama","Makmur Bersama","9925109314985","ID","2024-09-13","82314","300M_2_5B","Jl. Cempaka No. 112","Surabaya","Jawa Timur","60111","ID","+628993656583","bus-00999@mailuji.example","ACTIVE"
"BUS-01000","Koperasi Sinar Nusantara","Sinar Nusantara","9934275736492","ID","2021-04-24","21763","2_5B_50B","Jl. Dahlia No. 214","Palembang","Sumatera Selatan","30111","ID","+628993668071","bus-01000@demo.example","ACTIVE"
"BUS-01001","Koperasi Berkah Utama","Berkah Utama","9918113650707","ID","2019-04-21","11982","GT_50B","Jl. Anggrek No. 36","Surabaya","Jawa Timur","60111","ID","+628997454175","bus-01001@demo.example","ACTIVE"
"BUS-01002","CV Lestari Perkasa","Lestari Perkasa","9944980974548","ID","2020-09-24","62266","2_5B_50B","Jl. Mawar No. 85","Yogyakarta","DI Yogyakarta","55111","ID","+628996532706","bus-01002@contoh.id","ACTIVE"
"BUS-01003","PT Sejahtera Logistik","Sejahtera Logistik","9939207896314","ID","2023-03-06","58695","GT_50B","Jl. Cempaka No. 185","Denpasar","Bali","80111","ID","+628998348570","bus-01003@mailuji.example","ACTIVE"
"BUS-01004","Koperasi Cemerlang Digital","Cemerlang Digital","9996770709689","ID","2024-08-06","26603","300M_2_5B","Jl. Mawar No. 146","Yogyakarta","DI Yogyakarta","55111","ID","+628994377421","bus-01004@demo.example","ACTIVE"
"BUS-01005","UD Makmur Perkasa","Makmur Perkasa","9943647866892","ID","2020-09-11","20206","GT_50B","Jl. Cempaka No. 7","Semarang","Jawa Tengah","50111","ID","+628996698864","bus-01005@contoh.id","ACTIVE"
"BUS-01006","Koperasi Berkah Niaga","Berkah Niaga","9918995151786","ID","2013-05-09","99691","LT_300M","Jl. Melati No. 238","Makassar","Sulawesi Selatan","90111","ID","+628994122824","bus-01006@contoh.id","ACTIVE"
"BUS-01007","CV Berkah Nusantara","Berkah Nusantara","9918828724925","ID","2020-03-04","15509","GT_50B","Jl. Mawar No. 229","Makassar","Sulawesi Selatan","90111","ID","+628992568178","bus-01007@demo.example","ACTIVE"
"BUS-01008","PT Sejahtera Logistik","Sejahtera Logistik","9910926169336","ID","2020-10-28","74264","300M_2_5B","Jl. Anggrek No. 169","Surabaya","Jawa Timur","60111","ID","+628997364668","bus-01008@demo.example","ACTIVE"
"BUS-01009","CV Lestari Perkasa","Lestari Perkasa","9970115695738","ID","2019-09-09","48356","LT_300M","Jl. Anggrek No. 189","Yogyakarta","DI Yogyakarta","55111","ID","+628992553135","bus-01009@demo.example","ACTIVE"
"BUS-01010","UD Berkah Niaga","Berkah Niaga","9986021757390","ID","2022-08-15","56289","300M_2_5B","Jl. Bougenville No. 147","Surabaya","Jawa Timur","60111","ID","+628997394505","bus-01010@mailuji.example","ACTIVE"
"BUS-01011","PT Harapan Nusantara","Harapan Nusantara","9975715628590","ID","2018-03-25","47534","LT_300M","Jl. Cempaka No. 118","Bandung","Jawa Barat","40111","ID","+628992765339","bus-01011@demo.example","ACTIVE"
"BUS-01012","Koperasi Sejahtera Logistik","Sejahtera Logistik","9974113080512","ID","2020-09-20","87775","2_5B_50B","Jl. Kenanga No. 98","Denpasar","Bali","80111","ID","+628994685485","bus-01012@contoh.id","ACTIVE"
"BUS-01013","PT Cemerlang Niaga","Cemerlang Niaga","9935012263532","ID","2020-11-19","88859","2_5B_50B","Jl. Mawar No. 5","Jakarta Pusat","DKI Jakarta","10110","ID","+628992890867","bus-01013@surelsintetis.id","ACTIVE"
"BUS-01014","UD Lestari Bersama","Lestari Bersama","9932422829911","ID","2017-02-05","59911","GT_50B","Jl. Mawar No. 186","Balikpapan","Kalimantan Timur","76111","ID","+628996426663","bus-01014@demo.example","ACTIVE"
"BUS-01015","UD Sinar Logistik","Sinar Logistik","9989221749827","ID","2013-08-26","72625","GT_50B","Jl. Mawar No. 73","Denpasar","Bali","80111","ID","+628994764073","bus-01015@contoh.id","ACTIVE"
"BUS-01016","PT Jaya Niaga","Jaya Niaga","9966563882634","ID","2013-04-19","83143","300M_2_5B","Jl. Melati No. 64","Bandung","Jawa Barat","40111","ID","+628995269976","bus-01016@surelsintetis.id","ACTIVE"
"BUS-01017","Koperasi Makmur Perkasa","Makmur Perkasa","9977172121988","ID","2025-03-24","59927","2_5B_50B","Jl. Melati No. 58","Makassar","Sulawesi Selatan","90111","ID","+628994208893","bus-01017@demo.example","ACTIVE"
"BUS-01018","CV Jaya Perkasa","Jaya Perkasa","9952853416900","ID","2024-09-08","49573","2_5B_50B","Jl. Teratai No. 63","Balikpapan","Kalimantan Timur","76111","ID","+628993992014","bus-01018@surelsintetis.id","ACTIVE"
"BUS-01019","UD Abadi Logistik","Abadi Logistik","9975711688856","ID","2024-09-05","37650","2_5B_50B","Jl. Kenanga No. 163","Surabaya","Jawa Timur","60111","ID","+628997119934","bus-01019@contoh.id","ACTIVE"
"BUS-01020","CV Lestari Bersama","Lestari Bersama","9932039565983","ID","2019-09-18","89617","GT_50B","Jl. Bougenville No. 221","Semarang","Jawa Tengah","50111","ID","+628999633539","bus-01020@demo.example","ACTIVE"
"BUS-01021","UD Berkah Utama","Berkah Utama","9910921487448","ID","2012-10-13","41339","LT_300M","Jl. Flamboyan No. 157","Medan","Sumatera Utara","20111","ID","+628994795388","bus-01021@contoh.id","ACTIVE"
"BUS-01022","CV Mandiri Niaga","Mandiri Niaga","9998114793670","ID","2020-07-27","77216","LT_300M","Jl. Bougenville No. 156","Yogyakarta","DI Yogyakarta","55111","ID","+628991831084","bus-01022@mailuji.example","ACTIVE"
"BUS-01023","CV Jaya Perkasa","Jaya Perkasa","9998148635901","ID","2019-05-13","45237","2_5B_50B","Jl. Dahlia No. 239","Denpasar","Bali","80111","ID","+628994850526","bus-01023@mailuji.example","ACTIVE"
"BUS-01024","PT Berkah Perkasa","Berkah Perkasa","9953760538964","ID","2020-01-11","35361","LT_300M","Jl. Flamboyan No. 62","Makassar","Sulawesi Selatan","90111","ID","+628993564710","bus-01024@contoh.id","ACTIVE"
"BUS-01025","Koperasi Makmur Nusantara","Makmur Nusantara","9990622599464","ID","2017-07-15","90243","300M_2_5B","Jl. Melati No. 227","Bandung","Jawa Barat","40111","ID","+628993304101","bus-01025@mailuji.example","ACTIVE"
"BUS-01026","PT Lestari Utama","Lestari Utama","9917467372571","ID","2013-11-07","46780","2_5B_50B","Jl. Kenanga No. 67","Palembang","Sumatera Selatan","30111","ID","+628997400445","bus-01026@surelsintetis.id","ACTIVE"
"BUS-01027","Koperasi Makmur Digital","Makmur Digital","9977915425154","ID","2023-01-25","27820","2_5B_50B","Jl. Anggrek No. 155","Makassar","Sulawesi Selatan","90111","ID","+628992855800","bus-01027@contoh.id","ACTIVE"
"BUS-01028","UD Jaya Logistik","Jaya Logistik","9931672936489","ID","2025-01-31","31542","300M_2_5B","Jl. Flamboyan No. 114","Bandung","Jawa Barat","40111","ID","+628992231285","bus-01028@mailuji.example","ACTIVE"
"BUS-01029","UD Maju Nusantara","Maju Nusantara","9921318944305","ID","2020-06-04","12394","300M_2_5B","Jl. Bougenville No. 20","Palembang","Sumatera Selatan","30111","ID","+628999302367","bus-01029@surelsintetis.id","ACTIVE"
"BUS-01030","Koperasi Sejahtera Digital","Sejahtera Digital","9976255056629","ID","2019-04-07","13235","GT_50B","Jl. Flamboyan No. 100","Denpasar","Bali","80111","ID","+628998678188","bus-01030@mailuji.example","ACTIVE"
"BUS-01031","PT Lestari Bersama","Lestari Bersama","9917759297407","ID","2018-08-05","96730","2_5B_50B","Jl. Mawar No. 233","Surabaya","Jawa Timur","60111","ID","+628991680441","bus-01031@surelsintetis.id","ACTIVE"
"BUS-01032","Koperasi Maju Utama","Maju Utama","9912843063791","ID","2025-01-16","24843","300M_2_5B","Jl. Teratai No. 149","Yogyakarta","DI Yogyakarta","55111","ID","+628993989209","bus-01032@demo.example","ACTIVE"
"BUS-01033","Koperasi Mandiri Utama","Mandiri Utama","9939409926446","ID","2014-05-05","68669","300M_2_5B","Jl. Mawar No. 238","Medan","Sumatera Utara","20111","ID","+628992878134","bus-01033@surelsintetis.id","ACTIVE"
"BUS-01034","CV Sentosa Utama","Sentosa Utama","9952595092915","ID","2015-05-19","17293","GT_50B","Jl. Mawar No. 62","Semarang","Jawa Tengah","50111","ID","+628993421220","bus-01034@mailuji.example","ACTIVE"
"BUS-01035","Koperasi Jaya Utama","Jaya Utama","9933740943975","ID","2013-07-09","93765","300M_2_5B","Jl. Melati No. 133","Surabaya","Jawa Timur","60111","ID","+628995186015","bus-01035@mailuji.example","ACTIVE"
"BUS-01036","Koperasi Sinar Logistik","Sinar Logistik","9911783502122","ID","2014-02-04","30388","300M_2_5B","Jl. Cempaka No. 22","Makassar","Sulawesi Selatan","90111","ID","+628991350406","bus-01036@demo.example","ACTIVE"
"BUS-01037","PT Sejahtera Digital","Sejahtera Digital","9962274545217","ID","2025-01-20","31739","2_5B_50B","Jl. Kenanga No. 90","Medan","Sumatera Utara","20111","ID","+628997672709","bus-01037@demo.example","ACTIVE"
"BUS-01038","CV Berkah Bersama","Berkah Bersama","9981209020799","ID","2017-06-04","40521","GT_50B","Jl. Bougenville No. 112","Medan","Sumatera Utara","20111","ID","+628994689892","bus-01038@surelsintetis.id","ACTIVE"
"BUS-01039","Koperasi Mandiri Logistik","Mandiri Logistik","9982512122720","ID","2016-01-10","59675","300M_2_5B","Jl. Cempaka No. 59","Makassar","Sulawesi Selatan","90111","ID","+628994707575","bus-01039@mailuji.example","ACTIVE"
"BUS-01040","CV Maju Logistik","Maju Logistik","9920945289833","ID","2016-11-04","76589","LT_300M","Jl. Flamboyan No. 159","Bandung","Jawa Barat","40111","ID","+628991545201","bus-01040@contoh.id","ACTIVE"
"BUS-01041","UD Makmur Niaga","Makmur Niaga","9992354420754","ID","2025-06-12","57605","LT_300M","Jl. Bougenville No. 221","Yogyakarta","DI Yogyakarta","55111","ID","+628995419541","bus-01041@mailuji.example","ACTIVE"
"BUS-01042","Koperasi Maju Niaga","Maju Niaga","9963831551436","ID","2014-09-22","51252","300M_2_5B","Jl. Anggrek No. 78","Denpasar","Bali","80111","ID","+628994847285","bus-01042@contoh.id","ACTIVE"
"BUS-01043","CV Sentosa Perkasa","Sentosa Perkasa","9920145963714","ID","2021-09-21","11950","300M_2_5B","Jl. Anggrek No. 239","Yogyakarta","DI Yogyakarta","55111","ID","+628999434842","bus-01043@mailuji.example","ACTIVE"
"BUS-01044","UD Lestari Logistik","Lestari Logistik","9930793620358","ID","2021-08-02","99280","LT_300M","Jl. Dahlia No. 183","Surabaya","Jawa Timur","60111","ID","+628999344185","bus-01044@mailuji.example","ACTIVE"
"BUS-01045","PT Sinar Perkasa","Sinar Perkasa","9999900719023","ID","2014-10-28","85372","GT_50B","Jl. Dahlia No. 103","Surabaya","Jawa Timur","60111","ID","+628994093411","bus-01045@mailuji.example","ACTIVE"
"BUS-01046","PT Abadi Digital","Abadi Digital","9955775179572","ID","2021-04-24","97379","2_5B_50B","Jl. Anggrek No. 130","Medan","Sumatera Utara","20111","ID","+628993570643","bus-01046@surelsintetis.id","ACTIVE"
"BUS-01047","Koperasi Abadi Utama","Abadi Utama","9985321013677","ID","2014-05-13","51503","2_5B_50B","Jl. Anggrek No. 207","Balikpapan","Kalimantan Timur","76111","ID","+628996714563","bus-01047@contoh.id","ACTIVE"
"BUS-01048","CV Abadi Perkasa","Abadi Perkasa","9990083638911","ID","2013-02-09","74757","GT_50B","Jl. Kenanga No. 9","Yogyakarta","DI Yogyakarta","55111","ID","+628995724890","bus-01048@demo.example","ACTIVE"
"BUS-01049","CV Cemerlang Nusantara","Cemerlang Nusantara","9993777835360","ID","2021-05-06","63234","GT_50B","Jl. Flamboyan No. 206","Semarang","Jawa Tengah","50111","ID","+628991904432","bus-01049@mailuji.example","ACTIVE"
"BUS-01050","UD Abadi Niaga","Abadi Niaga","9963335288160","ID","2024-08-01","34709","LT_300M","Jl. Anggrek No. 38","Bandung","Jawa Barat","40111","ID","+628995407803","bus-01050@demo.example","ACTIVE"
"BUS-01051","CV Lestari Logistik","Lestari Logistik","9982097192094","ID","2018-07-13","31429","GT_50B","Jl. Bougenville No. 133","Palembang","Sumatera Selatan","30111","ID","+628999932951","bus-01051@mailuji.example","ACTIVE"
"BUS-01052","PT Sejahtera Perkasa","Sejahtera Perkasa","9921587784103","ID","2013-10-10","73125","2_5B_50B","Jl. Anggrek No. 77","Yogyakarta","DI Yogyakarta","55111","ID","+628997720081","bus-01052@mailuji.example","ACTIVE"
"BUS-01053","UD Harapan Perkasa","Harapan Perkasa","9994134505002","ID","2017-08-02","77266","GT_50B","Jl. Dahlia No. 39","Yogyakarta","DI Yogyakarta","55111","ID","+628996366713","bus-01053@contoh.id","ACTIVE"
"BUS-01054","CV Mandiri Bersama","Mandiri Bersama","9950183646200","ID","2022-04-18","80232","GT_50B","Jl. Cempaka No. 238","Surabaya","Jawa Timur","60111","ID","+628994143585","bus-01054@demo.example","ACTIVE"
"BUS-01055","UD Abadi Logistik","Abadi Logistik","9929844596552","ID","2015-09-06","94275","300M_2_5B","Jl. Mawar No. 239","Denpasar","Bali","80111","ID","+628998614018","bus-01055@mailuji.example","CLOSED"
"BUS-01056","Koperasi Lestari Niaga","Lestari Niaga","9999515882259","ID","2015-07-16","22243","2_5B_50B","Jl. Dahlia No. 39","Medan","Sumatera Utara","20111","ID","+628992209025","bus-01056@surelsintetis.id","ACTIVE"
"BUS-01057","PT Jaya Nusantara","Jaya Nusantara","9934924048212","ID","2024-11-13","53747","LT_300M","Jl. Anggrek No. 185","Makassar","Sulawesi Selatan","90111","ID","+628991570763","bus-01057@mailuji.example","ACTIVE"
"BUS-01058","UD Maju Digital","Maju Digital","9974628449227","ID","2019-04-01","16888","LT_300M","Jl. Cempaka No. 203","Surabaya","Jawa Timur","60111","ID","+628998866794","bus-01058@contoh.id","ACTIVE"
"BUS-01059","PT Sinar Logistik","Sinar Logistik","9912539856024","ID","2015-04-29","42989","LT_300M","Jl. Cempaka No. 232","Makassar","Sulawesi Selatan","90111","ID","+628991481376","bus-01059@demo.example","ACTIVE"
"BUS-01060","Koperasi Berkah Bersama","Berkah Bersama","9938756094779","ID","2023-06-29","55196","GT_50B","Jl. Dahlia No. 219","Medan","Sumatera Utara","20111","ID","+628999190770","bus-01060@contoh.id","ACTIVE"
"BUS-01061","CV Lestari Digital","Lestari Digital","9915865001561","ID","2015-04-29","38251","2_5B_50B","Jl. Anggrek No. 16","Denpasar","Bali","80111","ID","+628992893156","bus-01061@mailuji.example","ACTIVE"
"BUS-01062","UD Abadi Logistik","Abadi Logistik","9939171970070","ID","2020-07-17","80563","300M_2_5B","Jl. Bougenville No. 76","Balikpapan","Kalimantan Timur","76111","ID","+628995994955","bus-01062@mailuji.example","ACTIVE"
"BUS-01063","UD Harapan Niaga","Harapan Niaga","9968414599636","ID","2024-08-29","45972","300M_2_5B","Jl. Teratai No. 28","Palembang","Sumatera Selatan","30111","ID","+628999749182","bus-01063@contoh.id","ACTIVE"
"BUS-01064","PT Sentosa Nusantara","Sentosa Nusantara","9983679099343","ID","2024-03-30","97384","LT_300M","Jl. Anggrek No. 115","Medan","Sumatera Utara","20111","ID","+628998405778","bus-01064@surelsintetis.id","ACTIVE"
"BUS-01065","Koperasi Sejahtera Logistik","Sejahtera Logistik","9971228777604","ID","2022-10-04","49162","300M_2_5B","Jl. Anggrek No. 156","Yogyakarta","DI Yogyakarta","55111","ID","+628996077129","bus-01065@contoh.id","ACTIVE"
"BUS-01066","PT Lestari Digital","Lestari Digital","9932040265964","ID","2021-02-15","12219","GT_50B","Jl. Teratai No. 217","Medan","Sumatera Utara","20111","ID","+628996551735","bus-01066@demo.example","ACTIVE"
"BUS-01067","CV Sinar Perkasa","Sinar Perkasa","9981296717740","ID","2013-08-23","81645","2_5B_50B","Jl. Flamboyan No. 42","Medan","Sumatera Utara","20111","ID","+628993671556","bus-01067@surelsintetis.id","ACTIVE"
"BUS-01068","PT Abadi Bersama","Abadi Bersama","9927049167754","ID","2013-05-23","89033","LT_300M","Jl. Kenanga No. 50","Balikpapan","Kalimantan Timur","76111","ID","+628996574690","bus-01068@mailuji.example","ACTIVE"
"BUS-01069","PT Abadi Niaga","Abadi Niaga","9932741979694","ID","2025-01-04","22145","300M_2_5B","ALAMAT BELUM DIISI","Semarang","Jawa Tengah","50111","ID","+628993824994","bus-01069@demo.example","ACTIVE"
"BUS-01070","PT Harapan Nusantara","Harapan Nusantara","9966167793159","ID","2024-02-20","38733","2_5B_50B","Jl. Bougenville No. 89","Semarang","Jawa Tengah","50111","ID","+628993797399","bus-01070@mailuji.example","ACTIVE"
"BUS-01071","CV Lestari Perkasa","Lestari Perkasa","9982012568309","ID","2016-12-11","97075","2_5B_50B","Jl. Anggrek No. 161","Makassar","Sulawesi Selatan","90111","ID","+628995836126","bus-01071@mailuji.example","ACTIVE"
"BUS-01072","PT Maju Perkasa","Maju Perkasa","9937590487133","ID","2019-07-23","28904","300M_2_5B","Jl. Melati No. 141","Medan","Sumatera Utara","20111","ID","+628994358462","bus-01072@mailuji.example","ACTIVE"
"BUS-01073","Koperasi Cemerlang Niaga","Cemerlang Niaga","9912067818421","ID","2018-09-02","15249","300M_2_5B","Jl. Cempaka No. 81","Surabaya","Jawa Timur","60111","ID","+628997140018","bus-01073@surelsintetis.id","ACTIVE"
"BUS-01074","Koperasi Abadi Logistik","Abadi Logistik","9977282623895","ID","2013-08-10","52772","300M_2_5B","Jl. Flamboyan No. 30","Yogyakarta","DI Yogyakarta","55111","ID","+628994610506","bus-01074@contoh.id","ACTIVE"
"BUS-01075","PT Sejahtera Digital","Sejahtera Digital","9942272194130","ID","2021-05-26","32919","300M_2_5B","-","Balikpapan","Kalimantan Timur","76111","ID","+628996312966","bus-01075@mailuji.example","ACTIVE"
"BUS-01076","Koperasi Sinar Niaga","Sinar Niaga","9914685848405","ID","2024-01-08","61374","300M_2_5B","Jl. Kenanga No. 76","Yogyakarta","DI Yogyakarta","55111","ID","+628999795936","bus-01076@mailuji.example","CLOSED"
"BUS-01077","Koperasi Cemerlang Perkasa","Cemerlang Perkasa","9932473222143","ID","2014-02-04","66285","300M_2_5B","-","Makassar","Sulawesi Selatan","90111","ID","+628998647672","bus-01077@contoh.id","ACTIVE"
"BUS-01078","Koperasi Sejahtera Nusantara","Sejahtera Nusantara","9937105933726","ID","2016-11-21","38816","2_5B_50B","Jl. Bougenville No. 185","Semarang","Jawa Tengah","50111","ID","+628994316345","bus-01078@contoh.id","ACTIVE"
"BUS-01079","Koperasi Maju Nusantara","Maju Nusantara","9965261650951","ID","2016-08-17","58729","LT_300M","Jl. Melati No. 234","Yogyakarta","DI Yogyakarta","55111","ID","+628995919301","bus-01079@surelsintetis.id","ACTIVE"
"BUS-01080","UD Mandiri Logistik","Mandiri Logistik","9946620519228","ID","2019-05-25","41584","300M_2_5B","Jl. Dahlia No. 176","Balikpapan","Kalimantan Timur","76111","ID","+628996260350","bus-01080@surelsintetis.id","ACTIVE"
"BUS-01081","Koperasi Mandiri Digital","Mandiri Digital","9910335149968","ID","2023-07-24","86471","300M_2_5B","Jl. Bougenville No. 15","Semarang","Jawa Tengah","50111","ID","+628992990143","bus-01081@mailuji.example","ACTIVE"
"BUS-01082","CV Sentosa Logistik","Sentosa Logistik","9926999250298","ID","2024-01-04","40974","300M_2_5B","Jl. Teratai No. 113","Jakarta Pusat","DKI Jakarta","10110","ID","+628998261567","bus-01082@demo.example","ACTIVE"
"BUS-01083","UD Maju Nusantara","Maju Nusantara","9989083352422","ID","2023-09-30","11341","2_5B_50B","Jl. Anggrek No. 174","Jakarta Pusat","DKI Jakarta","10110","ID","+628998439584","bus-01083@demo.example","ACTIVE"
"BUS-01084","Koperasi Mandiri Utama","Mandiri Utama","9992403969186","ID","2023-02-23","12144","2_5B_50B","Jl. Cempaka No. 151","Medan","Sumatera Utara","20111","ID","+628994308207","bus-01084@surelsintetis.id","ACTIVE"
"BUS-01085","Koperasi Sejahtera Niaga","Sejahtera Niaga","9979007128941","ID","2016-10-08","54959","LT_300M","Jl. Flamboyan No. 156","Medan","Sumatera Utara","20111","ID","+628997446475","bus-01085@surelsintetis.id","ACTIVE"
"BUS-01086","PT Lestari Digital","Lestari Digital","9998278601747","ID","2012-12-28","86674","2_5B_50B","Jl. Kenanga No. 140","Yogyakarta","DI Yogyakarta","55111","ID","+628996335344","bus-01086@demo.example","ACTIVE"
"BUS-01087","PT Sentosa Bersama","Sentosa Bersama","9954328371784","ID","2014-03-23","26186","2_5B_50B","Jl. Kenanga No. 191","Denpasar","Bali","80111","ID","+628999647037","bus-01087@surelsintetis.id","ACTIVE"
"BUS-01088","Koperasi Maju Nusantara","Maju Nusantara","9910380129390","ID","2024-05-29","41298","300M_2_5B","Jl. Melati No. 83","Bandung","Jawa Barat","40111","ID","+628996961936","bus-01088@demo.example","ACTIVE"
"BUS-01089","Koperasi Cemerlang Perkasa","Cemerlang Perkasa","9916367500178","ID","2024-11-24","28714","300M_2_5B","Jl. Mawar No. 75","Palembang","Sumatera Selatan","30111","ID","+628997855162","bus-01089@contoh.id","ACTIVE"
"BUS-01090","Koperasi Sinar Perkasa","Sinar Perkasa","9913110081918","ID","2021-01-05","43393","2_5B_50B","Jl. Kenanga No. 142","Balikpapan","Kalimantan Timur","76111","ID","+628997161809","bus-01090@demo.example","ACTIVE"
"BUS-01091","PT Sentosa Bersama","Sentosa Bersama","9921555251202","ID","2015-04-01","23617","GT_50B","Jl. Kenanga No. 141","Balikpapan","Kalimantan Timur","76111","ID","+628998719880","bus-01091@demo.example","ACTIVE"
"BUS-01092","Koperasi Sejahtera Logistik","Sejahtera Logistik","9945848975335","ID","2021-08-27","53081","300M_2_5B","Jl. Bougenville No. 146","Surabaya","Jawa Timur","60111","ID","+628995754014","bus-01092@contoh.id","ACTIVE"
"BUS-01093","PT Harapan Digital","Harapan Digital","9950106681384","ID","2020-07-19","26159","300M_2_5B","Jl. Teratai No. 225","Makassar","Sulawesi Selatan","90111","ID","+628993709117","bus-01093@surelsintetis.id","ACTIVE"
"BUS-01094","UD Sejahtera Digital","Sejahtera Digital","9931971523717","ID","2019-07-02","93811","2_5B_50B","Jl. Dahlia No. 49","Yogyakarta","DI Yogyakarta","55111","ID","+628995550760","bus-01094@contoh.id","ACTIVE"
"BUS-01095","PT Maju Niaga","Maju Niaga","9988016251440","ID","2025-03-21","97582","GT_50B","Jl. Melati No. 68","Makassar","Sulawesi Selatan","90111","ID","+628992200957","bus-01095@mailuji.example","ACTIVE"
"BUS-01096","CV Berkah Digital","Berkah Digital","9939477788300","ID","2023-08-27","55276","2_5B_50B","Jl. Anggrek No. 55","Semarang","Jawa Tengah","50111","ID","+628995120595","bus-01096@contoh.id","ACTIVE"
"BUS-01097","PT Maju Utama","Maju Utama","9934795064607","ID","2020-09-19","33905","300M_2_5B","Jl. Bougenville No. 238","Surabaya","Jawa Timur","60111","ID","+628995806058","bus-01097@surelsintetis.id","ACTIVE"
"BUS-01098","PT Lestari Bersama","Lestari Bersama","9984048460512","ID","2025-01-06","64132","GT_50B","Jl. Bougenville No. 24","Balikpapan","Kalimantan Timur","76111","ID","+628991848014","bus-01098@surelsintetis.id","CLOSED"
"BUS-01099","PT Sejahtera Niaga","Sejahtera Niaga","9929886139272","ID","2013-01-29","32532","2_5B_50B","Jl. Melati No. 26","Makassar","Sulawesi Selatan","90111","ID","+628991539908","bus-01099@demo.example","ACTIVE"
"BUS-01100","CV Sejahtera Utama","Sejahtera Utama","9932337262048","ID","2014-06-19","29099","LT_300M","Jl. Bougenville No. 220","Semarang","Jawa Tengah","50111","ID","+628998562672","bus-01100@surelsintetis.id","ACTIVE"
"BUS-01101","Koperasi Abadi Bersama","Abadi Bersama","9973797666003","ID","2021-10-20","81950","LT_300M","Jl. Teratai No. 194","Jakarta Pusat","DKI Jakarta","10110","ID","+628996653095","bus-01101@surelsintetis.id","ACTIVE"
"BUS-01102","CV Jaya Perkasa","Jaya Perkasa","9984025421257","ID","2016-02-10","10506","300M_2_5B","Jl. Dahlia No. 48","Semarang","Jawa Tengah","50111","ID","+628999875581","bus-01102@demo.example","ACTIVE"
"BUS-01103","CV Abadi Logistik","Abadi Logistik","9991947252302","ID","2022-02-01","43185","GT_50B","Jl. Bougenville No. 110","Surabaya","Jawa Timur","60111","ID","+628999713188","bus-01103@contoh.id","ACTIVE"
"BUS-01104","UD Maju Logistik","Maju Logistik","9998424439471","ID","2024-07-01","21524","2_5B_50B","Jl. Mawar No. 201","Surabaya","Jawa Timur","60111","ID","+628993471919","bus-01104@surelsintetis.id","ACTIVE"
"BUS-01105","CV Jaya Digital","Jaya Digital","9982812480883","ID","2021-07-14","73109","300M_2_5B","Jl. Dahlia No. 202","Balikpapan","Kalimantan Timur","76111","ID","+628994155867","bus-01105@demo.example","ACTIVE"
"BUS-01106","PT Jaya Digital","Jaya Digital","9942016895872","ID","2014-12-24","15242","300M_2_5B","Jl. Dahlia No. 232","Semarang","Jawa Tengah","50111","ID","+628994690144","bus-01106@demo.example","ACTIVE"
"BUS-01107","Koperasi Sentosa Logistik","Sentosa Logistik","9949548448488","ID","2017-06-06","68621","LT_300M","Jl. Melati No. 62","Jakarta Pusat","DKI Jakarta","10110","ID","+628994395624","bus-01107@demo.example","ACTIVE"
"BUS-01108","PT Sinar Nusantara","Sinar Nusantara","9997797848256","ID","2016-08-20","79426","300M_2_5B","Jl. Bougenville No. 175","Makassar","Sulawesi Selatan","90111","ID","+628994296766","bus-01108@mailuji.example","ACTIVE"
"BUS-01109","PT Lestari Utama","Lestari Utama","9935687351872","ID","2015-05-20","58833","GT_50B","Jl. Flamboyan No. 152","Balikpapan","Kalimantan Timur","76111","ID","+628996213286","bus-01109@contoh.id","ACTIVE"
"BUS-01110","CV Berkah Logistik","Berkah Logistik","9970429713991","ID","2013-10-06","39768","LT_300M","Jl. Melati No. 80","Medan","Sumatera Utara","20111","ID","+628992116830","bus-01110@demo.example","ACTIVE"
"BUS-01111","UD Jaya Niaga","Jaya Niaga","9925206036975","ID","2024-10-10","66866","GT_50B","Jl. Mawar No. 180","Yogyakarta","DI Yogyakarta","55111","ID","+628999065001","bus-01111@contoh.id","ACTIVE"
"BUS-01112","CV Harapan Niaga","Harapan Niaga","9972799382925","ID","2022-04-27","16298","300M_2_5B","Jl. Cempaka No. 74","Makassar","Sulawesi Selatan","90111","ID","+628994427324","bus-01112@mailuji.example","ACTIVE"
"BUS-01113","CV Sejahtera Logistik","Sejahtera Logistik","9915499020135","ID","2019-04-21","47392","GT_50B","Jl. Melati No. 196","Bandung","Jawa Barat","40111","ID","+628992478765","bus-01113@surelsintetis.id","ACTIVE"
"BUS-01114","CV Sejahtera Perkasa","Sejahtera Perkasa","9995847222791","ID","2017-10-09","49290","LT_300M","Jl. Flamboyan No. 20","Palembang","Sumatera Selatan","30111","ID","+628994614112","bus-01114@contoh.id","ACTIVE"
"BUS-01115","Koperasi Lestari Perkasa","Lestari Perkasa","9957866688725","ID","2019-02-02","18785","2_5B_50B","Jl. Bougenville No. 69","Surabaya","Jawa Timur","60111","ID","+628998118581","bus-01115@contoh.id","ACTIVE"
"BUS-01116","CV Abadi Digital","Abadi Digital","9915937391865","ID","2013-02-11","91892","GT_50B","Jl. Dahlia No. 149","Medan","Sumatera Utara","20111","ID","+628996397823","bus-01116@demo.example","ACTIVE"
"BUS-01117","CV Mandiri Digital","Mandiri Digital","9939016339596","ID","2018-09-08","74486","GT_50B","Jl. Flamboyan No. 186","Yogyakarta","DI Yogyakarta","55111","ID","+628994692935","bus-01117@contoh.id","ACTIVE"
"BUS-01118","PT Jaya Perkasa","Jaya Perkasa","9913420237102","ID","2019-07-13","77435","300M_2_5B","Jl. Dahlia No. 102","Semarang","Jawa Tengah","50111","ID","+628992216594","bus-01118@demo.example","ACTIVE"
"BUS-01119","CV Abadi Perkasa","Abadi Perkasa","9942115928672","ID","2015-05-01","41198","300M_2_5B","Jl. Dahlia No. 176","Balikpapan","Kalimantan Timur","76111","ID","+628996603899","bus-01119@mailuji.example","ACTIVE"
"BUS-01120","Koperasi Sinar Niaga","Sinar Niaga","9952898081387","ID","2016-05-26","91510","LT_300M","Jl. Teratai No. 101","Medan","Sumatera Utara","20111","ID","+628996363245","bus-01120@contoh.id","ACTIVE"
"BUS-01121","Koperasi Sentosa Bersama","Sentosa Bersama","9923105627127","ID","2018-05-09","34217","300M_2_5B","Jl. Kenanga No. 159","Balikpapan","Kalimantan Timur","76111","ID","+628992430158","bus-01121@contoh.id","ACTIVE"
"BUS-01122","UD Lestari Perkasa","Lestari Perkasa","9968838165099","ID","2024-06-09","90709","LT_300M","Jl. Anggrek No. 216","Balikpapan","Kalimantan Timur","76111","ID","+628991035408","bus-01122@demo.example","ACTIVE"
"BUS-01123","Koperasi Cemerlang Nusantara","Cemerlang Nusantara","9940086665033","ID","2014-10-09","81102","2_5B_50B","Jl. Cempaka No. 46","Jakarta Pusat","DKI Jakarta","10110","ID","+628997173025","bus-01123@demo.example","ACTIVE"
"BUS-01124","CV Sentosa Niaga","Sentosa Niaga","9990140857503","ID","2014-07-14","28884","GT_50B","Jl. Kenanga No. 99","Semarang","Jawa Tengah","50111","ID","+628998539783","bus-01124@surelsintetis.id","ACTIVE"
"BUS-01125","CV Berkah Niaga","Berkah Niaga","9994182023753","ID","2024-03-11","29961","GT_50B","Jl. Dahlia No. 17","Palembang","Sumatera Selatan","30111","ID","+628997053204","bus-01125@demo.example","ACTIVE"
"BUS-01126","PT Makmur Logistik","Makmur Logistik","9960166413644","ID","2022-01-18","13443","300M_2_5B","Jl. Flamboyan No. 40","Palembang","Sumatera Selatan","30111","ID","+628996945291","bus-01126@mailuji.example","ACTIVE"
"BUS-01127","UD Sentosa Niaga","Sentosa Niaga","9916944851980","ID","2019-10-21","38359","2_5B_50B","Jl. Flamboyan No. 200","Bandung","Jawa Barat","40111","ID","+628998350264","bus-01127@mailuji.example","ACTIVE"
"BUS-01128","PT Abadi Nusantara","Abadi Nusantara","9982761524921","ID","2019-02-25","19500","2_5B_50B","Jl. Mawar No. 97","Makassar","Sulawesi Selatan","90111","ID","+628997268167","bus-01128@demo.example","ACTIVE"
"BUS-01129","UD Sinar Perkasa","Sinar Perkasa","9953467430338","ID","2013-05-15","95839","2_5B_50B","Jl. Dahlia No. 236","Balikpapan","Kalimantan Timur","76111","ID","+628998460708","bus-01129@surelsintetis.id","ACTIVE"
"BUS-01130","Koperasi Maju Bersama","Maju Bersama","9927363811360","ID","2025-08-14","15737","GT_50B","Jl. Flamboyan No. 2","Yogyakarta","DI Yogyakarta","55111","ID","+628995311497","bus-01130@contoh.id","ACTIVE"
"BUS-01131","PT Jaya Perkasa","Jaya Perkasa","9959277812341","ID","2021-06-27","49104","300M_2_5B","Jl. Mawar No. 21","Surabaya","Jawa Timur","60111","ID","+628997035657","bus-01131@mailuji.example","ACTIVE"
"BUS-01132","Koperasi Cemerlang Perkasa","Cemerlang Perkasa","9980951520276","ID","2020-01-01","69273","GT_50B","Jl. Bougenville No. 170","Balikpapan","Kalimantan Timur","76111","ID","+628991857897","bus-01132@contoh.id","ACTIVE"
"BUS-01133","UD Sinar Utama","Sinar Utama","9987807765399","ID","2015-12-26","18904","GT_50B","Jl. Flamboyan No. 189","Palembang","Sumatera Selatan","30111","ID","+628991632620","bus-01133@mailuji.example","ACTIVE"
"BUS-01134","CV Maju Utama","Maju Utama","9916045267704","ID","2015-11-08","88318","GT_50B","Jl. Anggrek No. 68","Medan","Sumatera Utara","20111","ID","+628995428312","bus-01134@demo.example","ACTIVE"
"BUS-01135","CV Jaya Perkasa","Jaya Perkasa","9996373633442","ID","2016-04-11","20542","GT_50B","Jl. Flamboyan No. 52","Medan","Sumatera Utara","20111","ID","+628995094110","bus-01135@surelsintetis.id","ACTIVE"
"BUS-01136","CV Cemerlang Utama","Cemerlang Utama","9959765833990","ID","2016-01-11","83418","LT_300M","Jl. Melati No. 227","Balikpapan","Kalimantan Timur","76111","ID","+628993634866","bus-01136@demo.example","ACTIVE"
"BUS-01137","CV Maju Logistik","Maju Logistik","9913520531821","ID","2013-01-19","76739","LT_300M","Jl. Kenanga No. 168","Palembang","Sumatera Selatan","30111","ID","+628995584231","bus-01137@contoh.id","CLOSED"
"BUS-01138","CV Sinar Bersama","Sinar Bersama","9999071079656","ID","2015-10-30","92203","LT_300M","Jl. Teratai No. 71","Jakarta Pusat","DKI Jakarta","10110","ID","+628993237303","bus-01138@mailuji.example","ACTIVE"
"BUS-01139","CV Sinar Bersama","Sinar Bersama","9996822339400","ID","2015-04-03","87433","LT_300M","Jl. Melati No. 222","Palembang","Sumatera Selatan","30111","ID","+628997310416","bus-01139@mailuji.example","ACTIVE"
"BUS-01140","Koperasi Mandiri Utama","Mandiri Utama","9911355947240","ID","2021-10-11","14411","LT_300M","Jl. Flamboyan No. 57","Jakarta Pusat","DKI Jakarta","10110","ID","+628998947091","bus-01140@mailuji.example","ACTIVE"
"BUS-01141","UD Jaya Utama","Jaya Utama","9913152637217","ID","2023-04-30","10203","LT_300M","Jl. Cempaka No. 137","Medan","Sumatera Utara","20111","ID","+628992177477","bus-01141@demo.example","ACTIVE"
"BUS-01142","UD Jaya Logistik","Jaya Logistik","9936556573856","ID","2018-02-06","54897","2_5B_50B","Jl. Melati No. 87","Denpasar","Bali","80111","ID","+628997199844","bus-01142@mailuji.example","ACTIVE"
"BUS-01143","UD Lestari Bersama","Lestari Bersama","9990491188453","ID","2016-01-19","61479","300M_2_5B","Jl. Teratai No. 140","Bandung","Jawa Barat","40111","ID","+628999304085","bus-01143@contoh.id","ACTIVE"
"BUS-01144","UD Abadi Digital","Abadi Digital","9974747085913","ID","2023-08-31","13283","LT_300M","Jl. Bougenville No. 238","Surabaya","Jawa Timur","60111","ID","+628997721023","bus-01144@mailuji.example","ACTIVE"
"BUS-01145","Koperasi Maju Digital","Maju Digital","9991988655906","ID","2016-07-22","87553","300M_2_5B","Jl. Kenanga No. 55","Denpasar","Bali","80111","ID","+628997968918","bus-01145@contoh.id","ACTIVE"
"BUS-01146","Koperasi Lestari Nusantara","Lestari Nusantara","9913889448195","ID","2017-08-25","25770","2_5B_50B","Jl. Anggrek No. 230","Balikpapan","Kalimantan Timur","76111","ID","+628994416311","bus-01146@surelsintetis.id","ACTIVE"
"BUS-01147","UD Lestari Digital","Lestari Digital","9965485775465","ID","2018-04-11","31531","300M_2_5B","Jl. Teratai No. 10","Denpasar","Bali","80111","ID","+628992065180","bus-01147@mailuji.example","ACTIVE"
"BUS-01148","CV Sentosa Digital","Sentosa Digital","9974700505502","ID","2015-06-09","75844","LT_300M","Jl. Anggrek No. 101","Palembang","Sumatera Selatan","30111","ID","+628997929991","bus-01148@demo.example","ACTIVE"
"BUS-01149","Koperasi Jaya Nusantara","Jaya Nusantara","9956816936472","ID","2021-12-10","99991","2_5B_50B","Jl. Teratai No. 43","Denpasar","Bali","80111","ID","+628997043186","bus-01149@demo.example","ACTIVE"
"BUS-01150","UD Maju Utama","Maju Utama","9969495681786","ID","2018-01-17","87815","LT_300M","Jl. Melati No. 6","Denpasar","Bali","80111","ID","+628994805694","bus-01150@contoh.id","ACTIVE"
"BUS-01151","PT Maju Bersama","Maju Bersama","9931356307581","ID","2021-03-21","28993","GT_50B","Jl. Anggrek No. 97","Semarang","Jawa Tengah","50111","ID","+628999005221","bus-01151@surelsintetis.id","ACTIVE"
"BUS-01152","UD Mandiri Nusantara","Mandiri Nusantara","9970103570467","ID","2017-06-25","35681","300M_2_5B","Jl. Dahlia No. 127","Bandung","Jawa Barat","40111","ID","+628991830714","bus-01152@mailuji.example","ACTIVE"
"BUS-01153","PT Cemerlang Niaga","Cemerlang Niaga","9980428760858","ID","2019-03-14","12867","300M_2_5B","Jl. Flamboyan No. 222","Jakarta Pusat","DKI Jakarta","10110","ID","+628998377127","bus-01153@mailuji.example","ACTIVE"
"BUS-01154","Koperasi Mandiri Digital","Mandiri Digital","9978949766705","ID","2023-08-19","96308","GT_50B","Jl. Anggrek No. 226","Yogyakarta","DI Yogyakarta","55111","ID","+628998624798","bus-01154@contoh.id","ACTIVE"
"BUS-01155","PT Mandiri Logistik","Mandiri Logistik","9931091753462","ID","2024-08-13","23940","LT_300M","Jl. Flamboyan No. 198","Bandung","Jawa Barat","40111","ID","+628996079711","bus-01155@contoh.id","ACTIVE"
"BUS-01156","UD Jaya Nusantara","Jaya Nusantara","9929919342766","ID","2025-01-05","20884","2_5B_50B","Jl. Mawar No. 67","Semarang","Jawa Tengah","50111","ID","+628992097682","bus-01156@mailuji.example","ACTIVE"
"BUS-01157","PT Harapan Utama","Harapan Utama","9948298217617","ID","2013-10-28","65753","LT_300M","Jl. Anggrek No. 212","Surabaya","Jawa Timur","60111","ID","+628993447954","bus-01157@demo.example","ACTIVE"
"BUS-01158","PT Sinar Logistik","Sinar Logistik","9965551785342","ID","2016-04-26","19859","GT_50B","Jl. Mawar No. 219","Jakarta Pusat","DKI Jakarta","10110","ID","+628991051803","bus-01158@surelsintetis.id","ACTIVE"
"BUS-01159","UD Abadi Logistik","Abadi Logistik","9974217271209","ID","2013-09-09","76266","300M_2_5B","Jl. Dahlia No. 38","Jakarta Pusat","DKI Jakarta","10110","ID","+628995891520","bus-01159@mailuji.example","ACTIVE"
"BUS-01160","CV Berkah Logistik","Berkah Logistik","9978680131563","ID","2022-07-23","50682","GT_50B","Jl. Teratai No. 158","Balikpapan","Kalimantan Timur","76111","ID","+628999463579","bus-01160@demo.example","ACTIVE"
"BUS-01161","PT Sentosa Logistik","Sentosa Logistik","9943326425714","ID","2016-03-18","23577","300M_2_5B","Jl. Teratai No. 114","Makassar","Sulawesi Selatan","90111","ID","+628991970650","bus-01161@mailuji.example","ACTIVE"
"BUS-01162","UD Mandiri Utama","Mandiri Utama","9943586039208","ID","2024-05-25","69156","2_5B_50B","Jl. Flamboyan No. 238","Yogyakarta","DI Yogyakarta","55111","ID","+628998812214","bus-01162@demo.example","ACTIVE"
"BUS-01163","PT Berkah Logistik","Berkah Logistik","9931240377957","ID","2013-11-22","90238","GT_50B","Jl. Teratai No. 3","Medan","Sumatera Utara","20111","ID","+628995819393","bus-01163@demo.example","ACTIVE"
"BUS-01164","Koperasi Sentosa Bersama","Sentosa Bersama","9983576195099","ID","2012-09-05","82334","LT_300M","Jl. Anggrek No. 88","Balikpapan","Kalimantan Timur","76111","ID","+628992880257","bus-01164@surelsintetis.id","ACTIVE"
"BUS-01165","PT Maju Nusantara","Maju Nusantara","9988870202719","ID","2024-02-19","32915","2_5B_50B","Jl. Anggrek No. 225","Medan","Sumatera Utara","20111","ID","+628996589625","bus-01165@contoh.id","ACTIVE"
"BUS-01166","PT Sinar Niaga","Sinar Niaga","9967939468341","ID","2015-01-27","82755","2_5B_50B","N/A","Denpasar","Bali","80111","ID","+628998057332","bus-01166@contoh.id","ACTIVE"
"BUS-01167","Koperasi Mandiri Niaga","Mandiri Niaga","9994753975267","ID","2025-03-02","76667","GT_50B","Jl. Cempaka No. 205","Surabaya","Jawa Timur","60111","ID","+628996325113","bus-01167@contoh.id","SUSPENDED"
"BUS-01168","UD Lestari Utama","Lestari Utama","9974490252467","ID","2021-01-17","90720","2_5B_50B","Jl. Mawar No. 71","Semarang","Jawa Tengah","50111","ID","+628998495479","bus-01168@contoh.id","ACTIVE"
"BUS-01169","Koperasi Lestari Bersama","Lestari Bersama","9929088354570","ID","2016-07-15","51668","300M_2_5B","Jl. Cempaka No. 65","Yogyakarta","DI Yogyakarta","55111","ID","+628991768580","bus-01169@surelsintetis.id","ACTIVE"
"BUS-01170","CV Makmur Bersama","Makmur Bersama","9961943518808","ID","2013-07-23","28636","2_5B_50B","Jl. Anggrek No. 101","Yogyakarta","DI Yogyakarta","55111","ID","+628999853338","bus-01170@contoh.id","ACTIVE"
"BUS-01171","CV Makmur Perkasa","Makmur Perkasa","9950710680021","ID","2021-04-03","97124","2_5B_50B","Jl. Mawar No. 175","Palembang","Sumatera Selatan","30111","ID","+628994925881","bus-01171@demo.example","ACTIVE"
"BUS-01172","UD Berkah Utama","Berkah Utama","9936246592277","ID","2022-10-29","22376","LT_300M","Jl. Melati No. 35","Yogyakarta","DI Yogyakarta","55111","ID","+628997949514","bus-01172@demo.example","ACTIVE"
"BUS-01173","PT Jaya Utama","Jaya Utama","9913835447858","ID","2021-02-22","99426","GT_50B","Jl. Teratai No. 148","Balikpapan","Kalimantan Timur","76111","ID","+628997576838","bus-01173@demo.example","ACTIVE"
"BUS-01174","CV Makmur Digital","Makmur Digital","9979676182417","ID","2024-11-03","83869","LT_300M","Jl. Cempaka No. 192","Makassar","Sulawesi Selatan","90111","ID","+628992662895","bus-01174@contoh.id","ACTIVE"
"BUS-01175","CV Mandiri Niaga","Mandiri Niaga","9948449952671","ID","2024-11-06","45093","300M_2_5B","Jl. Kenanga No. 228","Bandung","Jawa Barat","40111","ID","+628991172269","bus-01175@surelsintetis.id","ACTIVE"
"BUS-01176","CV Makmur Bersama","Makmur Bersama","9977420721103","ID","2023-01-16","37518","300M_2_5B","Jl. Kenanga No. 41","Palembang","Sumatera Selatan","30111","ID","+628993974865","bus-01176@mailuji.example","ACTIVE"
"BUS-01177","UD Maju Niaga","Maju Niaga","9921425226388","ID","2014-10-26","34379","300M_2_5B","Jl. Bougenville No. 184","Makassar","Sulawesi Selatan","90111","ID","+628994173577","bus-01177@demo.example","ACTIVE"
"BUS-01178","Koperasi Sejahtera Utama","Sejahtera Utama","9925717143229","ID","2020-11-19","68949","300M_2_5B","Jl. Anggrek No. 21","Surabaya","Jawa Timur","60111","ID","+628998774909","bus-01178@mailuji.example","ACTIVE"
"BUS-01179","UD Cemerlang Utama","Cemerlang Utama","9917482480026","ID","2015-12-13","58041","GT_50B","Jl. Cempaka No. 74","Medan","Sumatera Utara","20111","ID","+628991526556","bus-01179@mailuji.example","ACTIVE"
"BUS-01180","UD Lestari Logistik","Lestari Logistik","9941004757842","ID","2024-12-13","97876","GT_50B","Jl. Anggrek No. 178","Makassar","Sulawesi Selatan","90111","ID","+628998025148","bus-01180@demo.example","ACTIVE"
"BUS-01181","UD Sentosa Utama","Sentosa Utama","9947763451211","ID","2023-08-09","31139","GT_50B","Jl. Melati No. 56","Palembang","Sumatera Selatan","30111","ID","+628999008075","bus-01181@contoh.id","ACTIVE"
"BUS-01182","PT Abadi Perkasa","Abadi Perkasa","9987514722832","ID","2012-09-27","31449","300M_2_5B","Jl. Teratai No. 217","Denpasar","Bali","80111","ID","+628993216222","bus-01182@contoh.id","ACTIVE"
"BUS-01183","UD Makmur Niaga","Makmur Niaga","9953012395322","ID","2024-04-15","38490","GT_50B","Jl. Anggrek No. 238","Jakarta Pusat","DKI Jakarta","10110","ID","+628998293285","bus-01183@contoh.id","ACTIVE"
"BUS-01184","PT Lestari Nusantara","Lestari Nusantara","9915066554598","ID","2020-02-10","80620","GT_50B","Jl. Kenanga No. 58","Jakarta Pusat","DKI Jakarta","10110","ID","+628996126663","bus-01184@surelsintetis.id","ACTIVE"
"BUS-01185","PT Sejahtera Bersama","Sejahtera Bersama","9946654688558","ID","2017-06-03","18175","LT_300M","Jl. Flamboyan No. 214","Balikpapan","Kalimantan Timur","76111","ID","+628996200438","bus-01185@mailuji.example","ACTIVE"
"BUS-01186","PT Sinar Niaga","Sinar Niaga","9944133495104","ID","2023-09-16","21281","GT_50B","Jl. Bougenville No. 190","Jakarta Pusat","DKI Jakarta","10110","ID","+628994359629","bus-01186@mailuji.example","ACTIVE"
"BUS-01187","CV Cemerlang Bersama","Cemerlang Bersama","9910356848365","ID","2024-09-04","61819","LT_300M","Jl. Melati No. 213","Makassar","Sulawesi Selatan","90111","ID","+628994322574","bus-01187@demo.example","ACTIVE"
"BUS-01188","UD Lestari Niaga","Lestari Niaga","9922350263014","ID","2014-10-18","81133","GT_50B","Jl. Dahlia No. 170","Bandung","Jawa Barat","40111","ID","+628992185844","bus-01188@mailuji.example","ACTIVE"
"BUS-01189","CV Lestari Perkasa","Lestari Perkasa","9945129862696","ID","2020-03-29","85488","LT_300M","Jl. Kenanga No. 165","Palembang","Sumatera Selatan","30111","ID","+628994931150","bus-01189@contoh.id","ACTIVE"
"BUS-01190","Koperasi Jaya Niaga","Jaya Niaga","9912375545544","ID","2013-03-22","81236","300M_2_5B","Jl. Bougenville No. 90","Surabaya","Jawa Timur","60111","ID","+628995111465","bus-01190@demo.example","ACTIVE"
"BUS-01191","Koperasi Cemerlang Perkasa","Cemerlang Perkasa","9928552177400","ID","2015-12-16","87001","2_5B_50B","Jl. Cempaka No. 129","Palembang","Sumatera Selatan","30111","ID","+628994579060","bus-01191@mailuji.example","ACTIVE"
"BUS-01192","CV Harapan Logistik","Harapan Logistik","9987703056275","ID","2015-03-13","65508","2_5B_50B","Jl. Teratai No. 193","Medan","Sumatera Utara","20111","ID","+628993274286","bus-01192@surelsintetis.id","CLOSED"
"BUS-01193","Koperasi Berkah Nusantara","Berkah Nusantara","9937167874134","ID","2017-12-26","27059","GT_50B","Jl. Cempaka No. 212","Jakarta Pusat","DKI Jakarta","10110","ID","+628997715521","bus-01193@surelsintetis.id","ACTIVE"
"BUS-01194","CV Lestari Niaga","Lestari Niaga","9931951550744","ID","2020-11-26","29498","LT_300M","Jl. Cempaka No. 33","Semarang","Jawa Tengah","50111","ID","+628991490189","bus-01194@demo.example","ACTIVE"
"BUS-01195","Koperasi Cemerlang Niaga","Cemerlang Niaga","9957541465609","ID","2018-02-21","75889","300M_2_5B","N/A","Yogyakarta","DI Yogyakarta","55111","ID","+628995729375","bus-01195@demo.example","ACTIVE"
"BUS-01196","CV Cemerlang Digital","Cemerlang Digital","9915473759126","ID","2020-06-23","45103","300M_2_5B","Jl. Cempaka No. 46","Denpasar","Bali","80111","ID","+628993550709","bus-01196@surelsintetis.id","ACTIVE"
"BUS-01197","Koperasi Berkah Utama","Berkah Utama","9919399887697","ID","2017-12-24","40919","300M_2_5B","Jl. Teratai No. 144","Balikpapan","Kalimantan Timur","76111","ID","+628991924113","bus-01197@mailuji.example","ACTIVE"
"BUS-01198","PT Maju Bersama","Maju Bersama","9925710578224","ID","2024-01-01","39722","GT_50B","Jl. Cempaka No. 192","Semarang","Jawa Tengah","50111","ID","+628998795218","bus-01198@contoh.id","ACTIVE"
"BUS-01199","CV Maju Nusantara","Maju Nusantara","9974291524523","ID","2022-12-02","19212","2_5B_50B","Jl. Kenanga No. 154","Palembang","Sumatera Selatan","30111","ID","+628993329033","bus-01199@contoh.id","ACTIVE"
"BUS-01200","CV Sejahtera Bersama","Sejahtera Bersama","9951346007856","ID","2016-07-15","43543","2_5B_50B","Jl. Mawar No. 208","Palembang","Sumatera Selatan","30111","ID","+628996301796","bus-01200@contoh.id","ACTIVE"
