"scenario_id","label_type","pattern_code","entity_source_id","window_start","window_end","expected_reason_code","note"
"ER-SAME_ID_NAME_VARIANT-00001","EDGE_CASE","ER","CUST-ER00001","","","SAME_ID_NAME_VARIANT","must auto-merge; twin of CUST-008062"
"ER-SAME_ID_NAME_VARIANT-00002","EDGE_CASE","ER","CUST-ER00002","","","SAME_ID_NAME_VARIANT","must auto-merge; twin of CUST-000807"
"ER-SAME_ID_NAME_VARIANT-00003","EDGE_CASE","ER","CUST-ER00003","","","SAME_ID_NAME_VARIANT","must auto-merge; twin of CUST-005661"
"ER-SAME_ID_NAME_VARIANT-00004","EDGE_CASE","ER","CUST-ER00004","","","SAME_ID_NAME_VARIANT","must auto-merge; twin of CUST-005837"
"ER-SAME_ID_NAME_VARIANT-00005","EDGE_CASE","ER","CUST-ER00005","","","SAME_ID_NAME_VARIANT","must auto-merge; twin of CUST-008377"
"ER-SAME_ID_NAME_VARIANT-00006","EDGE_CASE","ER","CUST-ER00006","","","SAME_ID_NAME_VARIANT","must auto-merge; twin of CUST-000484"
"ER-SAME_ID_NAME_VARIANT-00007","EDGE_CASE","ER","CUST-ER00007","","","SAME_ID_NAME_VARIANT","must auto-merge; twin of CUST-003831"
"ER-SAME_ID_NAME_VARIANT-00008","EDGE_CASE","ER","CUST-ER00008","","","SAME_ID_NAME_VARIANT","must auto-merge; twin of CUST-007534"
"ER-SAME_ID_NAME_VARIANT-00009","EDGE_CASE","ER","CUST-ER00009","","","SAME_ID_NAME_VARIANT","must auto-merge; twin of CUST-004501"
"ER-SAME_ID_NAME_VARIANT-00010","EDGE_CASE","ER","CUST-ER00010","","","SAME_ID_NAME_VARIANT","must auto-merge; twin of CUST-000192"
"ER-SAME_ID_NAME_VARIANT-00011","EDGE_CASE","ER","CUST-ER00011","","","SAME_ID_NAME_VARIANT","must auto-merge; twin of CUST-007136"
"ER-SAME_ID_NAME_VARIANT-00012","EDGE_CASE","ER","CUST-ER00012","","","SAME_ID_NAME_VARIANT","must auto-merge; twin of CUST-003727"
"ER-SAME_ID_NAME_VARIANT-00013","EDGE_CASE","ER","CUST-ER00013","","","SAME_ID_NAME_VARIANT","must auto-merge; twin of CUST-007988"
"ER-SAME_ID_NAME_VARIANT-00014","EDGE_CASE","ER","CUST-ER00014","","","SAME_ID_NAME_VARIANT","must auto-merge; twin of CUST-002687"
"ER-SAME_ID_NAME_VARIANT-00015","EDGE_CASE","ER","CUST-ER00015","","","SAME_ID_NAME_VARIANT","must auto-merge; twin of CUST-002756"
"ER-SAME_ID_NAME_VARIANT-00016","EDGE_CASE","ER","CUST-ER00016","","","SAME_ID_NAME_VARIANT","must auto-merge; twin of CUST-000775"
"ER-SAME_ID_NAME_VARIANT-00017","EDGE_CASE","ER","CUST-ER00017","","","SAME_ID_NAME_VARIANT","must auto-merge; twin of CUST-008126"
"ER-SAME_ID_NAME_VARIANT-00018","EDGE_CASE","ER","CUST-ER00018","","","SAME_ID_NAME_VARIANT","must auto-merge; twin of CUST-000286"
"ER-SAME_ID_NAME_VARIANT-00019","EDGE_CASE","ER","CUST-ER00019","","","SAME_ID_NAME_VARIANT","must auto-merge; twin of CUST-004747"
"ER-SAME_ID_NAME_VARIANT-00020","EDGE_CASE","ER","CUST-ER00020","","","SAME_ID_NAME_VARIANT","must auto-merge; twin of CUST-008185"
"ER-SAME_ID_NAME_VARIANT-00021","EDGE_CASE","ER","CUST-ER00021","","","SAME_ID_NAME_VARIANT","must auto-merge; twin of CUST-007379"
"ER-SAME_ID_NAME_VARIANT-00022","EDGE_CASE","ER","CUST-ER00022","","","SAME_ID_NAME_VARIANT","must auto-merge; twin of CUST-004528"
"ER-SAME_ID_NAME_VARIANT-00023","EDGE_CASE","ER","CUST-ER00023","","","SAME_ID_NAME_VARIANT","must auto-merge; twin of CUST-009069"
"ER-SAME_ID_NAME_VARIANT-00024","EDGE_CASE","ER","CUST-ER00024","","","SAME_ID_NAME_VARIANT","must auto-merge; twin of CUST-006902"
"ER-SAME_ID_NAME_VARIANT-00025","EDGE_CASE","ER","CUST-ER00025","","","SAME_ID_NAME_VARIANT","must auto-merge; twin of CUST-007789"
"ER-SAME_ID_NAME_VARIANT-00026","EDGE_CASE","ER","CUST-ER00026","","","SAME_ID_NAME_VARIANT","must auto-merge; twin of CUST-001072"
"ER-SAME_ID_NAME_VARIANT-00027","EDGE_CASE","ER","CUST-ER00027","","","SAME_ID_NAME_VARIANT","must auto-merge; twin of CUST-004686"
"ER-SAME_ID_NAME_VARIANT-00028","EDGE_CASE","ER","CUST-ER00028","","","SAME_ID_NAME_VARIANT","must auto-merge; twin of CUST-001335"
"ER-SAME_ID_NAME_VARIANT-00029","EDGE_CASE","ER","CUST-ER00029","","","SAME_ID_NAME_VARIANT","must auto-merge; twin of CUST-002183"
"ER-SAME_ID_NAME_VARIANT-00030","EDGE_CASE","ER","CUST-ER00030","","","SAME_ID_NAME_VARIANT","must auto-merge; twin of CUST-003069"
"ER-SAME_ID_NAME_VARIANT-00031","EDGE_CASE","ER","CUST-ER00031","","","SAME_ID_NAME_VARIANT","must auto-merge; twin of CUST-003355"
"ER-SAME_ID_NAME_VARIANT-00032","EDGE_CASE","ER","CUST-ER00032","","","SAME_ID_NAME_VARIANT","must auto-merge; twin of CUST-007732"
"ER-SAME_ID_NAME_VARIANT-00033","EDGE_CASE","ER","CUST-ER00033","","","SAME_ID_NAME_VARIANT","must auto-merge; twin of CUST-003662"
"ER-SAME_ID_NAME_VARIANT-00034","EDGE_CASE","ER","CUST-ER00034","","","SAME_ID_NAME_VARIANT","must auto-merge; twin of CUST-005964"
"ER-SAME_ID_NAME_VARIANT-00035","EDGE_CASE","ER","CUST-ER00035","","","SAME_ID_NAME_VARIANT","must auto-merge; twin of CUST-001520"
"ER-SAME_ID_NAME_VARIANT-00036","EDGE_CASE","ER","CUST-ER00036","","","SAME_ID_NAME_VARIANT","must auto-merge; twin of CUST-006911"
"ER-SAME_ID_NAME_VARIANT-00037","EDGE_CASE","ER","CUST-ER00037","","","SAME_ID_NAME_VARIANT","must auto-merge; twin of CUST-001620"
"ER-SAME_ID_NAME_VARIANT-00038","EDGE_CASE","ER","CUST-ER00038","","","SAME_ID_NAME_VARIANT","must auto-merge; twin of CUST-003522"
"ER-SAME_ID_NAME_VARIANT-00039","EDGE_CASE","ER","CUST-ER00039","","","SAME_ID_NAME_VARIANT","must auto-merge; twin of CUST-006139"
"ER-SAME_ID_NAME_VARIANT-00040","EDGE_CASE","ER","CUST-ER00040","","","SAME_ID_NAME_VARIANT","must auto-merge; twin of CUST-007653"
"ER-SAME_ID_NAME_VARIANT-00041","EDGE_CASE","ER","CUST-ER00041","","","SAME_ID_NAME_VARIANT","must auto-merge; twin of CUST-007661"
"ER-SAME_ID_NAME_VARIANT-00042","EDGE_CASE","ER","CUST-ER00042","","","SAME_ID_NAME_VARIANT","must auto-merge; twin of CUST-003726"
"ER-SAME_ID_NAME_VARIANT-00043","EDGE_CASE","ER","CUST-ER00043","","","SAME_ID_NAME_VARIANT","must auto-merge; twin of CUST-000086"
"ER-SAME_ID_NAME_VARIANT-00044","EDGE_CASE","ER","CUST-ER00044","","","SAME_ID_NAME_VARIANT","must auto-merge; twin of CUST-000171"
"ER-SAME_ID_NAME_VARIANT-00045","EDGE_CASE","ER","CUST-ER00045","","","SAME_ID_NAME_VARIANT","must auto-merge; twin of CUST-002565"
"ER-SAME_ID_NAME_VARIANT-00046","EDGE_CASE","ER","CUST-ER00046","","","SAME_ID_NAME_VARIANT","must auto-merge; twin of CUST-008875"
"ER-SAME_ID_NAME_VARIANT-00047","EDGE_CASE","ER","CUST-ER00047","","","SAME_ID_NAME_VARIANT","must auto-merge; twin of CUST-007488"
"ER-SAME_ID_NAME_VARIANT-00048","EDGE_CASE","ER","CUST-ER00048","","","SAME_ID_NAME_VARIANT","must auto-merge; twin of CUST-003563"
"ER-SAME_ID_NAME_VARIANT-00049","EDGE_CASE","ER","CUST-ER00049","","","SAME_ID_NAME_VARIANT","must auto-merge; twin of CUST-006887"
"ER-SAME_ID_NAME_VARIANT-00050","EDGE_CASE","ER","CUST-ER00050","","","SAME_ID_NAME_VARIANT","must auto-merge; twin of CUST-001711"
"ER-SAME_ID_NAME_VARIANT-00051","EDGE_CASE","ER","CUST-ER00051","","","SAME_ID_NAME_VARIANT","must auto-merge; twin of CUST-005351"
"ER-SAME_ID_NAME_VARIANT-00052","EDGE_CASE","ER","CUST-ER00052","","","SAME_ID_NAME_VARIANT","must auto-merge; twin of CUST-002606"
"ER-SAME_ID_NAME_VARIANT-00053","EDGE_CASE","ER","CUST-ER00053","","","SAME_ID_NAME_VARIANT","must auto-merge; twin of CUST-001610"
"ER-SAME_ID_NAME_VARIANT-00054","EDGE_CASE","ER","CUST-ER00054","","","SAME_ID_NAME_VARIANT","must auto-merge; twin of CUST-006231"
"ER-SAME_ID_NAME_VARIANT-00055","EDGE_CASE","ER","CUST-ER00055","","","SAME_ID_NAME_VARIANT","must auto-merge; twin of CUST-001796"
"ER-SAME_ID_NAME_VARIANT-00056","EDGE_CASE","ER","CUST-ER00056","","","SAME_ID_NAME_VARIANT","must auto-merge; twin of CUST-006332"
"ER-SAME_ID_NAME_VARIANT-00057","EDGE_CASE","ER","CUST-ER00057","","","SAME_ID_NAME_VARIANT","must auto-merge; twin of CUST-002576"
"ER-SAME_ID_NAME_VARIANT-00058","EDGE_CASE","ER","CUST-ER00058","","","SAME_ID_NAME_VARIANT","must auto-merge; twin of CUST-008105"
"ER-SAME_ID_NAME_VARIANT-00059","EDGE_CASE","ER","CUST-ER00059","","","SAME_ID_NAME_VARIANT","must auto-merge; twin of CUST-007825"
"ER-SAME_ID_NAME_VARIANT-00060","EDGE_CASE","ER","CUST-ER00060","","","SAME_ID_NAME_VARIANT","must auto-merge; twin of CUST-007032"
"ER-SAME_ID_NAME_VARIANT-00061","EDGE_CASE","ER","CUST-ER00061","","","SAME_ID_NAME_VARIANT","must auto-merge; twin of CUST-002801"
"ER-SAME_ID_NAME_VARIANT-00062","EDGE_CASE","ER","CUST-ER00062","","","SAME_ID_NAME_VARIANT","must auto-merge; twin of CUST-005738"
"ER-SAME_ID_NAME_VARIANT-00063","EDGE_CASE","ER","CUST-ER00063","","","SAME_ID_NAME_VARIANT","must auto-merge; twin of CUST-004817"
"ER-SAME_ID_NAME_VARIANT-00064","EDGE_CASE","ER","CUST-ER00064","","","SAME_ID_NAME_VARIANT","must auto-merge; twin of CUST-002902"
"ER-SAME_ID_NAME_VARIANT-00065","EDGE_CASE","ER","CUST-ER00065","","","SAME_ID_NAME_VARIANT","must auto-merge; twin of CUST-000081"
"ER-SAME_ID_NAME_VARIANT-00066","EDGE_CASE","ER","CUST-ER00066","","","SAME_ID_NAME_VARIANT","must auto-merge; twin of CUST-007502"
"ER-SAME_ID_NAME_VARIANT-00067","EDGE_CASE","ER","CUST-ER00067","","","SAME_ID_NAME_VARIANT","must auto-merge; twin of CUST-002265"
"ER-SAME_ID_NAME_VARIANT-00068","EDGE_CASE","ER","CUST-ER00068","","","SAME_ID_NAME_VARIANT","must auto-merge; twin of CUST-007212"
"ER-SAME_ID_NAME_VARIANT-00069","EDGE_CASE","ER","CUST-ER00069","","","SAME_ID_NAME_VARIANT","must auto-merge; twin of CUST-006593"
"ER-SAME_ID_NAME_VARIANT-00070","EDGE_CASE","ER","CUST-ER00070","","","SAME_ID_NAME_VARIANT","must auto-merge; twin of CUST-006973"
"ER-SAME_ID_NAME_VARIANT-00071","EDGE_CASE","ER","CUST-ER00071","","","SAME_ID_NAME_VARIANT","must auto-merge; twin of CUST-006509"
"ER-SAME_ID_NAME_VARIANT-00072","EDGE_CASE","ER","CUST-ER00072","","","SAME_ID_NAME_VARIANT","must auto-merge; twin of CUST-002598"
"ER-SAME_ID_NAME_VARIANT-00073","EDGE_CASE","ER","CUST-ER00073","","","SAME_ID_NAME_VARIANT","must auto-merge; twin of CUST-002043"
"ER-SAME_ID_NAME_VARIANT-00074","EDGE_CASE","ER","CUST-ER00074","","","SAME_ID_NAME_VARIANT","must auto-merge; twin of CUST-008016"
"ER-SAME_ID_NAME_VARIANT-00075","EDGE_CASE","ER","CUST-ER00075","","","SAME_ID_NAME_VARIANT","must auto-merge; twin of CUST-002360"
"ER-SAME_ID_NAME_VARIANT-00076","EDGE_CASE","ER","CUST-ER00076","","","SAME_ID_NAME_VARIANT","must auto-merge; twin of CUST-000547"
"ER-SAME_ID_NAME_VARIANT-00077","EDGE_CASE","ER","CUST-ER00077","","","SAME_ID_NAME_VARIANT","must auto-merge; twin of CUST-005631"
"ER-SAME_ID_NAME_VARIANT-00078","EDGE_CASE","ER","CUST-ER00078","","","SAME_ID_NAME_VARIANT","must auto-merge; twin of CUST-001634"
"ER-SAME_ID_NAME_VARIANT-00079","EDGE_CASE","ER","CUST-ER00079","","","SAME_ID_NAME_VARIANT","must auto-merge; twin of CUST-000187"
"ER-SAME_ID_NAME_VARIANT-00080","EDGE_CASE","ER","CUST-ER00080","","","SAME_ID_NAME_VARIANT","must auto-merge; twin of CUST-008730"
"ER-SAME_ID_NAME_VARIANT-00081","EDGE_CASE","ER","CUST-ER00081","","","SAME_ID_NAME_VARIANT","must auto-merge; twin of CUST-003243"
"ER-SAME_ID_NAME_VARIANT-00082","EDGE_CASE","ER","CUST-ER00082","","","SAME_ID_NAME_VARIANT","must auto-merge; twin of CUST-006452"
"ER-SAME_ID_NAME_VARIANT-00083","EDGE_CASE","ER","CUST-ER00083","","","SAME_ID_NAME_VARIANT","must auto-merge; twin of CUST-001033"
"ER-SAME_ID_NAME_VARIANT-00084","EDGE_CASE","ER","CUST-ER00084","","","SAME_ID_NAME_VARIANT","must auto-merge; twin of CUST-008890"
"ER-SAME_ID_NAME_VARIANT-00085","EDGE_CASE","ER","CUST-ER00085","","","SAME_ID_NAME_VARIANT","must auto-merge; twin of CUST-000743"
"ER-SAME_ID_NAME_VARIANT-00086","EDGE_CASE","ER","CUST-ER00086","","","SAME_ID_NAME_VARIANT","must auto-merge; twin of CUST-003505"
"ER-SAME_ID_NAME_VARIANT-00087","EDGE_CASE","ER","CUST-ER00087","","","SAME_ID_NAME_VARIANT","must auto-merge; twin of CUST-002981"
"ER-SAME_ID_NAME_VARIANT-00088","EDGE_CASE","ER","CUST-ER00088","","","SAME_ID_NAME_VARIANT","must auto-merge; twin of CUST-000759"
"ER-SAME_ID_NAME_VARIANT-00089","EDGE_CASE","ER","CUST-ER00089","","","SAME_ID_NAME_VARIANT","must auto-merge; twin of CUST-000599"
"ER-SAME_ID_NAME_VARIANT-00090","EDGE_CASE","ER","CUST-ER00090","","","SAME_ID_NAME_VARIANT","must auto-merge; twin of CUST-001070"
"ER-SAME_ID_NAME_VARIANT-00091","EDGE_CASE","ER","CUST-ER00091","","","SAME_ID_NAME_VARIANT","must auto-merge; twin of CUST-005281"
"ER-SAME_ID_NAME_VARIANT-00092","EDGE_CASE","ER","CUST-ER00092","","","SAME_ID_NAME_VARIANT","must auto-merge; twin of CUST-000504"
"ER-SAME_ID_NAME_VARIANT-00093","EDGE_CASE","ER","CUST-ER00093","","","SAME_ID_NAME_VARIANT","must auto-merge; twin of CUST-008634"
"ER-SAME_ID_NAME_VARIANT-00094","EDGE_CASE","ER","CUST-ER00094","","","SAME_ID_NAME_VARIANT","must auto-merge; twin of CUST-005509"
"ER-SAME_ID_NAME_VARIANT-00095","EDGE_CASE","ER","CUST-ER00095","","","SAME_ID_NAME_VARIANT","must auto-merge; twin of CUST-005102"
"ER-SAME_ID_NAME_VARIANT-00096","EDGE_CASE","ER","CUST-ER00096","","","SAME_ID_NAME_VARIANT","must auto-merge; twin of CUST-006661"
"ER-SAME_ID_NAME_VARIANT-00097","EDGE_CASE","ER","CUST-ER00097","","","SAME_ID_NAME_VARIANT","must auto-merge; twin of CUST-002643"
"ER-SAME_ID_NAME_VARIANT-00098","EDGE_CASE","ER","CUST-ER00098","","","SAME_ID_NAME_VARIANT","must auto-merge; twin of CUST-000761"
"ER-SAME_ID_NAME_VARIANT-00099","EDGE_CASE","ER","CUST-ER00099","","","SAME_ID_NAME_VARIANT","must auto-merge; twin of CUST-001883"
"ER-SAME_ID_NAME_VARIANT-00100","EDGE_CASE","ER","CUST-ER00100","","","SAME_ID_NAME_VARIANT","must auto-merge; twin of CUST-005207"
"ER-SAME_ID_NAME_VARIANT-00101","EDGE_CASE","ER","CUST-ER00101","","","SAME_ID_NAME_VARIANT","must auto-merge; twin of CUST-004679"
"ER-SAME_ID_NAME_VARIANT-00102","EDGE_CASE","ER","CUST-ER00102","","","SAME_ID_NAME_VARIANT","must auto-merge; twin of CUST-003253"
"ER-SAME_ID_NAME_VARIANT-00103","EDGE_CASE","ER","CUST-ER00103","","","SAME_ID_NAME_VARIANT","must auto-merge; twin of CUST-007030"
"ER-SAME_ID_NAME_VARIANT-00104","EDGE_CASE","ER","CUST-ER00104","","","SAME_ID_NAME_VARIANT","must auto-merge; twin of CUST-001273"
"ER-SAME_ID_NAME_VARIANT-00105","EDGE_CASE","ER","CUST-ER00105","","","SAME_ID_NAME_VARIANT","must auto-merge; twin of CUST-000538"
"ER-SAME_ID_NAME_VARIANT-00106","EDGE_CASE","ER","CUST-ER00106","","","SAME_ID_NAME_VARIANT","must auto-merge; twin of CUST-005492"
"ER-SAME_ID_NAME_VARIANT-00107","EDGE_CASE","ER","CUST-ER00107","","","SAME_ID_NAME_VARIANT","must auto-merge; twin of CUST-005281"
"ER-SAME_ID_NAME_VARIANT-00108","EDGE_CASE","ER","CUST-ER00108","","","SAME_ID_NAME_VARIANT","must auto-merge; twin of CUST-001790"
"ER-SAME_ID_NAME_VARIANT-00109","EDGE_CASE","ER","CUST-ER00109","","","SAME_ID_NAME_VARIANT","must auto-merge; twin of CUST-000105"
"ER-SAME_ID_NAME_VARIANT-00110","EDGE_CASE","ER","CUST-ER00110","","","SAME_ID_NAME_VARIANT","must auto-merge; twin of CUST-004385"
"ER-SAME_ID_NAME_VARIANT-00111","EDGE_CASE","ER","CUST-ER00111","","","SAME_ID_NAME_VARIANT","must auto-merge; twin of CUST-003092"
"ER-SAME_ID_NAME_VARIANT-00112","EDGE_CASE","ER","CUST-ER00112","","","SAME_ID_NAME_VARIANT","must auto-merge; twin of CUST-007288"
"ER-SAME_ID_NAME_VARIANT-00113","EDGE_CASE","ER","CUST-ER00113","","","SAME_ID_NAME_VARIANT","must auto-merge; twin of CUST-007421"
"ER-SAME_ID_NAME_VARIANT-00114","EDGE_CASE","ER","CUST-ER00114","","","SAME_ID_NAME_VARIANT","must auto-merge; twin of CUST-006430"
"ER-SAME_ID_NAME_VARIANT-00115","EDGE_CASE","ER","CUST-ER00115","","","SAME_ID_NAME_VARIANT","must auto-merge; twin of CUST-001539"
"ER-SAME_ID_NAME_VARIANT-00116","EDGE_CASE","ER","CUST-ER00116","","","SAME_ID_NAME_VARIANT","must auto-merge; twin of CUST-003267"
"ER-SAME_ID_NAME_VARIANT-00117","EDGE_CASE","ER","CUST-ER00117","","","SAME_ID_NAME_VARIANT","must auto-merge; twin of CUST-005005"
"ER-SAME_ID_NAME_VARIANT-00118","EDGE_CASE","ER","CUST-ER00118","","","SAME_ID_NAME_VARIANT","must auto-merge; twin of CUST-009017"
"ER-SAME_ID_NAME_VARIANT-00119","EDGE_CASE","ER","CUST-ER00119","","","SAME_ID_NAME_VARIANT","must auto-merge; twin of CUST-001744"
"ER-SAME_ID_NAME_VARIANT-00120","EDGE_CASE","ER","CUST-ER00120","","","SAME_ID_NAME_VARIANT","must auto-merge; twin of CUST-004300"
"ER-SAME_ID_NAME_VARIANT-00121","EDGE_CASE","ER","CUST-ER00121","","","SAME_ID_NAME_VARIANT","must auto-merge; twin of CUST-000034"
"ER-SAME_ID_NAME_VARIANT-00122","EDGE_CASE","ER","CUST-ER00122","","","SAME_ID_NAME_VARIANT","must auto-merge; twin of CUST-007879"
"ER-SAME_ID_NAME_VARIANT-00123","EDGE_CASE","ER","CUST-ER00123","","","SAME_ID_NAME_VARIANT","must auto-merge; twin of CUST-001678"
"ER-SAME_ID_NAME_VARIANT-00124","EDGE_CASE","ER","CUST-ER00124","","","SAME_ID_NAME_VARIANT","must auto-merge; twin of CUST-001900"
"ER-SAME_ID_NAME_VARIANT-00125","EDGE_CASE","ER","CUST-ER00125","","","SAME_ID_NAME_VARIANT","must auto-merge; twin of CUST-003178"
"ER-SAME_ID_NAME_VARIANT-00126","EDGE_CASE","ER","CUST-ER00126","","","SAME_ID_NAME_VARIANT","must auto-merge; twin of CUST-003505"
"ER-SAME_ID_NAME_VARIANT-00127","EDGE_CASE","ER","CUST-ER00127","","","SAME_ID_NAME_VARIANT","must auto-merge; twin of CUST-007435"
"ER-SAME_ID_NAME_VARIANT-00128","EDGE_CASE","ER","CUST-ER00128","","","SAME_ID_NAME_VARIANT","must auto-merge; twin of CUST-008885"
"ER-SAME_ID_NAME_VARIANT-00129","EDGE_CASE","ER","CUST-ER00129","","","SAME_ID_NAME_VARIANT","must auto-merge; twin of CUST-004782"
"ER-SAME_ID_NAME_VARIANT-00130","EDGE_CASE","ER","CUST-ER00130","","","SAME_ID_NAME_VARIANT","must auto-merge; twin of CUST-007089"
"ER-SAME_ID_NAME_VARIANT-00131","EDGE_CASE","ER","CUST-ER00131","","","SAME_ID_NAME_VARIANT","must auto-merge; twin of CUST-001958"
"ER-SAME_ID_NAME_VARIANT-00132","EDGE_CASE","ER","CUST-ER00132","","","SAME_ID_NAME_VARIANT","must auto-merge; twin of CUST-004058"
"ER-SAME_ID_NAME_VARIANT-00133","EDGE_CASE","ER","CUST-ER00133","","","SAME_ID_NAME_VARIANT","must auto-merge; twin of CUST-008893"
"ER-SAME_ID_NAME_VARIANT-00134","EDGE_CASE","ER","CUST-ER00134","","","SAME_ID_NAME_VARIANT","must auto-merge; twin of CUST-004985"
"ER-SAME_ID_NAME_VARIANT-00135","EDGE_CASE","ER","CUST-ER00135","","","SAME_ID_NAME_VARIANT","must auto-merge; twin of CUST-006554"
"ER-SAME_ID_NAME_VARIANT-00136","EDGE_CASE","ER","CUST-ER00136","","","SAME_ID_NAME_VARIANT","must auto-merge; twin of CUST-005938"
"ER-SAME_ID_NAME_VARIANT-00137","EDGE_CASE","ER","CUST-ER00137","","","SAME_ID_NAME_VARIANT","must auto-merge; twin of CUST-002349"
"ER-SAME_ID_NAME_VARIANT-00138","EDGE_CASE","ER","CUST-ER00138","","","SAME_ID_NAME_VARIANT","must auto-merge; twin of CUST-004683"
"ER-SAME_ID_NAME_VARIANT-00139","EDGE_CASE","ER","CUST-ER00139","","","SAME_ID_NAME_VARIANT","must auto-merge; twin of CUST-005230"
"ER-SAME_ID_NAME_VARIANT-00140","EDGE_CASE","ER","CUST-ER00140","","","SAME_ID_NAME_VARIANT","must auto-merge; twin of CUST-002070"
"ER-SAME_ID_NAME_VARIANT-00141","EDGE_CASE","ER","CUST-ER00141","","","SAME_ID_NAME_VARIANT","must auto-merge; twin of CUST-001975"
"ER-SAME_ID_NAME_VARIANT-00142","EDGE_CASE","ER","CUST-ER00142","","","SAME_ID_NAME_VARIANT","must auto-merge; twin of CUST-005897"
"ER-SAME_ID_NAME_VARIANT-00143","EDGE_CASE","ER","CUST-ER00143","","","SAME_ID_NAME_VARIANT","must auto-merge; twin of CUST-008570"
"ER-SAME_ID_NAME_VARIANT-00144","EDGE_CASE","ER","CUST-ER00144","","","SAME_ID_NAME_VARIANT","must auto-merge; twin of CUST-005172"
"ER-SAME_ID_NAME_VARIANT-00145","EDGE_CASE","ER","CUST-ER00145","","","SAME_ID_NAME_VARIANT","must auto-merge; twin of CUST-004353"
"ER-SAME_ID_NAME_VARIANT-00146","EDGE_CASE","ER","CUST-ER00146","","","SAME_ID_NAME_VARIANT","must auto-merge; twin of CUST-007227"
"ER-SAME_ID_NAME_VARIANT-00147","EDGE_CASE","ER","CUST-ER00147","","","SAME_ID_NAME_VARIANT","must auto-merge; twin of CUST-005403"
"ER-SAME_ID_NAME_VARIANT-00148","EDGE_CASE","ER","CUST-ER00148","","","SAME_ID_NAME_VARIANT","must auto-merge; twin of CUST-007827"
"ER-SAME_ID_NAME_VARIANT-00149","EDGE_CASE","ER","CUST-ER00149","","","SAME_ID_NAME_VARIANT","must auto-merge; twin of CUST-005805"
"ER-SAME_ID_NAME_VARIANT-00150","EDGE_CASE","ER","CUST-ER00150","","","SAME_ID_NAME_VARIANT","must auto-merge; twin of CUST-001827"
"ER-SAME_ID_NAME_VARIANT-00151","EDGE_CASE","ER","CUST-ER00151","","","SAME_ID_NAME_VARIANT","must auto-merge; twin of CUST-002772"
"ER-SAME_ID_NAME_VARIANT-00152","EDGE_CASE","ER","CUST-ER00152","","","SAME_ID_NAME_VARIANT","must auto-merge; twin of CUST-006784"
"ER-SAME_ID_NAME_VARIANT-00153","EDGE_CASE","ER","CUST-ER00153","","","SAME_ID_NAME_VARIANT","must auto-merge; twin of CUST-003586"
"ER-SAME_ID_NAME_VARIANT-00154","EDGE_CASE","ER","CUST-ER00154","","","SAME_ID_NAME_VARIANT","must auto-merge; twin of CUST-001581"
"ER-SAME_ID_NAME_VARIANT-00155","EDGE_CASE","ER","CUST-ER00155","","","SAME_ID_NAME_VARIANT","must auto-merge; twin of CUST-000279"
"ER-SAME_ID_NAME_VARIANT-00156","EDGE_CASE","ER","CUST-ER00156","","","SAME_ID_NAME_VARIANT","must auto-merge; twin of CUST-001626"
"ER-SAME_ID_NAME_VARIANT-00157","EDGE_CASE","ER","CUST-ER00157","","","SAME_ID_NAME_VARIANT","must auto-merge; twin of CUST-005888"
"ER-SAME_ID_NAME_VARIANT-00158","EDGE_CASE","ER","CUST-ER00158","","","SAME_ID_NAME_VARIANT","must auto-merge; twin of CUST-001607"
"ER-SAME_ID_NAME_VARIANT-00159","EDGE_CASE","ER","CUST-ER00159","","","SAME_ID_NAME_VARIANT","must auto-merge; twin of CUST-007900"
"ER-SAME_ID_NAME_VARIANT-00160","EDGE_CASE","ER","CUST-ER00160","","","SAME_ID_NAME_VARIANT","must auto-merge; twin of CUST-000559"
"ER-SAME_ID_NAME_VARIANT-00161","EDGE_CASE","ER","CUST-ER00161","","","SAME_ID_NAME_VARIANT","must auto-merge; twin of CUST-004818"
"ER-SAME_ID_NAME_VARIANT-00162","EDGE_CASE","ER","CUST-ER00162","","","SAME_ID_NAME_VARIANT","must auto-merge; twin of CUST-006020"
"ER-SAME_ID_NAME_VARIANT-00163","EDGE_CASE","ER","CUST-ER00163","","","SAME_ID_NAME_VARIANT","must auto-merge; twin of CUST-003412"
"ER-SAME_ID_NAME_VARIANT-00164","EDGE_CASE","ER","CUST-ER00164","","","SAME_ID_NAME_VARIANT","must auto-merge; twin of CUST-008244"
"ER-SAME_ID_NAME_VARIANT-00165","EDGE_CASE","ER","CUST-ER00165","","","SAME_ID_NAME_VARIANT","must auto-merge; twin of CUST-003105"
"ER-SAME_ID_NAME_VARIANT-00166","EDGE_CASE","ER","CUST-ER00166","","","SAME_ID_NAME_VARIANT","must auto-merge; twin of CUST-003645"
"ER-SAME_ID_NAME_VARIANT-00167","EDGE_CASE","ER","CUST-ER00167","","","SAME_ID_NAME_VARIANT","must auto-merge; twin of CUST-001570"
"ER-SAME_ID_NAME_VARIANT-00168","EDGE_CASE","ER","CUST-ER00168","","","SAME_ID_NAME_VARIANT","must auto-merge; twin of CUST-004809"
"ER-SAME_ID_NAME_VARIANT-00169","EDGE_CASE","ER","CUST-ER00169","","","SAME_ID_NAME_VARIANT","must auto-merge; twin of CUST-005102"
"ER-SAME_ID_NAME_VARIANT-00170","EDGE_CASE","ER","CUST-ER00170","","","SAME_ID_NAME_VARIANT","must auto-merge; twin of CUST-003405"
"ER-SAME_ID_NAME_VARIANT-00171","EDGE_CASE","ER","CUST-ER00171","","","SAME_ID_NAME_VARIANT","must auto-merge; twin of CUST-002349"
"ER-SAME_ID_NAME_VARIANT-00172","EDGE_CASE","ER","CUST-ER00172","","","SAME_ID_NAME_VARIANT","must auto-merge; twin of CUST-004522"
"ER-SAME_ID_NAME_VARIANT-00173","EDGE_CASE","ER","CUST-ER00173","","","SAME_ID_NAME_VARIANT","must auto-merge; twin of CUST-000800"
"ER-SAME_ID_NAME_VARIANT-00174","EDGE_CASE","ER","CUST-ER00174","","","SAME_ID_NAME_VARIANT","must auto-merge; twin of CUST-004312"
"ER-SAME_ID_NAME_VARIANT-00175","EDGE_CASE","ER","CUST-ER00175","","","SAME_ID_NAME_VARIANT","must auto-merge; twin of CUST-005087"
"ER-SAME_ID_NAME_VARIANT-00176","EDGE_CASE","ER","CUST-ER00176","","","SAME_ID_NAME_VARIANT","must auto-merge; twin of CUST-002844"
"ER-SAME_ID_NAME_VARIANT-00177","EDGE_CASE","ER","CUST-ER00177","","","SAME_ID_NAME_VARIANT","must auto-merge; twin of CUST-004878"
"ER-SAME_ID_NAME_VARIANT-00178","EDGE_CASE","ER","CUST-ER00178","","","SAME_ID_NAME_VARIANT","must auto-merge; twin of CUST-001327"
"ER-SAME_ID_NAME_VARIANT-00179","EDGE_CASE","ER","CUST-ER00179","","","SAME_ID_NAME_VARIANT","must auto-merge; twin of CUST-006215"
"ER-SAME_ID_NAME_VARIANT-00180","EDGE_CASE","ER","CUST-ER00180","","","SAME_ID_NAME_VARIANT","must auto-merge; twin of CUST-008721"
"ER-SAME_ID_NAME_VARIANT-00181","EDGE_CASE","ER","CUST-ER00181","","","SAME_ID_NAME_VARIANT","must auto-merge; twin of CUST-007086"
"ER-SAME_ID_NAME_VARIANT-00182","EDGE_CASE","ER","CUST-ER00182","","","SAME_ID_NAME_VARIANT","must auto-merge; twin of CUST-001334"
"ER-SAME_ID_NAME_VARIANT-00183","EDGE_CASE","ER","CUST-ER00183","","","SAME_ID_NAME_VARIANT","must auto-merge; twin of CUST-008354"
"ER-SAME_ID_NAME_VARIANT-00184","EDGE_CASE","ER","CUST-ER00184","","","SAME_ID_NAME_VARIANT","must auto-merge; twin of CUST-009068"
"ER-SAME_ID_NAME_VARIANT-00185","EDGE_CASE","ER","CUST-ER00185","","","SAME_ID_NAME_VARIANT","must auto-merge; twin of CUST-002683"
"ER-SAME_ID_NAME_VARIANT-00186","EDGE_CASE","ER","CUST-ER00186","","","SAME_ID_NAME_VARIANT","must auto-merge; twin of CUST-008860"
"ER-SAME_ID_NAME_VARIANT-00187","EDGE_CASE","ER","CUST-ER00187","","","SAME_ID_NAME_VARIANT","must auto-merge; twin of CUST-000788"
"ER-SAME_ID_NAME_VARIANT-00188","EDGE_CASE","ER","CUST-ER00188","","","SAME_ID_NAME_VARIANT","must auto-merge; twin of CUST-006922"
"ER-SAME_ID_NAME_VARIANT-00189","EDGE_CASE","ER","CUST-ER00189","","","SAME_ID_NAME_VARIANT","must auto-merge; twin of CUST-006410"
"ER-SAME_ID_NAME_VARIANT-00190","EDGE_CASE","ER","CUST-ER00190","","","SAME_ID_NAME_VARIANT","must auto-merge; twin of CUST-005059"
"ER-SAME_ID_NAME_VARIANT-00191","EDGE_CASE","ER","CUST-ER00191","","","SAME_ID_NAME_VARIANT","must auto-merge; twin of CUST-007934"
"ER-SAME_ID_NAME_VARIANT-00192","EDGE_CASE","ER","CUST-ER00192","","","SAME_ID_NAME_VARIANT","must auto-merge; twin of CUST-006102"
"ER-SAME_ID_NAME_VARIANT-00193","EDGE_CASE","ER","CUST-ER00193","","","SAME_ID_NAME_VARIANT","must auto-merge; twin of CUST-001989"
"ER-SAME_ID_NAME_VARIANT-00194","EDGE_CASE","ER","CUST-ER00194","","","SAME_ID_NAME_VARIANT","must auto-merge; twin of CUST-007760"
"ER-SAME_ID_NAME_VARIANT-00195","EDGE_CASE","ER","CUST-ER00195","","","SAME_ID_NAME_VARIANT","must auto-merge; twin of CUST-007167"
"ER-SAME_ID_NAME_VARIANT-00196","EDGE_CASE","ER","CUST-ER00196","","","SAME_ID_NAME_VARIANT","must auto-merge; twin of CUST-005281"
"ER-SAME_ID_NAME_VARIANT-00197","EDGE_CASE","ER","CUST-ER00197","","","SAME_ID_NAME_VARIANT","must auto-merge; twin of CUST-002353"
"ER-SAME_ID_NAME_VARIANT-00198","EDGE_CASE","ER","CUST-ER00198","","","SAME_ID_NAME_VARIANT","must auto-merge; twin of CUST-003919"
"ER-SAME_ID_NAME_VARIANT-00199","EDGE_CASE","ER","CUST-ER00199","","","SAME_ID_NAME_VARIANT","must auto-merge; twin of CUST-009034"
"ER-SAME_ID_NAME_VARIANT-00200","EDGE_CASE","ER","CUST-ER00200","","","SAME_ID_NAME_VARIANT","must auto-merge; twin of CUST-008690"
"ER-SAME_PHONE_DOB-00201","EDGE_CASE","ER","CUST-ER00201","","","SAME_PHONE_DOB","must auto-merge; twin of CUST-008002"
"ER-SAME_PHONE_DOB-00202","EDGE_CASE","ER","CUST-ER00202","","","SAME_PHONE_DOB","must auto-merge; twin of CUST-000815"
"ER-SAME_PHONE_DOB-00203","EDGE_CASE","ER","CUST-ER00203","","","SAME_PHONE_DOB","must auto-merge; twin of CUST-007636"
"ER-SAME_PHONE_DOB-00204","EDGE_CASE","ER","CUST-ER00204","","","SAME_PHONE_DOB","must auto-merge; twin of CUST-005475"
"ER-SAME_PHONE_DOB-00205","EDGE_CASE","ER","CUST-ER00205","","","SAME_PHONE_DOB","must auto-merge; twin of CUST-003231"
"ER-SAME_PHONE_DOB-00206","EDGE_CASE","ER","CUST-ER00206","","","SAME_PHONE_DOB","must auto-merge; twin of CUST-006147"
"ER-SAME_PHONE_DOB-00207","EDGE_CASE","ER","CUST-ER00207","","","SAME_PHONE_DOB","must auto-merge; twin of CUST-001484"
"ER-SAME_PHONE_DOB-00208","EDGE_CASE","ER","CUST-ER00208","","","SAME_PHONE_DOB","must auto-merge; twin of CUST-008613"
"ER-SAME_PHONE_DOB-00209","EDGE_CASE","ER","CUST-ER00209","","","SAME_PHONE_DOB","must auto-merge; twin of CUST-002227"
"ER-SAME_PHONE_DOB-00210","EDGE_CASE","ER","CUST-ER00210","","","SAME_PHONE_DOB","must auto-merge; twin of CUST-003439"
"ER-SAME_PHONE_DOB-00211","EDGE_CASE","ER","CUST-ER00211","","","SAME_PHONE_DOB","must auto-merge; twin of CUST-005038"
"ER-SAME_PHONE_DOB-00212","EDGE_CASE","ER","CUST-ER00212","","","SAME_PHONE_DOB","must auto-merge; twin of CUST-005594"
"ER-SAME_PHONE_DOB-00213","EDGE_CASE","ER","CUST-ER00213","","","SAME_PHONE_DOB","must auto-merge; twin of CUST-003196"
"ER-SAME_PHONE_DOB-00214","EDGE_CASE","ER","CUST-ER00214","","","SAME_PHONE_DOB","must auto-merge; twin of CUST-008738"
"ER-SAME_PHONE_DOB-00215","EDGE_CASE","ER","CUST-ER00215","","","SAME_PHONE_DOB","must auto-merge; twin of CUST-000537"
"ER-SAME_PHONE_DOB-00216","EDGE_CASE","ER","CUST-ER00216","","","SAME_PHONE_DOB","must auto-merge; twin of CUST-002167"
"ER-SAME_PHONE_DOB-00217","EDGE_CASE","ER","CUST-ER00217","","","SAME_PHONE_DOB","must auto-merge; twin of CUST-001599"
"ER-SAME_PHONE_DOB-00218","EDGE_CASE","ER","CUST-ER00218","","","SAME_PHONE_DOB","must auto-merge; twin of CUST-005533"
"ER-SAME_PHONE_DOB-00219","EDGE_CASE","ER","CUST-ER00219","","","SAME_PHONE_DOB","must auto-merge; twin of CUST-005264"
"ER-SAME_PHONE_DOB-00220","EDGE_CASE","ER","CUST-ER00220","","","SAME_PHONE_DOB","must auto-merge; twin of CUST-006107"
"ER-SAME_PHONE_DOB-00221","EDGE_CASE","ER","CUST-ER00221","","","SAME_PHONE_DOB","must auto-merge; twin of CUST-003212"
"ER-SAME_PHONE_DOB-00222","EDGE_CASE","ER","CUST-ER00222","","","SAME_PHONE_DOB","must auto-merge; twin of CUST-006023"
"ER-SAME_PHONE_DOB-00223","EDGE_CASE","ER","CUST-ER00223","","","SAME_PHONE_DOB","must auto-merge; twin of CUST-005712"
"ER-SAME_PHONE_DOB-00224","EDGE_CASE","ER","CUST-ER00224","","","SAME_PHONE_DOB","must auto-merge; twin of CUST-000182"
"ER-SAME_PHONE_DOB-00225","EDGE_CASE","ER","CUST-ER00225","","","SAME_PHONE_DOB","must auto-merge; twin of CUST-004133"
"ER-SAME_PHONE_DOB-00226","EDGE_CASE","ER","CUST-ER00226","","","SAME_PHONE_DOB","must auto-merge; twin of CUST-000329"
"ER-SAME_PHONE_DOB-00227","EDGE_CASE","ER","CUST-ER00227","","","SAME_PHONE_DOB","must auto-merge; twin of CUST-005559"
"ER-SAME_PHONE_DOB-00228","EDGE_CASE","ER","CUST-ER00228","","","SAME_PHONE_DOB","must auto-merge; twin of CUST-000578"
"ER-SAME_PHONE_DOB-00229","EDGE_CASE","ER","CUST-ER00229","","","SAME_PHONE_DOB","must auto-merge; twin of CUST-004437"
"ER-SAME_PHONE_DOB-00230","EDGE_CASE","ER","CUST-ER00230","","","SAME_PHONE_DOB","must auto-merge; twin of CUST-000721"
"ER-SAME_PHONE_DOB-00231","EDGE_CASE","ER","CUST-ER00231","","","SAME_PHONE_DOB","must auto-merge; twin of CUST-007965"
"ER-SAME_PHONE_DOB-00232","EDGE_CASE","ER","CUST-ER00232","","","SAME_PHONE_DOB","must auto-merge; twin of CUST-002896"
"ER-SAME_PHONE_DOB-00233","EDGE_CASE","ER","CUST-ER00233","","","SAME_PHONE_DOB","must auto-merge; twin of CUST-008987"
"ER-SAME_PHONE_DOB-00234","EDGE_CASE","ER","CUST-ER00234","","","SAME_PHONE_DOB","must auto-merge; twin of CUST-009078"
"ER-SAME_PHONE_DOB-00235","EDGE_CASE","ER","CUST-ER00235","","","SAME_PHONE_DOB","must auto-merge; twin of CUST-005301"
"ER-SAME_PHONE_DOB-00236","EDGE_CASE","ER","CUST-ER00236","","","SAME_PHONE_DOB","must auto-merge; twin of CUST-004612"
"ER-SAME_PHONE_DOB-00237","EDGE_CASE","ER","CUST-ER00237","","","SAME_PHONE_DOB","must auto-merge; twin of CUST-008143"
"ER-SAME_PHONE_DOB-00238","EDGE_CASE","ER","CUST-ER00238","","","SAME_PHONE_DOB","must auto-merge; twin of CUST-007452"
"ER-SAME_PHONE_DOB-00239","EDGE_CASE","ER","CUST-ER00239","","","SAME_PHONE_DOB","must auto-merge; twin of CUST-006381"
"ER-SAME_PHONE_DOB-00240","EDGE_CASE","ER","CUST-ER00240","","","SAME_PHONE_DOB","must auto-merge; twin of CUST-003245"
"ER-SAME_PHONE_DOB-00241","EDGE_CASE","ER","CUST-ER00241","","","SAME_PHONE_DOB","must auto-merge; twin of CUST-003306"
"ER-SAME_PHONE_DOB-00242","EDGE_CASE","ER","CUST-ER00242","","","SAME_PHONE_DOB","must auto-merge; twin of CUST-003506"
"ER-SAME_PHONE_DOB-00243","EDGE_CASE","ER","CUST-ER00243","","","SAME_PHONE_DOB","must auto-merge; twin of CUST-007359"
"ER-SAME_PHONE_DOB-00244","EDGE_CASE","ER","CUST-ER00244","","","SAME_PHONE_DOB","must auto-merge; twin of CUST-004773"
"ER-SAME_PHONE_DOB-00245","EDGE_CASE","ER","CUST-ER00245","","","SAME_PHONE_DOB","must auto-merge; twin of CUST-007781"
"ER-SAME_PHONE_DOB-00246","EDGE_CASE","ER","CUST-ER00246","","","SAME_PHONE_DOB","must auto-merge; twin of CUST-007503"
"ER-SAME_PHONE_DOB-00247","EDGE_CASE","ER","CUST-ER00247","","","SAME_PHONE_DOB","must auto-merge; twin of CUST-003762"
"ER-SAME_PHONE_DOB-00248","EDGE_CASE","ER","CUST-ER00248","","","SAME_PHONE_DOB","must auto-merge; twin of CUST-002377"
"ER-SAME_PHONE_DOB-00249","EDGE_CASE","ER","CUST-ER00249","","","SAME_PHONE_DOB","must auto-merge; twin of CUST-005516"
"ER-SAME_PHONE_DOB-00250","EDGE_CASE","ER","CUST-ER00250","","","SAME_PHONE_DOB","must auto-merge; twin of CUST-004173"
"ER-SAME_PHONE_DOB-00251","EDGE_CASE","ER","CUST-ER00251","","","SAME_PHONE_DOB","must auto-merge; twin of CUST-003829"
"ER-SAME_PHONE_DOB-00252","EDGE_CASE","ER","CUST-ER00252","","","SAME_PHONE_DOB","must auto-merge; twin of CUST-008630"
"ER-SAME_PHONE_DOB-00253","EDGE_CASE","ER","CUST-ER00253","","","SAME_PHONE_DOB","must auto-merge; twin of CUST-007487"
"ER-SAME_PHONE_DOB-00254","EDGE_CASE","ER","CUST-ER00254","","","SAME_PHONE_DOB","must auto-merge; twin of CUST-003163"
"ER-SAME_PHONE_DOB-00255","EDGE_CASE","ER","CUST-ER00255","","","SAME_PHONE_DOB","must auto-merge; twin of CUST-003922"
"ER-SAME_PHONE_DOB-00256","EDGE_CASE","ER","CUST-ER00256","","","SAME_PHONE_DOB","must auto-merge; twin of CUST-000550"
"ER-SAME_PHONE_DOB-00257","EDGE_CASE","ER","CUST-ER00257","","","SAME_PHONE_DOB","must auto-merge; twin of CUST-000363"
"ER-SAME_PHONE_DOB-00258","EDGE_CASE","ER","CUST-ER00258","","","SAME_PHONE_DOB","must auto-merge; twin of CUST-003052"
"ER-SAME_PHONE_DOB-00259","EDGE_CASE","ER","CUST-ER00259","","","SAME_PHONE_DOB","must auto-merge; twin of CUST-001353"
"ER-SAME_PHONE_DOB-00260","EDGE_CASE","ER","CUST-ER00260","","","SAME_PHONE_DOB","must auto-merge; twin of CUST-004355"
"ER-SAME_PHONE_DOB-00261","EDGE_CASE","ER","CUST-ER00261","","","SAME_PHONE_DOB","must auto-merge; twin of CUST-005452"
"ER-SAME_PHONE_DOB-00262","EDGE_CASE","ER","CUST-ER00262","","","SAME_PHONE_DOB","must auto-merge; twin of CUST-001934"
"ER-SAME_PHONE_DOB-00263","EDGE_CASE","ER","CUST-ER00263","","","SAME_PHONE_DOB","must auto-merge; twin of CUST-009131"
"ER-SAME_PHONE_DOB-00264","EDGE_CASE","ER","CUST-ER00264","","","SAME_PHONE_DOB","must auto-merge; twin of CUST-002723"
"ER-SAME_PHONE_DOB-00265","EDGE_CASE","ER","CUST-ER00265","","","SAME_PHONE_DOB","must auto-merge; twin of CUST-003730"
"ER-SAME_PHONE_DOB-00266","EDGE_CASE","ER","CUST-ER00266","","","SAME_PHONE_DOB","must auto-merge; twin of CUST-007641"
"ER-SAME_PHONE_DOB-00267","EDGE_CASE","ER","CUST-ER00267","","","SAME_PHONE_DOB","must auto-merge; twin of CUST-008951"
"ER-SAME_PHONE_DOB-00268","EDGE_CASE","ER","CUST-ER00268","","","SAME_PHONE_DOB","must auto-merge; twin of CUST-008480"
"ER-SAME_PHONE_DOB-00269","EDGE_CASE","ER","CUST-ER00269","","","SAME_PHONE_DOB","must auto-merge; twin of CUST-005034"
"ER-SAME_PHONE_DOB-00270","EDGE_CASE","ER","CUST-ER00270","","","SAME_PHONE_DOB","must auto-merge; twin of CUST-007813"
"ER-SAME_PHONE_DOB-00271","EDGE_CASE","ER","CUST-ER00271","","","SAME_PHONE_DOB","must auto-merge; twin of CUST-008304"
"ER-SAME_PHONE_DOB-00272","EDGE_CASE","ER","CUST-ER00272","","","SAME_PHONE_DOB","must auto-merge; twin of CUST-006226"
"ER-SAME_PHONE_DOB-00273","EDGE_CASE","ER","CUST-ER00273","","","SAME_PHONE_DOB","must auto-merge; twin of CUST-002537"
"ER-SAME_PHONE_DOB-00274","EDGE_CASE","ER","CUST-ER00274","","","SAME_PHONE_DOB","must auto-merge; twin of CUST-007435"
"ER-SAME_PHONE_DOB-00275","EDGE_CASE","ER","CUST-ER00275","","","SAME_PHONE_DOB","must auto-merge; twin of CUST-003704"
"ER-SAME_PHONE_DOB-00276","EDGE_CASE","ER","CUST-ER00276","","","SAME_PHONE_DOB","must auto-merge; twin of CUST-007637"
"ER-SAME_PHONE_DOB-00277","EDGE_CASE","ER","CUST-ER00277","","","SAME_PHONE_DOB","must auto-merge; twin of CUST-000410"
"ER-SAME_PHONE_DOB-00278","EDGE_CASE","ER","CUST-ER00278","","","SAME_PHONE_DOB","must auto-merge; twin of CUST-002899"
"ER-SAME_PHONE_DOB-00279","EDGE_CASE","ER","CUST-ER00279","","","SAME_PHONE_DOB","must auto-merge; twin of CUST-006042"
"ER-SAME_PHONE_DOB-00280","EDGE_CASE","ER","CUST-ER00280","","","SAME_PHONE_DOB","must auto-merge; twin of CUST-003392"
"ER-SAME_PHONE_DOB-00281","EDGE_CASE","ER","CUST-ER00281","","","SAME_PHONE_DOB","must auto-merge; twin of CUST-004917"
"ER-SAME_PHONE_DOB-00282","EDGE_CASE","ER","CUST-ER00282","","","SAME_PHONE_DOB","must auto-merge; twin of CUST-008699"
"ER-SAME_PHONE_DOB-00283","EDGE_CASE","ER","CUST-ER00283","","","SAME_PHONE_DOB","must auto-merge; twin of CUST-009110"
"ER-SAME_PHONE_DOB-00284","EDGE_CASE","ER","CUST-ER00284","","","SAME_PHONE_DOB","must auto-merge; twin of CUST-005184"
"ER-SAME_PHONE_DOB-00285","EDGE_CASE","ER","CUST-ER00285","","","SAME_PHONE_DOB","must auto-merge; twin of CUST-004987"
"ER-SAME_PHONE_DOB-00286","EDGE_CASE","ER","CUST-ER00286","","","SAME_PHONE_DOB","must auto-merge; twin of CUST-007093"
"ER-SAME_PHONE_DOB-00287","EDGE_CASE","ER","CUST-ER00287","","","SAME_PHONE_DOB","must auto-merge; twin of CUST-000766"
"ER-SAME_PHONE_DOB-00288","EDGE_CASE","ER","CUST-ER00288","","","SAME_PHONE_DOB","must auto-merge; twin of CUST-007742"
"ER-SAME_PHONE_DOB-00289","EDGE_CASE","ER","CUST-ER00289","","","SAME_PHONE_DOB","must auto-merge; twin of CUST-007350"
"ER-SAME_PHONE_DOB-00290","EDGE_CASE","ER","CUST-ER00290","","","SAME_PHONE_DOB","must auto-merge; twin of CUST-000348"
"ER-SAME_PHONE_DOB-00291","EDGE_CASE","ER","CUST-ER00291","","","SAME_PHONE_DOB","must auto-merge; twin of CUST-000855"
"ER-SAME_PHONE_DOB-00292","EDGE_CASE","ER","CUST-ER00292","","","SAME_PHONE_DOB","must auto-merge; twin of CUST-003010"
"ER-SAME_PHONE_DOB-00293","EDGE_CASE","ER","CUST-ER00293","","","SAME_PHONE_DOB","must auto-merge; twin of CUST-008826"
"ER-SAME_PHONE_DOB-00294","EDGE_CASE","ER","CUST-ER00294","","","SAME_PHONE_DOB","must auto-merge; twin of CUST-003210"
"ER-SAME_PHONE_DOB-00295","EDGE_CASE","ER","CUST-ER00295","","","SAME_PHONE_DOB","must auto-merge; twin of CUST-002126"
"ER-SAME_PHONE_DOB-00296","EDGE_CASE","ER","CUST-ER00296","","","SAME_PHONE_DOB","must auto-merge; twin of CUST-007402"
"ER-SAME_PHONE_DOB-00297","EDGE_CASE","ER","CUST-ER00297","","","SAME_PHONE_DOB","must auto-merge; twin of CUST-004967"
"ER-SAME_PHONE_DOB-00298","EDGE_CASE","ER","CUST-ER00298","","","SAME_PHONE_DOB","must auto-merge; twin of CUST-000171"
"ER-SAME_PHONE_DOB-00299","EDGE_CASE","ER","CUST-ER00299","","","SAME_PHONE_DOB","must auto-merge; twin of CUST-008755"
"ER-SAME_PHONE_DOB-00300","EDGE_CASE","ER","CUST-ER00300","","","SAME_PHONE_DOB","must auto-merge; twin of CUST-005554"
"ER-SAME_PHONE_DOB-00301","EDGE_CASE","ER","CUST-ER00301","","","SAME_PHONE_DOB","must auto-merge; twin of CUST-008840"
"ER-SAME_PHONE_DOB-00302","EDGE_CASE","ER","CUST-ER00302","","","SAME_PHONE_DOB","must auto-merge; twin of CUST-006448"
"ER-SAME_PHONE_DOB-00303","EDGE_CASE","ER","CUST-ER00303","","","SAME_PHONE_DOB","must auto-merge; twin of CUST-004087"
"ER-SAME_PHONE_DOB-00304","EDGE_CASE","ER","CUST-ER00304","","","SAME_PHONE_DOB","must auto-merge; twin of CUST-004778"
"ER-SAME_PHONE_DOB-00305","EDGE_CASE","ER","CUST-ER00305","","","SAME_PHONE_DOB","must auto-merge; twin of CUST-006699"
"ER-SAME_PHONE_DOB-00306","EDGE_CASE","ER","CUST-ER00306","","","SAME_PHONE_DOB","must auto-merge; twin of CUST-000833"
"ER-SAME_PHONE_DOB-00307","EDGE_CASE","ER","CUST-ER00307","","","SAME_PHONE_DOB","must auto-merge; twin of CUST-001802"
"ER-SAME_PHONE_DOB-00308","EDGE_CASE","ER","CUST-ER00308","","","SAME_PHONE_DOB","must auto-merge; twin of CUST-000835"
"ER-SAME_PHONE_DOB-00309","EDGE_CASE","ER","CUST-ER00309","","","SAME_PHONE_DOB","must auto-merge; twin of CUST-007091"
"ER-SAME_PHONE_DOB-00310","EDGE_CASE","ER","CUST-ER00310","","","SAME_PHONE_DOB","must auto-merge; twin of CUST-006390"
"ER-SAME_PHONE_DOB-00311","EDGE_CASE","ER","CUST-ER00311","","","SAME_PHONE_DOB","must auto-merge; twin of CUST-000176"
"ER-SAME_PHONE_DOB-00312","EDGE_CASE","ER","CUST-ER00312","","","SAME_PHONE_DOB","must auto-merge; twin of CUST-001631"
"ER-SAME_PHONE_DOB-00313","EDGE_CASE","ER","CUST-ER00313","","","SAME_PHONE_DOB","must auto-merge; twin of CUST-002601"
"ER-SAME_PHONE_DOB-00314","EDGE_CASE","ER","CUST-ER00314","","","SAME_PHONE_DOB","must auto-merge; twin of CUST-000055"
"ER-SAME_PHONE_DOB-00315","EDGE_CASE","ER","CUST-ER00315","","","SAME_PHONE_DOB","must auto-merge; twin of CUST-007573"
"ER-SAME_PHONE_DOB-00316","EDGE_CASE","ER","CUST-ER00316","","","SAME_PHONE_DOB","must auto-merge; twin of CUST-000418"
"ER-SAME_PHONE_DOB-00317","EDGE_CASE","ER","CUST-ER00317","","","SAME_PHONE_DOB","must auto-merge; twin of CUST-008914"
"ER-SAME_PHONE_DOB-00318","EDGE_CASE","ER","CUST-ER00318","","","SAME_PHONE_DOB","must auto-merge; twin of CUST-000933"
"ER-SAME_PHONE_DOB-00319","EDGE_CASE","ER","CUST-ER00319","","","SAME_PHONE_DOB","must auto-merge; twin of CUST-001994"
"ER-SAME_PHONE_DOB-00320","EDGE_CASE","ER","CUST-ER00320","","","SAME_PHONE_DOB","must auto-merge; twin of CUST-004917"
"ER-SAME_PHONE_DOB-00321","EDGE_CASE","ER","CUST-ER00321","","","SAME_PHONE_DOB","must auto-merge; twin of CUST-000864"
"ER-SAME_PHONE_DOB-00322","EDGE_CASE","ER","CUST-ER00322","","","SAME_PHONE_DOB","must auto-merge; twin of CUST-001670"
"ER-SAME_PHONE_DOB-00323","EDGE_CASE","ER","CUST-ER00323","","","SAME_PHONE_DOB","must auto-merge; twin of CUST-005038"
"ER-SAME_PHONE_DOB-00324","EDGE_CASE","ER","CUST-ER00324","","","SAME_PHONE_DOB","must auto-merge; twin of CUST-005129"
"ER-SAME_PHONE_DOB-00325","EDGE_CASE","ER","CUST-ER00325","","","SAME_PHONE_DOB","must auto-merge; twin of CUST-005939"
"ER-SAME_PHONE_DOB-00326","EDGE_CASE","ER","CUST-ER00326","","","SAME_PHONE_DOB","must auto-merge; twin of CUST-001208"
"ER-SAME_PHONE_DOB-00327","EDGE_CASE","ER","CUST-ER00327","","","SAME_PHONE_DOB","must auto-merge; twin of CUST-005735"
"ER-SAME_PHONE_DOB-00328","EDGE_CASE","ER","CUST-ER00328","","","SAME_PHONE_DOB","must auto-merge; twin of CUST-006158"
"ER-SAME_PHONE_DOB-00329","EDGE_CASE","ER","CUST-ER00329","","","SAME_PHONE_DOB","must auto-merge; twin of CUST-001673"
"ER-SAME_PHONE_DOB-00330","EDGE_CASE","ER","CUST-ER00330","","","SAME_PHONE_DOB","must auto-merge; twin of CUST-003364"
"ER-SAME_PHONE_DOB-00331","EDGE_CASE","ER","CUST-ER00331","","","SAME_PHONE_DOB","must auto-merge; twin of CUST-007911"
"ER-SAME_PHONE_DOB-00332","EDGE_CASE","ER","CUST-ER00332","","","SAME_PHONE_DOB","must auto-merge; twin of CUST-002068"
"ER-SAME_PHONE_DOB-00333","EDGE_CASE","ER","CUST-ER00333","","","SAME_PHONE_DOB","must auto-merge; twin of CUST-008874"
"ER-SAME_PHONE_DOB-00334","EDGE_CASE","ER","CUST-ER00334","","","SAME_PHONE_DOB","must auto-merge; twin of CUST-003447"
"ER-SAME_PHONE_DOB-00335","EDGE_CASE","ER","CUST-ER00335","","","SAME_PHONE_DOB","must auto-merge; twin of CUST-004123"
"ER-SAME_PHONE_DOB-00336","EDGE_CASE","ER","CUST-ER00336","","","SAME_PHONE_DOB","must auto-merge; twin of CUST-001187"
"ER-SAME_PHONE_DOB-00337","EDGE_CASE","ER","CUST-ER00337","","","SAME_PHONE_DOB","must auto-merge; twin of CUST-006073"
"ER-SAME_PHONE_DOB-00338","EDGE_CASE","ER","CUST-ER00338","","","SAME_PHONE_DOB","must auto-merge; twin of CUST-002335"
"ER-SAME_PHONE_DOB-00339","EDGE_CASE","ER","CUST-ER00339","","","SAME_PHONE_DOB","must auto-merge; twin of CUST-004128"
"ER-SAME_PHONE_DOB-00340","EDGE_CASE","ER","CUST-ER00340","","","SAME_PHONE_DOB","must auto-merge; twin of CUST-000405"
"ER-SAME_PHONE_DOB-00341","EDGE_CASE","ER","CUST-ER00341","","","SAME_PHONE_DOB","must auto-merge; twin of CUST-002031"
"ER-SAME_PHONE_DOB-00342","EDGE_CASE","ER","CUST-ER00342","","","SAME_PHONE_DOB","must auto-merge; twin of CUST-000586"
"ER-SAME_PHONE_DOB-00343","EDGE_CASE","ER","CUST-ER00343","","","SAME_PHONE_DOB","must auto-merge; twin of CUST-006997"
"ER-SAME_PHONE_DOB-00344","EDGE_CASE","ER","CUST-ER00344","","","SAME_PHONE_DOB","must auto-merge; twin of CUST-008603"
"ER-SAME_PHONE_DOB-00345","EDGE_CASE","ER","CUST-ER00345","","","SAME_PHONE_DOB","must auto-merge; twin of CUST-005848"
"ER-SAME_PHONE_DOB-00346","EDGE_CASE","ER","CUST-ER00346","","","SAME_PHONE_DOB","must auto-merge; twin of CUST-007007"
"ER-SAME_PHONE_DOB-00347","EDGE_CASE","ER","CUST-ER00347","","","SAME_PHONE_DOB","must auto-merge; twin of CUST-005738"
"ER-SAME_PHONE_DOB-00348","EDGE_CASE","ER","CUST-ER00348","","","SAME_PHONE_DOB","must auto-merge; twin of CUST-000615"
"ER-SAME_PHONE_DOB-00349","EDGE_CASE","ER","CUST-ER00349","","","SAME_PHONE_DOB","must auto-merge; twin of CUST-000546"
"ER-SAME_PHONE_DOB-00350","EDGE_CASE","ER","CUST-ER00350","","","SAME_PHONE_DOB","must auto-merge; twin of CUST-001626"
"ER-SAME_NAME_ONLY-00351","EDGE_CASE","ER","CUST-ER00351","","","SAME_NAME_ONLY","must not auto-merge; twin of CUST-000085"
"ER-SAME_NAME_ONLY-00352","EDGE_CASE","ER","CUST-ER00352","","","SAME_NAME_ONLY","must not auto-merge; twin of CUST-007729"
"ER-SAME_NAME_ONLY-00353","EDGE_CASE","ER","CUST-ER00353","","","SAME_NAME_ONLY","must not auto-merge; twin of CUST-000186"
"ER-SAME_NAME_ONLY-00354","EDGE_CASE","ER","CUST-ER00354","","","SAME_NAME_ONLY","must not auto-merge; twin of CUST-001084"
"ER-SAME_NAME_ONLY-00355","EDGE_CASE","ER","CUST-ER00355","","","SAME_NAME_ONLY","must not auto-merge; twin of CUST-002452"
"ER-SAME_NAME_ONLY-00356","EDGE_CASE","ER","CUST-ER00356","","","SAME_NAME_ONLY","must not auto-merge; twin of CUST-000160"
"ER-SAME_NAME_ONLY-00357","EDGE_CASE","ER","CUST-ER00357","","","SAME_NAME_ONLY","must not auto-merge; twin of CUST-005732"
"ER-SAME_NAME_ONLY-00358","EDGE_CASE","ER","CUST-ER00358","","","SAME_NAME_ONLY","must not auto-merge; twin of CUST-001302"
"ER-SAME_NAME_ONLY-00359","EDGE_CASE","ER","CUST-ER00359","","","SAME_NAME_ONLY","must not auto-merge; twin of CUST-006049"
"ER-SAME_NAME_ONLY-00360","EDGE_CASE","ER","CUST-ER00360","","","SAME_NAME_ONLY","must not auto-merge; twin of CUST-003310"
"ER-SAME_NAME_ONLY-00361","EDGE_CASE","ER","CUST-ER00361","","","SAME_NAME_ONLY","must not auto-merge; twin of CUST-003835"
"ER-SAME_NAME_ONLY-00362","EDGE_CASE","ER","CUST-ER00362","","","SAME_NAME_ONLY","must not auto-merge; twin of CUST-009119"
"ER-SAME_NAME_ONLY-00363","EDGE_CASE","ER","CUST-ER00363","","","SAME_NAME_ONLY","must not auto-merge; twin of CUST-000334"
"ER-SAME_NAME_ONLY-00364","EDGE_CASE","ER","CUST-ER00364","","","SAME_NAME_ONLY","must not auto-merge; twin of CUST-007120"
"ER-SAME_NAME_ONLY-00365","EDGE_CASE","ER","CUST-ER00365","","","SAME_NAME_ONLY","must not auto-merge; twin of CUST-002962"
"ER-SAME_NAME_ONLY-00366","EDGE_CASE","ER","CUST-ER00366","","","SAME_NAME_ONLY","must not auto-merge; twin of CUST-000222"
"ER-SAME_NAME_ONLY-00367","EDGE_CASE","ER","CUST-ER00367","","","SAME_NAME_ONLY","must not auto-merge; twin of CUST-002710"
"ER-SAME_NAME_ONLY-00368","EDGE_CASE","ER","CUST-ER00368","","","SAME_NAME_ONLY","must not auto-merge; twin of CUST-003738"
"ER-SAME_NAME_ONLY-00369","EDGE_CASE","ER","CUST-ER00369","","","SAME_NAME_ONLY","must not auto-merge; twin of CUST-005560"
"ER-SAME_NAME_ONLY-00370","EDGE_CASE","ER","CUST-ER00370","","","SAME_NAME_ONLY","must not auto-merge; twin of CUST-005374"
"ER-SAME_NAME_ONLY-00371","EDGE_CASE","ER","CUST-ER00371","","","SAME_NAME_ONLY","must not auto-merge; twin of CUST-008537"
"ER-SAME_NAME_ONLY-00372","EDGE_CASE","ER","CUST-ER00372","","","SAME_NAME_ONLY","must not auto-merge; twin of CUST-000303"
"ER-SAME_NAME_ONLY-00373","EDGE_CASE","ER","CUST-ER00373","","","SAME_NAME_ONLY","must not auto-merge; twin of CUST-008245"
"ER-SAME_NAME_ONLY-00374","EDGE_CASE","ER","CUST-ER00374","","","SAME_NAME_ONLY","must not auto-merge; twin of CUST-001902"
"ER-SAME_NAME_ONLY-00375","EDGE_CASE","ER","CUST-ER00375","","","SAME_NAME_ONLY","must not auto-merge; twin of CUST-006357"
"ER-SAME_NAME_ONLY-00376","EDGE_CASE","ER","CUST-ER00376","","","SAME_NAME_ONLY","must not auto-merge; twin of CUST-003823"
"ER-SAME_NAME_ONLY-00377","EDGE_CASE","ER","CUST-ER00377","","","SAME_NAME_ONLY","must not auto-merge; twin of CUST-000345"
"ER-SAME_NAME_ONLY-00378","EDGE_CASE","ER","CUST-ER00378","","","SAME_NAME_ONLY","must not auto-merge; twin of CUST-001769"
"ER-SAME_NAME_ONLY-00379","EDGE_CASE","ER","CUST-ER00379","","","SAME_NAME_ONLY","must not auto-merge; twin of CUST-000239"
"ER-SAME_NAME_ONLY-00380","EDGE_CASE","ER","CUST-ER00380","","","SAME_NAME_ONLY","must not auto-merge; twin of CUST-000567"
"ER-SAME_NAME_ONLY-00381","EDGE_CASE","ER","CUST-ER00381","","","SAME_NAME_ONLY","must not auto-merge; twin of CUST-007037"
"ER-SAME_NAME_ONLY-00382","EDGE_CASE","ER","CUST-ER00382","","","SAME_NAME_ONLY","must not auto-merge; twin of CUST-005512"
"ER-SAME_NAME_ONLY-00383","EDGE_CASE","ER","CUST-ER00383","","","SAME_NAME_ONLY","must not auto-merge; twin of CUST-004823"
"ER-SAME_NAME_ONLY-00384","EDGE_CASE","ER","CUST-ER00384","","","SAME_NAME_ONLY","must not auto-merge; twin of CUST-000655"
"ER-SAME_NAME_ONLY-00385","EDGE_CASE","ER","CUST-ER00385","","","SAME_NAME_ONLY","must not auto-merge; twin of CUST-004079"
"ER-SAME_NAME_ONLY-00386","EDGE_CASE","ER","CUST-ER00386","","","SAME_NAME_ONLY","must not auto-merge; twin of CUST-006096"
"ER-SAME_NAME_ONLY-00387","EDGE_CASE","ER","CUST-ER00387","","","SAME_NAME_ONLY","must not auto-merge; twin of CUST-001737"
"ER-SAME_NAME_ONLY-00388","EDGE_CASE","ER","CUST-ER00388","","","SAME_NAME_ONLY","must not auto-merge; twin of CUST-000958"
"ER-SAME_NAME_ONLY-00389","EDGE_CASE","ER","CUST-ER00389","","","SAME_NAME_ONLY","must not auto-merge; twin of CUST-005703"
"ER-SAME_NAME_ONLY-00390","EDGE_CASE","ER","CUST-ER00390","","","SAME_NAME_ONLY","must not auto-merge; twin of CUST-000344"
"ER-SAME_NAME_ONLY-00391","EDGE_CASE","ER","CUST-ER00391","","","SAME_NAME_ONLY","must not auto-merge; twin of CUST-004041"
"ER-SAME_NAME_ONLY-00392","EDGE_CASE","ER","CUST-ER00392","","","SAME_NAME_ONLY","must not auto-merge; twin of CUST-007939"
"ER-SAME_NAME_ONLY-00393","EDGE_CASE","ER","CUST-ER00393","","","SAME_NAME_ONLY","must not auto-merge; twin of CUST-005508"
"ER-SAME_NAME_ONLY-00394","EDGE_CASE","ER","CUST-ER00394","","","SAME_NAME_ONLY","must not auto-merge; twin of CUST-007505"
"ER-SAME_NAME_ONLY-00395","EDGE_CASE","ER","CUST-ER00395","","","SAME_NAME_ONLY","must not auto-merge; twin of CUST-000753"
"ER-SAME_NAME_ONLY-00396","EDGE_CASE","ER","CUST-ER00396","","","SAME_NAME_ONLY","must not auto-merge; twin of CUST-000042"
"ER-SAME_NAME_ONLY-00397","EDGE_CASE","ER","CUST-ER00397","","","SAME_NAME_ONLY","must not auto-merge; twin of CUST-007444"
"ER-SAME_NAME_ONLY-00398","EDGE_CASE","ER","CUST-ER00398","","","SAME_NAME_ONLY","must not auto-merge; twin of CUST-003380"
"ER-SAME_NAME_ONLY-00399","EDGE_CASE","ER","CUST-ER00399","","","SAME_NAME_ONLY","must not auto-merge; twin of CUST-004640"
"ER-SAME_NAME_ONLY-00400","EDGE_CASE","ER","CUST-ER00400","","","SAME_NAME_ONLY","must not auto-merge; twin of CUST-005874"
"ER-SAME_NAME_ONLY-00401","EDGE_CASE","ER","CUST-ER00401","","","SAME_NAME_ONLY","must not auto-merge; twin of CUST-002612"
"ER-SAME_NAME_ONLY-00402","EDGE_CASE","ER","CUST-ER00402","","","SAME_NAME_ONLY","must not auto-merge; twin of CUST-002036"
"ER-SAME_NAME_ONLY-00403","EDGE_CASE","ER","CUST-ER00403","","","SAME_NAME_ONLY","must not auto-merge; twin of CUST-003981"
"ER-SAME_NAME_ONLY-00404","EDGE_CASE","ER","CUST-ER00404","","","SAME_NAME_ONLY","must not auto-merge; twin of CUST-008379"
"ER-SAME_NAME_ONLY-00405","EDGE_CASE","ER","CUST-ER00405","","","SAME_NAME_ONLY","must not auto-merge; twin of CUST-007072"
"ER-SAME_NAME_ONLY-00406","EDGE_CASE","ER","CUST-ER00406","","","SAME_NAME_ONLY","must not auto-merge; twin of CUST-000558"
"ER-SAME_NAME_ONLY-00407","EDGE_CASE","ER","CUST-ER00407","","","SAME_NAME_ONLY","must not auto-merge; twin of CUST-006415"
"ER-SAME_NAME_ONLY-00408","EDGE_CASE","ER","CUST-ER00408","","","SAME_NAME_ONLY","must not auto-merge; twin of CUST-005542"
"ER-SAME_NAME_ONLY-00409","EDGE_CASE","ER","CUST-ER00409","","","SAME_NAME_ONLY","must not auto-merge; twin of CUST-005464"
"ER-SAME_NAME_ONLY-00410","EDGE_CASE","ER","CUST-ER00410","","","SAME_NAME_ONLY","must not auto-merge; twin of CUST-000249"
"ER-SAME_NAME_ONLY-00411","EDGE_CASE","ER","CUST-ER00411","","","SAME_NAME_ONLY","must not auto-merge; twin of CUST-001000"
"ER-SAME_NAME_ONLY-00412","EDGE_CASE","ER","CUST-ER00412","","","SAME_NAME_ONLY","must not auto-merge; twin of CUST-004137"
"ER-SAME_NAME_ONLY-00413","EDGE_CASE","ER","CUST-ER00413","","","SAME_NAME_ONLY","must not auto-merge; twin of CUST-000773"
"ER-SAME_NAME_ONLY-00414","EDGE_CASE","ER","CUST-ER00414","","","SAME_NAME_ONLY","must not auto-merge; twin of CUST-001060"
"ER-SAME_NAME_ONLY-00415","EDGE_CASE","ER","CUST-ER00415","","","SAME_NAME_ONLY","must not auto-merge; twin of CUST-006170"
"ER-SAME_NAME_ONLY-00416","EDGE_CASE","ER","CUST-ER00416","","","SAME_NAME_ONLY","must not auto-merge; twin of CUST-003268"
"ER-SAME_NAME_ONLY-00417","EDGE_CASE","ER","CUST-ER00417","","","SAME_NAME_ONLY","must not auto-merge; twin of CUST-009175"
"ER-SAME_NAME_ONLY-00418","EDGE_CASE","ER","CUST-ER00418","","","SAME_NAME_ONLY","must not auto-merge; twin of CUST-006575"
"ER-SAME_NAME_ONLY-00419","EDGE_CASE","ER","CUST-ER00419","","","SAME_NAME_ONLY","must not auto-merge; twin of CUST-001151"
"ER-SAME_NAME_ONLY-00420","EDGE_CASE","ER","CUST-ER00420","","","SAME_NAME_ONLY","must not auto-merge; twin of CUST-001441"
"ER-SAME_NAME_ONLY-00421","EDGE_CASE","ER","CUST-ER00421","","","SAME_NAME_ONLY","must not auto-merge; twin of CUST-002527"
"ER-SAME_NAME_ONLY-00422","EDGE_CASE","ER","CUST-ER00422","","","SAME_NAME_ONLY","must not auto-merge; twin of CUST-006893"
"ER-SAME_NAME_ONLY-00423","EDGE_CASE","ER","CUST-ER00423","","","SAME_NAME_ONLY","must not auto-merge; twin of CUST-005904"
"ER-SAME_NAME_ONLY-00424","EDGE_CASE","ER","CUST-ER00424","","","SAME_NAME_ONLY","must not auto-merge; twin of CUST-001006"
"ER-SAME_NAME_ONLY-00425","EDGE_CASE","ER","CUST-ER00425","","","SAME_NAME_ONLY","must not auto-merge; twin of CUST-008926"
"ER-SAME_NAME_ONLY-00426","EDGE_CASE","ER","CUST-ER00426","","","SAME_NAME_ONLY","must not auto-merge; twin of CUST-005893"
"ER-SAME_NAME_ONLY-00427","EDGE_CASE","ER","CUST-ER00427","","","SAME_NAME_ONLY","must not auto-merge; twin of CUST-009132"
"ER-SAME_NAME_ONLY-00428","EDGE_CASE","ER","CUST-ER00428","","","SAME_NAME_ONLY","must not auto-merge; twin of CUST-002494"
"ER-SAME_NAME_ONLY-00429","EDGE_CASE","ER","CUST-ER00429","","","SAME_NAME_ONLY","must not auto-merge; twin of CUST-000401"
"ER-SAME_NAME_ONLY-00430","EDGE_CASE","ER","CUST-ER00430","","","SAME_NAME_ONLY","must not auto-merge; twin of CUST-008474"
"ER-SAME_NAME_ONLY-00431","EDGE_CASE","ER","CUST-ER00431","","","SAME_NAME_ONLY","must not auto-merge; twin of CUST-004824"
"ER-SAME_NAME_ONLY-00432","EDGE_CASE","ER","CUST-ER00432","","","SAME_NAME_ONLY","must not auto-merge; twin of CUST-000430"
"ER-SAME_NAME_ONLY-00433","EDGE_CASE","ER","CUST-ER00433","","","SAME_NAME_ONLY","must not auto-merge; twin of CUST-007034"
"ER-SAME_NAME_ONLY-00434","EDGE_CASE","ER","CUST-ER00434","","","SAME_NAME_ONLY","must not auto-merge; twin of CUST-002798"
"ER-SAME_NAME_ONLY-00435","EDGE_CASE","ER","CUST-ER00435","","","SAME_NAME_ONLY","must not auto-merge; twin of CUST-002560"
"ER-SAME_NAME_ONLY-00436","EDGE_CASE","ER","CUST-ER00436","","","SAME_NAME_ONLY","must not auto-merge; twin of CUST-003492"
"ER-SAME_NAME_ONLY-00437","EDGE_CASE","ER","CUST-ER00437","","","SAME_NAME_ONLY","must not auto-merge; twin of CUST-007423"
"ER-SAME_NAME_ONLY-00438","EDGE_CASE","ER","CUST-ER00438","","","SAME_NAME_ONLY","must not auto-merge; twin of CUST-001434"
"ER-SAME_NAME_ONLY-00439","EDGE_CASE","ER","CUST-ER00439","","","SAME_NAME_ONLY","must not auto-merge; twin of CUST-002890"
"ER-SAME_NAME_ONLY-00440","EDGE_CASE","ER","CUST-ER00440","","","SAME_NAME_ONLY","must not auto-merge; twin of CUST-003890"
"ER-SAME_NAME_ONLY-00441","EDGE_CASE","ER","CUST-ER00441","","","SAME_NAME_ONLY","must not auto-merge; twin of CUST-000674"
"ER-SAME_NAME_ONLY-00442","EDGE_CASE","ER","CUST-ER00442","","","SAME_NAME_ONLY","must not auto-merge; twin of CUST-005995"
"ER-SAME_NAME_ONLY-00443","EDGE_CASE","ER","CUST-ER00443","","","SAME_NAME_ONLY","must not auto-merge; twin of CUST-001236"
"ER-SAME_NAME_ONLY-00444","EDGE_CASE","ER","CUST-ER00444","","","SAME_NAME_ONLY","must not auto-merge; twin of CUST-004477"
"ER-SAME_NAME_ONLY-00445","EDGE_CASE","ER","CUST-ER00445","","","SAME_NAME_ONLY","must not auto-merge; twin of CUST-005854"
"ER-SAME_NAME_ONLY-00446","EDGE_CASE","ER","CUST-ER00446","","","SAME_NAME_ONLY","must not auto-merge; twin of CUST-003495"
"ER-SAME_NAME_ONLY-00447","EDGE_CASE","ER","CUST-ER00447","","","SAME_NAME_ONLY","must not auto-merge; twin of CUST-008884"
"ER-SAME_NAME_ONLY-00448","EDGE_CASE","ER","CUST-ER00448","","","SAME_NAME_ONLY","must not auto-merge; twin of CUST-002192"
"ER-SAME_NAME_ONLY-00449","EDGE_CASE","ER","CUST-ER00449","","","SAME_NAME_ONLY","must not auto-merge; twin of CUST-004361"
"ER-SAME_NAME_ONLY-00450","EDGE_CASE","ER","CUST-ER00450","","","SAME_NAME_ONLY","must not auto-merge; twin of CUST-005991"
"ER-SAME_NAME_ONLY-00451","EDGE_CASE","ER","CUST-ER00451","","","SAME_NAME_ONLY","must not auto-merge; twin of CUST-001376"
"ER-SAME_NAME_ONLY-00452","EDGE_CASE","ER","CUST-ER00452","","","SAME_NAME_ONLY","must not auto-merge; twin of CUST-008709"
"ER-SAME_NAME_ONLY-00453","EDGE_CASE","ER","CUST-ER00453","","","SAME_NAME_ONLY","must not auto-merge; twin of CUST-008365"
"ER-SAME_NAME_ONLY-00454","EDGE_CASE","ER","CUST-ER00454","","","SAME_NAME_ONLY","must not auto-merge; twin of CUST-005278"
"ER-SAME_NAME_ONLY-00455","EDGE_CASE","ER","CUST-ER00455","","","SAME_NAME_ONLY","must not auto-merge; twin of CUST-001723"
"ER-SAME_NAME_ONLY-00456","EDGE_CASE","ER","CUST-ER00456","","","SAME_NAME_ONLY","must not auto-merge; twin of CUST-005459"
"ER-SAME_NAME_ONLY-00457","EDGE_CASE","ER","CUST-ER00457","","","SAME_NAME_ONLY","must not auto-merge; twin of CUST-006175"
"ER-SAME_NAME_ONLY-00458","EDGE_CASE","ER","CUST-ER00458","","","SAME_NAME_ONLY","must not auto-merge; twin of CUST-002152"
"ER-SAME_NAME_ONLY-00459","EDGE_CASE","ER","CUST-ER00459","","","SAME_NAME_ONLY","must not auto-merge; twin of CUST-005729"
"ER-SAME_NAME_ONLY-00460","EDGE_CASE","ER","CUST-ER00460","","","SAME_NAME_ONLY","must not auto-merge; twin of CUST-005367"
"ER-SAME_NAME_ONLY-00461","EDGE_CASE","ER","CUST-ER00461","","","SAME_NAME_ONLY","must not auto-merge; twin of CUST-008620"
"ER-SAME_NAME_ONLY-00462","EDGE_CASE","ER","CUST-ER00462","","","SAME_NAME_ONLY","must not auto-merge; twin of CUST-003164"
"ER-SAME_NAME_ONLY-00463","EDGE_CASE","ER","CUST-ER00463","","","SAME_NAME_ONLY","must not auto-merge; twin of CUST-005267"
"ER-SAME_NAME_ONLY-00464","EDGE_CASE","ER","CUST-ER00464","","","SAME_NAME_ONLY","must not auto-merge; twin of CUST-004883"
"ER-SAME_NAME_ONLY-00465","EDGE_CASE","ER","CUST-ER00465","","","SAME_NAME_ONLY","must not auto-merge; twin of CUST-001620"
"ER-SAME_NAME_ONLY-00466","EDGE_CASE","ER","CUST-ER00466","","","SAME_NAME_ONLY","must not auto-merge; twin of CUST-000347"
"ER-SAME_NAME_ONLY-00467","EDGE_CASE","ER","CUST-ER00467","","","SAME_NAME_ONLY","must not auto-merge; twin of CUST-003754"
"ER-SAME_NAME_ONLY-00468","EDGE_CASE","ER","CUST-ER00468","","","SAME_NAME_ONLY","must not auto-merge; twin of CUST-004072"
"ER-SAME_NAME_ONLY-00469","EDGE_CASE","ER","CUST-ER00469","","","SAME_NAME_ONLY","must not auto-merge; twin of CUST-002569"
"ER-SAME_NAME_ONLY-00470","EDGE_CASE","ER","CUST-ER00470","","","SAME_NAME_ONLY","must not auto-merge; twin of CUST-008150"
"ER-SAME_NAME_ONLY-00471","EDGE_CASE","ER","CUST-ER00471","","","SAME_NAME_ONLY","must not auto-merge; twin of CUST-005653"
"ER-SAME_NAME_ONLY-00472","EDGE_CASE","ER","CUST-ER00472","","","SAME_NAME_ONLY","must not auto-merge; twin of CUST-001506"
"ER-SAME_NAME_ONLY-00473","EDGE_CASE","ER","CUST-ER00473","","","SAME_NAME_ONLY","must not auto-merge; twin of CUST-001849"
"ER-SAME_NAME_ONLY-00474","EDGE_CASE","ER","CUST-ER00474","","","SAME_NAME_ONLY","must not auto-merge; twin of CUST-007091"
"ER-SAME_NAME_ONLY-00475","EDGE_CASE","ER","CUST-ER00475","","","SAME_NAME_ONLY","must not auto-merge; twin of CUST-005850"
"ER-SAME_NAME_ONLY-00476","EDGE_CASE","ER","CUST-ER00476","","","SAME_NAME_ONLY","must not auto-merge; twin of CUST-007099"
"ER-SAME_NAME_ONLY-00477","EDGE_CASE","ER","CUST-ER00477","","","SAME_NAME_ONLY","must not auto-merge; twin of CUST-000392"
"ER-SAME_NAME_ONLY-00478","EDGE_CASE","ER","CUST-ER00478","","","SAME_NAME_ONLY","must not auto-merge; twin of CUST-007836"
"ER-SAME_NAME_ONLY-00479","EDGE_CASE","ER","CUST-ER00479","","","SAME_NAME_ONLY","must not auto-merge; twin of CUST-005915"
"ER-SAME_NAME_ONLY-00480","EDGE_CASE","ER","CUST-ER00480","","","SAME_NAME_ONLY","must not auto-merge; twin of CUST-000781"
"ER-SAME_NAME_ONLY-00481","EDGE_CASE","ER","CUST-ER00481","","","SAME_NAME_ONLY","must not auto-merge; twin of CUST-003299"
"ER-SAME_NAME_ONLY-00482","EDGE_CASE","ER","CUST-ER00482","","","SAME_NAME_ONLY","must not auto-merge; twin of CUST-000378"
"ER-SAME_NAME_ONLY-00483","EDGE_CASE","ER","CUST-ER00483","","","SAME_NAME_ONLY","must not auto-merge; twin of CUST-004321"
"ER-SAME_NAME_ONLY-00484","EDGE_CASE","ER","CUST-ER00484","","","SAME_NAME_ONLY","must not auto-merge; twin of CUST-005540"
"ER-SAME_NAME_ONLY-00485","EDGE_CASE","ER","CUST-ER00485","","","SAME_NAME_ONLY","must not auto-merge; twin of CUST-001460"
"ER-SAME_NAME_ONLY-00486","EDGE_CASE","ER","CUST-ER00486","","","SAME_NAME_ONLY","must not auto-merge; twin of CUST-006871"
"ER-SAME_NAME_ONLY-00487","EDGE_CASE","ER","CUST-ER00487","","","SAME_NAME_ONLY","must not auto-merge; twin of CUST-000576"
"ER-SAME_NAME_ONLY-00488","EDGE_CASE","ER","CUST-ER00488","","","SAME_NAME_ONLY","must not auto-merge; twin of CUST-003580"
"ER-SAME_NAME_ONLY-00489","EDGE_CASE","ER","CUST-ER00489","","","SAME_NAME_ONLY","must not auto-merge; twin of CUST-003233"
"ER-SAME_NAME_ONLY-00490","EDGE_CASE","ER","CUST-ER00490","","","SAME_NAME_ONLY","must not auto-merge; twin of CUST-001727"
"ER-SAME_NAME_ONLY-00491","EDGE_CASE","ER","CUST-ER00491","","","SAME_NAME_ONLY","must not auto-merge; twin of CUST-000324"
"ER-SAME_NAME_ONLY-00492","EDGE_CASE","ER","CUST-ER00492","","","SAME_NAME_ONLY","must not auto-merge; twin of CUST-003608"
"ER-SAME_NAME_ONLY-00493","EDGE_CASE","ER","CUST-ER00493","","","SAME_NAME_ONLY","must not auto-merge; twin of CUST-007584"
"ER-SAME_NAME_ONLY-00494","EDGE_CASE","ER","CUST-ER00494","","","SAME_NAME_ONLY","must not auto-merge; twin of CUST-007163"
"ER-SAME_NAME_ONLY-00495","EDGE_CASE","ER","CUST-ER00495","","","SAME_NAME_ONLY","must not auto-merge; twin of CUST-008595"
"ER-SAME_NAME_ONLY-00496","EDGE_CASE","ER","CUST-ER00496","","","SAME_NAME_ONLY","must not auto-merge; twin of CUST-001492"
"ER-SAME_NAME_ONLY-00497","EDGE_CASE","ER","CUST-ER00497","","","SAME_NAME_ONLY","must not auto-merge; twin of CUST-007801"
"ER-SAME_NAME_ONLY-00498","EDGE_CASE","ER","CUST-ER00498","","","SAME_NAME_ONLY","must not auto-merge; twin of CUST-000374"
"ER-SAME_NAME_ONLY-00499","EDGE_CASE","ER","CUST-ER00499","","","SAME_NAME_ONLY","must not auto-merge; twin of CUST-005896"
"ER-SAME_NAME_ONLY-00500","EDGE_CASE","ER","CUST-ER00500","","","SAME_NAME_ONLY","must not auto-merge; twin of CUST-002187"
"ER-SAME_NAME_ONLY-00501","EDGE_CASE","ER","CUST-ER00501","","","SAME_NAME_ONLY","must not auto-merge; twin of CUST-001945"
"ER-SAME_NAME_ONLY-00502","EDGE_CASE","ER","CUST-ER00502","","","SAME_NAME_ONLY","must not auto-merge; twin of CUST-005379"
"ER-SAME_NAME_ONLY-00503","EDGE_CASE","ER","CUST-ER00503","","","SAME_NAME_ONLY","must not auto-merge; twin of CUST-003355"
"ER-SAME_NAME_ONLY-00504","EDGE_CASE","ER","CUST-ER00504","","","SAME_NAME_ONLY","must not auto-merge; twin of CUST-002511"
"ER-SAME_NAME_ONLY-00505","EDGE_CASE","ER","CUST-ER00505","","","SAME_NAME_ONLY","must not auto-merge; twin of CUST-007435"
"ER-SAME_NAME_ONLY-00506","EDGE_CASE","ER","CUST-ER00506","","","SAME_NAME_ONLY","must not auto-merge; twin of CUST-006923"
"ER-SAME_NAME_ONLY-00507","EDGE_CASE","ER","CUST-ER00507","","","SAME_NAME_ONLY","must not auto-merge; twin of CUST-003319"
"ER-SAME_NAME_ONLY-00508","EDGE_CASE","ER","CUST-ER00508","","","SAME_NAME_ONLY","must not auto-merge; twin of CUST-004254"
"ER-SAME_NAME_ONLY-00509","EDGE_CASE","ER","CUST-ER00509","","","SAME_NAME_ONLY","must not auto-merge; twin of CUST-005829"
"ER-SAME_NAME_ONLY-00510","EDGE_CASE","ER","CUST-ER00510","","","SAME_NAME_ONLY","must not auto-merge; twin of CUST-005993"
"ER-SAME_NAME_ONLY-00511","EDGE_CASE","ER","CUST-ER00511","","","SAME_NAME_ONLY","must not auto-merge; twin of CUST-001592"
"ER-SAME_NAME_ONLY-00512","EDGE_CASE","ER","CUST-ER00512","","","SAME_NAME_ONLY","must not auto-merge; twin of CUST-002385"
"ER-SAME_NAME_ONLY-00513","EDGE_CASE","ER","CUST-ER00513","","","SAME_NAME_ONLY","must not auto-merge; twin of CUST-005657"
"ER-SAME_NAME_ONLY-00514","EDGE_CASE","ER","CUST-ER00514","","","SAME_NAME_ONLY","must not auto-merge; twin of CUST-000549"
"ER-SAME_NAME_ONLY-00515","EDGE_CASE","ER","CUST-ER00515","","","SAME_NAME_ONLY","must not auto-merge; twin of CUST-001834"
"ER-SAME_NAME_ONLY-00516","EDGE_CASE","ER","CUST-ER00516","","","SAME_NAME_ONLY","must not auto-merge; twin of CUST-000383"
"ER-SAME_NAME_ONLY-00517","EDGE_CASE","ER","CUST-ER00517","","","SAME_NAME_ONLY","must not auto-merge; twin of CUST-003939"
"ER-SAME_NAME_ONLY-00518","EDGE_CASE","ER","CUST-ER00518","","","SAME_NAME_ONLY","must not auto-merge; twin of CUST-006203"
"ER-SAME_NAME_ONLY-00519","EDGE_CASE","ER","CUST-ER00519","","","SAME_NAME_ONLY","must not auto-merge; twin of CUST-006679"
"ER-SAME_NAME_ONLY-00520","EDGE_CASE","ER","CUST-ER00520","","","SAME_NAME_ONLY","must not auto-merge; twin of CUST-002866"
"ER-SAME_NAME_ONLY-00521","EDGE_CASE","ER","CUST-ER00521","","","SAME_NAME_ONLY","must not auto-merge; twin of CUST-000080"
"ER-SAME_NAME_ONLY-00522","EDGE_CASE","ER","CUST-ER00522","","","SAME_NAME_ONLY","must not auto-merge; twin of CUST-007986"
"ER-SAME_NAME_ONLY-00523","EDGE_CASE","ER","CUST-ER00523","","","SAME_NAME_ONLY","must not auto-merge; twin of CUST-001542"
"ER-SAME_NAME_ONLY-00524","EDGE_CASE","ER","CUST-ER00524","","","SAME_NAME_ONLY","must not auto-merge; twin of CUST-000020"
"ER-SAME_NAME_ONLY-00525","EDGE_CASE","ER","CUST-ER00525","","","SAME_NAME_ONLY","must not auto-merge; twin of CUST-008539"
"ER-SAME_NAME_ONLY-00526","EDGE_CASE","ER","CUST-ER00526","","","SAME_NAME_ONLY","must not auto-merge; twin of CUST-000459"
"ER-SAME_NAME_ONLY-00527","EDGE_CASE","ER","CUST-ER00527","","","SAME_NAME_ONLY","must not auto-merge; twin of CUST-005038"
"ER-SAME_NAME_ONLY-00528","EDGE_CASE","ER","CUST-ER00528","","","SAME_NAME_ONLY","must not auto-merge; twin of CUST-009081"
"ER-SAME_NAME_ONLY-00529","EDGE_CASE","ER","CUST-ER00529","","","SAME_NAME_ONLY","must not auto-merge; twin of CUST-002280"
"ER-SAME_NAME_ONLY-00530","EDGE_CASE","ER","CUST-ER00530","","","SAME_NAME_ONLY","must not auto-merge; twin of CUST-006038"
"ER-IDENTIFIER_CONFLICT-00531","EDGE_CASE","ER","CUST-ER00531","","","IDENTIFIER_CONFLICT","must force PENDING_REVIEW; twin of CUST-007610"
"ER-IDENTIFIER_CONFLICT-00532","EDGE_CASE","ER","CUST-ER00532","","","IDENTIFIER_CONFLICT","must force PENDING_REVIEW; twin of CUST-008630"
"ER-IDENTIFIER_CONFLICT-00533","EDGE_CASE","ER","CUST-ER00533","","","IDENTIFIER_CONFLICT","must force PENDING_REVIEW; twin of CUST-004357"
"ER-IDENTIFIER_CONFLICT-00534","EDGE_CASE","ER","CUST-ER00534","","","IDENTIFIER_CONFLICT","must force PENDING_REVIEW; twin of CUST-001670"
"ER-IDENTIFIER_CONFLICT-00535","EDGE_CASE","ER","CUST-ER00535","","","IDENTIFIER_CONFLICT","must force PENDING_REVIEW; twin of CUST-008763"
"ER-IDENTIFIER_CONFLICT-00536","EDGE_CASE","ER","CUST-ER00536","","","IDENTIFIER_CONFLICT","must force PENDING_REVIEW; twin of CUST-003638"
"ER-IDENTIFIER_CONFLICT-00537","EDGE_CASE","ER","CUST-ER00537","","","IDENTIFIER_CONFLICT","must force PENDING_REVIEW; twin of CUST-008809"
"ER-IDENTIFIER_CONFLICT-00538","EDGE_CASE","ER","CUST-ER00538","","","IDENTIFIER_CONFLICT","must force PENDING_REVIEW; twin of CUST-001180"
"ER-IDENTIFIER_CONFLICT-00539","EDGE_CASE","ER","CUST-ER00539","","","IDENTIFIER_CONFLICT","must force PENDING_REVIEW; twin of CUST-004569"
"ER-IDENTIFIER_CONFLICT-00540","EDGE_CASE","ER","CUST-ER00540","","","IDENTIFIER_CONFLICT","must force PENDING_REVIEW; twin of CUST-005898"
"ER-IDENTIFIER_CONFLICT-00541","EDGE_CASE","ER","CUST-ER00541","","","IDENTIFIER_CONFLICT","must force PENDING_REVIEW; twin of CUST-000191"
"ER-IDENTIFIER_CONFLICT-00542","EDGE_CASE","ER","CUST-ER00542","","","IDENTIFIER_CONFLICT","must force PENDING_REVIEW; twin of CUST-008633"
"ER-IDENTIFIER_CONFLICT-00543","EDGE_CASE","ER","CUST-ER00543","","","IDENTIFIER_CONFLICT","must force PENDING_REVIEW; twin of CUST-008776"
"ER-IDENTIFIER_CONFLICT-00544","EDGE_CASE","ER","CUST-ER00544","","","IDENTIFIER_CONFLICT","must force PENDING_REVIEW; twin of CUST-001384"
"ER-IDENTIFIER_CONFLICT-00545","EDGE_CASE","ER","CUST-ER00545","","","IDENTIFIER_CONFLICT","must force PENDING_REVIEW; twin of CUST-006713"
"ER-IDENTIFIER_CONFLICT-00546","EDGE_CASE","ER","CUST-ER00546","","","IDENTIFIER_CONFLICT","must force PENDING_REVIEW; twin of CUST-001744"
"ER-IDENTIFIER_CONFLICT-00547","EDGE_CASE","ER","CUST-ER00547","","","IDENTIFIER_CONFLICT","must force PENDING_REVIEW; twin of CUST-001919"
"ER-IDENTIFIER_CONFLICT-00548","EDGE_CASE","ER","CUST-ER00548","","","IDENTIFIER_CONFLICT","must force PENDING_REVIEW; twin of CUST-003809"
"ER-IDENTIFIER_CONFLICT-00549","EDGE_CASE","ER","CUST-ER00549","","","IDENTIFIER_CONFLICT","must force PENDING_REVIEW; twin of CUST-005410"
"ER-IDENTIFIER_CONFLICT-00550","EDGE_CASE","ER","CUST-ER00550","","","IDENTIFIER_CONFLICT","must force PENDING_REVIEW; twin of CUST-008217"
"ER-IDENTIFIER_CONFLICT-00551","EDGE_CASE","ER","CUST-ER00551","","","IDENTIFIER_CONFLICT","must force PENDING_REVIEW; twin of CUST-000839"
"ER-IDENTIFIER_CONFLICT-00552","EDGE_CASE","ER","CUST-ER00552","","","IDENTIFIER_CONFLICT","must force PENDING_REVIEW; twin of CUST-001821"
"ER-IDENTIFIER_CONFLICT-00553","EDGE_CASE","ER","CUST-ER00553","","","IDENTIFIER_CONFLICT","must force PENDING_REVIEW; twin of CUST-008278"
"ER-IDENTIFIER_CONFLICT-00554","EDGE_CASE","ER","CUST-ER00554","","","IDENTIFIER_CONFLICT","must force PENDING_REVIEW; twin of CUST-007737"
"ER-IDENTIFIER_CONFLICT-00555","EDGE_CASE","ER","CUST-ER00555","","","IDENTIFIER_CONFLICT","must force PENDING_REVIEW; twin of CUST-006791"
"ER-IDENTIFIER_CONFLICT-00556","EDGE_CASE","ER","CUST-ER00556","","","IDENTIFIER_CONFLICT","must force PENDING_REVIEW; twin of CUST-002154"
"ER-IDENTIFIER_CONFLICT-00557","EDGE_CASE","ER","CUST-ER00557","","","IDENTIFIER_CONFLICT","must force PENDING_REVIEW; twin of CUST-008685"
"ER-IDENTIFIER_CONFLICT-00558","EDGE_CASE","ER","CUST-ER00558","","","IDENTIFIER_CONFLICT","must force PENDING_REVIEW; twin of CUST-004416"
"ER-IDENTIFIER_CONFLICT-00559","EDGE_CASE","ER","CUST-ER00559","","","IDENTIFIER_CONFLICT","must force PENDING_REVIEW; twin of CUST-008558"
"ER-IDENTIFIER_CONFLICT-00560","EDGE_CASE","ER","CUST-ER00560","","","IDENTIFIER_CONFLICT","must force PENDING_REVIEW; twin of CUST-000880"
"ER-IDENTIFIER_CONFLICT-00561","EDGE_CASE","ER","CUST-ER00561","","","IDENTIFIER_CONFLICT","must force PENDING_REVIEW; twin of CUST-000169"
"ER-IDENTIFIER_CONFLICT-00562","EDGE_CASE","ER","CUST-ER00562","","","IDENTIFIER_CONFLICT","must force PENDING_REVIEW; twin of CUST-006891"
"ER-IDENTIFIER_CONFLICT-00563","EDGE_CASE","ER","CUST-ER00563","","","IDENTIFIER_CONFLICT","must force PENDING_REVIEW; twin of CUST-004738"
"ER-IDENTIFIER_CONFLICT-00564","EDGE_CASE","ER","CUST-ER00564","","","IDENTIFIER_CONFLICT","must force PENDING_REVIEW; twin of CUST-001341"
"ER-IDENTIFIER_CONFLICT-00565","EDGE_CASE","ER","CUST-ER00565","","","IDENTIFIER_CONFLICT","must force PENDING_REVIEW; twin of CUST-007386"
"ER-IDENTIFIER_CONFLICT-00566","EDGE_CASE","ER","CUST-ER00566","","","IDENTIFIER_CONFLICT","must force PENDING_REVIEW; twin of CUST-004864"
"ER-IDENTIFIER_CONFLICT-00567","EDGE_CASE","ER","CUST-ER00567","","","IDENTIFIER_CONFLICT","must force PENDING_REVIEW; twin of CUST-000529"
"ER-IDENTIFIER_CONFLICT-00568","EDGE_CASE","ER","CUST-ER00568","","","IDENTIFIER_CONFLICT","must force PENDING_REVIEW; twin of CUST-007092"
"ER-IDENTIFIER_CONFLICT-00569","EDGE_CASE","ER","CUST-ER00569","","","IDENTIFIER_CONFLICT","must force PENDING_REVIEW; twin of CUST-005687"
"ER-IDENTIFIER_CONFLICT-00570","EDGE_CASE","ER","CUST-ER00570","","","IDENTIFIER_CONFLICT","must force PENDING_REVIEW; twin of CUST-002722"
"ER-AMBIGUOUS_BAND-00571","EDGE_CASE","ER","CUST-ER00571","","","AMBIGUOUS_BAND","fills the manual review queue; twin of CUST-008081"
"ER-AMBIGUOUS_BAND-00572","EDGE_CASE","ER","CUST-ER00572","","","AMBIGUOUS_BAND","fills the manual review queue; twin of CUST-002607"
"ER-AMBIGUOUS_BAND-00573","EDGE_CASE","ER","CUST-ER00573","","","AMBIGUOUS_BAND","fills the manual review queue; twin of CUST-003690"
"ER-AMBIGUOUS_BAND-00574","EDGE_CASE","ER","CUST-ER00574","","","AMBIGUOUS_BAND","fills the manual review queue; twin of CUST-004409"
"ER-AMBIGUOUS_BAND-00575","EDGE_CASE","ER","CUST-ER00575","","","AMBIGUOUS_BAND","fills the manual review queue; twin of CUST-005185"
"ER-AMBIGUOUS_BAND-00576","EDGE_CASE","ER","CUST-ER00576","","","AMBIGUOUS_BAND","fills the manual review queue; twin of CUST-004429"
"ER-AMBIGUOUS_BAND-00577","EDGE_CASE","ER","CUST-ER00577","","","AMBIGUOUS_BAND","fills the manual review queue; twin of CUST-003682"
"ER-AMBIGUOUS_BAND-00578","EDGE_CASE","ER","CUST-ER00578","","","AMBIGUOUS_BAND","fills the manual review queue; twin of CUST-002667"
"ER-AMBIGUOUS_BAND-00579","EDGE_CASE","ER","CUST-ER00579","","","AMBIGUOUS_BAND","fills the manual review queue; twin of CUST-007949"
"ER-AMBIGUOUS_BAND-00580","EDGE_CASE","ER","CUST-ER00580","","","AMBIGUOUS_BAND","fills the manual review queue; twin of CUST-001026"
"ER-AMBIGUOUS_BAND-00581","EDGE_CASE","ER","CUST-ER00581","","","AMBIGUOUS_BAND","fills the manual review queue; twin of CUST-001688"
"ER-AMBIGUOUS_BAND-00582","EDGE_CASE","ER","CUST-ER00582","","","AMBIGUOUS_BAND","fills the manual review queue; twin of CUST-003841"
"ER-AMBIGUOUS_BAND-00583","EDGE_CASE","ER","CUST-ER00583","","","AMBIGUOUS_BAND","fills the manual review queue; twin of CUST-000402"
"ER-AMBIGUOUS_BAND-00584","EDGE_CASE","ER","CUST-ER00584","","","AMBIGUOUS_BAND","fills the manual review queue; twin of CUST-007236"
"ER-AMBIGUOUS_BAND-00585","EDGE_CASE","ER","CUST-ER00585","","","AMBIGUOUS_BAND","fills the manual review queue; twin of CUST-005215"
"ER-AMBIGUOUS_BAND-00586","EDGE_CASE","ER","CUST-ER00586","","","AMBIGUOUS_BAND","fills the manual review queue; twin of CUST-001393"
"ER-AMBIGUOUS_BAND-00587","EDGE_CASE","ER","CUST-ER00587","","","AMBIGUOUS_BAND","fills the manual review queue; twin of CUST-001145"
"ER-AMBIGUOUS_BAND-00588","EDGE_CASE","ER","CUST-ER00588","","","AMBIGUOUS_BAND","fills the manual review queue; twin of CUST-007804"
"ER-AMBIGUOUS_BAND-00589","EDGE_CASE","ER","CUST-ER00589","","","AMBIGUOUS_BAND","fills the manual review queue; twin of CUST-007000"
"ER-AMBIGUOUS_BAND-00590","EDGE_CASE","ER","CUST-ER00590","","","AMBIGUOUS_BAND","fills the manual review queue; twin of CUST-000046"
"ER-AMBIGUOUS_BAND-00591","EDGE_CASE","ER","CUST-ER00591","","","AMBIGUOUS_BAND","fills the manual review queue; twin of CUST-007537"
"ER-AMBIGUOUS_BAND-00592","EDGE_CASE","ER","CUST-ER00592","","","AMBIGUOUS_BAND","fills the manual review queue; twin of CUST-006413"
"ER-AMBIGUOUS_BAND-00593","EDGE_CASE","ER","CUST-ER00593","","","AMBIGUOUS_BAND","fills the manual review queue; twin of CUST-002092"
"ER-AMBIGUOUS_BAND-00594","EDGE_CASE","ER","CUST-ER00594","","","AMBIGUOUS_BAND","fills the manual review queue; twin of CUST-004034"
"ER-AMBIGUOUS_BAND-00595","EDGE_CASE","ER","CUST-ER00595","","","AMBIGUOUS_BAND","fills the manual review queue; twin of CUST-006431"
"ER-AMBIGUOUS_BAND-00596","EDGE_CASE","ER","CUST-ER00596","","","AMBIGUOUS_BAND","fills the manual review queue; twin of CUST-002593"
"ER-AMBIGUOUS_BAND-00597","EDGE_CASE","ER","CUST-ER00597","","","AMBIGUOUS_BAND","fills the manual review queue; twin of CUST-001565"
"ER-AMBIGUOUS_BAND-00598","EDGE_CASE","ER","CUST-ER00598","","","AMBIGUOUS_BAND","fills the manual review queue; twin of CUST-005951"
"ER-AMBIGUOUS_BAND-00599","EDGE_CASE","ER","CUST-ER00599","","","AMBIGUOUS_BAND","fills the manual review queue; twin of CUST-008791"
"ER-AMBIGUOUS_BAND-00600","EDGE_CASE","ER","CUST-ER00600","","","AMBIGUOUS_BAND","fills the manual review queue; twin of CUST-000145"
"ER-AMBIGUOUS_BAND-00601","EDGE_CASE","ER","CUST-ER00601","","","AMBIGUOUS_BAND","fills the manual review queue; twin of CUST-006347"
"ER-AMBIGUOUS_BAND-00602","EDGE_CASE","ER","CUST-ER00602","","","AMBIGUOUS_BAND","fills the manual review queue; twin of CUST-002840"
"ER-AMBIGUOUS_BAND-00603","EDGE_CASE","ER","CUST-ER00603","","","AMBIGUOUS_BAND","fills the manual review queue; twin of CUST-002761"
"ER-AMBIGUOUS_BAND-00604","EDGE_CASE","ER","CUST-ER00604","","","AMBIGUOUS_BAND","fills the manual review queue; twin of CUST-007283"
"ER-AMBIGUOUS_BAND-00605","EDGE_CASE","ER","CUST-ER00605","","","AMBIGUOUS_BAND","fills the manual review queue; twin of CUST-008467"
"ER-AMBIGUOUS_BAND-00606","EDGE_CASE","ER","CUST-ER00606","","","AMBIGUOUS_BAND","fills the manual review queue; twin of CUST-008517"
"ER-AMBIGUOUS_BAND-00607","EDGE_CASE","ER","CUST-ER00607","","","AMBIGUOUS_BAND","fills the manual review queue; twin of CUST-000731"
"ER-AMBIGUOUS_BAND-00608","EDGE_CASE","ER","CUST-ER00608","","","AMBIGUOUS_BAND","fills the manual review queue; twin of CUST-006517"
"ER-AMBIGUOUS_BAND-00609","EDGE_CASE","ER","CUST-ER00609","","","AMBIGUOUS_BAND","fills the manual review queue; twin of CUST-003550"
"ER-AMBIGUOUS_BAND-00610","EDGE_CASE","ER","CUST-ER00610","","","AMBIGUOUS_BAND","fills the manual review queue; twin of CUST-000202"
"ER-AMBIGUOUS_BAND-00611","EDGE_CASE","ER","CUST-ER00611","","","AMBIGUOUS_BAND","fills the manual review queue; twin of CUST-000580"
"ER-AMBIGUOUS_BAND-00612","EDGE_CASE","ER","CUST-ER00612","","","AMBIGUOUS_BAND","fills the manual review queue; twin of CUST-002584"
"ER-AMBIGUOUS_BAND-00613","EDGE_CASE","ER","CUST-ER00613","","","AMBIGUOUS_BAND","fills the manual review queue; twin of CUST-006813"
"ER-AMBIGUOUS_BAND-00614","EDGE_CASE","ER","CUST-ER00614","","","AMBIGUOUS_BAND","fills the manual review queue; twin of CUST-001425"
"ER-AMBIGUOUS_BAND-00615","EDGE_CASE","ER","CUST-ER00615","","","AMBIGUOUS_BAND","fills the manual review queue; twin of CUST-005745"
"ER-AMBIGUOUS_BAND-00616","EDGE_CASE","ER","CUST-ER00616","","","AMBIGUOUS_BAND","fills the manual review queue; twin of CUST-007020"
"ER-AMBIGUOUS_BAND-00617","EDGE_CASE","ER","CUST-ER00617","","","AMBIGUOUS_BAND","fills the manual review queue; twin of CUST-004497"
"ER-AMBIGUOUS_BAND-00618","EDGE_CASE","ER","CUST-ER00618","","","AMBIGUOUS_BAND","fills the manual review queue; twin of CUST-002164"
"ER-AMBIGUOUS_BAND-00619","EDGE_CASE","ER","CUST-ER00619","","","AMBIGUOUS_BAND","fills the manual review queue; twin of CUST-005942"
"ER-AMBIGUOUS_BAND-00620","EDGE_CASE","ER","CUST-ER00620","","","AMBIGUOUS_BAND","fills the manual review queue; twin of CUST-009156"
"ER-AMBIGUOUS_BAND-00621","EDGE_CASE","ER","CUST-ER00621","","","AMBIGUOUS_BAND","fills the manual review queue; twin of CUST-005758"
"ER-AMBIGUOUS_BAND-00622","EDGE_CASE","ER","CUST-ER00622","","","AMBIGUOUS_BAND","fills the manual review queue; twin of CUST-003876"
"ER-AMBIGUOUS_BAND-00623","EDGE_CASE","ER","CUST-ER00623","","","AMBIGUOUS_BAND","fills the manual review queue; twin of CUST-009029"
"ER-AMBIGUOUS_BAND-00624","EDGE_CASE","ER","CUST-ER00624","","","AMBIGUOUS_BAND","fills the manual review queue; twin of CUST-009018"
"ER-AMBIGUOUS_BAND-00625","EDGE_CASE","ER","CUST-ER00625","","","AMBIGUOUS_BAND","fills the manual review queue; twin of CUST-004811"
"ER-AMBIGUOUS_BAND-00626","EDGE_CASE","ER","CUST-ER00626","","","AMBIGUOUS_BAND","fills the manual review queue; twin of CUST-007348"
"ER-AMBIGUOUS_BAND-00627","EDGE_CASE","ER","CUST-ER00627","","","AMBIGUOUS_BAND","fills the manual review queue; twin of CUST-006313"
"ER-AMBIGUOUS_BAND-00628","EDGE_CASE","ER","CUST-ER00628","","","AMBIGUOUS_BAND","fills the manual review queue; twin of CUST-007294"
"ER-AMBIGUOUS_BAND-00629","EDGE_CASE","ER","CUST-ER00629","","","AMBIGUOUS_BAND","fills the manual review queue; twin of CUST-003094"
"ER-AMBIGUOUS_BAND-00630","EDGE_CASE","ER","CUST-ER00630","","","AMBIGUOUS_BAND","fills the manual review queue; twin of CUST-002596"
"ER-AMBIGUOUS_BAND-00631","EDGE_CASE","ER","CUST-ER00631","","","AMBIGUOUS_BAND","fills the manual review queue; twin of CUST-004617"
"ER-AMBIGUOUS_BAND-00632","EDGE_CASE","ER","CUST-ER00632","","","AMBIGUOUS_BAND","fills the manual review queue; twin of CUST-004209"
"ER-AMBIGUOUS_BAND-00633","EDGE_CASE","ER","CUST-ER00633","","","AMBIGUOUS_BAND","fills the manual review queue; twin of CUST-008579"
"ER-AMBIGUOUS_BAND-00634","EDGE_CASE","ER","CUST-ER00634","","","AMBIGUOUS_BAND","fills the manual review queue; twin of CUST-005023"
"ER-AMBIGUOUS_BAND-00635","EDGE_CASE","ER","CUST-ER00635","","","AMBIGUOUS_BAND","fills the manual review queue; twin of CUST-008681"
"ER-AMBIGUOUS_BAND-00636","EDGE_CASE","ER","CUST-ER00636","","","AMBIGUOUS_BAND","fills the manual review queue; twin of CUST-004701"
"ER-AMBIGUOUS_BAND-00637","EDGE_CASE","ER","CUST-ER00637","","","AMBIGUOUS_BAND","fills the manual review queue; twin of CUST-007990"
"ER-AMBIGUOUS_BAND-00638","EDGE_CASE","ER","CUST-ER00638","","","AMBIGUOUS_BAND","fills the manual review queue; twin of CUST-007826"
"ER-AMBIGUOUS_BAND-00639","EDGE_CASE","ER","CUST-ER00639","","","AMBIGUOUS_BAND","fills the manual review queue; twin of CUST-001566"
"ER-AMBIGUOUS_BAND-00640","EDGE_CASE","ER","CUST-ER00640","","","AMBIGUOUS_BAND","fills the manual review queue; twin of CUST-001809"
"ER-AMBIGUOUS_BAND-00641","EDGE_CASE","ER","CUST-ER00641","","","AMBIGUOUS_BAND","fills the manual review queue; twin of CUST-007802"
"ER-AMBIGUOUS_BAND-00642","EDGE_CASE","ER","CUST-ER00642","","","AMBIGUOUS_BAND","fills the manual review queue; twin of CUST-000521"
"ER-AMBIGUOUS_BAND-00643","EDGE_CASE","ER","CUST-ER00643","","","AMBIGUOUS_BAND","fills the manual review queue; twin of CUST-008276"
"ER-AMBIGUOUS_BAND-00644","EDGE_CASE","ER","CUST-ER00644","","","AMBIGUOUS_BAND","fills the manual review queue; twin of CUST-000237"
"ER-AMBIGUOUS_BAND-00645","EDGE_CASE","ER","CUST-ER00645","","","AMBIGUOUS_BAND","fills the manual review queue; twin of CUST-000891"
"ER-AMBIGUOUS_BAND-00646","EDGE_CASE","ER","CUST-ER00646","","","AMBIGUOUS_BAND","fills the manual review queue; twin of CUST-005570"
"ER-AMBIGUOUS_BAND-00647","EDGE_CASE","ER","CUST-ER00647","","","AMBIGUOUS_BAND","fills the manual review queue; twin of CUST-007539"
"ER-AMBIGUOUS_BAND-00648","EDGE_CASE","ER","CUST-ER00648","","","AMBIGUOUS_BAND","fills the manual review queue; twin of CUST-008817"
"ER-AMBIGUOUS_BAND-00649","EDGE_CASE","ER","CUST-ER00649","","","AMBIGUOUS_BAND","fills the manual review queue; twin of CUST-002628"
"ER-AMBIGUOUS_BAND-00650","EDGE_CASE","ER","CUST-ER00650","","","AMBIGUOUS_BAND","fills the manual review queue; twin of CUST-008233"
"ER-AMBIGUOUS_BAND-00651","EDGE_CASE","ER","CUST-ER00651","","","AMBIGUOUS_BAND","fills the manual review queue; twin of CUST-003017"
"ER-AMBIGUOUS_BAND-00652","EDGE_CASE","ER","CUST-ER00652","","","AMBIGUOUS_BAND","fills the manual review queue; twin of CUST-004596"
"ER-AMBIGUOUS_BAND-00653","EDGE_CASE","ER","CUST-ER00653","","","AMBIGUOUS_BAND","fills the manual review queue; twin of CUST-005537"
"ER-AMBIGUOUS_BAND-00654","EDGE_CASE","ER","CUST-ER00654","","","AMBIGUOUS_BAND","fills the manual review queue; twin of CUST-003157"
"ER-AMBIGUOUS_BAND-00655","EDGE_CASE","ER","CUST-ER00655","","","AMBIGUOUS_BAND","fills the manual review queue; twin of CUST-008982"
"ER-AMBIGUOUS_BAND-00656","EDGE_CASE","ER","CUST-ER00656","","","AMBIGUOUS_BAND","fills the manual review queue; twin of CUST-006194"
"ER-AMBIGUOUS_BAND-00657","EDGE_CASE","ER","CUST-ER00657","","","AMBIGUOUS_BAND","fills the manual review queue; twin of CUST-001405"
"ER-AMBIGUOUS_BAND-00658","EDGE_CASE","ER","CUST-ER00658","","","AMBIGUOUS_BAND","fills the manual review queue; twin of CUST-006064"
"ER-AMBIGUOUS_BAND-00659","EDGE_CASE","ER","CUST-ER00659","","","AMBIGUOUS_BAND","fills the manual review queue; twin of CUST-002922"
"ER-AMBIGUOUS_BAND-00660","EDGE_CASE","ER","CUST-ER00660","","","AMBIGUOUS_BAND","fills the manual review queue; twin of CUST-007252"
"ER-AMBIGUOUS_BAND-00661","EDGE_CASE","ER","CUST-ER00661","","","AMBIGUOUS_BAND","fills the manual review queue; twin of CUST-002036"
"ER-AMBIGUOUS_BAND-00662","EDGE_CASE","ER","CUST-ER00662","","","AMBIGUOUS_BAND","fills the manual review queue; twin of CUST-004795"
"ER-AMBIGUOUS_BAND-00663","EDGE_CASE","ER","CUST-ER00663","","","AMBIGUOUS_BAND","fills the manual review queue; twin of CUST-001887"
"ER-AMBIGUOUS_BAND-00664","EDGE_CASE","ER","CUST-ER00664","","","AMBIGUOUS_BAND","fills the manual review queue; twin of CUST-003840"
"ER-AMBIGUOUS_BAND-00665","EDGE_CASE","ER","CUST-ER00665","","","AMBIGUOUS_BAND","fills the manual review queue; twin of CUST-008197"
"ER-AMBIGUOUS_BAND-00666","EDGE_CASE","ER","CUST-ER00666","","","AMBIGUOUS_BAND","fills the manual review queue; twin of CUST-001276"
"ER-AMBIGUOUS_BAND-00667","EDGE_CASE","ER","CUST-ER00667","","","AMBIGUOUS_BAND","fills the manual review queue; twin of CUST-001187"
"ER-AMBIGUOUS_BAND-00668","EDGE_CASE","ER","CUST-ER00668","","","AMBIGUOUS_BAND","fills the manual review queue; twin of CUST-005567"
"ER-AMBIGUOUS_BAND-00669","EDGE_CASE","ER","CUST-ER00669","","","AMBIGUOUS_BAND","fills the manual review queue; twin of CUST-006787"
"ER-AMBIGUOUS_BAND-00670","EDGE_CASE","ER","CUST-ER00670","","","AMBIGUOUS_BAND","fills the manual review queue; twin of CUST-001987"
"ER-AMBIGUOUS_BAND-00671","EDGE_CASE","ER","CUST-ER00671","","","AMBIGUOUS_BAND","fills the manual review queue; twin of CUST-008928"
"ER-AMBIGUOUS_BAND-00672","EDGE_CASE","ER","CUST-ER00672","","","AMBIGUOUS_BAND","fills the manual review queue; twin of CUST-007406"
"ER-AMBIGUOUS_BAND-00673","EDGE_CASE","ER","CUST-ER00673","","","AMBIGUOUS_BAND","fills the manual review queue; twin of CUST-004417"
"ER-AMBIGUOUS_BAND-00674","EDGE_CASE","ER","CUST-ER00674","","","AMBIGUOUS_BAND","fills the manual review queue; twin of CUST-002742"
"ER-AMBIGUOUS_BAND-00675","EDGE_CASE","ER","CUST-ER00675","","","AMBIGUOUS_BAND","fills the manual review queue; twin of CUST-004807"
"ER-AMBIGUOUS_BAND-00676","EDGE_CASE","ER","CUST-ER00676","","","AMBIGUOUS_BAND","fills the manual review queue; twin of CUST-005389"
"ER-AMBIGUOUS_BAND-00677","EDGE_CASE","ER","CUST-ER00677","","","AMBIGUOUS_BAND","fills the manual review queue; twin of CUST-000928"
"ER-AMBIGUOUS_BAND-00678","EDGE_CASE","ER","CUST-ER00678","","","AMBIGUOUS_BAND","fills the manual review queue; twin of CUST-002065"
"ER-AMBIGUOUS_BAND-00679","EDGE_CASE","ER","CUST-ER00679","","","AMBIGUOUS_BAND","fills the manual review queue; twin of CUST-009176"
"ER-AMBIGUOUS_BAND-00680","EDGE_CASE","ER","CUST-ER00680","","","AMBIGUOUS_BAND","fills the manual review queue; twin of CUST-002084"
"ER-AMBIGUOUS_BAND-00681","EDGE_CASE","ER","CUST-ER00681","","","AMBIGUOUS_BAND","fills the manual review queue; twin of CUST-004160"
"ER-AMBIGUOUS_BAND-00682","EDGE_CASE","ER","CUST-ER00682","","","AMBIGUOUS_BAND","fills the manual review queue; twin of CUST-007990"
"ER-AMBIGUOUS_BAND-00683","EDGE_CASE","ER","CUST-ER00683","","","AMBIGUOUS_BAND","fills the manual review queue; twin of CUST-002628"
"ER-AMBIGUOUS_BAND-00684","EDGE_CASE","ER","CUST-ER00684","","","AMBIGUOUS_BAND","fills the manual review queue; twin of CUST-007905"
"ER-AMBIGUOUS_BAND-00685","EDGE_CASE","ER","CUST-ER00685","","","AMBIGUOUS_BAND","fills the manual review queue; twin of CUST-008147"
"ER-AMBIGUOUS_BAND-00686","EDGE_CASE","ER","CUST-ER00686","","","AMBIGUOUS_BAND","fills the manual review queue; twin of CUST-003029"
"ER-AMBIGUOUS_BAND-00687","EDGE_CASE","ER","CUST-ER00687","","","AMBIGUOUS_BAND","fills the manual review queue; twin of CUST-006113"
"ER-AMBIGUOUS_BAND-00688","EDGE_CASE","ER","CUST-ER00688","","","AMBIGUOUS_BAND","fills the manual review queue; twin of CUST-004631"
"ER-AMBIGUOUS_BAND-00689","EDGE_CASE","ER","CUST-ER00689","","","AMBIGUOUS_BAND","fills the manual review queue; twin of CUST-000952"
"ER-AMBIGUOUS_BAND-00690","EDGE_CASE","ER","CUST-ER00690","","","AMBIGUOUS_BAND","fills the manual review queue; twin of CUST-007165"
"ER-AMBIGUOUS_BAND-00691","EDGE_CASE","ER","CUST-ER00691","","","AMBIGUOUS_BAND","fills the manual review queue; twin of CUST-002106"
"ER-AMBIGUOUS_BAND-00692","EDGE_CASE","ER","CUST-ER00692","","","AMBIGUOUS_BAND","fills the manual review queue; twin of CUST-003784"
"ER-AMBIGUOUS_BAND-00693","EDGE_CASE","ER","CUST-ER00693","","","AMBIGUOUS_BAND","fills the manual review queue; twin of CUST-006359"
"ER-AMBIGUOUS_BAND-00694","EDGE_CASE","ER","CUST-ER00694","","","AMBIGUOUS_BAND","fills the manual review queue; twin of CUST-001011"
"ER-AMBIGUOUS_BAND-00695","EDGE_CASE","ER","CUST-ER00695","","","AMBIGUOUS_BAND","fills the manual review queue; twin of CUST-008531"
"ER-AMBIGUOUS_BAND-00696","EDGE_CASE","ER","CUST-ER00696","","","AMBIGUOUS_BAND","fills the manual review queue; twin of CUST-008012"
"ER-AMBIGUOUS_BAND-00697","EDGE_CASE","ER","CUST-ER00697","","","AMBIGUOUS_BAND","fills the manual review queue; twin of CUST-005385"
"ER-AMBIGUOUS_BAND-00698","EDGE_CASE","ER","CUST-ER00698","","","AMBIGUOUS_BAND","fills the manual review queue; twin of CUST-005399"
"ER-AMBIGUOUS_BAND-00699","EDGE_CASE","ER","CUST-ER00699","","","AMBIGUOUS_BAND","fills the manual review queue; twin of CUST-004878"
"ER-AMBIGUOUS_BAND-00700","EDGE_CASE","ER","CUST-ER00700","","","AMBIGUOUS_BAND","fills the manual review queue; twin of CUST-003932"
"ER-AMBIGUOUS_BAND-00701","EDGE_CASE","ER","CUST-ER00701","","","AMBIGUOUS_BAND","fills the manual review queue; twin of CUST-006304"
"ER-AMBIGUOUS_BAND-00702","EDGE_CASE","ER","CUST-ER00702","","","AMBIGUOUS_BAND","fills the manual review queue; twin of CUST-003649"
"ER-AMBIGUOUS_BAND-00703","EDGE_CASE","ER","CUST-ER00703","","","AMBIGUOUS_BAND","fills the manual review queue; twin of CUST-008009"
"ER-AMBIGUOUS_BAND-00704","EDGE_CASE","ER","CUST-ER00704","","","AMBIGUOUS_BAND","fills the manual review queue; twin of CUST-005057"
"ER-AMBIGUOUS_BAND-00705","EDGE_CASE","ER","CUST-ER00705","","","AMBIGUOUS_BAND","fills the manual review queue; twin of CUST-004534"
"ER-AMBIGUOUS_BAND-00706","EDGE_CASE","ER","CUST-ER00706","","","AMBIGUOUS_BAND","fills the manual review queue; twin of CUST-000022"
"ER-AMBIGUOUS_BAND-00707","EDGE_CASE","ER","CUST-ER00707","","","AMBIGUOUS_BAND","fills the manual review queue; twin of CUST-009055"
"ER-AMBIGUOUS_BAND-00708","EDGE_CASE","ER","CUST-ER00708","","","AMBIGUOUS_BAND","fills the manual review queue; twin of CUST-000859"
"ER-AMBIGUOUS_BAND-00709","EDGE_CASE","ER","CUST-ER00709","","","AMBIGUOUS_BAND","fills the manual review queue; twin of CUST-007693"
"ER-AMBIGUOUS_BAND-00710","EDGE_CASE","ER","CUST-ER00710","","","AMBIGUOUS_BAND","fills the manual review queue; twin of CUST-007948"
"ER-AMBIGUOUS_BAND-00711","EDGE_CASE","ER","CUST-ER00711","","","AMBIGUOUS_BAND","fills the manual review queue; twin of CUST-005079"
"ER-AMBIGUOUS_BAND-00712","EDGE_CASE","ER","CUST-ER00712","","","AMBIGUOUS_BAND","fills the manual review queue; twin of CUST-001205"
"ER-AMBIGUOUS_BAND-00713","EDGE_CASE","ER","CUST-ER00713","","","AMBIGUOUS_BAND","fills the manual review queue; twin of CUST-005828"
"ER-AMBIGUOUS_BAND-00714","EDGE_CASE","ER","CUST-ER00714","","","AMBIGUOUS_BAND","fills the manual review queue; twin of CUST-006720"
"ER-AMBIGUOUS_BAND-00715","EDGE_CASE","ER","CUST-ER00715","","","AMBIGUOUS_BAND","fills the manual review queue; twin of CUST-001407"
"ER-AMBIGUOUS_BAND-00716","EDGE_CASE","ER","CUST-ER00716","","","AMBIGUOUS_BAND","fills the manual review queue; twin of CUST-003948"
"ER-AMBIGUOUS_BAND-00717","EDGE_CASE","ER","CUST-ER00717","","","AMBIGUOUS_BAND","fills the manual review queue; twin of CUST-004348"
"ER-AMBIGUOUS_BAND-00718","EDGE_CASE","ER","CUST-ER00718","","","AMBIGUOUS_BAND","fills the manual review queue; twin of CUST-008223"
"ER-AMBIGUOUS_BAND-00719","EDGE_CASE","ER","CUST-ER00719","","","AMBIGUOUS_BAND","fills the manual review queue; twin of CUST-006525"
"ER-AMBIGUOUS_BAND-00720","EDGE_CASE","ER","CUST-ER00720","","","AMBIGUOUS_BAND","fills the manual review queue; twin of CUST-005827"
"ER-AMBIGUOUS_BAND-00721","EDGE_CASE","ER","CUST-ER00721","","","AMBIGUOUS_BAND","fills the manual review queue; twin of CUST-000404"
"ER-AMBIGUOUS_BAND-00722","EDGE_CASE","ER","CUST-ER00722","","","AMBIGUOUS_BAND","fills the manual review queue; twin of CUST-005444"
"ER-AMBIGUOUS_BAND-00723","EDGE_CASE","ER","CUST-ER00723","","","AMBIGUOUS_BAND","fills the manual review queue; twin of CUST-007621"
"ER-AMBIGUOUS_BAND-00724","EDGE_CASE","ER","CUST-ER00724","","","AMBIGUOUS_BAND","fills the manual review queue; twin of CUST-000813"
"ER-AMBIGUOUS_BAND-00725","EDGE_CASE","ER","CUST-ER00725","","","AMBIGUOUS_BAND","fills the manual review queue; twin of CUST-007007"
"ER-AMBIGUOUS_BAND-00726","EDGE_CASE","ER","CUST-ER00726","","","AMBIGUOUS_BAND","fills the manual review queue; twin of CUST-000687"
"ER-AMBIGUOUS_BAND-00727","EDGE_CASE","ER","CUST-ER00727","","","AMBIGUOUS_BAND","fills the manual review queue; twin of CUST-003555"
"ER-AMBIGUOUS_BAND-00728","EDGE_CASE","ER","CUST-ER00728","","","AMBIGUOUS_BAND","fills the manual review queue; twin of CUST-008663"
"ER-AMBIGUOUS_BAND-00729","EDGE_CASE","ER","CUST-ER00729","","","AMBIGUOUS_BAND","fills the manual review queue; twin of CUST-004152"
"ER-AMBIGUOUS_BAND-00730","EDGE_CASE","ER","CUST-ER00730","","","AMBIGUOUS_BAND","fills the manual review queue; twin of CUST-007720"
"ER-AMBIGUOUS_BAND-00731","EDGE_CASE","ER","CUST-ER00731","","","AMBIGUOUS_BAND","fills the manual review queue; twin of CUST-006416"
"ER-AMBIGUOUS_BAND-00732","EDGE_CASE","ER","CUST-ER00732","","","AMBIGUOUS_BAND","fills the manual review queue; twin of CUST-004279"
"ER-AMBIGUOUS_BAND-00733","EDGE_CASE","ER","CUST-ER00733","","","AMBIGUOUS_BAND","fills the manual review queue; twin of CUST-007957"
"ER-AMBIGUOUS_BAND-00734","EDGE_CASE","ER","CUST-ER00734","","","AMBIGUOUS_BAND","fills the manual review queue; twin of CUST-002527"
"ER-AMBIGUOUS_BAND-00735","EDGE_CASE","ER","CUST-ER00735","","","AMBIGUOUS_BAND","fills the manual review queue; twin of CUST-006421"
"ER-AMBIGUOUS_BAND-00736","EDGE_CASE","ER","CUST-ER00736","","","AMBIGUOUS_BAND","fills the manual review queue; twin of CUST-008899"
"ER-AMBIGUOUS_BAND-00737","EDGE_CASE","ER","CUST-ER00737","","","AMBIGUOUS_BAND","fills the manual review queue; twin of CUST-004458"
"ER-AMBIGUOUS_BAND-00738","EDGE_CASE","ER","CUST-ER00738","","","AMBIGUOUS_BAND","fills the manual review queue; twin of CUST-007859"
"ER-AMBIGUOUS_BAND-00739","EDGE_CASE","ER","CUST-ER00739","","","AMBIGUOUS_BAND","fills the manual review queue; twin of CUST-008314"
"ER-AMBIGUOUS_BAND-00740","EDGE_CASE","ER","CUST-ER00740","","","AMBIGUOUS_BAND","fills the manual review queue; twin of CUST-001379"
"ER-AMBIGUOUS_BAND-00741","EDGE_CASE","ER","CUST-ER00741","","","AMBIGUOUS_BAND","fills the manual review queue; twin of CUST-005893"
"ER-AMBIGUOUS_BAND-00742","EDGE_CASE","ER","CUST-ER00742","","","AMBIGUOUS_BAND","fills the manual review queue; twin of CUST-004566"
"ER-AMBIGUOUS_BAND-00743","EDGE_CASE","ER","CUST-ER00743","","","AMBIGUOUS_BAND","fills the manual review queue; twin of CUST-004618"
"ER-AMBIGUOUS_BAND-00744","EDGE_CASE","ER","CUST-ER00744","","","AMBIGUOUS_BAND","fills the manual review queue; twin of CUST-006718"
"ER-AMBIGUOUS_BAND-00745","EDGE_CASE","ER","CUST-ER00745","","","AMBIGUOUS_BAND","fills the manual review queue; twin of CUST-005652"
"ER-AMBIGUOUS_BAND-00746","EDGE_CASE","ER","CUST-ER00746","","","AMBIGUOUS_BAND","fills the manual review queue; twin of CUST-006659"
"ER-AMBIGUOUS_BAND-00747","EDGE_CASE","ER","CUST-ER00747","","","AMBIGUOUS_BAND","fills the manual review queue; twin of CUST-000113"
"ER-AMBIGUOUS_BAND-00748","EDGE_CASE","ER","CUST-ER00748","","","AMBIGUOUS_BAND","fills the manual review queue; twin of CUST-002838"
"ER-AMBIGUOUS_BAND-00749","EDGE_CASE","ER","CUST-ER00749","","","AMBIGUOUS_BAND","fills the manual review queue; twin of CUST-005577"
"ER-AMBIGUOUS_BAND-00750","EDGE_CASE","ER","CUST-ER00750","","","AMBIGUOUS_BAND","fills the manual review queue; twin of CUST-008243"
"ER-AMBIGUOUS_BAND-00751","EDGE_CASE","ER","CUST-ER00751","","","AMBIGUOUS_BAND","fills the manual review queue; twin of CUST-004070"
"ER-AMBIGUOUS_BAND-00752","EDGE_CASE","ER","CUST-ER00752","","","AMBIGUOUS_BAND","fills the manual review queue; twin of CUST-004733"
"ER-AMBIGUOUS_BAND-00753","EDGE_CASE","ER","CUST-ER00753","","","AMBIGUOUS_BAND","fills the manual review queue; twin of CUST-001516"
"ER-AMBIGUOUS_BAND-00754","EDGE_CASE","ER","CUST-ER00754","","","AMBIGUOUS_BAND","fills the manual review queue; twin of CUST-002619"
"ER-AMBIGUOUS_BAND-00755","EDGE_CASE","ER","CUST-ER00755","","","AMBIGUOUS_BAND","fills the manual review queue; twin of CUST-003143"
"ER-AMBIGUOUS_BAND-00756","EDGE_CASE","ER","CUST-ER00756","","","AMBIGUOUS_BAND","fills the manual review queue; twin of CUST-005729"
"ER-AMBIGUOUS_BAND-00757","EDGE_CASE","ER","CUST-ER00757","","","AMBIGUOUS_BAND","fills the manual review queue; twin of CUST-005593"
"ER-AMBIGUOUS_BAND-00758","EDGE_CASE","ER","CUST-ER00758","","","AMBIGUOUS_BAND","fills the manual review queue; twin of CUST-008751"
"ER-AMBIGUOUS_BAND-00759","EDGE_CASE","ER","CUST-ER00759","","","AMBIGUOUS_BAND","fills the manual review queue; twin of CUST-007166"
"ER-AMBIGUOUS_BAND-00760","EDGE_CASE","ER","CUST-ER00760","","","AMBIGUOUS_BAND","fills the manual review queue; twin of CUST-002285"
"ER-AMBIGUOUS_BAND-00761","EDGE_CASE","ER","CUST-ER00761","","","AMBIGUOUS_BAND","fills the manual review queue; twin of CUST-001107"
"ER-AMBIGUOUS_BAND-00762","EDGE_CASE","ER","CUST-ER00762","","","AMBIGUOUS_BAND","fills the manual review queue; twin of CUST-004913"
"ER-AMBIGUOUS_BAND-00763","EDGE_CASE","ER","CUST-ER00763","","","AMBIGUOUS_BAND","fills the manual review queue; twin of CUST-003543"
"ER-AMBIGUOUS_BAND-00764","EDGE_CASE","ER","CUST-ER00764","","","AMBIGUOUS_BAND","fills the manual review queue; twin of CUST-000818"
"ER-AMBIGUOUS_BAND-00765","EDGE_CASE","ER","CUST-ER00765","","","AMBIGUOUS_BAND","fills the manual review queue; twin of CUST-003363"
"ER-AMBIGUOUS_BAND-00766","EDGE_CASE","ER","CUST-ER00766","","","AMBIGUOUS_BAND","fills the manual review queue; twin of CUST-008026"
"ER-AMBIGUOUS_BAND-00767","EDGE_CASE","ER","CUST-ER00767","","","AMBIGUOUS_BAND","fills the manual review queue; twin of CUST-004217"
"ER-AMBIGUOUS_BAND-00768","EDGE_CASE","ER","CUST-ER00768","","","AMBIGUOUS_BAND","fills the manual review queue; twin of CUST-005811"
"ER-AMBIGUOUS_BAND-00769","EDGE_CASE","ER","CUST-ER00769","","","AMBIGUOUS_BAND","fills the manual review queue; twin of CUST-002866"
"ER-AMBIGUOUS_BAND-00770","EDGE_CASE","ER","CUST-ER00770","","","AMBIGUOUS_BAND","fills the manual review queue; twin of CUST-006377"
"ER-AMBIGUOUS_BAND-00771","EDGE_CASE","ER","CUST-ER00771","","","AMBIGUOUS_BAND","fills the manual review queue; twin of CUST-006925"
"ER-AMBIGUOUS_BAND-00772","EDGE_CASE","ER","CUST-ER00772","","","AMBIGUOUS_BAND","fills the manual review queue; twin of CUST-007731"
"ER-AMBIGUOUS_BAND-00773","EDGE_CASE","ER","CUST-ER00773","","","AMBIGUOUS_BAND","fills the manual review queue; twin of CUST-004296"
"ER-AMBIGUOUS_BAND-00774","EDGE_CASE","ER","CUST-ER00774","","","AMBIGUOUS_BAND","fills the manual review queue; twin of CUST-007064"
"ER-AMBIGUOUS_BAND-00775","EDGE_CASE","ER","CUST-ER00775","","","AMBIGUOUS_BAND","fills the manual review queue; twin of CUST-007756"
"ER-AMBIGUOUS_BAND-00776","EDGE_CASE","ER","CUST-ER00776","","","AMBIGUOUS_BAND","fills the manual review queue; twin of CUST-008482"
"ER-AMBIGUOUS_BAND-00777","EDGE_CASE","ER","CUST-ER00777","","","AMBIGUOUS_BAND","fills the manual review queue; twin of CUST-001901"
"ER-AMBIGUOUS_BAND-00778","EDGE_CASE","ER","CUST-ER00778","","","AMBIGUOUS_BAND","fills the manual review queue; twin of CUST-003089"
"ER-AMBIGUOUS_BAND-00779","EDGE_CASE","ER","CUST-ER00779","","","AMBIGUOUS_BAND","fills the manual review queue; twin of CUST-005245"
"ER-AMBIGUOUS_BAND-00780","EDGE_CASE","ER","CUST-ER00780","","","AMBIGUOUS_BAND","fills the manual review queue; twin of CUST-006632"
"ER-AMBIGUOUS_BAND-00781","EDGE_CASE","ER","CUST-ER00781","","","AMBIGUOUS_BAND","fills the manual review queue; twin of CUST-007400"
"ER-AMBIGUOUS_BAND-00782","EDGE_CASE","ER","CUST-ER00782","","","AMBIGUOUS_BAND","fills the manual review queue; twin of CUST-008399"
"ER-AMBIGUOUS_BAND-00783","EDGE_CASE","ER","CUST-ER00783","","","AMBIGUOUS_BAND","fills the manual review queue; twin of CUST-000856"
"ER-AMBIGUOUS_BAND-00784","EDGE_CASE","ER","CUST-ER00784","","","AMBIGUOUS_BAND","fills the manual review queue; twin of CUST-006165"
"ER-AMBIGUOUS_BAND-00785","EDGE_CASE","ER","CUST-ER00785","","","AMBIGUOUS_BAND","fills the manual review queue; twin of CUST-002342"
"ER-AMBIGUOUS_BAND-00786","EDGE_CASE","ER","CUST-ER00786","","","AMBIGUOUS_BAND","fills the manual review queue; twin of CUST-008480"
"ER-AMBIGUOUS_BAND-00787","EDGE_CASE","ER","CUST-ER00787","","","AMBIGUOUS_BAND","fills the manual review queue; twin of CUST-004805"
"ER-AMBIGUOUS_BAND-00788","EDGE_CASE","ER","CUST-ER00788","","","AMBIGUOUS_BAND","fills the manual review queue; twin of CUST-000135"
"ER-AMBIGUOUS_BAND-00789","EDGE_CASE","ER","CUST-ER00789","","","AMBIGUOUS_BAND","fills the manual review queue; twin of CUST-001666"
"ER-AMBIGUOUS_BAND-00790","EDGE_CASE","ER","CUST-ER00790","","","AMBIGUOUS_BAND","fills the manual review queue; twin of CUST-003177"
"ER-AMBIGUOUS_BAND-00791","EDGE_CASE","ER","CUST-ER00791","","","AMBIGUOUS_BAND","fills the manual review queue; twin of CUST-002033"
"ER-AMBIGUOUS_BAND-00792","EDGE_CASE","ER","CUST-ER00792","","","AMBIGUOUS_BAND","fills the manual review queue; twin of CUST-006187"
"ER-AMBIGUOUS_BAND-00793","EDGE_CASE","ER","CUST-ER00793","","","AMBIGUOUS_BAND","fills the manual review queue; twin of CUST-003520"
"ER-AMBIGUOUS_BAND-00794","EDGE_CASE","ER","CUST-ER00794","","","AMBIGUOUS_BAND","fills the manual review queue; twin of CUST-006586"
"ER-AMBIGUOUS_BAND-00795","EDGE_CASE","ER","CUST-ER00795","","","AMBIGUOUS_BAND","fills the manual review queue; twin of CUST-006669"
"ER-AMBIGUOUS_BAND-00796","EDGE_CASE","ER","CUST-ER00796","","","AMBIGUOUS_BAND","fills the manual review queue; twin of CUST-003462"
"ER-AMBIGUOUS_BAND-00797","EDGE_CASE","ER","CUST-ER00797","","","AMBIGUOUS_BAND","fills the manual review queue; twin of CUST-004161"
"ER-AMBIGUOUS_BAND-00798","EDGE_CASE","ER","CUST-ER00798","","","AMBIGUOUS_BAND","fills the manual review queue; twin of CUST-007550"
"ER-AMBIGUOUS_BAND-00799","EDGE_CASE","ER","CUST-ER00799","","","AMBIGUOUS_BAND","fills the manual review queue; twin of CUST-007752"
"ER-AMBIGUOUS_BAND-00800","EDGE_CASE","ER","CUST-ER00800","","","AMBIGUOUS_BAND","fills the manual review queue; twin of CUST-007800"
"ER-AMBIGUOUS_BAND-00801","EDGE_CASE","ER","CUST-ER00801","","","AMBIGUOUS_BAND","fills the manual review queue; twin of CUST-008244"
"ER-AMBIGUOUS_BAND-00802","EDGE_CASE","ER","CUST-ER00802","","","AMBIGUOUS_BAND","fills the manual review queue; twin of CUST-009177"
"ER-AMBIGUOUS_BAND-00803","EDGE_CASE","ER","CUST-ER00803","","","AMBIGUOUS_BAND","fills the manual review queue; twin of CUST-006587"
"ER-AMBIGUOUS_BAND-00804","EDGE_CASE","ER","CUST-ER00804","","","AMBIGUOUS_BAND","fills the manual review queue; twin of CUST-002020"
"ER-AMBIGUOUS_BAND-00805","EDGE_CASE","ER","CUST-ER00805","","","AMBIGUOUS_BAND","fills the manual review queue; twin of CUST-003377"
"ER-AMBIGUOUS_BAND-00806","EDGE_CASE","ER","CUST-ER00806","","","AMBIGUOUS_BAND","fills the manual review queue; twin of CUST-006646"
"ER-AMBIGUOUS_BAND-00807","EDGE_CASE","ER","CUST-ER00807","","","AMBIGUOUS_BAND","fills the manual review queue; twin of CUST-005018"
"ER-AMBIGUOUS_BAND-00808","EDGE_CASE","ER","CUST-ER00808","","","AMBIGUOUS_BAND","fills the manual review queue; twin of CUST-007086"
"ER-AMBIGUOUS_BAND-00809","EDGE_CASE","ER","CUST-ER00809","","","AMBIGUOUS_BAND","fills the manual review queue; twin of CUST-005852"
"ER-AMBIGUOUS_BAND-00810","EDGE_CASE","ER","CUST-ER00810","","","AMBIGUOUS_BAND","fills the manual review queue; twin of CUST-000803"
"ER-AMBIGUOUS_BAND-00811","EDGE_CASE","ER","CUST-ER00811","","","AMBIGUOUS_BAND","fills the manual review queue; twin of CUST-002773"
"ER-AMBIGUOUS_BAND-00812","EDGE_CASE","ER","CUST-ER00812","","","AMBIGUOUS_BAND","fills the manual review queue; twin of CUST-006714"
"ER-AMBIGUOUS_BAND-00813","EDGE_CASE","ER","CUST-ER00813","","","AMBIGUOUS_BAND","fills the manual review queue; twin of CUST-003107"
"ER-AMBIGUOUS_BAND-00814","EDGE_CASE","ER","CUST-ER00814","","","AMBIGUOUS_BAND","fills the manual review queue; twin of CUST-005134"
"ER-AMBIGUOUS_BAND-00815","EDGE_CASE","ER","CUST-ER00815","","","AMBIGUOUS_BAND","fills the manual review queue; twin of CUST-002119"
"ER-AMBIGUOUS_BAND-00816","EDGE_CASE","ER","CUST-ER00816","","","AMBIGUOUS_BAND","fills the manual review queue; twin of CUST-008513"
"ER-AMBIGUOUS_BAND-00817","EDGE_CASE","ER","CUST-ER00817","","","AMBIGUOUS_BAND","fills the manual review queue; twin of CUST-006959"
"ER-AMBIGUOUS_BAND-00818","EDGE_CASE","ER","CUST-ER00818","","","AMBIGUOUS_BAND","fills the manual review queue; twin of CUST-002634"
"ER-AMBIGUOUS_BAND-00819","EDGE_CASE","ER","CUST-ER00819","","","AMBIGUOUS_BAND","fills the manual review queue; twin of CUST-003227"
"ER-AMBIGUOUS_BAND-00820","EDGE_CASE","ER","CUST-ER00820","","","AMBIGUOUS_BAND","fills the manual review queue; twin of CUST-001737"
"CONTROL-CUST-000008","CONTROL_CLEAN","ALL","CUST-000008","2026-04-01","2026-09-30","","Must raise zero alerts at approved default parameters (FRD §8.14)"
"CONTROL-CUST-000032","CONTROL_CLEAN","ALL","CUST-000032","2026-04-01","2026-09-30","","Must raise zero alerts at approved default parameters (FRD §8.14)"
"CONTROL-CUST-000039","CONTROL_CLEAN","ALL","CUST-000039","2026-04-01","2026-09-30","","Must raise zero alerts at approved default parameters (FRD §8.14)"
"CONTROL-CUST-000040","CONTROL_CLEAN","ALL","CUST-000040","2026-04-01","2026-09-30","","Must raise zero alerts at approved default parameters (FRD §8.14)"
"CONTROL-CUST-000049","CONTROL_CLEAN","ALL","CUST-000049","2026-04-01","2026-09-30","","Must raise zero alerts at approved default parameters (FRD §8.14)"
"CONTROL-CUST-000053","CONTROL_CLEAN","ALL","CUST-000053","2026-04-01","2026-09-30","","Must raise zero alerts at approved default parameters (FRD §8.14)"
"CONTROL-CUST-000063","CONTROL_CLEAN","ALL","CUST-000063","2026-04-01","2026-09-30","","Must raise zero alerts at approved default parameters (FRD §8.14)"
"CONTROL-CUST-000085","CONTROL_CLEAN","ALL","CUST-000085","2026-04-01","2026-09-30","","Must raise zero alerts at approved default parameters (FRD §8.14)"
"CONTROL-CUST-000087","CONTROL_CLEAN","ALL","CUST-000087","2026-04-01","2026-09-30","","Must raise zero alerts at approved default parameters (FRD §8.14)"
"CONTROL-CUST-000092","CONTROL_CLEAN","ALL","CUST-000092","2026-04-01","2026-09-30","","Must raise zero alerts at approved default parameters (FRD §8.14)"
"CONTROL-CUST-000093","CONTROL_CLEAN","ALL","CUST-000093","2026-04-01","2026-09-30","","Must raise zero alerts at approved default parameters (FRD §8.14)"
"CONTROL-CUST-000107","CONTROL_CLEAN","ALL","CUST-000107","2026-04-01","2026-09-30","","Must raise zero alerts at approved default parameters (FRD §8.14)"
"CONTROL-CUST-000123","CONTROL_CLEAN","ALL","CUST-000123","2026-04-01","2026-09-30","","Must raise zero alerts at approved default parameters (FRD §8.14)"
"CONTROL-CUST-000137","CONTROL_CLEAN","ALL","CUST-000137","2026-04-01","2026-09-30","","Must raise zero alerts at approved default parameters (FRD §8.14)"
"CONTROL-CUST-000141","CONTROL_CLEAN","ALL","CUST-000141","2026-04-01","2026-09-30","","Must raise zero alerts at approved default parameters (FRD §8.14)"
"CONTROL-CUST-000161","CONTROL_CLEAN","ALL","CUST-000161","2026-04-01","2026-09-30","","Must raise zero alerts at approved default parameters (FRD §8.14)"
"CONTROL-CUST-000191","CONTROL_CLEAN","ALL","CUST-000191","2026-04-01","2026-09-30","","Must raise zero alerts at approved default parameters (FRD §8.14)"
"CONTROL-CUST-000194","CONTROL_CLEAN","ALL","CUST-000194","2026-04-01","2026-09-30","","Must raise zero alerts at approved default parameters (FRD §8.14)"
"CONTROL-CUST-000198","CONTROL_CLEAN","ALL","CUST-000198","2026-04-01","2026-09-30","","Must raise zero alerts at approved default parameters (FRD §8.14)"
"CONTROL-CUST-000212","CONTROL_CLEAN","ALL","CUST-000212","2026-04-01","2026-09-30","","Must raise zero alerts at approved default parameters (FRD §8.14)"
"CONTROL-CUST-000213","CONTROL_CLEAN","ALL","CUST-000213","2026-04-01","2026-09-30","","Must raise zero alerts at approved default parameters (FRD §8.14)"
"CONTROL-CUST-000233","CONTROL_CLEAN","ALL","CUST-000233","2026-04-01","2026-09-30","","Must raise zero alerts at approved default parameters (FRD §8.14)"
"CONTROL-CUST-000237","CONTROL_CLEAN","ALL","CUST-000237","2026-04-01","2026-09-30","","Must raise zero alerts at approved default parameters (FRD §8.14)"
"CONTROL-CUST-000243","CONTROL_CLEAN","ALL","CUST-000243","2026-04-01","2026-09-30","","Must raise zero alerts at approved default parameters (FRD §8.14)"
"CONTROL-CUST-000269","CONTROL_CLEAN","ALL","CUST-000269","2026-04-01","2026-09-30","","Must raise zero alerts at approved default parameters (FRD §8.14)"
"CONTROL-CUST-000276","CONTROL_CLEAN","ALL","CUST-000276","2026-04-01","2026-09-30","","Must raise zero alerts at approved default parameters (FRD §8.14)"
"CONTROL-CUST-000281","CONTROL_CLEAN","ALL","CUST-000281","2026-04-01","2026-09-30","","Must raise zero alerts at approved default parameters (FRD §8.14)"
"CONTROL-CUST-000302","CONTROL_CLEAN","ALL","CUST-000302","2026-04-01","2026-09-30","","Must raise zero alerts at approved default parameters (FRD §8.14)"
"CONTROL-CUST-000315","CONTROL_CLEAN","ALL","CUST-000315","2026-04-01","2026-09-30","","Must raise zero alerts at approved default parameters (FRD §8.14)"
"CONTROL-CUST-000320","CONTROL_CLEAN","ALL","CUST-000320","2026-04-01","2026-09-30","","Must raise zero alerts at approved default parameters (FRD §8.14)"
"CONTROL-CUST-000328","CONTROL_CLEAN","ALL","CUST-000328","2026-04-01","2026-09-30","","Must raise zero alerts at approved default parameters (FRD §8.14)"
"CONTROL-CUST-000334","CONTROL_CLEAN","ALL","CUST-000334","2026-04-01","2026-09-30","","Must raise zero alerts at approved default parameters (FRD §8.14)"
"CONTROL-CUST-000349","CONTROL_CLEAN","ALL","CUST-000349","2026-04-01","2026-09-30","","Must raise zero alerts at approved default parameters (FRD §8.14)"
"CONTROL-CUST-000352","CONTROL_CLEAN","ALL","CUST-000352","2026-04-01","2026-09-30","","Must raise zero alerts at approved default parameters (FRD §8.14)"
"CONTROL-CUST-000356","CONTROL_CLEAN","ALL","CUST-000356","2026-04-01","2026-09-30","","Must raise zero alerts at approved default parameters (FRD §8.14)"
"CONTROL-CUST-000366","CONTROL_CLEAN","ALL","CUST-000366","2026-04-01","2026-09-30","","Must raise zero alerts at approved default parameters (FRD §8.14)"
"CONTROL-CUST-000375","CONTROL_CLEAN","ALL","CUST-000375","2026-04-01","2026-09-30","","Must raise zero alerts at approved default parameters (FRD §8.14)"
"CONTROL-CUST-000381","CONTROL_CLEAN","ALL","CUST-000381","2026-04-01","2026-09-30","","Must raise zero alerts at approved default parameters (FRD §8.14)"
"CONTROL-CUST-000393","CONTROL_CLEAN","ALL","CUST-000393","2026-04-01","2026-09-30","","Must raise zero alerts at approved default parameters (FRD §8.14)"
"CONTROL-CUST-000406","CONTROL_CLEAN","ALL","CUST-000406","2026-04-01","2026-09-30","","Must raise zero alerts at approved default parameters (FRD §8.14)"
"CONTROL-CUST-000425","CONTROL_CLEAN","ALL","CUST-000425","2026-04-01","2026-09-30","","Must raise zero alerts at approved default parameters (FRD §8.14)"
"CONTROL-CUST-000450","CONTROL_CLEAN","ALL","CUST-000450","2026-04-01","2026-09-30","","Must raise zero alerts at approved default parameters (FRD §8.14)"
"CONTROL-CUST-000477","CONTROL_CLEAN","ALL","CUST-000477","2026-04-01","2026-09-30","","Must raise zero alerts at approved default parameters (FRD §8.14)"
"CONTROL-CUST-000495","CONTROL_CLEAN","ALL","CUST-000495","2026-04-01","2026-09-30","","Must raise zero alerts at approved default parameters (FRD §8.14)"
"CONTROL-CUST-000512","CONTROL_CLEAN","ALL","CUST-000512","2026-04-01","2026-09-30","","Must raise zero alerts at approved default parameters (FRD §8.14)"
"CONTROL-CUST-000524","CONTROL_CLEAN","ALL","CUST-000524","2026-04-01","2026-09-30","","Must raise zero alerts at approved default parameters (FRD §8.14)"
"CONTROL-CUST-000539","CONTROL_CLEAN","ALL","CUST-000539","2026-04-01","2026-09-30","","Must raise zero alerts at approved default parameters (FRD §8.14)"
"CONTROL-CUST-000570","CONTROL_CLEAN","ALL","CUST-000570","2026-04-01","2026-09-30","","Must raise zero alerts at approved default parameters (FRD §8.14)"
"CONTROL-CUST-000571","CONTROL_CLEAN","ALL","CUST-000571","2026-04-01","2026-09-30","","Must raise zero alerts at approved default parameters (FRD §8.14)"
"CONTROL-CUST-000573","CONTROL_CLEAN","ALL","CUST-000573","2026-04-01","2026-09-30","","Must raise zero alerts at approved default parameters (FRD §8.14)"
"CONTROL-CUST-000576","CONTROL_CLEAN","ALL","CUST-000576","2026-04-01","2026-09-30","","Must raise zero alerts at approved default parameters (FRD §8.14)"
"CONTROL-CUST-000591","CONTROL_CLEAN","ALL","CUST-000591","2026-04-01","2026-09-30","","Must raise zero alerts at approved default parameters (FRD §8.14)"
"CONTROL-CUST-000609","CONTROL_CLEAN","ALL","CUST-000609","2026-04-01","2026-09-30","","Must raise zero alerts at approved default parameters (FRD §8.14)"
"CONTROL-CUST-000622","CONTROL_CLEAN","ALL","CUST-000622","2026-04-01","2026-09-30","","Must raise zero alerts at approved default parameters (FRD §8.14)"
"CONTROL-CUST-000645","CONTROL_CLEAN","ALL","CUST-000645","2026-04-01","2026-09-30","","Must raise zero alerts at approved default parameters (FRD §8.14)"
"CONTROL-CUST-000667","CONTROL_CLEAN","ALL","CUST-000667","2026-04-01","2026-09-30","","Must raise zero alerts at approved default parameters (FRD §8.14)"
"CONTROL-CUST-000674","CONTROL_CLEAN","ALL","CUST-000674","2026-04-01","2026-09-30","","Must raise zero alerts at approved default parameters (FRD §8.14)"
"CONTROL-CUST-000718","CONTROL_CLEAN","ALL","CUST-000718","2026-04-01","2026-09-30","","Must raise zero alerts at approved default parameters (FRD §8.14)"
"CONTROL-CUST-000720","CONTROL_CLEAN","ALL","CUST-000720","2026-04-01","2026-09-30","","Must raise zero alerts at approved default parameters (FRD §8.14)"
"CONTROL-CUST-000730","CONTROL_CLEAN","ALL","CUST-000730","2026-04-01","2026-09-30","","Must raise zero alerts at approved default parameters (FRD §8.14)"
"CONTROL-CUST-000734","CONTROL_CLEAN","ALL","CUST-000734","2026-04-01","2026-09-30","","Must raise zero alerts at approved default parameters (FRD §8.14)"
"CONTROL-CUST-000762","CONTROL_CLEAN","ALL","CUST-000762","2026-04-01","2026-09-30","","Must raise zero alerts at approved default parameters (FRD §8.14)"
"CONTROL-CUST-000765","CONTROL_CLEAN","ALL","CUST-000765","2026-04-01","2026-09-30","","Must raise zero alerts at approved default parameters (FRD §8.14)"
"CONTROL-CUST-000781","CONTROL_CLEAN","ALL","CUST-000781","2026-04-01","2026-09-30","","Must raise zero alerts at approved default parameters (FRD §8.14)"
"CONTROL-CUST-000799","CONTROL_CLEAN","ALL","CUST-000799","2026-04-01","2026-09-30","","Must raise zero alerts at approved default parameters (FRD §8.14)"
"CONTROL-CUST-000805","CONTROL_CLEAN","ALL","CUST-000805","2026-04-01","2026-09-30","","Must raise zero alerts at approved default parameters (FRD §8.14)"
"CONTROL-CUST-000814","CONTROL_CLEAN","ALL","CUST-000814","2026-04-01","2026-09-30","","Must raise zero alerts at approved default parameters (FRD §8.14)"
"CONTROL-CUST-000820","CONTROL_CLEAN","ALL","CUST-000820","2026-04-01","2026-09-30","","Must raise zero alerts at approved default parameters (FRD §8.14)"
"CONTROL-CUST-000844","CONTROL_CLEAN","ALL","CUST-000844","2026-04-01","2026-09-30","","Must raise zero alerts at approved default parameters (FRD §8.14)"
"CONTROL-CUST-000852","CONTROL_CLEAN","ALL","CUST-000852","2026-04-01","2026-09-30","","Must raise zero alerts at approved default parameters (FRD §8.14)"
"CONTROL-CUST-000854","CONTROL_CLEAN","ALL","CUST-000854","2026-04-01","2026-09-30","","Must raise zero alerts at approved default parameters (FRD §8.14)"
"CONTROL-CUST-000855","CONTROL_CLEAN","ALL","CUST-000855","2026-04-01","2026-09-30","","Must raise zero alerts at approved default parameters (FRD §8.14)"
"CONTROL-CUST-000859","CONTROL_CLEAN","ALL","CUST-000859","2026-04-01","2026-09-30","","Must raise zero alerts at approved default parameters (FRD §8.14)"
"CONTROL-CUST-000870","CONTROL_CLEAN","ALL","CUST-000870","2026-04-01","2026-09-30","","Must raise zero alerts at approved default parameters (FRD §8.14)"
"CONTROL-CUST-000893","CONTROL_CLEAN","ALL","CUST-000893","2026-04-01","2026-09-30","","Must raise zero alerts at approved default parameters (FRD §8.14)"
"CONTROL-CUST-000896","CONTROL_CLEAN","ALL","CUST-000896","2026-04-01","2026-09-30","","Must raise zero alerts at approved default parameters (FRD §8.14)"
"CONTROL-CUST-000900","CONTROL_CLEAN","ALL","CUST-000900","2026-04-01","2026-09-30","","Must raise zero alerts at approved default parameters (FRD §8.14)"
"CONTROL-CUST-000906","CONTROL_CLEAN","ALL","CUST-000906","2026-04-01","2026-09-30","","Must raise zero alerts at approved default parameters (FRD §8.14)"
"CONTROL-CUST-000911","CONTROL_CLEAN","ALL","CUST-000911","2026-04-01","2026-09-30","","Must raise zero alerts at approved default parameters (FRD §8.14)"
"CONTROL-CUST-000912","CONTROL_CLEAN","ALL","CUST-000912","2026-04-01","2026-09-30","","Must raise zero alerts at approved default parameters (FRD §8.14)"
"CONTROL-CUST-000927","CONTROL_CLEAN","ALL","CUST-000927","2026-04-01","2026-09-30","","Must raise zero alerts at approved default parameters (FRD §8.14)"
"CONTROL-CUST-000930","CONTROL_CLEAN","ALL","CUST-000930","2026-04-01","2026-09-30","","Must raise zero alerts at approved default parameters (FRD §8.14)"
"CONTROL-CUST-000945","CONTROL_CLEAN","ALL","CUST-000945","2026-04-01","2026-09-30","","Must raise zero alerts at approved default parameters (FRD §8.14)"
"CONTROL-CUST-000969","CONTROL_CLEAN","ALL","CUST-000969","2026-04-01","2026-09-30","","Must raise zero alerts at approved default parameters (FRD §8.14)"
"CONTROL-CUST-001004","CONTROL_CLEAN","ALL","CUST-001004","2026-04-01","2026-09-30","","Must raise zero alerts at approved default parameters (FRD §8.14)"
"CONTROL-CUST-001030","CONTROL_CLEAN","ALL","CUST-001030","2026-04-01","2026-09-30","","Must raise zero alerts at approved default parameters (FRD §8.14)"
"CONTROL-CUST-001037","CONTROL_CLEAN","ALL","CUST-001037","2026-04-01","2026-09-30","","Must raise zero alerts at approved default parameters (FRD §8.14)"
"CONTROL-CUST-001040","CONTROL_CLEAN","ALL","CUST-001040","2026-04-01","2026-09-30","","Must raise zero alerts at approved default parameters (FRD §8.14)"
"CONTROL-CUST-001043","CONTROL_CLEAN","ALL","CUST-001043","2026-04-01","2026-09-30","","Must raise zero alerts at approved default parameters (FRD §8.14)"
"CONTROL-CUST-001046","CONTROL_CLEAN","ALL","CUST-001046","2026-04-01","2026-09-30","","Must raise zero alerts at approved default parameters (FRD §8.14)"
"CONTROL-CUST-001059","CONTROL_CLEAN","ALL","CUST-001059","2026-04-01","2026-09-30","","Must raise zero alerts at approved default parameters (FRD §8.14)"
"CONTROL-CUST-001073","CONTROL_CLEAN","ALL","CUST-001073","2026-04-01","2026-09-30","","Must raise zero alerts at approved default parameters (FRD §8.14)"
"CONTROL-CUST-001088","CONTROL_CLEAN","ALL","CUST-001088","2026-04-01","2026-09-30","","Must raise zero alerts at approved default parameters (FRD §8.14)"
"CONTROL-CUST-001095","CONTROL_CLEAN","ALL","CUST-001095","2026-04-01","2026-09-30","","Must raise zero alerts at approved default parameters (FRD §8.14)"
"CONTROL-CUST-001107","CONTROL_CLEAN","ALL","CUST-001107","2026-04-01","2026-09-30","","Must raise zero alerts at approved default parameters (FRD §8.14)"
"CONTROL-CUST-001133","CONTROL_CLEAN","ALL","CUST-001133","2026-04-01","2026-09-30","","Must raise zero alerts at approved default parameters (FRD §8.14)"
"CONTROL-CUST-001162","CONTROL_CLEAN","ALL","CUST-001162","2026-04-01","2026-09-30","","Must raise zero alerts at approved default parameters (FRD §8.14)"
"CONTROL-CUST-001164","CONTROL_CLEAN","ALL","CUST-001164","2026-04-01","2026-09-30","","Must raise zero alerts at approved default parameters (FRD §8.14)"
"CONTROL-CUST-001170","CONTROL_CLEAN","ALL","CUST-001170","2026-04-01","2026-09-30","","Must raise zero alerts at approved default parameters (FRD §8.14)"
"CONTROL-CUST-001195","CONTROL_CLEAN","ALL","CUST-001195","2026-04-01","2026-09-30","","Must raise zero alerts at approved default parameters (FRD §8.14)"
"CONTROL-CUST-001207","CONTROL_CLEAN","ALL","CUST-001207","2026-04-01","2026-09-30","","Must raise zero alerts at approved default parameters (FRD §8.14)"
"CONTROL-CUST-001232","CONTROL_CLEAN","ALL","CUST-001232","2026-04-01","2026-09-30","","Must raise zero alerts at approved default parameters (FRD §8.14)"
"CONTROL-CUST-001254","CONTROL_CLEAN","ALL","CUST-001254","2026-04-01","2026-09-30","","Must raise zero alerts at approved default parameters (FRD §8.14)"
"CONTROL-CUST-001259","CONTROL_CLEAN","ALL","CUST-001259","2026-04-01","2026-09-30","","Must raise zero alerts at approved default parameters (FRD §8.14)"
"CONTROL-CUST-001262","CONTROL_CLEAN","ALL","CUST-001262","2026-04-01","2026-09-30","","Must raise zero alerts at approved default parameters (FRD §8.14)"
"CONTROL-CUST-001284","CONTROL_CLEAN","ALL","CUST-001284","2026-04-01","2026-09-30","","Must raise zero alerts at approved default parameters (FRD §8.14)"
"CONTROL-CUST-001298","CONTROL_CLEAN","ALL","CUST-001298","2026-04-01","2026-09-30","","Must raise zero alerts at approved default parameters (FRD §8.14)"
"CONTROL-CUST-001302","CONTROL_CLEAN","ALL","CUST-001302","2026-04-01","2026-09-30","","Must raise zero alerts at approved default parameters (FRD §8.14)"
"CONTROL-CUST-001312","CONTROL_CLEAN","ALL","CUST-001312","2026-04-01","2026-09-30","","Must raise zero alerts at approved default parameters (FRD §8.14)"
"CONTROL-CUST-001321","CONTROL_CLEAN","ALL","CUST-001321","2026-04-01","2026-09-30","","Must raise zero alerts at approved default parameters (FRD §8.14)"
"CONTROL-CUST-001328","CONTROL_CLEAN","ALL","CUST-001328","2026-04-01","2026-09-30","","Must raise zero alerts at approved default parameters (FRD §8.14)"
"CONTROL-CUST-001332","CONTROL_CLEAN","ALL","CUST-001332","2026-04-01","2026-09-30","","Must raise zero alerts at approved default parameters (FRD §8.14)"
"CONTROL-CUST-001345","CONTROL_CLEAN","ALL","CUST-001345","2026-04-01","2026-09-30","","Must raise zero alerts at approved default parameters (FRD §8.14)"
"CONTROL-CUST-001347","CONTROL_CLEAN","ALL","CUST-001347","2026-04-01","2026-09-30","","Must raise zero alerts at approved default parameters (FRD §8.14)"
"CONTROL-CUST-001356","CONTROL_CLEAN","ALL","CUST-001356","2026-04-01","2026-09-30","","Must raise zero alerts at approved default parameters (FRD §8.14)"
"CONTROL-CUST-001365","CONTROL_CLEAN","ALL","CUST-001365","2026-04-01","2026-09-30","","Must raise zero alerts at approved default parameters (FRD §8.14)"
"CONTROL-CUST-001385","CONTROL_CLEAN","ALL","CUST-001385","2026-04-01","2026-09-30","","Must raise zero alerts at approved default parameters (FRD §8.14)"
"CONTROL-CUST-001391","CONTROL_CLEAN","ALL","CUST-001391","2026-04-01","2026-09-30","","Must raise zero alerts at approved default parameters (FRD §8.14)"
"CONTROL-CUST-001395","CONTROL_CLEAN","ALL","CUST-001395","2026-04-01","2026-09-30","","Must raise zero alerts at approved default parameters (FRD §8.14)"
"CONTROL-CUST-001405","CONTROL_CLEAN","ALL","CUST-001405","2026-04-01","2026-09-30","","Must raise zero alerts at approved default parameters (FRD §8.14)"
"CONTROL-CUST-001460","CONTROL_CLEAN","ALL","CUST-001460","2026-04-01","2026-09-30","","Must raise zero alerts at approved default parameters (FRD §8.14)"
"CONTROL-CUST-001487","CONTROL_CLEAN","ALL","CUST-001487","2026-04-01","2026-09-30","","Must raise zero alerts at approved default parameters (FRD §8.14)"
"CONTROL-CUST-001497","CONTROL_CLEAN","ALL","CUST-001497","2026-04-01","2026-09-30","","Must raise zero alerts at approved default parameters (FRD §8.14)"
"CONTROL-CUST-001511","CONTROL_CLEAN","ALL","CUST-001511","2026-04-01","2026-09-30","","Must raise zero alerts at approved default parameters (FRD §8.14)"
"CONTROL-CUST-001541","CONTROL_CLEAN","ALL","CUST-001541","2026-04-01","2026-09-30","","Must raise zero alerts at approved default parameters (FRD §8.14)"
"CONTROL-CUST-001543","CONTROL_CLEAN","ALL","CUST-001543","2026-04-01","2026-09-30","","Must raise zero alerts at approved default parameters (FRD §8.14)"
"CONTROL-CUST-001575","CONTROL_CLEAN","ALL","CUST-001575","2026-04-01","2026-09-30","","Must raise zero alerts at approved default parameters (FRD §8.14)"
"CONTROL-CUST-001583","CONTROL_CLEAN","ALL","CUST-001583","2026-04-01","2026-09-30","","Must raise zero alerts at approved default parameters (FRD §8.14)"
"CONTROL-CUST-001584","CONTROL_CLEAN","ALL","CUST-001584","2026-04-01","2026-09-30","","Must raise zero alerts at approved default parameters (FRD §8.14)"
"CONTROL-CUST-001600","CONTROL_CLEAN","ALL","CUST-001600","2026-04-01","2026-09-30","","Must raise zero alerts at approved default parameters (FRD §8.14)"
"CONTROL-CUST-001610","CONTROL_CLEAN","ALL","CUST-001610","2026-04-01","2026-09-30","","Must raise zero alerts at approved default parameters (FRD §8.14)"
"CONTROL-CUST-001612","CONTROL_CLEAN","ALL","CUST-001612","2026-04-01","2026-09-30","","Must raise zero alerts at approved default parameters (FRD §8.14)"
"CONTROL-CUST-001639","CONTROL_CLEAN","ALL","CUST-001639","2026-04-01","2026-09-30","","Must raise zero alerts at approved default parameters (FRD §8.14)"
"CONTROL-CUST-001650","CONTROL_CLEAN","ALL","CUST-001650","2026-04-01","2026-09-30","","Must raise zero alerts at approved default parameters (FRD §8.14)"
"CONTROL-CUST-001661","CONTROL_CLEAN","ALL","CUST-001661","2026-04-01","2026-09-30","","Must raise zero alerts at approved default parameters (FRD §8.14)"
"CONTROL-CUST-001664","CONTROL_CLEAN","ALL","CUST-001664","2026-04-01","2026-09-30","","Must raise zero alerts at approved default parameters (FRD §8.14)"
"CONTROL-CUST-001671","CONTROL_CLEAN","ALL","CUST-001671","2026-04-01","2026-09-30","","Must raise zero alerts at approved default parameters (FRD §8.14)"
"CONTROL-CUST-001673","CONTROL_CLEAN","ALL","CUST-001673","2026-04-01","2026-09-30","","Must raise zero alerts at approved default parameters (FRD §8.14)"
"CONTROL-CUST-001685","CONTROL_CLEAN","ALL","CUST-001685","2026-04-01","2026-09-30","","Must raise zero alerts at approved default parameters (FRD §8.14)"
"CONTROL-CUST-001693","CONTROL_CLEAN","ALL","CUST-001693","2026-04-01","2026-09-30","","Must raise zero alerts at approved default parameters (FRD §8.14)"
"CONTROL-CUST-001708","CONTROL_CLEAN","ALL","CUST-001708","2026-04-01","2026-09-30","","Must raise zero alerts at approved default parameters (FRD §8.14)"
"CONTROL-CUST-001714","CONTROL_CLEAN","ALL","CUST-001714","2026-04-01","2026-09-30","","Must raise zero alerts at approved default parameters (FRD §8.14)"
"CONTROL-CUST-001722","CONTROL_CLEAN","ALL","CUST-001722","2026-04-01","2026-09-30","","Must raise zero alerts at approved default parameters (FRD §8.14)"
"CONTROL-CUST-001725","CONTROL_CLEAN","ALL","CUST-001725","2026-04-01","2026-09-30","","Must raise zero alerts at approved default parameters (FRD §8.14)"
"CONTROL-CUST-001727","CONTROL_CLEAN","ALL","CUST-001727","2026-04-01","2026-09-30","","Must raise zero alerts at approved default parameters (FRD §8.14)"
"CONTROL-CUST-001746","CONTROL_CLEAN","ALL","CUST-001746","2026-04-01","2026-09-30","","Must raise zero alerts at approved default parameters (FRD §8.14)"
"CONTROL-CUST-001763","CONTROL_CLEAN","ALL","CUST-001763","2026-04-01","2026-09-30","","Must raise zero alerts at approved default parameters (FRD §8.14)"
"CONTROL-CUST-001779","CONTROL_CLEAN","ALL","CUST-001779","2026-04-01","2026-09-30","","Must raise zero alerts at approved default parameters (FRD §8.14)"
"CONTROL-CUST-001813","CONTROL_CLEAN","ALL","CUST-001813","2026-04-01","2026-09-30","","Must raise zero alerts at approved default parameters (FRD §8.14)"
"CONTROL-CUST-001858","CONTROL_CLEAN","ALL","CUST-001858","2026-04-01","2026-09-30","","Must raise zero alerts at approved default parameters (FRD §8.14)"
"CONTROL-CUST-001870","CONTROL_CLEAN","ALL","CUST-001870","2026-04-01","2026-09-30","","Must raise zero alerts at approved default parameters (FRD §8.14)"
"CONTROL-CUST-001872","CONTROL_CLEAN","ALL","CUST-001872","2026-04-01","2026-09-30","","Must raise zero alerts at approved default parameters (FRD §8.14)"
"CONTROL-CUST-001881","CONTROL_CLEAN","ALL","CUST-001881","2026-04-01","2026-09-30","","Must raise zero alerts at approved default parameters (FRD §8.14)"
"CONTROL-CUST-001897","CONTROL_CLEAN","ALL","CUST-001897","2026-04-01","2026-09-30","","Must raise zero alerts at approved default parameters (FRD §8.14)"
"CONTROL-CUST-001932","CONTROL_CLEAN","ALL","CUST-001932","2026-04-01","2026-09-30","","Must raise zero alerts at approved default parameters (FRD §8.14)"
"CONTROL-CUST-001955","CONTROL_CLEAN","ALL","CUST-001955","2026-04-01","2026-09-30","","Must raise zero alerts at approved default parameters (FRD §8.14)"
"CONTROL-CUST-001956","CONTROL_CLEAN","ALL","CUST-001956","2026-04-01","2026-09-30","","Must raise zero alerts at approved default parameters (FRD §8.14)"
"CONTROL-CUST-001965","CONTROL_CLEAN","ALL","CUST-001965","2026-04-01","2026-09-30","","Must raise zero alerts at approved default parameters (FRD §8.14)"
"CONTROL-CUST-001984","CONTROL_CLEAN","ALL","CUST-001984","2026-04-01","2026-09-30","","Must raise zero alerts at approved default parameters (FRD §8.14)"
"CONTROL-CUST-001998","CONTROL_CLEAN","ALL","CUST-001998","2026-04-01","2026-09-30","","Must raise zero alerts at approved default parameters (FRD §8.14)"
"CONTROL-CUST-002000","CONTROL_CLEAN","ALL","CUST-002000","2026-04-01","2026-09-30","","Must raise zero alerts at approved default parameters (FRD §8.14)"
"CONTROL-CUST-002003","CONTROL_CLEAN","ALL","CUST-002003","2026-04-01","2026-09-30","","Must raise zero alerts at approved default parameters (FRD §8.14)"
"CONTROL-CUST-002035","CONTROL_CLEAN","ALL","CUST-002035","2026-04-01","2026-09-30","","Must raise zero alerts at approved default parameters (FRD §8.14)"
"CONTROL-CUST-002040","CONTROL_CLEAN","ALL","CUST-002040","2026-04-01","2026-09-30","","Must raise zero alerts at approved default parameters (FRD §8.14)"
"CONTROL-CUST-002060","CONTROL_CLEAN","ALL","CUST-002060","2026-04-01","2026-09-30","","Must raise zero alerts at approved default parameters (FRD §8.14)"
"CONTROL-CUST-002068","CONTROL_CLEAN","ALL","CUST-002068","2026-04-01","2026-09-30","","Must raise zero alerts at approved default parameters (FRD §8.14)"
"CONTROL-CUST-002073","CONTROL_CLEAN","ALL","CUST-002073","2026-04-01","2026-09-30","","Must raise zero alerts at approved default parameters (FRD §8.14)"
"CONTROL-CUST-002075","CONTROL_CLEAN","ALL","CUST-002075","2026-04-01","2026-09-30","","Must raise zero alerts at approved default parameters (FRD §8.14)"
"CONTROL-CUST-002102","CONTROL_CLEAN","ALL","CUST-002102","2026-04-01","2026-09-30","","Must raise zero alerts at approved default parameters (FRD §8.14)"
"CONTROL-CUST-002107","CONTROL_CLEAN","ALL","CUST-002107","2026-04-01","2026-09-30","","Must raise zero alerts at approved default parameters (FRD §8.14)"
"CONTROL-CUST-002121","CONTROL_CLEAN","ALL","CUST-002121","2026-04-01","2026-09-30","","Must raise zero alerts at approved default parameters (FRD §8.14)"
"CONTROL-CUST-002165","CONTROL_CLEAN","ALL","CUST-002165","2026-04-01","2026-09-30","","Must raise zero alerts at approved default parameters (FRD §8.14)"
"CONTROL-CUST-002183","CONTROL_CLEAN","ALL","CUST-002183","2026-04-01","2026-09-30","","Must raise zero alerts at approved default parameters (FRD §8.14)"
"CONTROL-CUST-002188","CONTROL_CLEAN","ALL","CUST-002188","2026-04-01","2026-09-30","","Must raise zero alerts at approved default parameters (FRD §8.14)"
"CONTROL-CUST-002204","CONTROL_CLEAN","ALL","CUST-002204","2026-04-01","2026-09-30","","Must raise zero alerts at approved default parameters (FRD §8.14)"
"CONTROL-CUST-002211","CONTROL_CLEAN","ALL","CUST-002211","2026-04-01","2026-09-30","","Must raise zero alerts at approved default parameters (FRD §8.14)"
"CONTROL-CUST-002233","CONTROL_CLEAN","ALL","CUST-002233","2026-04-01","2026-09-30","","Must raise zero alerts at approved default parameters (FRD §8.14)"
"CONTROL-CUST-002237","CONTROL_CLEAN","ALL","CUST-002237","2026-04-01","2026-09-30","","Must raise zero alerts at approved default parameters (FRD §8.14)"
"CONTROL-CUST-002241","CONTROL_CLEAN","ALL","CUST-002241","2026-04-01","2026-09-30","","Must raise zero alerts at approved default parameters (FRD §8.14)"
"CONTROL-CUST-002253","CONTROL_CLEAN","ALL","CUST-002253","2026-04-01","2026-09-30","","Must raise zero alerts at approved default parameters (FRD §8.14)"
"CONTROL-CUST-002257","CONTROL_CLEAN","ALL","CUST-002257","2026-04-01","2026-09-30","","Must raise zero alerts at approved default parameters (FRD §8.14)"
"CONTROL-CUST-002258","CONTROL_CLEAN","ALL","CUST-002258","2026-04-01","2026-09-30","","Must raise zero alerts at approved default parameters (FRD §8.14)"
"CONTROL-CUST-002273","CONTROL_CLEAN","ALL","CUST-002273","2026-04-01","2026-09-30","","Must raise zero alerts at approved default parameters (FRD §8.14)"
"CONTROL-CUST-002317","CONTROL_CLEAN","ALL","CUST-002317","2026-04-01","2026-09-30","","Must raise zero alerts at approved default parameters (FRD §8.14)"
"CONTROL-CUST-002333","CONTROL_CLEAN","ALL","CUST-002333","2026-04-01","2026-09-30","","Must raise zero alerts at approved default parameters (FRD §8.14)"
"CONTROL-CUST-002350","CONTROL_CLEAN","ALL","CUST-002350","2026-04-01","2026-09-30","","Must raise zero alerts at approved default parameters (FRD §8.14)"
"CONTROL-CUST-002359","CONTROL_CLEAN","ALL","CUST-002359","2026-04-01","2026-09-30","","Must raise zero alerts at approved default parameters (FRD §8.14)"
"CONTROL-CUST-002371","CONTROL_CLEAN","ALL","CUST-002371","2026-04-01","2026-09-30","","Must raise zero alerts at approved default parameters (FRD §8.14)"
"CONTROL-CUST-002381","CONTROL_CLEAN","ALL","CUST-002381","2026-04-01","2026-09-30","","Must raise zero alerts at approved default parameters (FRD §8.14)"
"CONTROL-CUST-002382","CONTROL_CLEAN","ALL","CUST-002382","2026-04-01","2026-09-30","","Must raise zero alerts at approved default parameters (FRD §8.14)"
"CONTROL-CUST-002387","CONTROL_CLEAN","ALL","CUST-002387","2026-04-01","2026-09-30","","Must raise zero alerts at approved default parameters (FRD §8.14)"
"CONTROL-CUST-002396","CONTROL_CLEAN","ALL","CUST-002396","2026-04-01","2026-09-30","","Must raise zero alerts at approved default parameters (FRD §8.14)"
"CONTROL-CUST-002397","CONTROL_CLEAN","ALL","CUST-002397","2026-04-01","2026-09-30","","Must raise zero alerts at approved default parameters (FRD §8.14)"
"CONTROL-CUST-002415","CONTROL_CLEAN","ALL","CUST-002415","2026-04-01","2026-09-30","","Must raise zero alerts at approved default parameters (FRD §8.14)"
"CONTROL-CUST-002417","CONTROL_CLEAN","ALL","CUST-002417","2026-04-01","2026-09-30","","Must raise zero alerts at approved default parameters (FRD §8.14)"
"CONTROL-CUST-002426","CONTROL_CLEAN","ALL","CUST-002426","2026-04-01","2026-09-30","","Must raise zero alerts at approved default parameters (FRD §8.14)"
"CONTROL-CUST-002430","CONTROL_CLEAN","ALL","CUST-002430","2026-04-01","2026-09-30","","Must raise zero alerts at approved default parameters (FRD §8.14)"
"CONTROL-CUST-002462","CONTROL_CLEAN","ALL","CUST-002462","2026-04-01","2026-09-30","","Must raise zero alerts at approved default parameters (FRD §8.14)"
"CONTROL-CUST-002479","CONTROL_CLEAN","ALL","CUST-002479","2026-04-01","2026-09-30","","Must raise zero alerts at approved default parameters (FRD §8.14)"
"CONTROL-CUST-002481","CONTROL_CLEAN","ALL","CUST-002481","2026-04-01","2026-09-30","","Must raise zero alerts at approved default parameters (FRD §8.14)"
"CONTROL-CUST-002497","CONTROL_CLEAN","ALL","CUST-002497","2026-04-01","2026-09-30","","Must raise zero alerts at approved default parameters (FRD §8.14)"
"CONTROL-CUST-002501","CONTROL_CLEAN","ALL","CUST-002501","2026-04-01","2026-09-30","","Must raise zero alerts at approved default parameters (FRD §8.14)"
"CONTROL-CUST-002523","CONTROL_CLEAN","ALL","CUST-002523","2026-04-01","2026-09-30","","Must raise zero alerts at approved default parameters (FRD §8.14)"
"CONTROL-CUST-002527","CONTROL_CLEAN","ALL","CUST-002527","2026-04-01","2026-09-30","","Must raise zero alerts at approved default parameters (FRD §8.14)"
"CONTROL-CUST-002542","CONTROL_CLEAN","ALL","CUST-002542","2026-04-01","2026-09-30","","Must raise zero alerts at approved default parameters (FRD §8.14)"
"CONTROL-CUST-002553","CONTROL_CLEAN","ALL","CUST-002553","2026-04-01","2026-09-30","","Must raise zero alerts at approved default parameters (FRD §8.14)"
"CONTROL-CUST-002555","CONTROL_CLEAN","ALL","CUST-002555","2026-04-01","2026-09-30","","Must raise zero alerts at approved default parameters (FRD §8.14)"
"CONTROL-CUST-002558","CONTROL_CLEAN","ALL","CUST-002558","2026-04-01","2026-09-30","","Must raise zero alerts at approved default parameters (FRD §8.14)"
"CONTROL-CUST-002559","CONTROL_CLEAN","ALL","CUST-002559","2026-04-01","2026-09-30","","Must raise zero alerts at approved default parameters (FRD §8.14)"
"CONTROL-CUST-002576","CONTROL_CLEAN","ALL","CUST-002576","2026-04-01","2026-09-30","","Must raise zero alerts at approved default parameters (FRD §8.14)"
"CONTROL-CUST-002584","CONTROL_CLEAN","ALL","CUST-002584","2026-04-01","2026-09-30","","Must raise zero alerts at approved default parameters (FRD §8.14)"
"CONTROL-CUST-002589","CONTROL_CLEAN","ALL","CUST-002589","2026-04-01","2026-09-30","","Must raise zero alerts at approved default parameters (FRD §8.14)"
"CONTROL-CUST-002593","CONTROL_CLEAN","ALL","CUST-002593","2026-04-01","2026-09-30","","Must raise zero alerts at approved default parameters (FRD §8.14)"
"CONTROL-CUST-002601","CONTROL_CLEAN","ALL","CUST-002601","2026-04-01","2026-09-30","","Must raise zero alerts at approved default parameters (FRD §8.14)"
"CONTROL-CUST-002618","CONTROL_CLEAN","ALL","CUST-002618","2026-04-01","2026-09-30","","Must raise zero alerts at approved default parameters (FRD §8.14)"
"CONTROL-CUST-002623","CONTROL_CLEAN","ALL","CUST-002623","2026-04-01","2026-09-30","","Must raise zero alerts at approved default parameters (FRD §8.14)"
"CONTROL-CUST-002641","CONTROL_CLEAN","ALL","CUST-002641","2026-04-01","2026-09-30","","Must raise zero alerts at approved default parameters (FRD §8.14)"
"CONTROL-CUST-002643","CONTROL_CLEAN","ALL","CUST-002643","2026-04-01","2026-09-30","","Must raise zero alerts at approved default parameters (FRD §8.14)"
"CONTROL-CUST-002656","CONTROL_CLEAN","ALL","CUST-002656","2026-04-01","2026-09-30","","Must raise zero alerts at approved default parameters (FRD §8.14)"
"CONTROL-CUST-002661","CONTROL_CLEAN","ALL","CUST-002661","2026-04-01","2026-09-30","","Must raise zero alerts at approved default parameters (FRD §8.14)"
"CONTROL-CUST-002672","CONTROL_CLEAN","ALL","CUST-002672","2026-04-01","2026-09-30","","Must raise zero alerts at approved default parameters (FRD §8.14)"
"CONTROL-CUST-002700","CONTROL_CLEAN","ALL","CUST-002700","2026-04-01","2026-09-30","","Must raise zero alerts at approved default parameters (FRD §8.14)"
"CONTROL-CUST-002707","CONTROL_CLEAN","ALL","CUST-002707","2026-04-01","2026-09-30","","Must raise zero alerts at approved default parameters (FRD §8.14)"
"CONTROL-CUST-002712","CONTROL_CLEAN","ALL","CUST-002712","2026-04-01","2026-09-30","","Must raise zero alerts at approved default parameters (FRD §8.14)"
"CONTROL-CUST-002718","CONTROL_CLEAN","ALL","CUST-002718","2026-04-01","2026-09-30","","Must raise zero alerts at approved default parameters (FRD §8.14)"
"CONTROL-CUST-002743","CONTROL_CLEAN","ALL","CUST-002743","2026-04-01","2026-09-30","","Must raise zero alerts at approved default parameters (FRD §8.14)"
"CONTROL-CUST-002764","CONTROL_CLEAN","ALL","CUST-002764","2026-04-01","2026-09-30","","Must raise zero alerts at approved default parameters (FRD §8.14)"
"CONTROL-CUST-002782","CONTROL_CLEAN","ALL","CUST-002782","2026-04-01","2026-09-30","","Must raise zero alerts at approved default parameters (FRD §8.14)"
"CONTROL-CUST-002785","CONTROL_CLEAN","ALL","CUST-002785","2026-04-01","2026-09-30","","Must raise zero alerts at approved default parameters (FRD §8.14)"
"CONTROL-CUST-002786","CONTROL_CLEAN","ALL","CUST-002786","2026-04-01","2026-09-30","","Must raise zero alerts at approved default parameters (FRD §8.14)"
"CONTROL-CUST-002787","CONTROL_CLEAN","ALL","CUST-002787","2026-04-01","2026-09-30","","Must raise zero alerts at approved default parameters (FRD §8.14)"
"CONTROL-CUST-002805","CONTROL_CLEAN","ALL","CUST-002805","2026-04-01","2026-09-30","","Must raise zero alerts at approved default parameters (FRD §8.14)"
"CONTROL-CUST-002812","CONTROL_CLEAN","ALL","CUST-002812","2026-04-01","2026-09-30","","Must raise zero alerts at approved default parameters (FRD §8.14)"
"CONTROL-CUST-002813","CONTROL_CLEAN","ALL","CUST-002813","2026-04-01","2026-09-30","","Must raise zero alerts at approved default parameters (FRD §8.14)"
"CONTROL-CUST-002829","CONTROL_CLEAN","ALL","CUST-002829","2026-04-01","2026-09-30","","Must raise zero alerts at approved default parameters (FRD §8.14)"
"CONTROL-CUST-002870","CONTROL_CLEAN","ALL","CUST-002870","2026-04-01","2026-09-30","","Must raise zero alerts at approved default parameters (FRD §8.14)"
"CONTROL-CUST-002871","CONTROL_CLEAN","ALL","CUST-002871","2026-04-01","2026-09-30","","Must raise zero alerts at approved default parameters (FRD §8.14)"
"CONTROL-CUST-002875","CONTROL_CLEAN","ALL","CUST-002875","2026-04-01","2026-09-30","","Must raise zero alerts at approved default parameters (FRD §8.14)"
"CONTROL-CUST-002877","CONTROL_CLEAN","ALL","CUST-002877","2026-04-01","2026-09-30","","Must raise zero alerts at approved default parameters (FRD §8.14)"
"CONTROL-CUST-002897","CONTROL_CLEAN","ALL","CUST-002897","2026-04-01","2026-09-30","","Must raise zero alerts at approved default parameters (FRD §8.14)"
"CONTROL-CUST-002900","CONTROL_CLEAN","ALL","CUST-002900","2026-04-01","2026-09-30","","Must raise zero alerts at approved default parameters (FRD §8.14)"
"CONTROL-CUST-002913","CONTROL_CLEAN","ALL","CUST-002913","2026-04-01","2026-09-30","","Must raise zero alerts at approved default parameters (FRD §8.14)"
"CONTROL-CUST-002938","CONTROL_CLEAN","ALL","CUST-002938","2026-04-01","2026-09-30","","Must raise zero alerts at approved default parameters (FRD §8.14)"
"CONTROL-CUST-002957","CONTROL_CLEAN","ALL","CUST-002957","2026-04-01","2026-09-30","","Must raise zero alerts at approved default parameters (FRD §8.14)"
"CONTROL-CUST-002967","CONTROL_CLEAN","ALL","CUST-002967","2026-04-01","2026-09-30","","Must raise zero alerts at approved default parameters (FRD §8.14)"
"CONTROL-CUST-002974","CONTROL_CLEAN","ALL","CUST-002974","2026-04-01","2026-09-30","","Must raise zero alerts at approved default parameters (FRD §8.14)"
"CONTROL-CUST-003012","CONTROL_CLEAN","ALL","CUST-003012","2026-04-01","2026-09-30","","Must raise zero alerts at approved default parameters (FRD §8.14)"
"CONTROL-CUST-003019","CONTROL_CLEAN","ALL","CUST-003019","2026-04-01","2026-09-30","","Must raise zero alerts at approved default parameters (FRD §8.14)"
"CONTROL-CUST-003087","CONTROL_CLEAN","ALL","CUST-003087","2026-04-01","2026-09-30","","Must raise zero alerts at approved default parameters (FRD §8.14)"
"CONTROL-CUST-003100","CONTROL_CLEAN","ALL","CUST-003100","2026-04-01","2026-09-30","","Must raise zero alerts at approved default parameters (FRD §8.14)"
"CONTROL-CUST-003102","CONTROL_CLEAN","ALL","CUST-003102","2026-04-01","2026-09-30","","Must raise zero alerts at approved default parameters (FRD §8.14)"
"CONTROL-CUST-003137","CONTROL_CLEAN","ALL","CUST-003137","2026-04-01","2026-09-30","","Must raise zero alerts at approved default parameters (FRD §8.14)"
"CONTROL-CUST-003139","CONTROL_CLEAN","ALL","CUST-003139","2026-04-01","2026-09-30","","Must raise zero alerts at approved default parameters (FRD §8.14)"
"CONTROL-CUST-003142","CONTROL_CLEAN","ALL","CUST-003142","2026-04-01","2026-09-30","","Must raise zero alerts at approved default parameters (FRD §8.14)"
"CONTROL-CUST-003147","CONTROL_CLEAN","ALL","CUST-003147","2026-04-01","2026-09-30","","Must raise zero alerts at approved default parameters (FRD §8.14)"
"CONTROL-CUST-003159","CONTROL_CLEAN","ALL","CUST-003159","2026-04-01","2026-09-30","","Must raise zero alerts at approved default parameters (FRD §8.14)"
"CONTROL-CUST-003169","CONTROL_CLEAN","ALL","CUST-003169","2026-04-01","2026-09-30","","Must raise zero alerts at approved default parameters (FRD §8.14)"
"CONTROL-CUST-003170","CONTROL_CLEAN","ALL","CUST-003170","2026-04-01","2026-09-30","","Must raise zero alerts at approved default parameters (FRD §8.14)"
"CONTROL-CUST-003182","CONTROL_CLEAN","ALL","CUST-003182","2026-04-01","2026-09-30","","Must raise zero alerts at approved default parameters (FRD §8.14)"
"CONTROL-CUST-003184","CONTROL_CLEAN","ALL","CUST-003184","2026-04-01","2026-09-30","","Must raise zero alerts at approved default parameters (FRD §8.14)"
"CONTROL-CUST-003195","CONTROL_CLEAN","ALL","CUST-003195","2026-04-01","2026-09-30","","Must raise zero alerts at approved default parameters (FRD §8.14)"
"CONTROL-CUST-003208","CONTROL_CLEAN","ALL","CUST-003208","2026-04-01","2026-09-30","","Must raise zero alerts at approved default parameters (FRD §8.14)"
"CONTROL-CUST-003209","CONTROL_CLEAN","ALL","CUST-003209","2026-04-01","2026-09-30","","Must raise zero alerts at approved default parameters (FRD §8.14)"
"CONTROL-CUST-003210","CONTROL_CLEAN","ALL","CUST-003210","2026-04-01","2026-09-30","","Must raise zero alerts at approved default parameters (FRD §8.14)"
"CONTROL-CUST-003224","CONTROL_CLEAN","ALL","CUST-003224","2026-04-01","2026-09-30","","Must raise zero alerts at approved default parameters (FRD §8.14)"
"CONTROL-CUST-003242","CONTROL_CLEAN","ALL","CUST-003242","2026-04-01","2026-09-30","","Must raise zero alerts at approved default parameters (FRD §8.14)"
"CONTROL-CUST-003268","CONTROL_CLEAN","ALL","CUST-003268","2026-04-01","2026-09-30","","Must raise zero alerts at approved default parameters (FRD §8.14)"
"CONTROL-CUST-003280","CONTROL_CLEAN","ALL","CUST-003280","2026-04-01","2026-09-30","","Must raise zero alerts at approved default parameters (FRD §8.14)"
"CONTROL-CUST-003281","CONTROL_CLEAN","ALL","CUST-003281","2026-04-01","2026-09-30","","Must raise zero alerts at approved default parameters (FRD §8.14)"
"CONTROL-CUST-003318","CONTROL_CLEAN","ALL","CUST-003318","2026-04-01","2026-09-30","","Must raise zero alerts at approved default parameters (FRD §8.14)"
"CONTROL-CUST-003336","CONTROL_CLEAN","ALL","CUST-003336","2026-04-01","2026-09-30","","Must raise zero alerts at approved default parameters (FRD §8.14)"
"CONTROL-CUST-003337","CONTROL_CLEAN","ALL","CUST-003337","2026-04-01","2026-09-30","","Must raise zero alerts at approved default parameters (FRD §8.14)"
"CONTROL-CUST-003349","CONTROL_CLEAN","ALL","CUST-003349","2026-04-01","2026-09-30","","Must raise zero alerts at approved default parameters (FRD §8.14)"
"CONTROL-CUST-003354","CONTROL_CLEAN","ALL","CUST-003354","2026-04-01","2026-09-30","","Must raise zero alerts at approved default parameters (FRD §8.14)"
"CONTROL-CUST-003364","CONTROL_CLEAN","ALL","CUST-003364","2026-04-01","2026-09-30","","Must raise zero alerts at approved default parameters (FRD §8.14)"
"CONTROL-CUST-003378","CONTROL_CLEAN","ALL","CUST-003378","2026-04-01","2026-09-30","","Must raise zero alerts at approved default parameters (FRD §8.14)"
"CONTROL-CUST-003412","CONTROL_CLEAN","ALL","CUST-003412","2026-04-01","2026-09-30","","Must raise zero alerts at approved default parameters (FRD §8.14)"
"CONTROL-CUST-003434","CONTROL_CLEAN","ALL","CUST-003434","2026-04-01","2026-09-30","","Must raise zero alerts at approved default parameters (FRD §8.14)"
"CONTROL-CUST-003453","CONTROL_CLEAN","ALL","CUST-003453","2026-04-01","2026-09-30","","Must raise zero alerts at approved default parameters (FRD §8.14)"
"CONTROL-CUST-003467","CONTROL_CLEAN","ALL","CUST-003467","2026-04-01","2026-09-30","","Must raise zero alerts at approved default parameters (FRD §8.14)"
"CONTROL-CUST-003470","CONTROL_CLEAN","ALL","CUST-003470","2026-04-01","2026-09-30","","Must raise zero alerts at approved default parameters (FRD §8.14)"
"CONTROL-CUST-003483","CONTROL_CLEAN","ALL","CUST-003483","2026-04-01","2026-09-30","","Must raise zero alerts at approved default parameters (FRD §8.14)"
"CONTROL-CUST-003494","CONTROL_CLEAN","ALL","CUST-003494","2026-04-01","2026-09-30","","Must raise zero alerts at approved default parameters (FRD §8.14)"
"CONTROL-CUST-003514","CONTROL_CLEAN","ALL","CUST-003514","2026-04-01","2026-09-30","","Must raise zero alerts at approved default parameters (FRD §8.14)"
"CONTROL-CUST-003538","CONTROL_CLEAN","ALL","CUST-003538","2026-04-01","2026-09-30","","Must raise zero alerts at approved default parameters (FRD §8.14)"
"CONTROL-CUST-003546","CONTROL_CLEAN","ALL","CUST-003546","2026-04-01","2026-09-30","","Must raise zero alerts at approved default parameters (FRD §8.14)"
"CONTROL-CUST-003561","CONTROL_CLEAN","ALL","CUST-003561","2026-04-01","2026-09-30","","Must raise zero alerts at approved default parameters (FRD §8.14)"
"CONTROL-CUST-003566","CONTROL_CLEAN","ALL","CUST-003566","2026-04-01","2026-09-30","","Must raise zero alerts at approved default parameters (FRD §8.14)"
"CONTROL-CUST-003570","CONTROL_CLEAN","ALL","CUST-003570","2026-04-01","2026-09-30","","Must raise zero alerts at approved default parameters (FRD §8.14)"
"CONTROL-CUST-003571","CONTROL_CLEAN","ALL","CUST-003571","2026-04-01","2026-09-30","","Must raise zero alerts at approved default parameters (FRD §8.14)"
"CONTROL-CUST-003574","CONTROL_CLEAN","ALL","CUST-003574","2026-04-01","2026-09-30","","Must raise zero alerts at approved default parameters (FRD §8.14)"
"CONTROL-CUST-003579","CONTROL_CLEAN","ALL","CUST-003579","2026-04-01","2026-09-30","","Must raise zero alerts at approved default parameters (FRD §8.14)"
"CONTROL-CUST-003617","CONTROL_CLEAN","ALL","CUST-003617","2026-04-01","2026-09-30","","Must raise zero alerts at approved default parameters (FRD §8.14)"
"CONTROL-CUST-003623","CONTROL_CLEAN","ALL","CUST-003623","2026-04-01","2026-09-30","","Must raise zero alerts at approved default parameters (FRD §8.14)"
"CONTROL-CUST-003687","CONTROL_CLEAN","ALL","CUST-003687","2026-04-01","2026-09-30","","Must raise zero alerts at approved default parameters (FRD §8.14)"
"CONTROL-CUST-003692","CONTROL_CLEAN","ALL","CUST-003692","2026-04-01","2026-09-30","","Must raise zero alerts at approved default parameters (FRD §8.14)"
"CONTROL-CUST-003708","CONTROL_CLEAN","ALL","CUST-003708","2026-04-01","2026-09-30","","Must raise zero alerts at approved default parameters (FRD §8.14)"
"CONTROL-CUST-003713","CONTROL_CLEAN","ALL","CUST-003713","2026-04-01","2026-09-30","","Must raise zero alerts at approved default parameters (FRD §8.14)"
"CONTROL-CUST-003724","CONTROL_CLEAN","ALL","CUST-003724","2026-04-01","2026-09-30","","Must raise zero alerts at approved default parameters (FRD §8.14)"
"CONTROL-CUST-003728","CONTROL_CLEAN","ALL","CUST-003728","2026-04-01","2026-09-30","","Must raise zero alerts at approved default parameters (FRD §8.14)"
"CONTROL-CUST-003730","CONTROL_CLEAN","ALL","CUST-003730","2026-04-01","2026-09-30","","Must raise zero alerts at approved default parameters (FRD §8.14)"
"CONTROL-CUST-003764","CONTROL_CLEAN","ALL","CUST-003764","2026-04-01","2026-09-30","","Must raise zero alerts at approved default parameters (FRD §8.14)"
"CONTROL-CUST-003773","CONTROL_CLEAN","ALL","CUST-003773","2026-04-01","2026-09-30","","Must raise zero alerts at approved default parameters (FRD §8.14)"
"CONTROL-CUST-003812","CONTROL_CLEAN","ALL","CUST-003812","2026-04-01","2026-09-30","","Must raise zero alerts at approved default parameters (FRD §8.14)"
"CONTROL-CUST-003835","CONTROL_CLEAN","ALL","CUST-003835","2026-04-01","2026-09-30","","Must raise zero alerts at approved default parameters (FRD §8.14)"
"CONTROL-CUST-003837","CONTROL_CLEAN","ALL","CUST-003837","2026-04-01","2026-09-30","","Must raise zero alerts at approved default parameters (FRD §8.14)"
"CONTROL-CUST-003850","CONTROL_CLEAN","ALL","CUST-003850","2026-04-01","2026-09-30","","Must raise zero alerts at approved default parameters (FRD §8.14)"
"CONTROL-CUST-003883","CONTROL_CLEAN","ALL","CUST-003883","2026-04-01","2026-09-30","","Must raise zero alerts at approved default parameters (FRD §8.14)"
"CONTROL-CUST-003886","CONTROL_CLEAN","ALL","CUST-003886","2026-04-01","2026-09-30","","Must raise zero alerts at approved default parameters (FRD §8.14)"
"CONTROL-CUST-003888","CONTROL_CLEAN","ALL","CUST-003888","2026-04-01","2026-09-30","","Must raise zero alerts at approved default parameters (FRD §8.14)"
"CONTROL-CUST-003934","CONTROL_CLEAN","ALL","CUST-003934","2026-04-01","2026-09-30","","Must raise zero alerts at approved default parameters (FRD §8.14)"
"CONTROL-CUST-003953","CONTROL_CLEAN","ALL","CUST-003953","2026-04-01","2026-09-30","","Must raise zero alerts at approved default parameters (FRD §8.14)"
"CONTROL-CUST-003955","CONTROL_CLEAN","ALL","CUST-003955","2026-04-01","2026-09-30","","Must raise zero alerts at approved default parameters (FRD §8.14)"
"CONTROL-CUST-003961","CONTROL_CLEAN","ALL","CUST-003961","2026-04-01","2026-09-30","","Must raise zero alerts at approved default parameters (FRD §8.14)"
"CONTROL-CUST-003963","CONTROL_CLEAN","ALL","CUST-003963","2026-04-01","2026-09-30","","Must raise zero alerts at approved default parameters (FRD §8.14)"
"CONTROL-CUST-003971","CONTROL_CLEAN","ALL","CUST-003971","2026-04-01","2026-09-30","","Must raise zero alerts at approved default parameters (FRD §8.14)"
"CONTROL-CUST-003975","CONTROL_CLEAN","ALL","CUST-003975","2026-04-01","2026-09-30","","Must raise zero alerts at approved default parameters (FRD §8.14)"
"CONTROL-CUST-003980","CONTROL_CLEAN","ALL","CUST-003980","2026-04-01","2026-09-30","","Must raise zero alerts at approved default parameters (FRD §8.14)"
"CONTROL-CUST-003997","CONTROL_CLEAN","ALL","CUST-003997","2026-04-01","2026-09-30","","Must raise zero alerts at approved default parameters (FRD §8.14)"
"CONTROL-CUST-004035","CONTROL_CLEAN","ALL","CUST-004035","2026-04-01","2026-09-30","","Must raise zero alerts at approved default parameters (FRD §8.14)"
"CONTROL-CUST-004049","CONTROL_CLEAN","ALL","CUST-004049","2026-04-01","2026-09-30","","Must raise zero alerts at approved default parameters (FRD §8.14)"
"CONTROL-CUST-004050","CONTROL_CLEAN","ALL","CUST-004050","2026-04-01","2026-09-30","","Must raise zero alerts at approved default parameters (FRD §8.14)"
"CONTROL-CUST-004054","CONTROL_CLEAN","ALL","CUST-004054","2026-04-01","2026-09-30","","Must raise zero alerts at approved default parameters (FRD §8.14)"
"CONTROL-CUST-004059","CONTROL_CLEAN","ALL","CUST-004059","2026-04-01","2026-09-30","","Must raise zero alerts at approved default parameters (FRD §8.14)"
"CONTROL-CUST-004068","CONTROL_CLEAN","ALL","CUST-004068","2026-04-01","2026-09-30","","Must raise zero alerts at approved default parameters (FRD §8.14)"
"CONTROL-CUST-004089","CONTROL_CLEAN","ALL","CUST-004089","2026-04-01","2026-09-30","","Must raise zero alerts at approved default parameters (FRD §8.14)"
"CONTROL-CUST-004135","CONTROL_CLEAN","ALL","CUST-004135","2026-04-01","2026-09-30","","Must raise zero alerts at approved default parameters (FRD §8.14)"
"CONTROL-CUST-004146","CONTROL_CLEAN","ALL","CUST-004146","2026-04-01","2026-09-30","","Must raise zero alerts at approved default parameters (FRD §8.14)"
"CONTROL-CUST-004147","CONTROL_CLEAN","ALL","CUST-004147","2026-04-01","2026-09-30","","Must raise zero alerts at approved default parameters (FRD §8.14)"
"CONTROL-CUST-004171","CONTROL_CLEAN","ALL","CUST-004171","2026-04-01","2026-09-30","","Must raise zero alerts at approved default parameters (FRD §8.14)"
"CONTROL-CUST-004193","CONTROL_CLEAN","ALL","CUST-004193","2026-04-01","2026-09-30","","Must raise zero alerts at approved default parameters (FRD §8.14)"
"CONTROL-CUST-004227","CONTROL_CLEAN","ALL","CUST-004227","2026-04-01","2026-09-30","","Must raise zero alerts at approved default parameters (FRD §8.14)"
"CONTROL-CUST-004228","CONTROL_CLEAN","ALL","CUST-004228","2026-04-01","2026-09-30","","Must raise zero alerts at approved default parameters (FRD §8.14)"
"CONTROL-CUST-004230","CONTROL_CLEAN","ALL","CUST-004230","2026-04-01","2026-09-30","","Must raise zero alerts at approved default parameters (FRD §8.14)"
"CONTROL-CUST-004232","CONTROL_CLEAN","ALL","CUST-004232","2026-04-01","2026-09-30","","Must raise zero alerts at approved default parameters (FRD §8.14)"
"CONTROL-CUST-004235","CONTROL_CLEAN","ALL","CUST-004235","2026-04-01","2026-09-30","","Must raise zero alerts at approved default parameters (FRD §8.14)"
"CONTROL-CUST-004243","CONTROL_CLEAN","ALL","CUST-004243","2026-04-01","2026-09-30","","Must raise zero alerts at approved default parameters (FRD §8.14)"
"CONTROL-CUST-004261","CONTROL_CLEAN","ALL","CUST-004261","2026-04-01","2026-09-30","","Must raise zero alerts at approved default parameters (FRD §8.14)"
"CONTROL-CUST-004264","CONTROL_CLEAN","ALL","CUST-004264","2026-04-01","2026-09-30","","Must raise zero alerts at approved default parameters (FRD §8.14)"
"CONTROL-CUST-004267","CONTROL_CLEAN","ALL","CUST-004267","2026-04-01","2026-09-30","","Must raise zero alerts at approved default parameters (FRD §8.14)"
"CONTROL-CUST-004278","CONTROL_CLEAN","ALL","CUST-004278","2026-04-01","2026-09-30","","Must raise zero alerts at approved default parameters (FRD §8.14)"
"CONTROL-CUST-004300","CONTROL_CLEAN","ALL","CUST-004300","2026-04-01","2026-09-30","","Must raise zero alerts at approved default parameters (FRD §8.14)"
"CONTROL-CUST-004303","CONTROL_CLEAN","ALL","CUST-004303","2026-04-01","2026-09-30","","Must raise zero alerts at approved default parameters (FRD §8.14)"
"CONTROL-CUST-004319","CONTROL_CLEAN","ALL","CUST-004319","2026-04-01","2026-09-30","","Must raise zero alerts at approved default parameters (FRD §8.14)"
"CONTROL-CUST-004355","CONTROL_CLEAN","ALL","CUST-004355","2026-04-01","2026-09-30","","Must raise zero alerts at approved default parameters (FRD §8.14)"
"CONTROL-CUST-004358","CONTROL_CLEAN","ALL","CUST-004358","2026-04-01","2026-09-30","","Must raise zero alerts at approved default parameters (FRD §8.14)"
"CONTROL-CUST-004367","CONTROL_CLEAN","ALL","CUST-004367","2026-04-01","2026-09-30","","Must raise zero alerts at approved default parameters (FRD §8.14)"
"CONTROL-CUST-004370","CONTROL_CLEAN","ALL","CUST-004370","2026-04-01","2026-09-30","","Must raise zero alerts at approved default parameters (FRD §8.14)"
"CONTROL-CUST-004383","CONTROL_CLEAN","ALL","CUST-004383","2026-04-01","2026-09-30","","Must raise zero alerts at approved default parameters (FRD §8.14)"
"CONTROL-CUST-004387","CONTROL_CLEAN","ALL","CUST-004387","2026-04-01","2026-09-30","","Must raise zero alerts at approved default parameters (FRD §8.14)"
"CONTROL-CUST-004391","CONTROL_CLEAN","ALL","CUST-004391","2026-04-01","2026-09-30","","Must raise zero alerts at approved default parameters (FRD §8.14)"
"CONTROL-CUST-004399","CONTROL_CLEAN","ALL","CUST-004399","2026-04-01","2026-09-30","","Must raise zero alerts at approved default parameters (FRD §8.14)"
"CONTROL-CUST-004417","CONTROL_CLEAN","ALL","CUST-004417","2026-04-01","2026-09-30","","Must raise zero alerts at approved default parameters (FRD §8.14)"
"CONTROL-CUST-004433","CONTROL_CLEAN","ALL","CUST-004433","2026-04-01","2026-09-30","","Must raise zero alerts at approved default parameters (FRD §8.14)"
"CONTROL-CUST-004456","CONTROL_CLEAN","ALL","CUST-004456","2026-04-01","2026-09-30","","Must raise zero alerts at approved default parameters (FRD §8.14)"
"CONTROL-CUST-004482","CONTROL_CLEAN","ALL","CUST-004482","2026-04-01","2026-09-30","","Must raise zero alerts at approved default parameters (FRD §8.14)"
"CONTROL-CUST-004566","CONTROL_CLEAN","ALL","CUST-004566","2026-04-01","2026-09-30","","Must raise zero alerts at approved default parameters (FRD §8.14)"
"CONTROL-CUST-004586","CONTROL_CLEAN","ALL","CUST-004586","2026-04-01","2026-09-30","","Must raise zero alerts at approved default parameters (FRD §8.14)"
"CONTROL-CUST-004625","CONTROL_CLEAN","ALL","CUST-004625","2026-04-01","2026-09-30","","Must raise zero alerts at approved default parameters (FRD §8.14)"
"CONTROL-CUST-004643","CONTROL_CLEAN","ALL","CUST-004643","2026-04-01","2026-09-30","","Must raise zero alerts at approved default parameters (FRD §8.14)"
"CONTROL-CUST-004644","CONTROL_CLEAN","ALL","CUST-004644","2026-04-01","2026-09-30","","Must raise zero alerts at approved default parameters (FRD §8.14)"
"CONTROL-CUST-004645","CONTROL_CLEAN","ALL","CUST-004645","2026-04-01","2026-09-30","","Must raise zero alerts at approved default parameters (FRD §8.14)"
"CONTROL-CUST-004652","CONTROL_CLEAN","ALL","CUST-004652","2026-04-01","2026-09-30","","Must raise zero alerts at approved default parameters (FRD §8.14)"
"CONTROL-CUST-004670","CONTROL_CLEAN","ALL","CUST-004670","2026-04-01","2026-09-30","","Must raise zero alerts at approved default parameters (FRD §8.14)"
"CONTROL-CUST-004673","CONTROL_CLEAN","ALL","CUST-004673","2026-04-01","2026-09-30","","Must raise zero alerts at approved default parameters (FRD §8.14)"
"CONTROL-CUST-004701","CONTROL_CLEAN","ALL","CUST-004701","2026-04-01","2026-09-30","","Must raise zero alerts at approved default parameters (FRD §8.14)"
"CONTROL-CUST-004720","CONTROL_CLEAN","ALL","CUST-004720","2026-04-01","2026-09-30","","Must raise zero alerts at approved default parameters (FRD §8.14)"
"CONTROL-CUST-004728","CONTROL_CLEAN","ALL","CUST-004728","2026-04-01","2026-09-30","","Must raise zero alerts at approved default parameters (FRD §8.14)"
"CONTROL-CUST-004742","CONTROL_CLEAN","ALL","CUST-004742","2026-04-01","2026-09-30","","Must raise zero alerts at approved default parameters (FRD §8.14)"
"CONTROL-CUST-004753","CONTROL_CLEAN","ALL","CUST-004753","2026-04-01","2026-09-30","","Must raise zero alerts at approved default parameters (FRD §8.14)"
"CONTROL-CUST-004793","CONTROL_CLEAN","ALL","CUST-004793","2026-04-01","2026-09-30","","Must raise zero alerts at approved default parameters (FRD §8.14)"
"CONTROL-CUST-004802","CONTROL_CLEAN","ALL","CUST-004802","2026-04-01","2026-09-30","","Must raise zero alerts at approved default parameters (FRD §8.14)"
"CONTROL-CUST-004833","CONTROL_CLEAN","ALL","CUST-004833","2026-04-01","2026-09-30","","Must raise zero alerts at approved default parameters (FRD §8.14)"
"CONTROL-CUST-004838","CONTROL_CLEAN","ALL","CUST-004838","2026-04-01","2026-09-30","","Must raise zero alerts at approved default parameters (FRD §8.14)"
"CONTROL-CUST-004840","CONTROL_CLEAN","ALL","CUST-004840","2026-04-01","2026-09-30","","Must raise zero alerts at approved default parameters (FRD §8.14)"
"CONTROL-CUST-004867","CONTROL_CLEAN","ALL","CUST-004867","2026-04-01","2026-09-30","","Must raise zero alerts at approved default parameters (FRD §8.14)"
"CONTROL-CUST-004877","CONTROL_CLEAN","ALL","CUST-004877","2026-04-01","2026-09-30","","Must raise zero alerts at approved default parameters (FRD §8.14)"
"CONTROL-CUST-004900","CONTROL_CLEAN","ALL","CUST-004900","2026-04-01","2026-09-30","","Must raise zero alerts at approved default parameters (FRD §8.14)"
"CONTROL-CUST-004902","CONTROL_CLEAN","ALL","CUST-004902","2026-04-01","2026-09-30","","Must raise zero alerts at approved default parameters (FRD §8.14)"
"CONTROL-CUST-004940","CONTROL_CLEAN","ALL","CUST-004940","2026-04-01","2026-09-30","","Must raise zero alerts at approved default parameters (FRD §8.14)"
"CONTROL-CUST-004941","CONTROL_CLEAN","ALL","CUST-004941","2026-04-01","2026-09-30","","Must raise zero alerts at approved default parameters (FRD §8.14)"
"CONTROL-CUST-004949","CONTROL_CLEAN","ALL","CUST-004949","2026-04-01","2026-09-30","","Must raise zero alerts at approved default parameters (FRD §8.14)"
"CONTROL-CUST-004950","CONTROL_CLEAN","ALL","CUST-004950","2026-04-01","2026-09-30","","Must raise zero alerts at approved default parameters (FRD §8.14)"
"CONTROL-CUST-004952","CONTROL_CLEAN","ALL","CUST-004952","2026-04-01","2026-09-30","","Must raise zero alerts at approved default parameters (FRD §8.14)"
"CONTROL-CUST-004954","CONTROL_CLEAN","ALL","CUST-004954","2026-04-01","2026-09-30","","Must raise zero alerts at approved default parameters (FRD §8.14)"
"CONTROL-CUST-004961","CONTROL_CLEAN","ALL","CUST-004961","2026-04-01","2026-09-30","","Must raise zero alerts at approved default parameters (FRD §8.14)"
"CONTROL-CUST-004964","CONTROL_CLEAN","ALL","CUST-004964","2026-04-01","2026-09-30","","Must raise zero alerts at approved default parameters (FRD §8.14)"
"CONTROL-CUST-004969","CONTROL_CLEAN","ALL","CUST-004969","2026-04-01","2026-09-30","","Must raise zero alerts at approved default parameters (FRD §8.14)"
"CONTROL-CUST-004972","CONTROL_CLEAN","ALL","CUST-004972","2026-04-01","2026-09-30","","Must raise zero alerts at approved default parameters (FRD §8.14)"
"CONTROL-CUST-004973","CONTROL_CLEAN","ALL","CUST-004973","2026-04-01","2026-09-30","","Must raise zero alerts at approved default parameters (FRD §8.14)"
"CONTROL-CUST-005007","CONTROL_CLEAN","ALL","CUST-005007","2026-04-01","2026-09-30","","Must raise zero alerts at approved default parameters (FRD §8.14)"
"CONTROL-CUST-005022","CONTROL_CLEAN","ALL","CUST-005022","2026-04-01","2026-09-30","","Must raise zero alerts at approved default parameters (FRD §8.14)"
"CONTROL-CUST-005032","CONTROL_CLEAN","ALL","CUST-005032","2026-04-01","2026-09-30","","Must raise zero alerts at approved default parameters (FRD §8.14)"
"CONTROL-CUST-005050","CONTROL_CLEAN","ALL","CUST-005050","2026-04-01","2026-09-30","","Must raise zero alerts at approved default parameters (FRD §8.14)"
"CONTROL-CUST-005078","CONTROL_CLEAN","ALL","CUST-005078","2026-04-01","2026-09-30","","Must raise zero alerts at approved default parameters (FRD §8.14)"
"CONTROL-CUST-005106","CONTROL_CLEAN","ALL","CUST-005106","2026-04-01","2026-09-30","","Must raise zero alerts at approved default parameters (FRD §8.14)"
"CONTROL-CUST-005115","CONTROL_CLEAN","ALL","CUST-005115","2026-04-01","2026-09-30","","Must raise zero alerts at approved default parameters (FRD §8.14)"
"CONTROL-CUST-005117","CONTROL_CLEAN","ALL","CUST-005117","2026-04-01","2026-09-30","","Must raise zero alerts at approved default parameters (FRD §8.14)"
"CONTROL-CUST-005151","CONTROL_CLEAN","ALL","CUST-005151","2026-04-01","2026-09-30","","Must raise zero alerts at approved default parameters (FRD §8.14)"
"CONTROL-CUST-005156","CONTROL_CLEAN","ALL","CUST-005156","2026-04-01","2026-09-30","","Must raise zero alerts at approved default parameters (FRD §8.14)"
"CONTROL-CUST-005165","CONTROL_CLEAN","ALL","CUST-005165","2026-04-01","2026-09-30","","Must raise zero alerts at approved default parameters (FRD §8.14)"
"CONTROL-CUST-005173","CONTROL_CLEAN","ALL","CUST-005173","2026-04-01","2026-09-30","","Must raise zero alerts at approved default parameters (FRD §8.14)"
"CONTROL-CUST-005192","CONTROL_CLEAN","ALL","CUST-005192","2026-04-01","2026-09-30","","Must raise zero alerts at approved default parameters (FRD §8.14)"
"CONTROL-CUST-005194","CONTROL_CLEAN","ALL","CUST-005194","2026-04-01","2026-09-30","","Must raise zero alerts at approved default parameters (FRD §8.14)"
"CONTROL-CUST-005205","CONTROL_CLEAN","ALL","CUST-005205","2026-04-01","2026-09-30","","Must raise zero alerts at approved default parameters (FRD §8.14)"
"CONTROL-CUST-005210","CONTROL_CLEAN","ALL","CUST-005210","2026-04-01","2026-09-30","","Must raise zero alerts at approved default parameters (FRD §8.14)"
"CONTROL-CUST-005236","CONTROL_CLEAN","ALL","CUST-005236","2026-04-01","2026-09-30","","Must raise zero alerts at approved default parameters (FRD §8.14)"
"CONTROL-CUST-005245","CONTROL_CLEAN","ALL","CUST-005245","2026-04-01","2026-09-30","","Must raise zero alerts at approved default parameters (FRD §8.14)"
"CONTROL-CUST-005246","CONTROL_CLEAN","ALL","CUST-005246","2026-04-01","2026-09-30","","Must raise zero alerts at approved default parameters (FRD §8.14)"
"CONTROL-CUST-005284","CONTROL_CLEAN","ALL","CUST-005284","2026-04-01","2026-09-30","","Must raise zero alerts at approved default parameters (FRD §8.14)"
"CONTROL-CUST-005294","CONTROL_CLEAN","ALL","CUST-005294","2026-04-01","2026-09-30","","Must raise zero alerts at approved default parameters (FRD §8.14)"
"CONTROL-CUST-005312","CONTROL_CLEAN","ALL","CUST-005312","2026-04-01","2026-09-30","","Must raise zero alerts at approved default parameters (FRD §8.14)"
"CONTROL-CUST-005315","CONTROL_CLEAN","ALL","CUST-005315","2026-04-01","2026-09-30","","Must raise zero alerts at approved default parameters (FRD §8.14)"
"CONTROL-CUST-005320","CONTROL_CLEAN","ALL","CUST-005320","2026-04-01","2026-09-30","","Must raise zero alerts at approved default parameters (FRD §8.14)"
"CONTROL-CUST-005351","CONTROL_CLEAN","ALL","CUST-005351","2026-04-01","2026-09-30","","Must raise zero alerts at approved default parameters (FRD §8.14)"
"CONTROL-CUST-005384","CONTROL_CLEAN","ALL","CUST-005384","2026-04-01","2026-09-30","","Must raise zero alerts at approved default parameters (FRD §8.14)"
"CONTROL-CUST-005388","CONTROL_CLEAN","ALL","CUST-005388","2026-04-01","2026-09-30","","Must raise zero alerts at approved default parameters (FRD §8.14)"
"CONTROL-CUST-005394","CONTROL_CLEAN","ALL","CUST-005394","2026-04-01","2026-09-30","","Must raise zero alerts at approved default parameters (FRD §8.14)"
"CONTROL-CUST-005411","CONTROL_CLEAN","ALL","CUST-005411","2026-04-01","2026-09-30","","Must raise zero alerts at approved default parameters (FRD §8.14)"
"CONTROL-CUST-005420","CONTROL_CLEAN","ALL","CUST-005420","2026-04-01","2026-09-30","","Must raise zero alerts at approved default parameters (FRD §8.14)"
"CONTROL-CUST-005422","CONTROL_CLEAN","ALL","CUST-005422","2026-04-01","2026-09-30","","Must raise zero alerts at approved default parameters (FRD §8.14)"
"CONTROL-CUST-005431","CONTROL_CLEAN","ALL","CUST-005431","2026-04-01","2026-09-30","","Must raise zero alerts at approved default parameters (FRD §8.14)"
"CONTROL-CUST-005449","CONTROL_CLEAN","ALL","CUST-005449","2026-04-01","2026-09-30","","Must raise zero alerts at approved default parameters (FRD §8.14)"
"CONTROL-CUST-005460","CONTROL_CLEAN","ALL","CUST-005460","2026-04-01","2026-09-30","","Must raise zero alerts at approved default parameters (FRD §8.14)"
"CONTROL-CUST-005469","CONTROL_CLEAN","ALL","CUST-005469","2026-04-01","2026-09-30","","Must raise zero alerts at approved default parameters (FRD §8.14)"
"CONTROL-CUST-005474","CONTROL_CLEAN","ALL","CUST-005474","2026-04-01","2026-09-30","","Must raise zero alerts at approved default parameters (FRD §8.14)"
"CONTROL-CUST-005488","CONTROL_CLEAN","ALL","CUST-005488","2026-04-01","2026-09-30","","Must raise zero alerts at approved default parameters (FRD §8.14)"
"CONTROL-CUST-005491","CONTROL_CLEAN","ALL","CUST-005491","2026-04-01","2026-09-30","","Must raise zero alerts at approved default parameters (FRD §8.14)"
"CONTROL-CUST-005498","CONTROL_CLEAN","ALL","CUST-005498","2026-04-01","2026-09-30","","Must raise zero alerts at approved default parameters (FRD §8.14)"
"CONTROL-CUST-005541","CONTROL_CLEAN","ALL","CUST-005541","2026-04-01","2026-09-30","","Must raise zero alerts at approved default parameters (FRD §8.14)"
"CONTROL-CUST-005542","CONTROL_CLEAN","ALL","CUST-005542","2026-04-01","2026-09-30","","Must raise zero alerts at approved default parameters (FRD §8.14)"
"CONTROL-CUST-005551","CONTROL_CLEAN","ALL","CUST-005551","2026-04-01","2026-09-30","","Must raise zero alerts at approved default parameters (FRD §8.14)"
"CONTROL-CUST-005556","CONTROL_CLEAN","ALL","CUST-005556","2026-04-01","2026-09-30","","Must raise zero alerts at approved default parameters (FRD §8.14)"
"CONTROL-CUST-005558","CONTROL_CLEAN","ALL","CUST-005558","2026-04-01","2026-09-30","","Must raise zero alerts at approved default parameters (FRD §8.14)"
"CONTROL-CUST-005559","CONTROL_CLEAN","ALL","CUST-005559","2026-04-01","2026-09-30","","Must raise zero alerts at approved default parameters (FRD §8.14)"
"CONTROL-CUST-005571","CONTROL_CLEAN","ALL","CUST-005571","2026-04-01","2026-09-30","","Must raise zero alerts at approved default parameters (FRD §8.14)"
"CONTROL-CUST-005576","CONTROL_CLEAN","ALL","CUST-005576","2026-04-01","2026-09-30","","Must raise zero alerts at approved default parameters (FRD §8.14)"
"CONTROL-CUST-005578","CONTROL_CLEAN","ALL","CUST-005578","2026-04-01","2026-09-30","","Must raise zero alerts at approved default parameters (FRD §8.14)"
"CONTROL-CUST-005599","CONTROL_CLEAN","ALL","CUST-005599","2026-04-01","2026-09-30","","Must raise zero alerts at approved default parameters (FRD §8.14)"
"CONTROL-CUST-005620","CONTROL_CLEAN","ALL","CUST-005620","2026-04-01","2026-09-30","","Must raise zero alerts at approved default parameters (FRD §8.14)"
"CONTROL-CUST-005621","CONTROL_CLEAN","ALL","CUST-005621","2026-04-01","2026-09-30","","Must raise zero alerts at approved default parameters (FRD §8.14)"
"CONTROL-CUST-005625","CONTROL_CLEAN","ALL","CUST-005625","2026-04-01","2026-09-30","","Must raise zero alerts at approved default parameters (FRD §8.14)"
"CONTROL-CUST-005651","CONTROL_CLEAN","ALL","CUST-005651","2026-04-01","2026-09-30","","Must raise zero alerts at approved default parameters (FRD §8.14)"
"CONTROL-CUST-005666","CONTROL_CLEAN","ALL","CUST-005666","2026-04-01","2026-09-30","","Must raise zero alerts at approved default parameters (FRD §8.14)"
"CONTROL-CUST-005674","CONTROL_CLEAN","ALL","CUST-005674","2026-04-01","2026-09-30","","Must raise zero alerts at approved default parameters (FRD §8.14)"
"CONTROL-CUST-005677","CONTROL_CLEAN","ALL","CUST-005677","2026-04-01","2026-09-30","","Must raise zero alerts at approved default parameters (FRD §8.14)"
"CONTROL-CUST-005691","CONTROL_CLEAN","ALL","CUST-005691","2026-04-01","2026-09-30","","Must raise zero alerts at approved default parameters (FRD §8.14)"
"CONTROL-CUST-005699","CONTROL_CLEAN","ALL","CUST-005699","2026-04-01","2026-09-30","","Must raise zero alerts at approved default parameters (FRD §8.14)"
"CONTROL-CUST-005700","CONTROL_CLEAN","ALL","CUST-005700","2026-04-01","2026-09-30","","Must raise zero alerts at approved default parameters (FRD §8.14)"
"CONTROL-CUST-005706","CONTROL_CLEAN","ALL","CUST-005706","2026-04-01","2026-09-30","","Must raise zero alerts at approved default parameters (FRD §8.14)"
"CONTROL-CUST-005717","CONTROL_CLEAN","ALL","CUST-005717","2026-04-01","2026-09-30","","Must raise zero alerts at approved default parameters (FRD §8.14)"
"CONTROL-CUST-005731","CONTROL_CLEAN","ALL","CUST-005731","2026-04-01","2026-09-30","","Must raise zero alerts at approved default parameters (FRD §8.14)"
"CONTROL-CUST-005741","CONTROL_CLEAN","ALL","CUST-005741","2026-04-01","2026-09-30","","Must raise zero alerts at approved default parameters (FRD §8.14)"
"CONTROL-CUST-005748","CONTROL_CLEAN","ALL","CUST-005748","2026-04-01","2026-09-30","","Must raise zero alerts at approved default parameters (FRD §8.14)"
"CONTROL-CUST-005759","CONTROL_CLEAN","ALL","CUST-005759","2026-04-01","2026-09-30","","Must raise zero alerts at approved default parameters (FRD §8.14)"
"CONTROL-CUST-005787","CONTROL_CLEAN","ALL","CUST-005787","2026-04-01","2026-09-30","","Must raise zero alerts at approved default parameters (FRD §8.14)"
"CONTROL-CUST-005796","CONTROL_CLEAN","ALL","CUST-005796","2026-04-01","2026-09-30","","Must raise zero alerts at approved default parameters (FRD §8.14)"
"CONTROL-CUST-005851","CONTROL_CLEAN","ALL","CUST-005851","2026-04-01","2026-09-30","","Must raise zero alerts at approved default parameters (FRD §8.14)"
"CONTROL-CUST-005873","CONTROL_CLEAN","ALL","CUST-005873","2026-04-01","2026-09-30","","Must raise zero alerts at approved default parameters (FRD §8.14)"
"CONTROL-CUST-005888","CONTROL_CLEAN","ALL","CUST-005888","2026-04-01","2026-09-30","","Must raise zero alerts at approved default parameters (FRD §8.14)"
"CONTROL-CUST-005891","CONTROL_CLEAN","ALL","CUST-005891","2026-04-01","2026-09-30","","Must raise zero alerts at approved default parameters (FRD §8.14)"
"CONTROL-CUST-005923","CONTROL_CLEAN","ALL","CUST-005923","2026-04-01","2026-09-30","","Must raise zero alerts at approved default parameters (FRD §8.14)"
"CONTROL-CUST-005928","CONTROL_CLEAN","ALL","CUST-005928","2026-04-01","2026-09-30","","Must raise zero alerts at approved default parameters (FRD §8.14)"
"CONTROL-CUST-005942","CONTROL_CLEAN","ALL","CUST-005942","2026-04-01","2026-09-30","","Must raise zero alerts at approved default parameters (FRD §8.14)"
"CONTROL-CUST-005978","CONTROL_CLEAN","ALL","CUST-005978","2026-04-01","2026-09-30","","Must raise zero alerts at approved default parameters (FRD §8.14)"
"CONTROL-CUST-005983","CONTROL_CLEAN","ALL","CUST-005983","2026-04-01","2026-09-30","","Must raise zero alerts at approved default parameters (FRD §8.14)"
"CONTROL-CUST-006009","CONTROL_CLEAN","ALL","CUST-006009","2026-04-01","2026-09-30","","Must raise zero alerts at approved default parameters (FRD §8.14)"
"CONTROL-CUST-006031","CONTROL_CLEAN","ALL","CUST-006031","2026-04-01","2026-09-30","","Must raise zero alerts at approved default parameters (FRD §8.14)"
"CONTROL-CUST-006042","CONTROL_CLEAN","ALL","CUST-006042","2026-04-01","2026-09-30","","Must raise zero alerts at approved default parameters (FRD §8.14)"
"CONTROL-CUST-006070","CONTROL_CLEAN","ALL","CUST-006070","2026-04-01","2026-09-30","","Must raise zero alerts at approved default parameters (FRD §8.14)"
"CONTROL-CUST-006075","CONTROL_CLEAN","ALL","CUST-006075","2026-04-01","2026-09-30","","Must raise zero alerts at approved default parameters (FRD §8.14)"
"CONTROL-CUST-006081","CONTROL_CLEAN","ALL","CUST-006081","2026-04-01","2026-09-30","","Must raise zero alerts at approved default parameters (FRD §8.14)"
"CONTROL-CUST-006092","CONTROL_CLEAN","ALL","CUST-006092","2026-04-01","2026-09-30","","Must raise zero alerts at approved default parameters (FRD §8.14)"
"CONTROL-CUST-006130","CONTROL_CLEAN","ALL","CUST-006130","2026-04-01","2026-09-30","","Must raise zero alerts at approved default parameters (FRD §8.14)"
"CONTROL-CUST-006143","CONTROL_CLEAN","ALL","CUST-006143","2026-04-01","2026-09-30","","Must raise zero alerts at approved default parameters (FRD §8.14)"
"CONTROL-CUST-006162","CONTROL_CLEAN","ALL","CUST-006162","2026-04-01","2026-09-30","","Must raise zero alerts at approved default parameters (FRD §8.14)"
"CONTROL-CUST-006178","CONTROL_CLEAN","ALL","CUST-006178","2026-04-01","2026-09-30","","Must raise zero alerts at approved default parameters (FRD §8.14)"
"CONTROL-CUST-006202","CONTROL_CLEAN","ALL","CUST-006202","2026-04-01","2026-09-30","","Must raise zero alerts at approved default parameters (FRD §8.14)"
"CONTROL-CUST-006215","CONTROL_CLEAN","ALL","CUST-006215","2026-04-01","2026-09-30","","Must raise zero alerts at approved default parameters (FRD §8.14)"
"CONTROL-CUST-006223","CONTROL_CLEAN","ALL","CUST-006223","2026-04-01","2026-09-30","","Must raise zero alerts at approved default parameters (FRD §8.14)"
"CONTROL-CUST-006227","CONTROL_CLEAN","ALL","CUST-006227","2026-04-01","2026-09-30","","Must raise zero alerts at approved default parameters (FRD §8.14)"
"CONTROL-CUST-006233","CONTROL_CLEAN","ALL","CUST-006233","2026-04-01","2026-09-30","","Must raise zero alerts at approved default parameters (FRD §8.14)"
"CONTROL-CUST-006236","CONTROL_CLEAN","ALL","CUST-006236","2026-04-01","2026-09-30","","Must raise zero alerts at approved default parameters (FRD §8.14)"
"CONTROL-CUST-006261","CONTROL_CLEAN","ALL","CUST-006261","2026-04-01","2026-09-30","","Must raise zero alerts at approved default parameters (FRD §8.14)"
"CONTROL-CUST-006269","CONTROL_CLEAN","ALL","CUST-006269","2026-04-01","2026-09-30","","Must raise zero alerts at approved default parameters (FRD §8.14)"
"CONTROL-CUST-006282","CONTROL_CLEAN","ALL","CUST-006282","2026-04-01","2026-09-30","","Must raise zero alerts at approved default parameters (FRD §8.14)"
"CONTROL-CUST-006287","CONTROL_CLEAN","ALL","CUST-006287","2026-04-01","2026-09-30","","Must raise zero alerts at approved default parameters (FRD §8.14)"
"CONTROL-CUST-006291","CONTROL_CLEAN","ALL","CUST-006291","2026-04-01","2026-09-30","","Must raise zero alerts at approved default parameters (FRD §8.14)"
"CONTROL-CUST-006306","CONTROL_CLEAN","ALL","CUST-006306","2026-04-01","2026-09-30","","Must raise zero alerts at approved default parameters (FRD §8.14)"
"CONTROL-CUST-006317","CONTROL_CLEAN","ALL","CUST-006317","2026-04-01","2026-09-30","","Must raise zero alerts at approved default parameters (FRD §8.14)"
"CONTROL-CUST-006343","CONTROL_CLEAN","ALL","CUST-006343","2026-04-01","2026-09-30","","Must raise zero alerts at approved default parameters (FRD §8.14)"
"CONTROL-CUST-006378","CONTROL_CLEAN","ALL","CUST-006378","2026-04-01","2026-09-30","","Must raise zero alerts at approved default parameters (FRD §8.14)"
"CONTROL-CUST-006410","CONTROL_CLEAN","ALL","CUST-006410","2026-04-01","2026-09-30","","Must raise zero alerts at approved default parameters (FRD §8.14)"
"CONTROL-CUST-006427","CONTROL_CLEAN","ALL","CUST-006427","2026-04-01","2026-09-30","","Must raise zero alerts at approved default parameters (FRD §8.14)"
"CONTROL-CUST-006433","CONTROL_CLEAN","ALL","CUST-006433","2026-04-01","2026-09-30","","Must raise zero alerts at approved default parameters (FRD §8.14)"
"CONTROL-CUST-006453","CONTROL_CLEAN","ALL","CUST-006453","2026-04-01","2026-09-30","","Must raise zero alerts at approved default parameters (FRD §8.14)"
"CONTROL-CUST-006477","CONTROL_CLEAN","ALL","CUST-006477","2026-04-01","2026-09-30","","Must raise zero alerts at approved default parameters (FRD §8.14)"
"CONTROL-CUST-006537","CONTROL_CLEAN","ALL","CUST-006537","2026-04-01","2026-09-30","","Must raise zero alerts at approved default parameters (FRD §8.14)"
"CONTROL-CUST-006568","CONTROL_CLEAN","ALL","CUST-006568","2026-04-01","2026-09-30","","Must raise zero alerts at approved default parameters (FRD §8.14)"
"CONTROL-CUST-006569","CONTROL_CLEAN","ALL","CUST-006569","2026-04-01","2026-09-30","","Must raise zero alerts at approved default parameters (FRD §8.14)"
"CONTROL-CUST-006575","CONTROL_CLEAN","ALL","CUST-006575","2026-04-01","2026-09-30","","Must raise zero alerts at approved default parameters (FRD §8.14)"
"CONTROL-CUST-006579","CONTROL_CLEAN","ALL","CUST-006579","2026-04-01","2026-09-30","","Must raise zero alerts at approved default parameters (FRD §8.14)"
"CONTROL-CUST-006582","CONTROL_CLEAN","ALL","CUST-006582","2026-04-01","2026-09-30","","Must raise zero alerts at approved default parameters (FRD §8.14)"
"CONTROL-CUST-006593","CONTROL_CLEAN","ALL","CUST-006593","2026-04-01","2026-09-30","","Must raise zero alerts at approved default parameters (FRD §8.14)"
"CONTROL-CUST-006597","CONTROL_CLEAN","ALL","CUST-006597","2026-04-01","2026-09-30","","Must raise zero alerts at approved default parameters (FRD §8.14)"
"CONTROL-CUST-006614","CONTROL_CLEAN","ALL","CUST-006614","2026-04-01","2026-09-30","","Must raise zero alerts at approved default parameters (FRD §8.14)"
"CONTROL-CUST-006619","CONTROL_CLEAN","ALL","CUST-006619","2026-04-01","2026-09-30","","Must raise zero alerts at approved default parameters (FRD §8.14)"
"CONTROL-CUST-006643","CONTROL_CLEAN","ALL","CUST-006643","2026-04-01","2026-09-30","","Must raise zero alerts at approved default parameters (FRD §8.14)"
"CONTROL-CUST-006653","CONTROL_CLEAN","ALL","CUST-006653","2026-04-01","2026-09-30","","Must raise zero alerts at approved default parameters (FRD §8.14)"
"CONTROL-CUST-006655","CONTROL_CLEAN","ALL","CUST-006655","2026-04-01","2026-09-30","","Must raise zero alerts at approved default parameters (FRD §8.14)"
"CONTROL-CUST-006672","CONTROL_CLEAN","ALL","CUST-006672","2026-04-01","2026-09-30","","Must raise zero alerts at approved default parameters (FRD §8.14)"
"CONTROL-CUST-006698","CONTROL_CLEAN","ALL","CUST-006698","2026-04-01","2026-09-30","","Must raise zero alerts at approved default parameters (FRD §8.14)"
"CONTROL-CUST-006711","CONTROL_CLEAN","ALL","CUST-006711","2026-04-01","2026-09-30","","Must raise zero alerts at approved default parameters (FRD §8.14)"
"CONTROL-CUST-006720","CONTROL_CLEAN","ALL","CUST-006720","2026-04-01","2026-09-30","","Must raise zero alerts at approved default parameters (FRD §8.14)"
"CONTROL-CUST-006744","CONTROL_CLEAN","ALL","CUST-006744","2026-04-01","2026-09-30","","Must raise zero alerts at approved default parameters (FRD §8.14)"
"CONTROL-CUST-006756","CONTROL_CLEAN","ALL","CUST-006756","2026-04-01","2026-09-30","","Must raise zero alerts at approved default parameters (FRD §8.14)"
"CONTROL-CUST-006772","CONTROL_CLEAN","ALL","CUST-006772","2026-04-01","2026-09-30","","Must raise zero alerts at approved default parameters (FRD §8.14)"
"CONTROL-CUST-006780","CONTROL_CLEAN","ALL","CUST-006780","2026-04-01","2026-09-30","","Must raise zero alerts at approved default parameters (FRD §8.14)"
"CONTROL-CUST-006783","CONTROL_CLEAN","ALL","CUST-006783","2026-04-01","2026-09-30","","Must raise zero alerts at approved default parameters (FRD §8.14)"
"CONTROL-CUST-006784","CONTROL_CLEAN","ALL","CUST-006784","2026-04-01","2026-09-30","","Must raise zero alerts at approved default parameters (FRD §8.14)"
"CONTROL-CUST-006825","CONTROL_CLEAN","ALL","CUST-006825","2026-04-01","2026-09-30","","Must raise zero alerts at approved default parameters (FRD §8.14)"
"CONTROL-CUST-006833","CONTROL_CLEAN","ALL","CUST-006833","2026-04-01","2026-09-30","","Must raise zero alerts at approved default parameters (FRD §8.14)"
"CONTROL-CUST-006871","CONTROL_CLEAN","ALL","CUST-006871","2026-04-01","2026-09-30","","Must raise zero alerts at approved default parameters (FRD §8.14)"
"CONTROL-CUST-006872","CONTROL_CLEAN","ALL","CUST-006872","2026-04-01","2026-09-30","","Must raise zero alerts at approved default parameters (FRD §8.14)"
"CONTROL-CUST-006880","CONTROL_CLEAN","ALL","CUST-006880","2026-04-01","2026-09-30","","Must raise zero alerts at approved default parameters (FRD §8.14)"
"CONTROL-CUST-006917","CONTROL_CLEAN","ALL","CUST-006917","2026-04-01","2026-09-30","","Must raise zero alerts at approved default parameters (FRD §8.14)"
"CONTROL-CUST-006946","CONTROL_CLEAN","ALL","CUST-006946","2026-04-01","2026-09-30","","Must raise zero alerts at approved default parameters (FRD §8.14)"
"CONTROL-CUST-006967","CONTROL_CLEAN","ALL","CUST-006967","2026-04-01","2026-09-30","","Must raise zero alerts at approved default parameters (FRD §8.14)"
"CONTROL-CUST-006970","CONTROL_CLEAN","ALL","CUST-006970","2026-04-01","2026-09-30","","Must raise zero alerts at approved default parameters (FRD §8.14)"
"CONTROL-CUST-006984","CONTROL_CLEAN","ALL","CUST-006984","2026-04-01","2026-09-30","","Must raise zero alerts at approved default parameters (FRD §8.14)"
"CONTROL-CUST-007009","CONTROL_CLEAN","ALL","CUST-007009","2026-04-01","2026-09-30","","Must raise zero alerts at approved default parameters (FRD §8.14)"
"CONTROL-CUST-007026","CONTROL_CLEAN","ALL","CUST-007026","2026-04-01","2026-09-30","","Must raise zero alerts at approved default parameters (FRD §8.14)"
"CONTROL-CUST-007028","CONTROL_CLEAN","ALL","CUST-007028","2026-04-01","2026-09-30","","Must raise zero alerts at approved default parameters (FRD §8.14)"
"CONTROL-CUST-007030","CONTROL_CLEAN","ALL","CUST-007030","2026-04-01","2026-09-30","","Must raise zero alerts at approved default parameters (FRD §8.14)"
"CONTROL-CUST-007035","CONTROL_CLEAN","ALL","CUST-007035","2026-04-01","2026-09-30","","Must raise zero alerts at approved default parameters (FRD §8.14)"
"CONTROL-CUST-007070","CONTROL_CLEAN","ALL","CUST-007070","2026-04-01","2026-09-30","","Must raise zero alerts at approved default parameters (FRD §8.14)"
"CONTROL-CUST-007090","CONTROL_CLEAN","ALL","CUST-007090","2026-04-01","2026-09-30","","Must raise zero alerts at approved default parameters (FRD §8.14)"
"CONTROL-CUST-007093","CONTROL_CLEAN","ALL","CUST-007093","2026-04-01","2026-09-30","","Must raise zero alerts at approved default parameters (FRD §8.14)"
"CONTROL-CUST-007110","CONTROL_CLEAN","ALL","CUST-007110","2026-04-01","2026-09-30","","Must raise zero alerts at approved default parameters (FRD §8.14)"
"CONTROL-CUST-007115","CONTROL_CLEAN","ALL","CUST-007115","2026-04-01","2026-09-30","","Must raise zero alerts at approved default parameters (FRD §8.14)"
"CONTROL-CUST-007134","CONTROL_CLEAN","ALL","CUST-007134","2026-04-01","2026-09-30","","Must raise zero alerts at approved default parameters (FRD §8.14)"
"CONTROL-CUST-007153","CONTROL_CLEAN","ALL","CUST-007153","2026-04-01","2026-09-30","","Must raise zero alerts at approved default parameters (FRD §8.14)"
"CONTROL-CUST-007156","CONTROL_CLEAN","ALL","CUST-007156","2026-04-01","2026-09-30","","Must raise zero alerts at approved default parameters (FRD §8.14)"
"CONTROL-CUST-007160","CONTROL_CLEAN","ALL","CUST-007160","2026-04-01","2026-09-30","","Must raise zero alerts at approved default parameters (FRD §8.14)"
"CONTROL-CUST-007162","CONTROL_CLEAN","ALL","CUST-007162","2026-04-01","2026-09-30","","Must raise zero alerts at approved default parameters (FRD §8.14)"
"CONTROL-CUST-007196","CONTROL_CLEAN","ALL","CUST-007196","2026-04-01","2026-09-30","","Must raise zero alerts at approved default parameters (FRD §8.14)"
"CONTROL-CUST-007209","CONTROL_CLEAN","ALL","CUST-007209","2026-04-01","2026-09-30","","Must raise zero alerts at approved default parameters (FRD §8.14)"
"CONTROL-CUST-007215","CONTROL_CLEAN","ALL","CUST-007215","2026-04-01","2026-09-30","","Must raise zero alerts at approved default parameters (FRD §8.14)"
"CONTROL-CUST-007222","CONTROL_CLEAN","ALL","CUST-007222","2026-04-01","2026-09-30","","Must raise zero alerts at approved default parameters (FRD §8.14)"
"CONTROL-CUST-007229","CONTROL_CLEAN","ALL","CUST-007229","2026-04-01","2026-09-30","","Must raise zero alerts at approved default parameters (FRD §8.14)"
"CONTROL-CUST-007233","CONTROL_CLEAN","ALL","CUST-007233","2026-04-01","2026-09-30","","Must raise zero alerts at approved default parameters (FRD §8.14)"
"CONTROL-CUST-007255","CONTROL_CLEAN","ALL","CUST-007255","2026-04-01","2026-09-30","","Must raise zero alerts at approved default parameters (FRD §8.14)"
"CONTROL-CUST-007267","CONTROL_CLEAN","ALL","CUST-007267","2026-04-01","2026-09-30","","Must raise zero alerts at approved default parameters (FRD §8.14)"
"CONTROL-CUST-007270","CONTROL_CLEAN","ALL","CUST-007270","2026-04-01","2026-09-30","","Must raise zero alerts at approved default parameters (FRD §8.14)"
"CONTROL-CUST-007295","CONTROL_CLEAN","ALL","CUST-007295","2026-04-01","2026-09-30","","Must raise zero alerts at approved default parameters (FRD §8.14)"
"CONTROL-CUST-007304","CONTROL_CLEAN","ALL","CUST-007304","2026-04-01","2026-09-30","","Must raise zero alerts at approved default parameters (FRD §8.14)"
"CONTROL-CUST-007311","CONTROL_CLEAN","ALL","CUST-007311","2026-04-01","2026-09-30","","Must raise zero alerts at approved default parameters (FRD §8.14)"
"CONTROL-CUST-007321","CONTROL_CLEAN","ALL","CUST-007321","2026-04-01","2026-09-30","","Must raise zero alerts at approved default parameters (FRD §8.14)"
"CONTROL-CUST-007339","CONTROL_CLEAN","ALL","CUST-007339","2026-04-01","2026-09-30","","Must raise zero alerts at approved default parameters (FRD §8.14)"
"CONTROL-CUST-007349","CONTROL_CLEAN","ALL","CUST-007349","2026-04-01","2026-09-30","","Must raise zero alerts at approved default parameters (FRD §8.14)"
"CONTROL-CUST-007365","CONTROL_CLEAN","ALL","CUST-007365","2026-04-01","2026-09-30","","Must raise zero alerts at approved default parameters (FRD §8.14)"
"CONTROL-CUST-007379","CONTROL_CLEAN","ALL","CUST-007379","2026-04-01","2026-09-30","","Must raise zero alerts at approved default parameters (FRD §8.14)"
"CONTROL-CUST-007397","CONTROL_CLEAN","ALL","CUST-007397","2026-04-01","2026-09-30","","Must raise zero alerts at approved default parameters (FRD §8.14)"
"CONTROL-CUST-007402","CONTROL_CLEAN","ALL","CUST-007402","2026-04-01","2026-09-30","","Must raise zero alerts at approved default parameters (FRD §8.14)"
"CONTROL-CUST-007406","CONTROL_CLEAN","ALL","CUST-007406","2026-04-01","2026-09-30","","Must raise zero alerts at approved default parameters (FRD §8.14)"
"CONTROL-CUST-007411","CONTROL_CLEAN","ALL","CUST-007411","2026-04-01","2026-09-30","","Must raise zero alerts at approved default parameters (FRD §8.14)"
"CONTROL-CUST-007479","CONTROL_CLEAN","ALL","CUST-007479","2026-04-01","2026-09-30","","Must raise zero alerts at approved default parameters (FRD §8.14)"
"CONTROL-CUST-007488","CONTROL_CLEAN","ALL","CUST-007488","2026-04-01","2026-09-30","","Must raise zero alerts at approved default parameters (FRD §8.14)"
"CONTROL-CUST-007492","CONTROL_CLEAN","ALL","CUST-007492","2026-04-01","2026-09-30","","Must raise zero alerts at approved default parameters (FRD §8.14)"
"CONTROL-CUST-007493","CONTROL_CLEAN","ALL","CUST-007493","2026-04-01","2026-09-30","","Must raise zero alerts at approved default parameters (FRD §8.14)"
"CONTROL-CUST-007512","CONTROL_CLEAN","ALL","CUST-007512","2026-04-01","2026-09-30","","Must raise zero alerts at approved default parameters (FRD §8.14)"
"CONTROL-CUST-007520","CONTROL_CLEAN","ALL","CUST-007520","2026-04-01","2026-09-30","","Must raise zero alerts at approved default parameters (FRD §8.14)"
"CONTROL-CUST-007531","CONTROL_CLEAN","ALL","CUST-007531","2026-04-01","2026-09-30","","Must raise zero alerts at approved default parameters (FRD §8.14)"
"CONTROL-CUST-007535","CONTROL_CLEAN","ALL","CUST-007535","2026-04-01","2026-09-30","","Must raise zero alerts at approved default parameters (FRD §8.14)"
"CONTROL-CUST-007552","CONTROL_CLEAN","ALL","CUST-007552","2026-04-01","2026-09-30","","Must raise zero alerts at approved default parameters (FRD §8.14)"
"CONTROL-CUST-007564","CONTROL_CLEAN","ALL","CUST-007564","2026-04-01","2026-09-30","","Must raise zero alerts at approved default parameters (FRD §8.14)"
"CONTROL-CUST-007575","CONTROL_CLEAN","ALL","CUST-007575","2026-04-01","2026-09-30","","Must raise zero alerts at approved default parameters (FRD §8.14)"
"CONTROL-CUST-007589","CONTROL_CLEAN","ALL","CUST-007589","2026-04-01","2026-09-30","","Must raise zero alerts at approved default parameters (FRD §8.14)"
"CONTROL-CUST-007617","CONTROL_CLEAN","ALL","CUST-007617","2026-04-01","2026-09-30","","Must raise zero alerts at approved default parameters (FRD §8.14)"
"CONTROL-CUST-007625","CONTROL_CLEAN","ALL","CUST-007625","2026-04-01","2026-09-30","","Must raise zero alerts at approved default parameters (FRD §8.14)"
"CONTROL-CUST-007642","CONTROL_CLEAN","ALL","CUST-007642","2026-04-01","2026-09-30","","Must raise zero alerts at approved default parameters (FRD §8.14)"
"CONTROL-CUST-007647","CONTROL_CLEAN","ALL","CUST-007647","2026-04-01","2026-09-30","","Must raise zero alerts at approved default parameters (FRD §8.14)"
"CONTROL-CUST-007671","CONTROL_CLEAN","ALL","CUST-007671","2026-04-01","2026-09-30","","Must raise zero alerts at approved default parameters (FRD §8.14)"
"CONTROL-CUST-007695","CONTROL_CLEAN","ALL","CUST-007695","2026-04-01","2026-09-30","","Must raise zero alerts at approved default parameters (FRD §8.14)"
"CONTROL-CUST-007696","CONTROL_CLEAN","ALL","CUST-007696","2026-04-01","2026-09-30","","Must raise zero alerts at approved default parameters (FRD §8.14)"
"CONTROL-CUST-007697","CONTROL_CLEAN","ALL","CUST-007697","2026-04-01","2026-09-30","","Must raise zero alerts at approved default parameters (FRD §8.14)"
"CONTROL-CUST-007698","CONTROL_CLEAN","ALL","CUST-007698","2026-04-01","2026-09-30","","Must raise zero alerts at approved default parameters (FRD §8.14)"
"CONTROL-CUST-007719","CONTROL_CLEAN","ALL","CUST-007719","2026-04-01","2026-09-30","","Must raise zero alerts at approved default parameters (FRD §8.14)"
"CONTROL-CUST-007774","CONTROL_CLEAN","ALL","CUST-007774","2026-04-01","2026-09-30","","Must raise zero alerts at approved default parameters (FRD §8.14)"
"CONTROL-CUST-007779","CONTROL_CLEAN","ALL","CUST-007779","2026-04-01","2026-09-30","","Must raise zero alerts at approved default parameters (FRD §8.14)"
"CONTROL-CUST-007798","CONTROL_CLEAN","ALL","CUST-007798","2026-04-01","2026-09-30","","Must raise zero alerts at approved default parameters (FRD §8.14)"
"CONTROL-CUST-007804","CONTROL_CLEAN","ALL","CUST-007804","2026-04-01","2026-09-30","","Must raise zero alerts at approved default parameters (FRD §8.14)"
"CONTROL-CUST-007825","CONTROL_CLEAN","ALL","CUST-007825","2026-04-01","2026-09-30","","Must raise zero alerts at approved default parameters (FRD §8.14)"
"CONTROL-CUST-007838","CONTROL_CLEAN","ALL","CUST-007838","2026-04-01","2026-09-30","","Must raise zero alerts at approved default parameters (FRD §8.14)"
"CONTROL-CUST-007844","CONTROL_CLEAN","ALL","CUST-007844","2026-04-01","2026-09-30","","Must raise zero alerts at approved default parameters (FRD §8.14)"
"CONTROL-CUST-007855","CONTROL_CLEAN","ALL","CUST-007855","2026-04-01","2026-09-30","","Must raise zero alerts at approved default parameters (FRD §8.14)"
"CONTROL-CUST-007862","CONTROL_CLEAN","ALL","CUST-007862","2026-04-01","2026-09-30","","Must raise zero alerts at approved default parameters (FRD §8.14)"
"CONTROL-CUST-007895","CONTROL_CLEAN","ALL","CUST-007895","2026-04-01","2026-09-30","","Must raise zero alerts at approved default parameters (FRD §8.14)"
"CONTROL-CUST-007912","CONTROL_CLEAN","ALL","CUST-007912","2026-04-01","2026-09-30","","Must raise zero alerts at approved default parameters (FRD §8.14)"
"CONTROL-CUST-007916","CONTROL_CLEAN","ALL","CUST-007916","2026-04-01","2026-09-30","","Must raise zero alerts at approved default parameters (FRD §8.14)"
"CONTROL-CUST-007920","CONTROL_CLEAN","ALL","CUST-007920","2026-04-01","2026-09-30","","Must raise zero alerts at approved default parameters (FRD §8.14)"
"CONTROL-CUST-007934","CONTROL_CLEAN","ALL","CUST-007934","2026-04-01","2026-09-30","","Must raise zero alerts at approved default parameters (FRD §8.14)"
"CONTROL-CUST-007942","CONTROL_CLEAN","ALL","CUST-007942","2026-04-01","2026-09-30","","Must raise zero alerts at approved default parameters (FRD §8.14)"
"CONTROL-CUST-007945","CONTROL_CLEAN","ALL","CUST-007945","2026-04-01","2026-09-30","","Must raise zero alerts at approved default parameters (FRD §8.14)"
"CONTROL-CUST-007995","CONTROL_CLEAN","ALL","CUST-007995","2026-04-01","2026-09-30","","Must raise zero alerts at approved default parameters (FRD §8.14)"
"CONTROL-CUST-008024","CONTROL_CLEAN","ALL","CUST-008024","2026-04-01","2026-09-30","","Must raise zero alerts at approved default parameters (FRD §8.14)"
"CONTROL-CUST-008031","CONTROL_CLEAN","ALL","CUST-008031","2026-04-01","2026-09-30","","Must raise zero alerts at approved default parameters (FRD §8.14)"
"CONTROL-CUST-008067","CONTROL_CLEAN","ALL","CUST-008067","2026-04-01","2026-09-30","","Must raise zero alerts at approved default parameters (FRD §8.14)"
"CONTROL-CUST-008069","CONTROL_CLEAN","ALL","CUST-008069","2026-04-01","2026-09-30","","Must raise zero alerts at approved default parameters (FRD §8.14)"
"CONTROL-CUST-008096","CONTROL_CLEAN","ALL","CUST-008096","2026-04-01","2026-09-30","","Must raise zero alerts at approved default parameters (FRD §8.14)"
"CONTROL-CUST-008100","CONTROL_CLEAN","ALL","CUST-008100","2026-04-01","2026-09-30","","Must raise zero alerts at approved default parameters (FRD §8.14)"
"CONTROL-CUST-008106","CONTROL_CLEAN","ALL","CUST-008106","2026-04-01","2026-09-30","","Must raise zero alerts at approved default parameters (FRD §8.14)"
"CONTROL-CUST-008122","CONTROL_CLEAN","ALL","CUST-008122","2026-04-01","2026-09-30","","Must raise zero alerts at approved default parameters (FRD §8.14)"
"CONTROL-CUST-008157","CONTROL_CLEAN","ALL","CUST-008157","2026-04-01","2026-09-30","","Must raise zero alerts at approved default parameters (FRD §8.14)"
"CONTROL-CUST-008159","CONTROL_CLEAN","ALL","CUST-008159","2026-04-01","2026-09-30","","Must raise zero alerts at approved default parameters (FRD §8.14)"
"CONTROL-CUST-008168","CONTROL_CLEAN","ALL","CUST-008168","2026-04-01","2026-09-30","","Must raise zero alerts at approved default parameters (FRD §8.14)"
"CONTROL-CUST-008169","CONTROL_CLEAN","ALL","CUST-008169","2026-04-01","2026-09-30","","Must raise zero alerts at approved default parameters (FRD §8.14)"
"CONTROL-CUST-008170","CONTROL_CLEAN","ALL","CUST-008170","2026-04-01","2026-09-30","","Must raise zero alerts at approved default parameters (FRD §8.14)"
"CONTROL-CUST-008175","CONTROL_CLEAN","ALL","CUST-008175","2026-04-01","2026-09-30","","Must raise zero alerts at approved default parameters (FRD §8.14)"
"CONTROL-CUST-008189","CONTROL_CLEAN","ALL","CUST-008189","2026-04-01","2026-09-30","","Must raise zero alerts at approved default parameters (FRD §8.14)"
"CONTROL-CUST-008203","CONTROL_CLEAN","ALL","CUST-008203","2026-04-01","2026-09-30","","Must raise zero alerts at approved default parameters (FRD §8.14)"
"CONTROL-CUST-008210","CONTROL_CLEAN","ALL","CUST-008210","2026-04-01","2026-09-30","","Must raise zero alerts at approved default parameters (FRD §8.14)"
"CONTROL-CUST-008226","CONTROL_CLEAN","ALL","CUST-008226","2026-04-01","2026-09-30","","Must raise zero alerts at approved default parameters (FRD §8.14)"
"CONTROL-CUST-008245","CONTROL_CLEAN","ALL","CUST-008245","2026-04-01","2026-09-30","","Must raise zero alerts at approved default parameters (FRD §8.14)"
"CONTROL-CUST-008247","CONTROL_CLEAN","ALL","CUST-008247","2026-04-01","2026-09-30","","Must raise zero alerts at approved default parameters (FRD §8.14)"
"CONTROL-CUST-008250","CONTROL_CLEAN","ALL","CUST-008250","2026-04-01","2026-09-30","","Must raise zero alerts at approved default parameters (FRD §8.14)"
"CONTROL-CUST-008306","CONTROL_CLEAN","ALL","CUST-008306","2026-04-01","2026-09-30","","Must raise zero alerts at approved default parameters (FRD §8.14)"
"CONTROL-CUST-008307","CONTROL_CLEAN","ALL","CUST-008307","2026-04-01","2026-09-30","","Must raise zero alerts at approved default parameters (FRD §8.14)"
"CONTROL-CUST-008314","CONTROL_CLEAN","ALL","CUST-008314","2026-04-01","2026-09-30","","Must raise zero alerts at approved default parameters (FRD §8.14)"
"CONTROL-CUST-008323","CONTROL_CLEAN","ALL","CUST-008323","2026-04-01","2026-09-30","","Must raise zero alerts at approved default parameters (FRD §8.14)"
"CONTROL-CUST-008375","CONTROL_CLEAN","ALL","CUST-008375","2026-04-01","2026-09-30","","Must raise zero alerts at approved default parameters (FRD §8.14)"
"CONTROL-CUST-008390","CONTROL_CLEAN","ALL","CUST-008390","2026-04-01","2026-09-30","","Must raise zero alerts at approved default parameters (FRD §8.14)"
"CONTROL-CUST-008396","CONTROL_CLEAN","ALL","CUST-008396","2026-04-01","2026-09-30","","Must raise zero alerts at approved default parameters (FRD §8.14)"
"CONTROL-CUST-008406","CONTROL_CLEAN","ALL","CUST-008406","2026-04-01","2026-09-30","","Must raise zero alerts at approved default parameters (FRD §8.14)"
"CONTROL-CUST-008419","CONTROL_CLEAN","ALL","CUST-008419","2026-04-01","2026-09-30","","Must raise zero alerts at approved default parameters (FRD §8.14)"
"CONTROL-CUST-008435","CONTROL_CLEAN","ALL","CUST-008435","2026-04-01","2026-09-30","","Must raise zero alerts at approved default parameters (FRD §8.14)"
"CONTROL-CUST-008441","CONTROL_CLEAN","ALL","CUST-008441","2026-04-01","2026-09-30","","Must raise zero alerts at approved default parameters (FRD §8.14)"
"CONTROL-CUST-008442","CONTROL_CLEAN","ALL","CUST-008442","2026-04-01","2026-09-30","","Must raise zero alerts at approved default parameters (FRD §8.14)"
"CONTROL-CUST-008447","CONTROL_CLEAN","ALL","CUST-008447","2026-04-01","2026-09-30","","Must raise zero alerts at approved default parameters (FRD §8.14)"
"CONTROL-CUST-008476","CONTROL_CLEAN","ALL","CUST-008476","2026-04-01","2026-09-30","","Must raise zero alerts at approved default parameters (FRD §8.14)"
"CONTROL-CUST-008507","CONTROL_CLEAN","ALL","CUST-008507","2026-04-01","2026-09-30","","Must raise zero alerts at approved default parameters (FRD §8.14)"
"CONTROL-CUST-008509","CONTROL_CLEAN","ALL","CUST-008509","2026-04-01","2026-09-30","","Must raise zero alerts at approved default parameters (FRD §8.14)"
"CONTROL-CUST-008540","CONTROL_CLEAN","ALL","CUST-008540","2026-04-01","2026-09-30","","Must raise zero alerts at approved default parameters (FRD §8.14)"
"CONTROL-CUST-008590","CONTROL_CLEAN","ALL","CUST-008590","2026-04-01","2026-09-30","","Must raise zero alerts at approved default parameters (FRD §8.14)"
"CONTROL-CUST-008593","CONTROL_CLEAN","ALL","CUST-008593","2026-04-01","2026-09-30","","Must raise zero alerts at approved default parameters (FRD §8.14)"
"CONTROL-CUST-008598","CONTROL_CLEAN","ALL","CUST-008598","2026-04-01","2026-09-30","","Must raise zero alerts at approved default parameters (FRD §8.14)"
"CONTROL-CUST-008603","CONTROL_CLEAN","ALL","CUST-008603","2026-04-01","2026-09-30","","Must raise zero alerts at approved default parameters (FRD §8.14)"
"CONTROL-CUST-008613","CONTROL_CLEAN","ALL","CUST-008613","2026-04-01","2026-09-30","","Must raise zero alerts at approved default parameters (FRD §8.14)"
"CONTROL-CUST-008628","CONTROL_CLEAN","ALL","CUST-008628","2026-04-01","2026-09-30","","Must raise zero alerts at approved default parameters (FRD §8.14)"
"CONTROL-CUST-008629","CONTROL_CLEAN","ALL","CUST-008629","2026-04-01","2026-09-30","","Must raise zero alerts at approved default parameters (FRD §8.14)"
"CONTROL-CUST-008631","CONTROL_CLEAN","ALL","CUST-008631","2026-04-01","2026-09-30","","Must raise zero alerts at approved default parameters (FRD §8.14)"
"CONTROL-CUST-008669","CONTROL_CLEAN","ALL","CUST-008669","2026-04-01","2026-09-30","","Must raise zero alerts at approved default parameters (FRD §8.14)"
"CONTROL-CUST-008688","CONTROL_CLEAN","ALL","CUST-008688","2026-04-01","2026-09-30","","Must raise zero alerts at approved default parameters (FRD §8.14)"
"CONTROL-CUST-008695","CONTROL_CLEAN","ALL","CUST-008695","2026-04-01","2026-09-30","","Must raise zero alerts at approved default parameters (FRD §8.14)"
"CONTROL-CUST-008699","CONTROL_CLEAN","ALL","CUST-008699","2026-04-01","2026-09-30","","Must raise zero alerts at approved default parameters (FRD §8.14)"
"CONTROL-CUST-008723","CONTROL_CLEAN","ALL","CUST-008723","2026-04-01","2026-09-30","","Must raise zero alerts at approved default parameters (FRD §8.14)"
"CONTROL-CUST-008728","CONTROL_CLEAN","ALL","CUST-008728","2026-04-01","2026-09-30","","Must raise zero alerts at approved default parameters (FRD §8.14)"
"CONTROL-CUST-008737","CONTROL_CLEAN","ALL","CUST-008737","2026-04-01","2026-09-30","","Must raise zero alerts at approved default parameters (FRD §8.14)"
"CONTROL-CUST-008739","CONTROL_CLEAN","ALL","CUST-008739","2026-04-01","2026-09-30","","Must raise zero alerts at approved default parameters (FRD §8.14)"
"CONTROL-CUST-008745","CONTROL_CLEAN","ALL","CUST-008745","2026-04-01","2026-09-30","","Must raise zero alerts at approved default parameters (FRD §8.14)"
"CONTROL-CUST-008747","CONTROL_CLEAN","ALL","CUST-008747","2026-04-01","2026-09-30","","Must raise zero alerts at approved default parameters (FRD §8.14)"
"CONTROL-CUST-008750","CONTROL_CLEAN","ALL","CUST-008750","2026-04-01","2026-09-30","","Must raise zero alerts at approved default parameters (FRD §8.14)"
"CONTROL-CUST-008754","CONTROL_CLEAN","ALL","CUST-008754","2026-04-01","2026-09-30","","Must raise zero alerts at approved default parameters (FRD §8.14)"
"CONTROL-CUST-008774","CONTROL_CLEAN","ALL","CUST-008774","2026-04-01","2026-09-30","","Must raise zero alerts at approved default parameters (FRD §8.14)"
"CONTROL-CUST-008789","CONTROL_CLEAN","ALL","CUST-008789","2026-04-01","2026-09-30","","Must raise zero alerts at approved default parameters (FRD §8.14)"
"CONTROL-CUST-008808","CONTROL_CLEAN","ALL","CUST-008808","2026-04-01","2026-09-30","","Must raise zero alerts at approved default parameters (FRD §8.14)"
"CONTROL-CUST-008812","CONTROL_CLEAN","ALL","CUST-008812","2026-04-01","2026-09-30","","Must raise zero alerts at approved default parameters (FRD §8.14)"
"CONTROL-CUST-008821","CONTROL_CLEAN","ALL","CUST-008821","2026-04-01","2026-09-30","","Must raise zero alerts at approved default parameters (FRD §8.14)"
"CONTROL-CUST-008827","CONTROL_CLEAN","ALL","CUST-008827","2026-04-01","2026-09-30","","Must raise zero alerts at approved default parameters (FRD §8.14)"
"CONTROL-CUST-008842","CONTROL_CLEAN","ALL","CUST-008842","2026-04-01","2026-09-30","","Must raise zero alerts at approved default parameters (FRD §8.14)"
"CONTROL-CUST-008856","CONTROL_CLEAN","ALL","CUST-008856","2026-04-01","2026-09-30","","Must raise zero alerts at approved default parameters (FRD §8.14)"
"CONTROL-CUST-008858","CONTROL_CLEAN","ALL","CUST-008858","2026-04-01","2026-09-30","","Must raise zero alerts at approved default parameters (FRD §8.14)"
"CONTROL-CUST-008885","CONTROL_CLEAN","ALL","CUST-008885","2026-04-01","2026-09-30","","Must raise zero alerts at approved default parameters (FRD §8.14)"
"CONTROL-CUST-008886","CONTROL_CLEAN","ALL","CUST-008886","2026-04-01","2026-09-30","","Must raise zero alerts at approved default parameters (FRD §8.14)"
"CONTROL-CUST-008913","CONTROL_CLEAN","ALL","CUST-008913","2026-04-01","2026-09-30","","Must raise zero alerts at approved default parameters (FRD §8.14)"
"CONTROL-CUST-008931","CONTROL_CLEAN","ALL","CUST-008931","2026-04-01","2026-09-30","","Must raise zero alerts at approved default parameters (FRD §8.14)"
"CONTROL-CUST-008938","CONTROL_CLEAN","ALL","CUST-008938","2026-04-01","2026-09-30","","Must raise zero alerts at approved default parameters (FRD §8.14)"
"CONTROL-CUST-008956","CONTROL_CLEAN","ALL","CUST-008956","2026-04-01","2026-09-30","","Must raise zero alerts at approved default parameters (FRD §8.14)"
"CONTROL-CUST-008992","CONTROL_CLEAN","ALL","CUST-008992","2026-04-01","2026-09-30","","Must raise zero alerts at approved default parameters (FRD §8.14)"
"CONTROL-CUST-008994","CONTROL_CLEAN","ALL","CUST-008994","2026-04-01","2026-09-30","","Must raise zero alerts at approved default parameters (FRD §8.14)"
"CONTROL-CUST-009014","CONTROL_CLEAN","ALL","CUST-009014","2026-04-01","2026-09-30","","Must raise zero alerts at approved default parameters (FRD §8.14)"
"CONTROL-CUST-009020","CONTROL_CLEAN","ALL","CUST-009020","2026-04-01","2026-09-30","","Must raise zero alerts at approved default parameters (FRD §8.14)"
"CONTROL-CUST-009056","CONTROL_CLEAN","ALL","CUST-009056","2026-04-01","2026-09-30","","Must raise zero alerts at approved default parameters (FRD §8.14)"
"CONTROL-CUST-009063","CONTROL_CLEAN","ALL","CUST-009063","2026-04-01","2026-09-30","","Must raise zero alerts at approved default parameters (FRD §8.14)"
"CONTROL-CUST-009068","CONTROL_CLEAN","ALL","CUST-009068","2026-04-01","2026-09-30","","Must raise zero alerts at approved default parameters (FRD §8.14)"
"CONTROL-CUST-009070","CONTROL_CLEAN","ALL","CUST-009070","2026-04-01","2026-09-30","","Must raise zero alerts at approved default parameters (FRD §8.14)"
"CONTROL-CUST-009074","CONTROL_CLEAN","ALL","CUST-009074","2026-04-01","2026-09-30","","Must raise zero alerts at approved default parameters (FRD §8.14)"
"CONTROL-CUST-009078","CONTROL_CLEAN","ALL","CUST-009078","2026-04-01","2026-09-30","","Must raise zero alerts at approved default parameters (FRD §8.14)"
"CONTROL-CUST-009088","CONTROL_CLEAN","ALL","CUST-009088","2026-04-01","2026-09-30","","Must raise zero alerts at approved default parameters (FRD §8.14)"
"CONTROL-CUST-009093","CONTROL_CLEAN","ALL","CUST-009093","2026-04-01","2026-09-30","","Must raise zero alerts at approved default parameters (FRD §8.14)"
"CONTROL-CUST-009097","CONTROL_CLEAN","ALL","CUST-009097","2026-04-01","2026-09-30","","Must raise zero alerts at approved default parameters (FRD §8.14)"
"CONTROL-CUST-009125","CONTROL_CLEAN","ALL","CUST-009125","2026-04-01","2026-09-30","","Must raise zero alerts at approved default parameters (FRD §8.14)"
"CONTROL-CUST-009174","CONTROL_CLEAN","ALL","CUST-009174","2026-04-01","2026-09-30","","Must raise zero alerts at approved default parameters (FRD §8.14)"
"P01-POS-0001","INJECTED_POSITIVE","P01","CUST-006541","2026-08-18","2026-08-18","P01_UNUSUALLY_LARGE_SINGLE_TRANSFER","Single transfer far above the individual threshold band"
"P01-POS-0002","INJECTED_POSITIVE","P01","CUST-004262","2026-06-09","2026-06-09","P01_UNUSUALLY_LARGE_SINGLE_TRANSFER","Single transfer far above the individual threshold band"
"P01-POS-0003","INJECTED_POSITIVE","P01","CUST-003878","2026-07-24","2026-07-24","P01_UNUSUALLY_LARGE_SINGLE_TRANSFER","Single transfer far above the individual threshold band"
"P01-POS-0004","INJECTED_POSITIVE","P01","CUST-001904","2026-06-08","2026-06-08","P01_UNUSUALLY_LARGE_SINGLE_TRANSFER","Single transfer far above the individual threshold band"
"P01-POS-0005","INJECTED_POSITIVE","P01","CUST-000513","2026-06-19","2026-06-19","P01_UNUSUALLY_LARGE_SINGLE_TRANSFER","Single transfer far above the individual threshold band"
"P01-POS-0006","INJECTED_POSITIVE","P01","CUST-003583","2026-06-09","2026-06-09","P01_UNUSUALLY_LARGE_SINGLE_TRANSFER","Single transfer far above the individual threshold band"
"P01-POS-0007","INJECTED_POSITIVE","P01","CUST-008336","2026-07-28","2026-07-28","P01_UNUSUALLY_LARGE_SINGLE_TRANSFER","Single transfer far above the individual threshold band"
"P01-POS-0008","INJECTED_POSITIVE","P01","CUST-005273","2026-05-31","2026-05-31","P01_UNUSUALLY_LARGE_SINGLE_TRANSFER","Single transfer far above the individual threshold band"
"P01-POS-0009","INJECTED_POSITIVE","P01","CUST-003640","2026-09-21","2026-09-21","P01_UNUSUALLY_LARGE_SINGLE_TRANSFER","Single transfer far above the individual threshold band"
"P01-POS-0010","INJECTED_POSITIVE","P01","CUST-004070","2026-07-05","2026-07-05","P01_UNUSUALLY_LARGE_SINGLE_TRANSFER","Single transfer far above the individual threshold band"
"P01-POS-0011","INJECTED_POSITIVE","P01","CUST-003938","2026-06-02","2026-06-02","P01_UNUSUALLY_LARGE_SINGLE_TRANSFER","Single transfer far above the individual threshold band"
"P01-POS-0012","INJECTED_POSITIVE","P01","CUST-001285","2026-09-04","2026-09-04","P01_UNUSUALLY_LARGE_SINGLE_TRANSFER","Single transfer far above the individual threshold band"
"P01-POS-0013","INJECTED_POSITIVE","P01","BUS-00856","2026-07-29","2026-07-29","P01_UNUSUALLY_LARGE_SINGLE_TRANSFER","Single transfer far above the individual threshold band"
"P01-POS-0014","INJECTED_POSITIVE","P01","CUST-000231","2026-09-25","2026-09-25","P01_UNUSUALLY_LARGE_SINGLE_TRANSFER","Single transfer far above the individual threshold band"
"P01-POS-0015","INJECTED_POSITIVE","P01","CUST-003039","2026-09-09","2026-09-09","P01_UNUSUALLY_LARGE_SINGLE_TRANSFER","Single transfer far above the individual threshold band"
"P01-POS-0016","INJECTED_POSITIVE","P01","CUST-005875","2026-06-09","2026-06-09","P01_UNUSUALLY_LARGE_SINGLE_TRANSFER","Single transfer far above the individual threshold band"
"P01-POS-0017","INJECTED_POSITIVE","P01","CUST-005546","2026-07-19","2026-07-19","P01_UNUSUALLY_LARGE_SINGLE_TRANSFER","Single transfer far above the individual threshold band"
"P01-POS-0018","INJECTED_POSITIVE","P01","CUST-006693","2026-09-13","2026-09-13","P01_UNUSUALLY_LARGE_SINGLE_TRANSFER","Single transfer far above the individual threshold band"
"P01-POS-0019","INJECTED_POSITIVE","P01","CUST-001473","2026-08-04","2026-08-04","P01_UNUSUALLY_LARGE_SINGLE_TRANSFER","Single transfer far above the individual threshold band"
"P01-POS-0020","INJECTED_POSITIVE","P01","BUS-00852","2026-06-27","2026-06-27","P01_UNUSUALLY_LARGE_SINGLE_TRANSFER","Single transfer far above the individual threshold band"
"P01-POS-0021","INJECTED_POSITIVE","P01","CUST-002824","2026-07-17","2026-07-17","P01_UNUSUALLY_LARGE_SINGLE_TRANSFER","Single transfer far above the individual threshold band"
"P01-POS-0022","INJECTED_POSITIVE","P01","CUST-001409","2026-07-25","2026-07-25","P01_UNUSUALLY_LARGE_SINGLE_TRANSFER","Single transfer far above the individual threshold band"
"P01-POS-0023","INJECTED_POSITIVE","P01","CUST-000414","2026-06-24","2026-06-24","P01_UNUSUALLY_LARGE_SINGLE_TRANSFER","Single transfer far above the individual threshold band"
"P01-POS-0024","INJECTED_POSITIVE","P01","CUST-008673","2026-08-10","2026-08-10","P01_UNUSUALLY_LARGE_SINGLE_TRANSFER","Single transfer far above the individual threshold band"
"P01-POS-0025","INJECTED_POSITIVE","P01","CUST-002740","2026-09-22","2026-09-22","P01_UNUSUALLY_LARGE_SINGLE_TRANSFER","Single transfer far above the individual threshold band"
"P01-POS-0026","INJECTED_POSITIVE","P01","CUST-004524","2026-08-23","2026-08-23","P01_UNUSUALLY_LARGE_SINGLE_TRANSFER","Single transfer far above the individual threshold band"
"P01-POS-0027","INJECTED_POSITIVE","P01","BUS-00879","2026-06-29","2026-06-29","P01_UNUSUALLY_LARGE_SINGLE_TRANSFER","Single transfer far above the individual threshold band"
"P01-POS-0028","INJECTED_POSITIVE","P01","CUST-008466","2026-07-10","2026-07-10","P01_UNUSUALLY_LARGE_SINGLE_TRANSFER","Single transfer far above the individual threshold band"
"P01-POS-0029","INJECTED_POSITIVE","P01","CUST-003291","2026-08-18","2026-08-18","P01_UNUSUALLY_LARGE_SINGLE_TRANSFER","Single transfer far above the individual threshold band"
"P01-POS-0030","INJECTED_POSITIVE","P01","CUST-002477","2026-06-02","2026-06-02","P01_UNUSUALLY_LARGE_SINGLE_TRANSFER","Single transfer far above the individual threshold band"
"P01-POS-0031","INJECTED_POSITIVE","P01","BUS-00942","2026-06-07","2026-06-07","P01_UNUSUALLY_LARGE_SINGLE_TRANSFER","Single transfer far above the individual threshold band"
"P01-POS-0032","INJECTED_POSITIVE","P01","CUST-000157","2026-07-22","2026-07-22","P01_UNUSUALLY_LARGE_SINGLE_TRANSFER","Single transfer far above the individual threshold band"
"P01-POS-0033","INJECTED_POSITIVE","P01","CUST-005500","2026-06-22","2026-06-22","P01_UNUSUALLY_LARGE_SINGLE_TRANSFER","Single transfer far above the individual threshold band"
"P01-POS-0034","INJECTED_POSITIVE","P01","CUST-004687","2026-07-05","2026-07-05","P01_UNUSUALLY_LARGE_SINGLE_TRANSFER","Single transfer far above the individual threshold band"
"P01-POS-0035","INJECTED_POSITIVE","P01","CUST-004546","2026-07-19","2026-07-19","P01_UNUSUALLY_LARGE_SINGLE_TRANSFER","Single transfer far above the individual threshold band"
"P01-POS-0036","INJECTED_POSITIVE","P01","BUS-00104","2026-08-12","2026-08-12","P01_UNUSUALLY_LARGE_SINGLE_TRANSFER","Single transfer far above the individual threshold band"
"P01-POS-0037","INJECTED_POSITIVE","P01","CUST-000321","2026-06-01","2026-06-01","P01_UNUSUALLY_LARGE_SINGLE_TRANSFER","Single transfer far above the individual threshold band"
"P01-POS-0038","INJECTED_POSITIVE","P01","BUS-00183","2026-08-04","2026-08-04","P01_UNUSUALLY_LARGE_SINGLE_TRANSFER","Single transfer far above the individual threshold band"
"P01-POS-0039","INJECTED_POSITIVE","P01","CUST-009026","2026-09-24","2026-09-24","P01_UNUSUALLY_LARGE_SINGLE_TRANSFER","Single transfer far above the individual threshold band"
"P01-POS-0040","INJECTED_POSITIVE","P01","CUST-000416","2026-06-15","2026-06-15","P01_UNUSUALLY_LARGE_SINGLE_TRANSFER","Single transfer far above the individual threshold band"
"P01-POS-0041","INJECTED_POSITIVE","P01","BUS-01000","2026-08-13","2026-08-13","P01_UNUSUALLY_LARGE_SINGLE_TRANSFER","Single transfer far above the individual threshold band"
"P01-POS-0042","INJECTED_POSITIVE","P01","CUST-006444","2026-09-15","2026-09-15","P01_UNUSUALLY_LARGE_SINGLE_TRANSFER","Single transfer far above the individual threshold band"
"P01-POS-0043","INJECTED_POSITIVE","P01","CUST-006789","2026-07-26","2026-07-26","P01_UNUSUALLY_LARGE_SINGLE_TRANSFER","Single transfer far above the individual threshold band"
"P01-POS-0044","INJECTED_POSITIVE","P01","CUST-002324","2026-07-14","2026-07-14","P01_UNUSUALLY_LARGE_SINGLE_TRANSFER","Single transfer far above the individual threshold band"
"P01-POS-0045","INJECTED_POSITIVE","P01","CUST-003249","2026-06-25","2026-06-25","P01_UNUSUALLY_LARGE_SINGLE_TRANSFER","Single transfer far above the individual threshold band"
"P01-POS-0046","INJECTED_POSITIVE","P01","CUST-008705","2026-06-10","2026-06-10","P01_UNUSUALLY_LARGE_SINGLE_TRANSFER","Single transfer far above the individual threshold band"
"P01-POS-0047","INJECTED_POSITIVE","P01","CUST-005292","2026-06-11","2026-06-11","P01_UNUSUALLY_LARGE_SINGLE_TRANSFER","Single transfer far above the individual threshold band"
"P01-POS-0048","INJECTED_POSITIVE","P01","CUST-006564","2026-08-14","2026-08-14","P01_UNUSUALLY_LARGE_SINGLE_TRANSFER","Single transfer far above the individual threshold band"
"P01-POS-0049","INJECTED_POSITIVE","P01","CUST-006089","2026-09-22","2026-09-22","P01_UNUSUALLY_LARGE_SINGLE_TRANSFER","Single transfer far above the individual threshold band"
"P01-POS-0050","INJECTED_POSITIVE","P01","CUST-000490","2026-06-05","2026-06-05","P01_UNUSUALLY_LARGE_SINGLE_TRANSFER","Single transfer far above the individual threshold band"
"P01-POS-0051","INJECTED_POSITIVE","P01","CUST-001973","2026-08-16","2026-08-16","P01_UNUSUALLY_LARGE_SINGLE_TRANSFER","Single transfer far above the individual threshold band"
"P01-POS-0052","INJECTED_POSITIVE","P01","CUST-003285","2026-06-23","2026-06-23","P01_UNUSUALLY_LARGE_SINGLE_TRANSFER","Single transfer far above the individual threshold band"
"P01-POS-0053","INJECTED_POSITIVE","P01","BUS-00527","2026-06-08","2026-06-08","P01_UNUSUALLY_LARGE_SINGLE_TRANSFER","Single transfer far above the individual threshold band"
"P01-POS-0054","INJECTED_POSITIVE","P01","CUST-008829","2026-09-06","2026-09-06","P01_UNUSUALLY_LARGE_SINGLE_TRANSFER","Single transfer far above the individual threshold band"
"P01-POS-0055","INJECTED_POSITIVE","P01","CUST-009120","2026-06-11","2026-06-11","P01_UNUSUALLY_LARGE_SINGLE_TRANSFER","Single transfer far above the individual threshold band"
"P01-POS-0056","INJECTED_POSITIVE","P01","BUS-00562","2026-08-25","2026-08-25","P01_UNUSUALLY_LARGE_SINGLE_TRANSFER","Single transfer far above the individual threshold band"
"P01-POS-0057","INJECTED_POSITIVE","P01","CUST-003811","2026-06-22","2026-06-22","P01_UNUSUALLY_LARGE_SINGLE_TRANSFER","Single transfer far above the individual threshold band"
"P01-POS-0058","INJECTED_POSITIVE","P01","CUST-006893","2026-08-26","2026-08-26","P01_UNUSUALLY_LARGE_SINGLE_TRANSFER","Single transfer far above the individual threshold band"
"P01-POS-0059","INJECTED_POSITIVE","P01","CUST-002931","2026-07-28","2026-07-28","P01_UNUSUALLY_LARGE_SINGLE_TRANSFER","Single transfer far above the individual threshold band"
"P01-POS-0060","INJECTED_POSITIVE","P01","CUST-000976","2026-09-26","2026-09-26","P01_UNUSUALLY_LARGE_SINGLE_TRANSFER","Single transfer far above the individual threshold band"
"P02-POS-0001","INJECTED_POSITIVE","P02","CUST-008232","2026-06-15","2026-06-21","P02_STRUCTURING_BELOW_THE_REPORTING_THRESHOLD","3 deposits in band within a 7-day window"
"P02-POS-0002","INJECTED_POSITIVE","P02","CUST-008480","2026-08-25","2026-08-31","P02_STRUCTURING_BELOW_THE_REPORTING_THRESHOLD","4 deposits in band within a 7-day window"
"P02-POS-0003","INJECTED_POSITIVE","P02","CUST-001562","2026-08-06","2026-08-12","P02_STRUCTURING_BELOW_THE_REPORTING_THRESHOLD","3 deposits in band within a 7-day window"
"P02-POS-0004","INJECTED_POSITIVE","P02","CUST-005332","2026-08-22","2026-08-28","P02_STRUCTURING_BELOW_THE_REPORTING_THRESHOLD","5 deposits in band within a 7-day window"
"P02-POS-0005","INJECTED_POSITIVE","P02","CUST-005972","2026-07-11","2026-07-17","P02_STRUCTURING_BELOW_THE_REPORTING_THRESHOLD","5 deposits in band within a 7-day window"
"P02-POS-0006","INJECTED_POSITIVE","P02","CUST-003040","2026-07-06","2026-07-12","P02_STRUCTURING_BELOW_THE_REPORTING_THRESHOLD","5 deposits in band within a 7-day window"
"P02-POS-0007","INJECTED_POSITIVE","P02","CUST-004247","2026-09-15","2026-09-21","P02_STRUCTURING_BELOW_THE_REPORTING_THRESHOLD","3 deposits in band within a 7-day window"
"P02-POS-0008","INJECTED_POSITIVE","P02","CUST-002416","2026-07-22","2026-07-28","P02_STRUCTURING_BELOW_THE_REPORTING_THRESHOLD","4 deposits in band within a 7-day window"
"P02-POS-0009","INJECTED_POSITIVE","P02","CUST-000708","2026-09-19","2026-09-25","P02_STRUCTURING_BELOW_THE_REPORTING_THRESHOLD","4 deposits in band within a 7-day window"
"P02-POS-0010","INJECTED_POSITIVE","P02","CUST-001221","2026-09-08","2026-09-14","P02_STRUCTURING_BELOW_THE_REPORTING_THRESHOLD","4 deposits in band within a 7-day window"
"P02-POS-0011","INJECTED_POSITIVE","P02","BUS-00363","2026-09-21","2026-09-27","P02_STRUCTURING_BELOW_THE_REPORTING_THRESHOLD","3 deposits in band within a 7-day window"
"P02-POS-0012","INJECTED_POSITIVE","P02","CUST-004206","2026-07-08","2026-07-14","P02_STRUCTURING_BELOW_THE_REPORTING_THRESHOLD","4 deposits in band within a 7-day window"
"P02-POS-0013","INJECTED_POSITIVE","P02","CUST-003330","2026-08-05","2026-08-11","P02_STRUCTURING_BELOW_THE_REPORTING_THRESHOLD","3 deposits in band within a 7-day window"
"P02-POS-0014","INJECTED_POSITIVE","P02","CUST-003334","2026-06-20","2026-06-26","P02_STRUCTURING_BELOW_THE_REPORTING_THRESHOLD","3 deposits in band within a 7-day window"
"P02-POS-0015","INJECTED_POSITIVE","P02","CUST-008782","2026-06-05","2026-06-11","P02_STRUCTURING_BELOW_THE_REPORTING_THRESHOLD","5 deposits in band within a 7-day window"
"P02-POS-0016","INJECTED_POSITIVE","P02","CUST-005722","2026-06-19","2026-06-25","P02_STRUCTURING_BELOW_THE_REPORTING_THRESHOLD","5 deposits in band within a 7-day window"
"P02-POS-0017","INJECTED_POSITIVE","P02","BUS-00141","2026-06-15","2026-06-21","P02_STRUCTURING_BELOW_THE_REPORTING_THRESHOLD","3 deposits in band within a 7-day window"
"P02-POS-0018","INJECTED_POSITIVE","P02","CUST-000871","2026-07-25","2026-07-31","P02_STRUCTURING_BELOW_THE_REPORTING_THRESHOLD","4 deposits in band within a 7-day window"
"P02-POS-0019","INJECTED_POSITIVE","P02","CUST-005335","2026-07-15","2026-07-21","P02_STRUCTURING_BELOW_THE_REPORTING_THRESHOLD","5 deposits in band within a 7-day window"
"P02-POS-0020","INJECTED_POSITIVE","P02","CUST-007991","2026-08-22","2026-08-28","P02_STRUCTURING_BELOW_THE_REPORTING_THRESHOLD","5 deposits in band within a 7-day window"
"P02-POS-0021","INJECTED_POSITIVE","P02","CUST-007169","2026-09-15","2026-09-21","P02_STRUCTURING_BELOW_THE_REPORTING_THRESHOLD","4 deposits in band within a 7-day window"
"P02-POS-0022","INJECTED_POSITIVE","P02","CUST-001688","2026-09-12","2026-09-18","P02_STRUCTURING_BELOW_THE_REPORTING_THRESHOLD","4 deposits in band within a 7-day window"
"P02-POS-0023","INJECTED_POSITIVE","P02","BUS-00114","2026-07-01","2026-07-07","P02_STRUCTURING_BELOW_THE_REPORTING_THRESHOLD","5 deposits in band within a 7-day window"
"P02-POS-0024","INJECTED_POSITIVE","P02","CUST-000459","2026-08-07","2026-08-13","P02_STRUCTURING_BELOW_THE_REPORTING_THRESHOLD","3 deposits in band within a 7-day window"
"P02-POS-0025","INJECTED_POSITIVE","P02","CUST-008095","2026-08-12","2026-08-18","P02_STRUCTURING_BELOW_THE_REPORTING_THRESHOLD","5 deposits in band within a 7-day window"
"P02-POS-0026","INJECTED_POSITIVE","P02","CUST-007911","2026-06-15","2026-06-21","P02_STRUCTURING_BELOW_THE_REPORTING_THRESHOLD","3 deposits in band within a 7-day window"
"P02-POS-0027","INJECTED_POSITIVE","P02","BUS-01184","2026-08-12","2026-08-18","P02_STRUCTURING_BELOW_THE_REPORTING_THRESHOLD","4 deposits in band within a 7-day window"
"P02-POS-0028","INJECTED_POSITIVE","P02","CUST-001617","2026-09-13","2026-09-19","P02_STRUCTURING_BELOW_THE_REPORTING_THRESHOLD","4 deposits in band within a 7-day window"
"P02-POS-0029","INJECTED_POSITIVE","P02","CUST-000068","2026-06-24","2026-06-30","P02_STRUCTURING_BELOW_THE_REPORTING_THRESHOLD","5 deposits in band within a 7-day window"
"P02-POS-0030","INJECTED_POSITIVE","P02","CUST-001049","2026-09-11","2026-09-17","P02_STRUCTURING_BELOW_THE_REPORTING_THRESHOLD","5 deposits in band within a 7-day window"
"P02-POS-0031","INJECTED_POSITIVE","P02","BUS-00765","2026-09-20","2026-09-26","P02_STRUCTURING_BELOW_THE_REPORTING_THRESHOLD","3 deposits in band within a 7-day window"
"P02-POS-0032","INJECTED_POSITIVE","P02","BUS-00475","2026-07-12","2026-07-18","P02_STRUCTURING_BELOW_THE_REPORTING_THRESHOLD","5 deposits in band within a 7-day window"
"P02-POS-0033","INJECTED_POSITIVE","P02","CUST-008028","2026-08-13","2026-08-19","P02_STRUCTURING_BELOW_THE_REPORTING_THRESHOLD","4 deposits in band within a 7-day window"
"P02-POS-0034","INJECTED_POSITIVE","P02","CUST-001314","2026-09-07","2026-09-13","P02_STRUCTURING_BELOW_THE_REPORTING_THRESHOLD","3 deposits in band within a 7-day window"
"P02-POS-0035","INJECTED_POSITIVE","P02","BUS-00074","2026-06-25","2026-07-01","P02_STRUCTURING_BELOW_THE_REPORTING_THRESHOLD","3 deposits in band within a 7-day window"
"P02-POS-0036","INJECTED_POSITIVE","P02","CUST-006244","2026-07-31","2026-08-06","P02_STRUCTURING_BELOW_THE_REPORTING_THRESHOLD","3 deposits in band within a 7-day window"
"P02-POS-0037","INJECTED_POSITIVE","P02","CUST-007006","2026-07-21","2026-07-27","P02_STRUCTURING_BELOW_THE_REPORTING_THRESHOLD","3 deposits in band within a 7-day window"
"P02-POS-0038","INJECTED_POSITIVE","P02","CUST-003742","2026-06-16","2026-06-22","P02_STRUCTURING_BELOW_THE_REPORTING_THRESHOLD","5 deposits in band within a 7-day window"
"P02-POS-0039","INJECTED_POSITIVE","P02","CUST-001628","2026-07-08","2026-07-14","P02_STRUCTURING_BELOW_THE_REPORTING_THRESHOLD","3 deposits in band within a 7-day window"
"P02-POS-0040","INJECTED_POSITIVE","P02","CUST-002916","2026-08-20","2026-08-26","P02_STRUCTURING_BELOW_THE_REPORTING_THRESHOLD","4 deposits in band within a 7-day window"
"P02-POS-0041","INJECTED_POSITIVE","P02","CUST-003032","2026-08-25","2026-08-31","P02_STRUCTURING_BELOW_THE_REPORTING_THRESHOLD","4 deposits in band within a 7-day window"
"P02-POS-0042","INJECTED_POSITIVE","P02","CUST-002845","2026-06-26","2026-07-02","P02_STRUCTURING_BELOW_THE_REPORTING_THRESHOLD","4 deposits in band within a 7-day window"
"P02-POS-0043","INJECTED_POSITIVE","P02","CUST-000815","2026-09-12","2026-09-18","P02_STRUCTURING_BELOW_THE_REPORTING_THRESHOLD","5 deposits in band within a 7-day window"
"P02-POS-0044","INJECTED_POSITIVE","P02","CUST-002137","2026-08-14","2026-08-20","P02_STRUCTURING_BELOW_THE_REPORTING_THRESHOLD","4 deposits in band within a 7-day window"
"P02-POS-0045","INJECTED_POSITIVE","P02","CUST-008369","2026-09-04","2026-09-10","P02_STRUCTURING_BELOW_THE_REPORTING_THRESHOLD","5 deposits in band within a 7-day window"
"P03-POS-0001","INJECTED_POSITIVE","P03","CUST-001291","2026-08-30","2026-08-30","P03_SAME-DAY_PASS-THROUGH","Funds in and substantially out again within the same day"
"P03-POS-0002","INJECTED_POSITIVE","P03","CUST-005065","2026-08-30","2026-08-30","P03_SAME-DAY_PASS-THROUGH","Funds in and substantially out again within the same day"
"P03-POS-0003","INJECTED_POSITIVE","P03","CUST-002113","2026-06-16","2026-06-16","P03_SAME-DAY_PASS-THROUGH","Funds in and substantially out again within the same day"
"P03-POS-0004","INJECTED_POSITIVE","P03","CUST-003806","2026-06-29","2026-06-29","P03_SAME-DAY_PASS-THROUGH","Funds in and substantially out again within the same day"
"P03-POS-0005","INJECTED_POSITIVE","P03","CUST-005529","2026-06-29","2026-06-29","P03_SAME-DAY_PASS-THROUGH","Funds in and substantially out again within the same day"
"P03-POS-0006","INJECTED_POSITIVE","P03","CUST-009135","2026-07-28","2026-07-28","P03_SAME-DAY_PASS-THROUGH","Funds in and substantially out again within the same day"
"P03-POS-0007","INJECTED_POSITIVE","P03","CUST-008918","2026-06-09","2026-06-09","P03_SAME-DAY_PASS-THROUGH","Funds in and substantially out again within the same day"
"P03-POS-0008","INJECTED_POSITIVE","P03","CUST-008349","2026-08-30","2026-08-30","P03_SAME-DAY_PASS-THROUGH","Funds in and substantially out again within the same day"
"P03-POS-0009","INJECTED_POSITIVE","P03","CUST-007911","2026-08-24","2026-08-24","P03_SAME-DAY_PASS-THROUGH","Funds in and substantially out again within the same day"
"P03-POS-0010","INJECTED_POSITIVE","P03","CUST-004716","2026-09-19","2026-09-19","P03_SAME-DAY_PASS-THROUGH","Funds in and substantially out again within the same day"
"P03-POS-0011","INJECTED_POSITIVE","P03","CUST-000292","2026-08-23","2026-08-23","P03_SAME-DAY_PASS-THROUGH","Funds in and substantially out again within the same day"
"P03-POS-0012","INJECTED_POSITIVE","P03","CUST-007460","2026-09-10","2026-09-10","P03_SAME-DAY_PASS-THROUGH","Funds in and substantially out again within the same day"
"P03-POS-0013","INJECTED_POSITIVE","P03","CUST-005014","2026-07-09","2026-07-09","P03_SAME-DAY_PASS-THROUGH","Funds in and substantially out again within the same day"
"P03-POS-0014","INJECTED_POSITIVE","P03","CUST-000691","2026-09-13","2026-09-13","P03_SAME-DAY_PASS-THROUGH","Funds in and substantially out again within the same day"
"P03-POS-0015","INJECTED_POSITIVE","P03","BUS-00235","2026-08-08","2026-08-08","P03_SAME-DAY_PASS-THROUGH","Funds in and substantially out again within the same day"
"P03-POS-0016","INJECTED_POSITIVE","P03","CUST-009000","2026-07-22","2026-07-22","P03_SAME-DAY_PASS-THROUGH","Funds in and substantially out again within the same day"
"P03-POS-0017","INJECTED_POSITIVE","P03","CUST-000585","2026-06-11","2026-06-11","P03_SAME-DAY_PASS-THROUGH","Funds in and substantially out again within the same day"
"P03-POS-0018","INJECTED_POSITIVE","P03","CUST-006923","2026-08-13","2026-08-13","P03_SAME-DAY_PASS-THROUGH","Funds in and substantially out again within the same day"
"P03-POS-0019","INJECTED_POSITIVE","P03","CUST-005372","2026-06-06","2026-06-06","P03_SAME-DAY_PASS-THROUGH","Funds in and substantially out again within the same day"
"P03-POS-0020","INJECTED_POSITIVE","P03","CUST-003872","2026-07-30","2026-07-30","P03_SAME-DAY_PASS-THROUGH","Funds in and substantially out again within the same day"
"P03-POS-0021","INJECTED_POSITIVE","P03","BUS-01173","2026-08-16","2026-08-16","P03_SAME-DAY_PASS-THROUGH","Funds in and substantially out again within the same day"
"P03-POS-0022","INJECTED_POSITIVE","P03","CUST-006441","2026-08-13","2026-08-13","P03_SAME-DAY_PASS-THROUGH","Funds in and substantially out again within the same day"
"P03-POS-0023","INJECTED_POSITIVE","P03","CUST-001093","2026-06-28","2026-06-28","P03_SAME-DAY_PASS-THROUGH","Funds in and substantially out again within the same day"
"P03-POS-0024","INJECTED_POSITIVE","P03","BUS-00937","2026-09-20","2026-09-20","P03_SAME-DAY_PASS-THROUGH","Funds in and substantially out again within the same day"
"P03-POS-0025","INJECTED_POSITIVE","P03","CUST-001651","2026-07-31","2026-07-31","P03_SAME-DAY_PASS-THROUGH","Funds in and substantially out again within the same day"
"P03-POS-0026","INJECTED_POSITIVE","P03","CUST-000782","2026-06-09","2026-06-09","P03_SAME-DAY_PASS-THROUGH","Funds in and substantially out again within the same day"
"P03-POS-0027","INJECTED_POSITIVE","P03","CUST-003682","2026-09-11","2026-09-11","P03_SAME-DAY_PASS-THROUGH","Funds in and substantially out again within the same day"
"P03-POS-0028","INJECTED_POSITIVE","P03","CUST-003616","2026-08-29","2026-08-29","P03_SAME-DAY_PASS-THROUGH","Funds in and substantially out again within the same day"
"P03-POS-0029","INJECTED_POSITIVE","P03","CUST-004938","2026-06-21","2026-06-21","P03_SAME-DAY_PASS-THROUGH","Funds in and substantially out again within the same day"
"P03-POS-0030","INJECTED_POSITIVE","P03","CUST-008216","2026-06-03","2026-06-03","P03_SAME-DAY_PASS-THROUGH","Funds in and substantially out again within the same day"
"P03-POS-0031","INJECTED_POSITIVE","P03","BUS-01026","2026-08-11","2026-08-11","P03_SAME-DAY_PASS-THROUGH","Funds in and substantially out again within the same day"
"P03-POS-0032","INJECTED_POSITIVE","P03","CUST-001238","2026-07-13","2026-07-13","P03_SAME-DAY_PASS-THROUGH","Funds in and substantially out again within the same day"
"P03-POS-0033","INJECTED_POSITIVE","P03","CUST-003112","2026-07-09","2026-07-09","P03_SAME-DAY_PASS-THROUGH","Funds in and substantially out again within the same day"
"P03-POS-0034","INJECTED_POSITIVE","P03","BUS-00699","2026-07-26","2026-07-26","P03_SAME-DAY_PASS-THROUGH","Funds in and substantially out again within the same day"
"P03-POS-0035","INJECTED_POSITIVE","P03","BUS-00435","2026-09-21","2026-09-21","P03_SAME-DAY_PASS-THROUGH","Funds in and substantially out again within the same day"
"P03-POS-0036","INJECTED_POSITIVE","P03","CUST-008072","2026-09-10","2026-09-10","P03_SAME-DAY_PASS-THROUGH","Funds in and substantially out again within the same day"
"P03-POS-0037","INJECTED_POSITIVE","P03","CUST-004596","2026-06-12","2026-06-12","P03_SAME-DAY_PASS-THROUGH","Funds in and substantially out again within the same day"
"P03-POS-0038","INJECTED_POSITIVE","P03","CUST-002223","2026-07-23","2026-07-23","P03_SAME-DAY_PASS-THROUGH","Funds in and substantially out again within the same day"
"P03-POS-0039","INJECTED_POSITIVE","P03","CUST-000693","2026-09-04","2026-09-04","P03_SAME-DAY_PASS-THROUGH","Funds in and substantially out again within the same day"
"P03-POS-0040","INJECTED_POSITIVE","P03","BUS-00521","2026-06-04","2026-06-04","P03_SAME-DAY_PASS-THROUGH","Funds in and substantially out again within the same day"
"P03-POS-0041","INJECTED_POSITIVE","P03","CUST-008010","2026-08-04","2026-08-04","P03_SAME-DAY_PASS-THROUGH","Funds in and substantially out again within the same day"
"P03-POS-0042","INJECTED_POSITIVE","P03","CUST-001309","2026-08-04","2026-08-04","P03_SAME-DAY_PASS-THROUGH","Funds in and substantially out again within the same day"
"P03-POS-0043","INJECTED_POSITIVE","P03","CUST-005030","2026-07-01","2026-07-01","P03_SAME-DAY_PASS-THROUGH","Funds in and substantially out again within the same day"
"P03-POS-0044","INJECTED_POSITIVE","P03","CUST-000449","2026-08-17","2026-08-17","P03_SAME-DAY_PASS-THROUGH","Funds in and substantially out again within the same day"
"P03-POS-0045","INJECTED_POSITIVE","P03","CUST-008400","2026-08-05","2026-08-05","P03_SAME-DAY_PASS-THROUGH","Funds in and substantially out again within the same day"
"P03-POS-0046","INJECTED_POSITIVE","P03","CUST-003448","2026-08-23","2026-08-23","P03_SAME-DAY_PASS-THROUGH","Funds in and substantially out again within the same day"
"P03-POS-0047","INJECTED_POSITIVE","P03","CUST-003582","2026-07-22","2026-07-22","P03_SAME-DAY_PASS-THROUGH","Funds in and substantially out again within the same day"
"P03-POS-0048","INJECTED_POSITIVE","P03","CUST-004306","2026-08-15","2026-08-15","P03_SAME-DAY_PASS-THROUGH","Funds in and substantially out again within the same day"
"P03-POS-0049","INJECTED_POSITIVE","P03","BUS-01197","2026-08-13","2026-08-13","P03_SAME-DAY_PASS-THROUGH","Funds in and substantially out again within the same day"
"P03-POS-0050","INJECTED_POSITIVE","P03","CUST-005580","2026-07-19","2026-07-19","P03_SAME-DAY_PASS-THROUGH","Funds in and substantially out again within the same day"
"P04-POS-0001","INJECTED_POSITIVE","P04","BUS-00717","2026-07-10","2026-07-13","P04_TRANSACTION_COUNT_SPIKE_AGAINST_BASELINE","Transaction count far above the entity's own baseline"
"P04-POS-0002","INJECTED_POSITIVE","P04","CUST-002911","2026-09-08","2026-09-11","P04_TRANSACTION_COUNT_SPIKE_AGAINST_BASELINE","Transaction count far above the entity's own baseline"
"P04-POS-0003","INJECTED_POSITIVE","P04","CUST-008902","2026-08-02","2026-08-05","P04_TRANSACTION_COUNT_SPIKE_AGAINST_BASELINE","Transaction count far above the entity's own baseline"
"P04-POS-0004","INJECTED_POSITIVE","P04","BUS-00015","2026-07-09","2026-07-12","P04_TRANSACTION_COUNT_SPIKE_AGAINST_BASELINE","Transaction count far above the entity's own baseline"
"P04-POS-0005","INJECTED_POSITIVE","P04","CUST-002142","2026-07-30","2026-08-02","P04_TRANSACTION_COUNT_SPIKE_AGAINST_BASELINE","Transaction count far above the entity's own baseline"
"P04-POS-0006","INJECTED_POSITIVE","P04","CUST-002946","2026-06-01","2026-06-04","P04_TRANSACTION_COUNT_SPIKE_AGAINST_BASELINE","Transaction count far above the entity's own baseline"
"P04-POS-0007","INJECTED_POSITIVE","P04","CUST-003212","2026-07-24","2026-07-27","P04_TRANSACTION_COUNT_SPIKE_AGAINST_BASELINE","Transaction count far above the entity's own baseline"
"P04-POS-0008","INJECTED_POSITIVE","P04","CUST-005629","2026-06-24","2026-06-27","P04_TRANSACTION_COUNT_SPIKE_AGAINST_BASELINE","Transaction count far above the entity's own baseline"
"P04-POS-0009","INJECTED_POSITIVE","P04","CUST-002778","2026-08-05","2026-08-08","P04_TRANSACTION_COUNT_SPIKE_AGAINST_BASELINE","Transaction count far above the entity's own baseline"
"P04-POS-0010","INJECTED_POSITIVE","P04","CUST-008371","2026-08-11","2026-08-14","P04_TRANSACTION_COUNT_SPIKE_AGAINST_BASELINE","Transaction count far above the entity's own baseline"
"P04-POS-0011","INJECTED_POSITIVE","P04","CUST-007588","2026-06-17","2026-06-20","P04_TRANSACTION_COUNT_SPIKE_AGAINST_BASELINE","Transaction count far above the entity's own baseline"
"P04-POS-0012","INJECTED_POSITIVE","P04","CUST-009132","2026-07-15","2026-07-18","P04_TRANSACTION_COUNT_SPIKE_AGAINST_BASELINE","Transaction count far above the entity's own baseline"
"P04-POS-0013","INJECTED_POSITIVE","P04","CUST-003370","2026-08-29","2026-09-01","P04_TRANSACTION_COUNT_SPIKE_AGAINST_BASELINE","Transaction count far above the entity's own baseline"
"P04-POS-0014","INJECTED_POSITIVE","P04","CUST-007680","2026-07-29","2026-08-01","P04_TRANSACTION_COUNT_SPIKE_AGAINST_BASELINE","Transaction count far above the entity's own baseline"
"P04-POS-0015","INJECTED_POSITIVE","P04","CUST-003096","2026-09-13","2026-09-16","P04_TRANSACTION_COUNT_SPIKE_AGAINST_BASELINE","Transaction count far above the entity's own baseline"
"P04-POS-0016","INJECTED_POSITIVE","P04","BUS-00703","2026-09-14","2026-09-17","P04_TRANSACTION_COUNT_SPIKE_AGAINST_BASELINE","Transaction count far above the entity's own baseline"
"P04-POS-0017","INJECTED_POSITIVE","P04","CUST-004743","2026-08-04","2026-08-07","P04_TRANSACTION_COUNT_SPIKE_AGAINST_BASELINE","Transaction count far above the entity's own baseline"
"P04-POS-0018","INJECTED_POSITIVE","P04","CUST-007591","2026-08-08","2026-08-11","P04_TRANSACTION_COUNT_SPIKE_AGAINST_BASELINE","Transaction count far above the entity's own baseline"
"P04-POS-0019","INJECTED_POSITIVE","P04","CUST-004247","2026-09-19","2026-09-22","P04_TRANSACTION_COUNT_SPIKE_AGAINST_BASELINE","Transaction count far above the entity's own baseline"
"P04-POS-0020","INJECTED_POSITIVE","P04","CUST-001266","2026-09-16","2026-09-19","P04_TRANSACTION_COUNT_SPIKE_AGAINST_BASELINE","Transaction count far above the entity's own baseline"
"P04-POS-0021","INJECTED_POSITIVE","P04","CUST-004709","2026-06-11","2026-06-14","P04_TRANSACTION_COUNT_SPIKE_AGAINST_BASELINE","Transaction count far above the entity's own baseline"
"P04-POS-0022","INJECTED_POSITIVE","P04","CUST-001256","2026-09-14","2026-09-17","P04_TRANSACTION_COUNT_SPIKE_AGAINST_BASELINE","Transaction count far above the entity's own baseline"
"P04-POS-0023","INJECTED_POSITIVE","P04","CUST-000889","2026-08-13","2026-08-16","P04_TRANSACTION_COUNT_SPIKE_AGAINST_BASELINE","Transaction count far above the entity's own baseline"
"P04-POS-0024","INJECTED_POSITIVE","P04","CUST-005656","2026-06-08","2026-06-11","P04_TRANSACTION_COUNT_SPIKE_AGAINST_BASELINE","Transaction count far above the entity's own baseline"
"P04-POS-0025","INJECTED_POSITIVE","P04","CUST-000452","2026-07-28","2026-07-31","P04_TRANSACTION_COUNT_SPIKE_AGAINST_BASELINE","Transaction count far above the entity's own baseline"
"P04-POS-0026","INJECTED_POSITIVE","P04","CUST-004665","2026-08-11","2026-08-14","P04_TRANSACTION_COUNT_SPIKE_AGAINST_BASELINE","Transaction count far above the entity's own baseline"
"P04-POS-0027","INJECTED_POSITIVE","P04","BUS-00880","2026-06-01","2026-06-04","P04_TRANSACTION_COUNT_SPIKE_AGAINST_BASELINE","Transaction count far above the entity's own baseline"
"P04-POS-0028","INJECTED_POSITIVE","P04","CUST-000059","2026-07-23","2026-07-26","P04_TRANSACTION_COUNT_SPIKE_AGAINST_BASELINE","Transaction count far above the entity's own baseline"
"P04-POS-0029","INJECTED_POSITIVE","P04","CUST-008859","2026-09-01","2026-09-04","P04_TRANSACTION_COUNT_SPIKE_AGAINST_BASELINE","Transaction count far above the entity's own baseline"
"P04-POS-0030","INJECTED_POSITIVE","P04","CUST-007350","2026-09-07","2026-09-10","P04_TRANSACTION_COUNT_SPIKE_AGAINST_BASELINE","Transaction count far above the entity's own baseline"
"P04-POS-0031","INJECTED_POSITIVE","P04","CUST-000748","2026-08-25","2026-08-28","P04_TRANSACTION_COUNT_SPIKE_AGAINST_BASELINE","Transaction count far above the entity's own baseline"
"P04-POS-0032","INJECTED_POSITIVE","P04","CUST-009180","2026-07-15","2026-07-18","P04_TRANSACTION_COUNT_SPIKE_AGAINST_BASELINE","Transaction count far above the entity's own baseline"
"P04-POS-0033","INJECTED_POSITIVE","P04","CUST-007154","2026-08-09","2026-08-12","P04_TRANSACTION_COUNT_SPIKE_AGAINST_BASELINE","Transaction count far above the entity's own baseline"
"P04-POS-0034","INJECTED_POSITIVE","P04","CUST-008087","2026-08-12","2026-08-15","P04_TRANSACTION_COUNT_SPIKE_AGAINST_BASELINE","Transaction count far above the entity's own baseline"
"P04-POS-0035","INJECTED_POSITIVE","P04","BUS-00613","2026-07-11","2026-07-14","P04_TRANSACTION_COUNT_SPIKE_AGAINST_BASELINE","Transaction count far above the entity's own baseline"
"P04-POS-0036","INJECTED_POSITIVE","P04","BUS-00366","2026-08-01","2026-08-04","P04_TRANSACTION_COUNT_SPIKE_AGAINST_BASELINE","Transaction count far above the entity's own baseline"
"P04-POS-0037","INJECTED_POSITIVE","P04","CUST-007836","2026-09-02","2026-09-05","P04_TRANSACTION_COUNT_SPIKE_AGAINST_BASELINE","Transaction count far above the entity's own baseline"
"P04-POS-0038","INJECTED_POSITIVE","P04","CUST-006776","2026-06-07","2026-06-10","P04_TRANSACTION_COUNT_SPIKE_AGAINST_BASELINE","Transaction count far above the entity's own baseline"
"P04-POS-0039","INJECTED_POSITIVE","P04","CUST-004868","2026-07-10","2026-07-13","P04_TRANSACTION_COUNT_SPIKE_AGAINST_BASELINE","Transaction count far above the entity's own baseline"
"P04-POS-0040","INJECTED_POSITIVE","P04","CUST-007100","2026-09-01","2026-09-04","P04_TRANSACTION_COUNT_SPIKE_AGAINST_BASELINE","Transaction count far above the entity's own baseline"
"P04-POS-0041","INJECTED_POSITIVE","P04","CUST-000506","2026-08-17","2026-08-20","P04_TRANSACTION_COUNT_SPIKE_AGAINST_BASELINE","Transaction count far above the entity's own baseline"
"P04-POS-0042","INJECTED_POSITIVE","P04","CUST-000829","2026-09-08","2026-09-11","P04_TRANSACTION_COUNT_SPIKE_AGAINST_BASELINE","Transaction count far above the entity's own baseline"
"P04-POS-0043","INJECTED_POSITIVE","P04","CUST-000496","2026-07-19","2026-07-22","P04_TRANSACTION_COUNT_SPIKE_AGAINST_BASELINE","Transaction count far above the entity's own baseline"
"P04-POS-0044","INJECTED_POSITIVE","P04","CUST-005087","2026-07-26","2026-07-29","P04_TRANSACTION_COUNT_SPIKE_AGAINST_BASELINE","Transaction count far above the entity's own baseline"
"P04-POS-0045","INJECTED_POSITIVE","P04","CUST-003909","2026-06-26","2026-06-29","P04_TRANSACTION_COUNT_SPIKE_AGAINST_BASELINE","Transaction count far above the entity's own baseline"
"P04-POS-0046","INJECTED_POSITIVE","P04","CUST-003487","2026-06-14","2026-06-17","P04_TRANSACTION_COUNT_SPIKE_AGAINST_BASELINE","Transaction count far above the entity's own baseline"
"P04-POS-0047","INJECTED_POSITIVE","P04","CUST-006559","2026-07-13","2026-07-16","P04_TRANSACTION_COUNT_SPIKE_AGAINST_BASELINE","Transaction count far above the entity's own baseline"
"P04-POS-0048","INJECTED_POSITIVE","P04","CUST-008840","2026-09-16","2026-09-19","P04_TRANSACTION_COUNT_SPIKE_AGAINST_BASELINE","Transaction count far above the entity's own baseline"
"P04-POS-0049","INJECTED_POSITIVE","P04","CUST-006088","2026-09-20","2026-09-23","P04_TRANSACTION_COUNT_SPIKE_AGAINST_BASELINE","Transaction count far above the entity's own baseline"
"P04-POS-0050","INJECTED_POSITIVE","P04","CUST-001226","2026-08-01","2026-08-04","P04_TRANSACTION_COUNT_SPIKE_AGAINST_BASELINE","Transaction count far above the entity's own baseline"
"P04-POS-0051","INJECTED_POSITIVE","P04","CUST-009123","2026-06-18","2026-06-21","P04_TRANSACTION_COUNT_SPIKE_AGAINST_BASELINE","Transaction count far above the entity's own baseline"
"P04-POS-0052","INJECTED_POSITIVE","P04","CUST-001146","2026-08-02","2026-08-05","P04_TRANSACTION_COUNT_SPIKE_AGAINST_BASELINE","Transaction count far above the entity's own baseline"
"P04-POS-0053","INJECTED_POSITIVE","P04","CUST-001535","2026-08-14","2026-08-17","P04_TRANSACTION_COUNT_SPIKE_AGAINST_BASELINE","Transaction count far above the entity's own baseline"
"P04-POS-0054","INJECTED_POSITIVE","P04","CUST-008987","2026-09-01","2026-09-04","P04_TRANSACTION_COUNT_SPIKE_AGAINST_BASELINE","Transaction count far above the entity's own baseline"
"P04-POS-0055","INJECTED_POSITIVE","P04","CUST-008692","2026-08-22","2026-08-25","P04_TRANSACTION_COUNT_SPIKE_AGAINST_BASELINE","Transaction count far above the entity's own baseline"
"P05-POS-0001","INJECTED_POSITIVE","P05","CUST-003456","2026-04-05","2026-09-02","P05_DORMANT_ACCOUNT_REACTIVATION","150 dormant days, then a material credit"
"P05-POS-0002","INJECTED_POSITIVE","P05","CUST-000046","2026-04-20","2026-09-17","P05_DORMANT_ACCOUNT_REACTIVATION","150 dormant days, then a material credit"
"P05-POS-0003","INJECTED_POSITIVE","P05","BUS-00681","2026-04-01","2026-08-29","P05_DORMANT_ACCOUNT_REACTIVATION","150 dormant days, then a material credit"
"P05-POS-0004","INJECTED_POSITIVE","P05","CUST-007714","2026-04-07","2026-09-04","P05_DORMANT_ACCOUNT_REACTIVATION","150 dormant days, then a material credit"
"P05-POS-0005","INJECTED_POSITIVE","P05","CUST-005857","2026-03-27","2026-08-24","P05_DORMANT_ACCOUNT_REACTIVATION","150 dormant days, then a material credit"
"P05-POS-0006","INJECTED_POSITIVE","P05","CUST-001329","2026-03-25","2026-08-22","P05_DORMANT_ACCOUNT_REACTIVATION","150 dormant days, then a material credit"
"P05-POS-0007","INJECTED_POSITIVE","P05","BUS-00280","2026-03-26","2026-08-23","P05_DORMANT_ACCOUNT_REACTIVATION","150 dormant days, then a material credit"
"P05-POS-0008","INJECTED_POSITIVE","P05","CUST-005807","2026-04-20","2026-09-17","P05_DORMANT_ACCOUNT_REACTIVATION","150 dormant days, then a material credit"
"P05-POS-0009","INJECTED_POSITIVE","P05","CUST-005832","2026-04-25","2026-09-22","P05_DORMANT_ACCOUNT_REACTIVATION","150 dormant days, then a material credit"
"P05-POS-0010","INJECTED_POSITIVE","P05","CUST-007565","2026-04-10","2026-09-07","P05_DORMANT_ACCOUNT_REACTIVATION","150 dormant days, then a material credit"
"P05-POS-0011","INJECTED_POSITIVE","P05","BUS-00937","2026-03-27","2026-08-24","P05_DORMANT_ACCOUNT_REACTIVATION","150 dormant days, then a material credit"
"P05-POS-0012","INJECTED_POSITIVE","P05","CUST-006380","2026-03-28","2026-08-25","P05_DORMANT_ACCOUNT_REACTIVATION","150 dormant days, then a material credit"
"P05-POS-0013","INJECTED_POSITIVE","P05","CUST-002884","2026-04-02","2026-08-30","P05_DORMANT_ACCOUNT_REACTIVATION","150 dormant days, then a material credit"
"P05-POS-0014","INJECTED_POSITIVE","P05","BUS-01003","2026-04-15","2026-09-12","P05_DORMANT_ACCOUNT_REACTIVATION","150 dormant days, then a material credit"
"P05-POS-0015","INJECTED_POSITIVE","P05","CUST-004761","2026-03-31","2026-08-28","P05_DORMANT_ACCOUNT_REACTIVATION","150 dormant days, then a material credit"
"P05-POS-0016","INJECTED_POSITIVE","P05","CUST-006811","2026-04-15","2026-09-12","P05_DORMANT_ACCOUNT_REACTIVATION","150 dormant days, then a material credit"
"P05-POS-0017","INJECTED_POSITIVE","P05","CUST-005086","2026-04-03","2026-08-31","P05_DORMANT_ACCOUNT_REACTIVATION","150 dormant days, then a material credit"
"P05-POS-0018","INJECTED_POSITIVE","P05","BUS-00265","2026-04-09","2026-09-06","P05_DORMANT_ACCOUNT_REACTIVATION","150 dormant days, then a material credit"
"P05-POS-0019","INJECTED_POSITIVE","P05","CUST-002881","2026-04-12","2026-09-09","P05_DORMANT_ACCOUNT_REACTIVATION","150 dormant days, then a material credit"
"P05-POS-0020","INJECTED_POSITIVE","P05","CUST-006272","2026-04-15","2026-09-12","P05_DORMANT_ACCOUNT_REACTIVATION","150 dormant days, then a material credit"
"P05-POS-0021","INJECTED_POSITIVE","P05","CUST-004262","2026-04-12","2026-09-09","P05_DORMANT_ACCOUNT_REACTIVATION","150 dormant days, then a material credit"
"P05-POS-0022","INJECTED_POSITIVE","P05","CUST-008976","2026-04-11","2026-09-08","P05_DORMANT_ACCOUNT_REACTIVATION","150 dormant days, then a material credit"
"P05-POS-0023","INJECTED_POSITIVE","P05","CUST-007902","2026-03-29","2026-08-26","P05_DORMANT_ACCOUNT_REACTIVATION","150 dormant days, then a material credit"
"P05-POS-0024","INJECTED_POSITIVE","P05","CUST-001194","2026-04-27","2026-09-24","P05_DORMANT_ACCOUNT_REACTIVATION","150 dormant days, then a material credit"
"P05-POS-0025","INJECTED_POSITIVE","P05","CUST-006640","2026-03-27","2026-08-24","P05_DORMANT_ACCOUNT_REACTIVATION","150 dormant days, then a material credit"
"P05-POS-0026","INJECTED_POSITIVE","P05","CUST-001113","2026-04-07","2026-09-04","P05_DORMANT_ACCOUNT_REACTIVATION","150 dormant days, then a material credit"
"P05-POS-0027","INJECTED_POSITIVE","P05","CUST-002605","2026-04-08","2026-09-05","P05_DORMANT_ACCOUNT_REACTIVATION","150 dormant days, then a material credit"
"P05-POS-0028","INJECTED_POSITIVE","P05","CUST-007018","2026-04-26","2026-09-23","P05_DORMANT_ACCOUNT_REACTIVATION","150 dormant days, then a material credit"
"P05-POS-0029","INJECTED_POSITIVE","P05","CUST-005527","2026-03-25","2026-08-22","P05_DORMANT_ACCOUNT_REACTIVATION","150 dormant days, then a material credit"
"P05-POS-0030","INJECTED_POSITIVE","P05","CUST-005904","2026-04-09","2026-09-06","P05_DORMANT_ACCOUNT_REACTIVATION","150 dormant days, then a material credit"
"P05-POS-0031","INJECTED_POSITIVE","P05","BUS-00908","2026-04-21","2026-09-18","P05_DORMANT_ACCOUNT_REACTIVATION","150 dormant days, then a material credit"
"P05-POS-0032","INJECTED_POSITIVE","P05","CUST-006660","2026-04-16","2026-09-13","P05_DORMANT_ACCOUNT_REACTIVATION","150 dormant days, then a material credit"
"P05-POS-0033","INJECTED_POSITIVE","P05","CUST-003714","2026-04-17","2026-09-14","P05_DORMANT_ACCOUNT_REACTIVATION","150 dormant days, then a material credit"
"P05-POS-0034","INJECTED_POSITIVE","P05","CUST-003132","2026-03-31","2026-08-28","P05_DORMANT_ACCOUNT_REACTIVATION","150 dormant days, then a material credit"
"P05-POS-0035","INJECTED_POSITIVE","P05","CUST-001283","2026-04-12","2026-09-09","P05_DORMANT_ACCOUNT_REACTIVATION","150 dormant days, then a material credit"
"P05-POS-0036","INJECTED_POSITIVE","P05","BUS-00285","2026-04-18","2026-09-15","P05_DORMANT_ACCOUNT_REACTIVATION","150 dormant days, then a material credit"
"P05-POS-0037","INJECTED_POSITIVE","P05","CUST-003540","2026-04-01","2026-08-29","P05_DORMANT_ACCOUNT_REACTIVATION","150 dormant days, then a material credit"
"P05-POS-0038","INJECTED_POSITIVE","P05","CUST-000988","2026-03-25","2026-08-22","P05_DORMANT_ACCOUNT_REACTIVATION","150 dormant days, then a material credit"
"P05-POS-0039","INJECTED_POSITIVE","P05","CUST-007320","2026-04-04","2026-09-01","P05_DORMANT_ACCOUNT_REACTIVATION","150 dormant days, then a material credit"
"P05-POS-0040","INJECTED_POSITIVE","P05","CUST-003907","2026-04-04","2026-09-01","P05_DORMANT_ACCOUNT_REACTIVATION","150 dormant days, then a material credit"
"P06-POS-0001","INJECTED_POSITIVE","P06","CUST-007166","2026-08-07","2026-08-17","P06_UNIFORM_ROUND_AMOUNTS","Repeated identical round amount 100,000,000"
"P06-POS-0002","INJECTED_POSITIVE","P06","BUS-00340","2026-09-14","2026-09-24","P06_UNIFORM_ROUND_AMOUNTS","Repeated identical round amount 50,000,000"
"P06-POS-0003","INJECTED_POSITIVE","P06","CUST-004494","2026-07-13","2026-07-23","P06_UNIFORM_ROUND_AMOUNTS","Repeated identical round amount 250,000,000"
"P06-POS-0004","INJECTED_POSITIVE","P06","CUST-003154","2026-08-03","2026-08-13","P06_UNIFORM_ROUND_AMOUNTS","Repeated identical round amount 50,000,000"
"P06-POS-0005","INJECTED_POSITIVE","P06","CUST-001968","2026-07-22","2026-08-01","P06_UNIFORM_ROUND_AMOUNTS","Repeated identical round amount 250,000,000"
"P06-POS-0006","INJECTED_POSITIVE","P06","CUST-007262","2026-06-22","2026-07-02","P06_UNIFORM_ROUND_AMOUNTS","Repeated identical round amount 50,000,000"
"P06-POS-0007","INJECTED_POSITIVE","P06","BUS-00335","2026-09-09","2026-09-19","P06_UNIFORM_ROUND_AMOUNTS","Repeated identical round amount 100,000,000"
"P06-POS-0008","INJECTED_POSITIVE","P06","CUST-004488","2026-09-11","2026-09-21","P06_UNIFORM_ROUND_AMOUNTS","Repeated identical round amount 50,000,000"
"P06-POS-0009","INJECTED_POSITIVE","P06","CUST-000222","2026-09-16","2026-09-26","P06_UNIFORM_ROUND_AMOUNTS","Repeated identical round amount 100,000,000"
"P06-POS-0010","INJECTED_POSITIVE","P06","CUST-006988","2026-07-17","2026-07-27","P06_UNIFORM_ROUND_AMOUNTS","Repeated identical round amount 250,000,000"
"P06-POS-0011","INJECTED_POSITIVE","P06","CUST-005505","2026-07-30","2026-08-09","P06_UNIFORM_ROUND_AMOUNTS","Repeated identical round amount 250,000,000"
"P06-POS-0012","INJECTED_POSITIVE","P06","CUST-003962","2026-09-06","2026-09-16","P06_UNIFORM_ROUND_AMOUNTS","Repeated identical round amount 100,000,000"
"P06-POS-0013","INJECTED_POSITIVE","P06","BUS-00488","2026-09-03","2026-09-13","P06_UNIFORM_ROUND_AMOUNTS","Repeated identical round amount 100,000,000"
"P06-POS-0014","INJECTED_POSITIVE","P06","CUST-008467","2026-06-14","2026-06-24","P06_UNIFORM_ROUND_AMOUNTS","Repeated identical round amount 100,000,000"
"P06-POS-0015","INJECTED_POSITIVE","P06","CUST-005113","2026-07-01","2026-07-11","P06_UNIFORM_ROUND_AMOUNTS","Repeated identical round amount 250,000,000"
"P06-POS-0016","INJECTED_POSITIVE","P06","CUST-005150","2026-06-27","2026-07-07","P06_UNIFORM_ROUND_AMOUNTS","Repeated identical round amount 250,000,000"
"P06-POS-0017","INJECTED_POSITIVE","P06","CUST-003167","2026-06-30","2026-07-10","P06_UNIFORM_ROUND_AMOUNTS","Repeated identical round amount 100,000,000"
"P06-POS-0018","INJECTED_POSITIVE","P06","CUST-000449","2026-09-09","2026-09-19","P06_UNIFORM_ROUND_AMOUNTS","Repeated identical round amount 250,000,000"
"P06-POS-0019","INJECTED_POSITIVE","P06","CUST-007880","2026-07-06","2026-07-16","P06_UNIFORM_ROUND_AMOUNTS","Repeated identical round amount 50,000,000"
"P06-POS-0020","INJECTED_POSITIVE","P06","CUST-000294","2026-08-02","2026-08-12","P06_UNIFORM_ROUND_AMOUNTS","Repeated identical round amount 250,000,000"
"P06-POS-0021","INJECTED_POSITIVE","P06","CUST-000418","2026-06-08","2026-06-18","P06_UNIFORM_ROUND_AMOUNTS","Repeated identical round amount 100,000,000"
"P06-POS-0022","INJECTED_POSITIVE","P06","CUST-004457","2026-09-06","2026-09-16","P06_UNIFORM_ROUND_AMOUNTS","Repeated identical round amount 100,000,000"
"P06-POS-0023","INJECTED_POSITIVE","P06","CUST-008785","2026-08-06","2026-08-16","P06_UNIFORM_ROUND_AMOUNTS","Repeated identical round amount 100,000,000"
"P06-POS-0024","INJECTED_POSITIVE","P06","CUST-002907","2026-05-31","2026-06-10","P06_UNIFORM_ROUND_AMOUNTS","Repeated identical round amount 50,000,000"
"P06-POS-0025","INJECTED_POSITIVE","P06","CUST-006301","2026-06-21","2026-07-01","P06_UNIFORM_ROUND_AMOUNTS","Repeated identical round amount 100,000,000"
"P06-POS-0026","INJECTED_POSITIVE","P06","CUST-007177","2026-07-30","2026-08-09","P06_UNIFORM_ROUND_AMOUNTS","Repeated identical round amount 50,000,000"
"P06-POS-0027","INJECTED_POSITIVE","P06","CUST-006357","2026-06-21","2026-07-01","P06_UNIFORM_ROUND_AMOUNTS","Repeated identical round amount 250,000,000"
"P06-POS-0028","INJECTED_POSITIVE","P06","CUST-004450","2026-08-24","2026-09-03","P06_UNIFORM_ROUND_AMOUNTS","Repeated identical round amount 100,000,000"
"P06-POS-0029","INJECTED_POSITIVE","P06","CUST-000939","2026-07-01","2026-07-11","P06_UNIFORM_ROUND_AMOUNTS","Repeated identical round amount 50,000,000"
"P06-POS-0030","INJECTED_POSITIVE","P06","CUST-008395","2026-08-10","2026-08-20","P06_UNIFORM_ROUND_AMOUNTS","Repeated identical round amount 50,000,000"
"P06-POS-0031","INJECTED_POSITIVE","P06","CUST-003120","2026-07-15","2026-07-25","P06_UNIFORM_ROUND_AMOUNTS","Repeated identical round amount 100,000,000"
"P06-POS-0032","INJECTED_POSITIVE","P06","CUST-003629","2026-06-24","2026-07-04","P06_UNIFORM_ROUND_AMOUNTS","Repeated identical round amount 250,000,000"
"P06-POS-0033","INJECTED_POSITIVE","P06","CUST-000558","2026-06-16","2026-06-26","P06_UNIFORM_ROUND_AMOUNTS","Repeated identical round amount 50,000,000"
"P06-POS-0034","INJECTED_POSITIVE","P06","CUST-006479","2026-08-27","2026-09-06","P06_UNIFORM_ROUND_AMOUNTS","Repeated identical round amount 50,000,000"
"P06-POS-0035","INJECTED_POSITIVE","P06","CUST-000263","2026-06-30","2026-07-10","P06_UNIFORM_ROUND_AMOUNTS","Repeated identical round amount 50,000,000"
"P07-POS-0001","INJECTED_POSITIVE","P07","CUST-003198","2026-07-17","2026-08-21","P07_STEPPED_WEEKLY_VALUE_INCREASE","Weekly value stepping up by 2-3x"
"P07-POS-0002","INJECTED_POSITIVE","P07","CUST-003092","2026-07-25","2026-08-29","P07_STEPPED_WEEKLY_VALUE_INCREASE","Weekly value stepping up by 2-3x"
"P07-POS-0003","INJECTED_POSITIVE","P07","CUST-006704","2026-06-13","2026-07-18","P07_STEPPED_WEEKLY_VALUE_INCREASE","Weekly value stepping up by 2-3x"
"P07-POS-0004","INJECTED_POSITIVE","P07","BUS-00744","2026-07-29","2026-09-02","P07_STEPPED_WEEKLY_VALUE_INCREASE","Weekly value stepping up by 2-3x"
"P07-POS-0005","INJECTED_POSITIVE","P07","CUST-004033","2026-07-02","2026-08-06","P07_STEPPED_WEEKLY_VALUE_INCREASE","Weekly value stepping up by 2-3x"
"P07-POS-0006","INJECTED_POSITIVE","P07","CUST-001554","2026-06-23","2026-07-28","P07_STEPPED_WEEKLY_VALUE_INCREASE","Weekly value stepping up by 2-3x"
"P07-POS-0007","INJECTED_POSITIVE","P07","CUST-000754","2026-08-16","2026-09-20","P07_STEPPED_WEEKLY_VALUE_INCREASE","Weekly value stepping up by 2-3x"
"P07-POS-0008","INJECTED_POSITIVE","P07","CUST-001189","2026-07-01","2026-08-05","P07_STEPPED_WEEKLY_VALUE_INCREASE","Weekly value stepping up by 2-3x"
"P07-POS-0009","INJECTED_POSITIVE","P07","CUST-000222","2026-07-22","2026-08-26","P07_STEPPED_WEEKLY_VALUE_INCREASE","Weekly value stepping up by 2-3x"
"P07-POS-0010","INJECTED_POSITIVE","P07","CUST-002823","2026-08-11","2026-09-15","P07_STEPPED_WEEKLY_VALUE_INCREASE","Weekly value stepping up by 2-3x"
"P07-POS-0011","INJECTED_POSITIVE","P07","CUST-008851","2026-08-02","2026-09-06","P07_STEPPED_WEEKLY_VALUE_INCREASE","Weekly value stepping up by 2-3x"
"P07-POS-0012","INJECTED_POSITIVE","P07","CUST-004962","2026-08-18","2026-09-22","P07_STEPPED_WEEKLY_VALUE_INCREASE","Weekly value stepping up by 2-3x"
"P07-POS-0013","INJECTED_POSITIVE","P07","CUST-005516","2026-06-12","2026-07-17","P07_STEPPED_WEEKLY_VALUE_INCREASE","Weekly value stepping up by 2-3x"
"P07-POS-0014","INJECTED_POSITIVE","P07","CUST-003007","2026-07-25","2026-08-29","P07_STEPPED_WEEKLY_VALUE_INCREASE","Weekly value stepping up by 2-3x"
"P07-POS-0015","INJECTED_POSITIVE","P07","CUST-008321","2026-06-25","2026-07-30","P07_STEPPED_WEEKLY_VALUE_INCREASE","Weekly value stepping up by 2-3x"
"P07-POS-0016","INJECTED_POSITIVE","P07","CUST-001538","2026-08-04","2026-09-08","P07_STEPPED_WEEKLY_VALUE_INCREASE","Weekly value stepping up by 2-3x"
"P07-POS-0017","INJECTED_POSITIVE","P07","CUST-005410","2026-06-01","2026-07-06","P07_STEPPED_WEEKLY_VALUE_INCREASE","Weekly value stepping up by 2-3x"
"P07-POS-0018","INJECTED_POSITIVE","P07","CUST-003392","2026-07-18","2026-08-22","P07_STEPPED_WEEKLY_VALUE_INCREASE","Weekly value stepping up by 2-3x"
"P07-POS-0019","INJECTED_POSITIVE","P07","CUST-003219","2026-06-13","2026-07-18","P07_STEPPED_WEEKLY_VALUE_INCREASE","Weekly value stepping up by 2-3x"
"P07-POS-0020","INJECTED_POSITIVE","P07","CUST-003249","2026-08-14","2026-09-18","P07_STEPPED_WEEKLY_VALUE_INCREASE","Weekly value stepping up by 2-3x"
"P07-POS-0021","INJECTED_POSITIVE","P07","CUST-003234","2026-08-06","2026-09-10","P07_STEPPED_WEEKLY_VALUE_INCREASE","Weekly value stepping up by 2-3x"
"P07-POS-0022","INJECTED_POSITIVE","P07","BUS-00987","2026-07-11","2026-08-15","P07_STEPPED_WEEKLY_VALUE_INCREASE","Weekly value stepping up by 2-3x"
"P07-POS-0023","INJECTED_POSITIVE","P07","CUST-006539","2026-08-14","2026-09-18","P07_STEPPED_WEEKLY_VALUE_INCREASE","Weekly value stepping up by 2-3x"
"P07-POS-0024","INJECTED_POSITIVE","P07","BUS-01072","2026-06-06","2026-07-11","P07_STEPPED_WEEKLY_VALUE_INCREASE","Weekly value stepping up by 2-3x"
"P07-POS-0025","INJECTED_POSITIVE","P07","BUS-00796","2026-08-08","2026-09-12","P07_STEPPED_WEEKLY_VALUE_INCREASE","Weekly value stepping up by 2-3x"
"P07-POS-0026","INJECTED_POSITIVE","P07","CUST-000510","2026-08-18","2026-09-22","P07_STEPPED_WEEKLY_VALUE_INCREASE","Weekly value stepping up by 2-3x"
"P07-POS-0027","INJECTED_POSITIVE","P07","CUST-005880","2026-08-22","2026-09-26","P07_STEPPED_WEEKLY_VALUE_INCREASE","Weekly value stepping up by 2-3x"
"P07-POS-0028","INJECTED_POSITIVE","P07","CUST-008925","2026-06-24","2026-07-29","P07_STEPPED_WEEKLY_VALUE_INCREASE","Weekly value stepping up by 2-3x"
"P07-POS-0029","INJECTED_POSITIVE","P07","CUST-008757","2026-08-02","2026-09-06","P07_STEPPED_WEEKLY_VALUE_INCREASE","Weekly value stepping up by 2-3x"
"P07-POS-0030","INJECTED_POSITIVE","P07","CUST-003823","2026-07-06","2026-08-10","P07_STEPPED_WEEKLY_VALUE_INCREASE","Weekly value stepping up by 2-3x"
"P07-POS-0031","INJECTED_POSITIVE","P07","CUST-004804","2026-08-06","2026-09-10","P07_STEPPED_WEEKLY_VALUE_INCREASE","Weekly value stepping up by 2-3x"
"P07-POS-0032","INJECTED_POSITIVE","P07","BUS-00983","2026-08-24","2026-09-28","P07_STEPPED_WEEKLY_VALUE_INCREASE","Weekly value stepping up by 2-3x"
"P07-POS-0033","INJECTED_POSITIVE","P07","CUST-004368","2026-08-15","2026-09-19","P07_STEPPED_WEEKLY_VALUE_INCREASE","Weekly value stepping up by 2-3x"
"P07-POS-0034","INJECTED_POSITIVE","P07","BUS-00433","2026-07-11","2026-08-15","P07_STEPPED_WEEKLY_VALUE_INCREASE","Weekly value stepping up by 2-3x"
"P07-POS-0035","INJECTED_POSITIVE","P07","CUST-003532","2026-06-03","2026-07-08","P07_STEPPED_WEEKLY_VALUE_INCREASE","Weekly value stepping up by 2-3x"
"P07-POS-0036","INJECTED_POSITIVE","P07","CUST-004296","2026-07-15","2026-08-19","P07_STEPPED_WEEKLY_VALUE_INCREASE","Weekly value stepping up by 2-3x"
"P07-POS-0037","INJECTED_POSITIVE","P07","CUST-004055","2026-06-25","2026-07-30","P07_STEPPED_WEEKLY_VALUE_INCREASE","Weekly value stepping up by 2-3x"
"P07-POS-0038","INJECTED_POSITIVE","P07","CUST-007972","2026-08-01","2026-09-05","P07_STEPPED_WEEKLY_VALUE_INCREASE","Weekly value stepping up by 2-3x"
"P07-POS-0039","INJECTED_POSITIVE","P07","CUST-000492","2026-05-31","2026-07-05","P07_STEPPED_WEEKLY_VALUE_INCREASE","Weekly value stepping up by 2-3x"
"P07-POS-0040","INJECTED_POSITIVE","P07","BUS-00693","2026-08-05","2026-09-09","P07_STEPPED_WEEKLY_VALUE_INCREASE","Weekly value stepping up by 2-3x"
"P08-POS-0001","INJECTED_POSITIVE","P08","CUST-006635","2026-07-17","2026-08-06","P08_CONCENTRATED_HIGH-RISK_GEOGRAPHY_EXPOSURE","Exposure concentrated on listed geography SC"
"P08-POS-0002","INJECTED_POSITIVE","P08","CUST-002733","2026-06-06","2026-06-26","P08_CONCENTRATED_HIGH-RISK_GEOGRAPHY_EXPOSURE","Exposure concentrated on listed geography KY"
"P08-POS-0003","INJECTED_POSITIVE","P08","BUS-01172","2026-07-28","2026-08-17","P08_CONCENTRATED_HIGH-RISK_GEOGRAPHY_EXPOSURE","Exposure concentrated on listed geography SC"
"P08-POS-0004","INJECTED_POSITIVE","P08","CUST-003256","2026-07-12","2026-08-01","P08_CONCENTRATED_HIGH-RISK_GEOGRAPHY_EXPOSURE","Exposure concentrated on listed geography PA"
"P08-POS-0005","INJECTED_POSITIVE","P08","CUST-000856","2026-07-12","2026-08-01","P08_CONCENTRATED_HIGH-RISK_GEOGRAPHY_EXPOSURE","Exposure concentrated on listed geography BZ"
"P08-POS-0006","INJECTED_POSITIVE","P08","BUS-00533","2026-08-20","2026-09-09","P08_CONCENTRATED_HIGH-RISK_GEOGRAPHY_EXPOSURE","Exposure concentrated on listed geography VU"
"P08-POS-0007","INJECTED_POSITIVE","P08","CUST-005586","2026-07-09","2026-07-29","P08_CONCENTRATED_HIGH-RISK_GEOGRAPHY_EXPOSURE","Exposure concentrated on listed geography SC"
"P08-POS-0008","INJECTED_POSITIVE","P08","CUST-001481","2026-08-30","2026-09-19","P08_CONCENTRATED_HIGH-RISK_GEOGRAPHY_EXPOSURE","Exposure concentrated on listed geography SC"
"P08-POS-0009","INJECTED_POSITIVE","P08","CUST-005464","2026-08-01","2026-08-21","P08_CONCENTRATED_HIGH-RISK_GEOGRAPHY_EXPOSURE","Exposure concentrated on listed geography VU"
"P08-POS-0010","INJECTED_POSITIVE","P08","CUST-001496","2026-09-07","2026-09-27","P08_CONCENTRATED_HIGH-RISK_GEOGRAPHY_EXPOSURE","Exposure concentrated on listed geography BZ"
"P08-POS-0011","INJECTED_POSITIVE","P08","BUS-00643","2026-08-16","2026-09-05","P08_CONCENTRATED_HIGH-RISK_GEOGRAPHY_EXPOSURE","Exposure concentrated on listed geography SC"
"P08-POS-0012","INJECTED_POSITIVE","P08","CUST-001682","2026-07-27","2026-08-16","P08_CONCENTRATED_HIGH-RISK_GEOGRAPHY_EXPOSURE","Exposure concentrated on listed geography SC"
"P08-POS-0013","INJECTED_POSITIVE","P08","CUST-004454","2026-08-21","2026-09-10","P08_CONCENTRATED_HIGH-RISK_GEOGRAPHY_EXPOSURE","Exposure concentrated on listed geography KY"
"P08-POS-0014","INJECTED_POSITIVE","P08","CUST-003366","2026-06-05","2026-06-25","P08_CONCENTRATED_HIGH-RISK_GEOGRAPHY_EXPOSURE","Exposure concentrated on listed geography KY"
"P08-POS-0015","INJECTED_POSITIVE","P08","CUST-006277","2026-06-14","2026-07-04","P08_CONCENTRATED_HIGH-RISK_GEOGRAPHY_EXPOSURE","Exposure concentrated on listed geography SC"
"P08-POS-0016","INJECTED_POSITIVE","P08","BUS-00104","2026-06-07","2026-06-27","P08_CONCENTRATED_HIGH-RISK_GEOGRAPHY_EXPOSURE","Exposure concentrated on listed geography KY"
"P08-POS-0017","INJECTED_POSITIVE","P08","CUST-008111","2026-08-18","2026-09-07","P08_CONCENTRATED_HIGH-RISK_GEOGRAPHY_EXPOSURE","Exposure concentrated on listed geography SC"
"P08-POS-0018","INJECTED_POSITIVE","P08","CUST-001896","2026-06-02","2026-06-22","P08_CONCENTRATED_HIGH-RISK_GEOGRAPHY_EXPOSURE","Exposure concentrated on listed geography PA"
"P08-POS-0019","INJECTED_POSITIVE","P08","CUST-007663","2026-07-03","2026-07-23","P08_CONCENTRATED_HIGH-RISK_GEOGRAPHY_EXPOSURE","Exposure concentrated on listed geography KY"
"P08-POS-0020","INJECTED_POSITIVE","P08","CUST-008690","2026-09-04","2026-09-24","P08_CONCENTRATED_HIGH-RISK_GEOGRAPHY_EXPOSURE","Exposure concentrated on listed geography BZ"
"P08-POS-0021","INJECTED_POSITIVE","P08","BUS-00315","2026-08-24","2026-09-13","P08_CONCENTRATED_HIGH-RISK_GEOGRAPHY_EXPOSURE","Exposure concentrated on listed geography KY"
"P08-POS-0022","INJECTED_POSITIVE","P08","CUST-002683","2026-06-09","2026-06-29","P08_CONCENTRATED_HIGH-RISK_GEOGRAPHY_EXPOSURE","Exposure concentrated on listed geography BZ"
"P08-POS-0023","INJECTED_POSITIVE","P08","CUST-005287","2026-06-19","2026-07-09","P08_CONCENTRATED_HIGH-RISK_GEOGRAPHY_EXPOSURE","Exposure concentrated on listed geography VU"
"P08-POS-0024","INJECTED_POSITIVE","P08","CUST-003868","2026-06-17","2026-07-07","P08_CONCENTRATED_HIGH-RISK_GEOGRAPHY_EXPOSURE","Exposure concentrated on listed geography SC"
"P08-POS-0025","INJECTED_POSITIVE","P08","CUST-007048","2026-06-13","2026-07-03","P08_CONCENTRATED_HIGH-RISK_GEOGRAPHY_EXPOSURE","Exposure concentrated on listed geography VU"
"P08-POS-0026","INJECTED_POSITIVE","P08","CUST-000875","2026-08-12","2026-09-01","P08_CONCENTRATED_HIGH-RISK_GEOGRAPHY_EXPOSURE","Exposure concentrated on listed geography KY"
"P08-POS-0027","INJECTED_POSITIVE","P08","CUST-008649","2026-07-05","2026-07-25","P08_CONCENTRATED_HIGH-RISK_GEOGRAPHY_EXPOSURE","Exposure concentrated on listed geography KY"
"P08-POS-0028","INJECTED_POSITIVE","P08","CUST-002535","2026-08-15","2026-09-04","P08_CONCENTRATED_HIGH-RISK_GEOGRAPHY_EXPOSURE","Exposure concentrated on listed geography VU"
"P08-POS-0029","INJECTED_POSITIVE","P08","CUST-007299","2026-07-03","2026-07-23","P08_CONCENTRATED_HIGH-RISK_GEOGRAPHY_EXPOSURE","Exposure concentrated on listed geography VU"
"P08-POS-0030","INJECTED_POSITIVE","P08","CUST-005696","2026-07-22","2026-08-11","P08_CONCENTRATED_HIGH-RISK_GEOGRAPHY_EXPOSURE","Exposure concentrated on listed geography SC"
"P08-POS-0031","INJECTED_POSITIVE","P08","CUST-008144","2026-09-08","2026-09-28","P08_CONCENTRATED_HIGH-RISK_GEOGRAPHY_EXPOSURE","Exposure concentrated on listed geography BZ"
"P08-POS-0032","INJECTED_POSITIVE","P08","CUST-007866","2026-08-13","2026-09-02","P08_CONCENTRATED_HIGH-RISK_GEOGRAPHY_EXPOSURE","Exposure concentrated on listed geography PA"
"P08-POS-0033","INJECTED_POSITIVE","P08","CUST-008755","2026-06-24","2026-07-14","P08_CONCENTRATED_HIGH-RISK_GEOGRAPHY_EXPOSURE","Exposure concentrated on listed geography VU"
"P08-POS-0034","INJECTED_POSITIVE","P08","CUST-001488","2026-08-04","2026-08-24","P08_CONCENTRATED_HIGH-RISK_GEOGRAPHY_EXPOSURE","Exposure concentrated on listed geography KY"
"P08-POS-0035","INJECTED_POSITIVE","P08","CUST-001293","2026-06-25","2026-07-15","P08_CONCENTRATED_HIGH-RISK_GEOGRAPHY_EXPOSURE","Exposure concentrated on listed geography VU"
"P08-POS-0036","INJECTED_POSITIVE","P08","CUST-001514","2026-06-26","2026-07-16","P08_CONCENTRATED_HIGH-RISK_GEOGRAPHY_EXPOSURE","Exposure concentrated on listed geography PA"
"P08-POS-0037","INJECTED_POSITIVE","P08","CUST-007678","2026-08-13","2026-09-02","P08_CONCENTRATED_HIGH-RISK_GEOGRAPHY_EXPOSURE","Exposure concentrated on listed geography PA"
"P08-POS-0038","INJECTED_POSITIVE","P08","CUST-003645","2026-09-05","2026-09-25","P08_CONCENTRATED_HIGH-RISK_GEOGRAPHY_EXPOSURE","Exposure concentrated on listed geography VU"
"P08-POS-0039","INJECTED_POSITIVE","P08","CUST-006739","2026-06-04","2026-06-24","P08_CONCENTRATED_HIGH-RISK_GEOGRAPHY_EXPOSURE","Exposure concentrated on listed geography PA"
"P08-POS-0040","INJECTED_POSITIVE","P08","CUST-002754","2026-07-08","2026-07-28","P08_CONCENTRATED_HIGH-RISK_GEOGRAPHY_EXPOSURE","Exposure concentrated on listed geography PA"
"P08-POS-0041","INJECTED_POSITIVE","P08","BUS-00289","2026-07-30","2026-08-19","P08_CONCENTRATED_HIGH-RISK_GEOGRAPHY_EXPOSURE","Exposure concentrated on listed geography SC"
"P08-POS-0042","INJECTED_POSITIVE","P08","CUST-001619","2026-09-04","2026-09-24","P08_CONCENTRATED_HIGH-RISK_GEOGRAPHY_EXPOSURE","Exposure concentrated on listed geography VU"
"P08-POS-0043","INJECTED_POSITIVE","P08","CUST-005253","2026-08-01","2026-08-21","P08_CONCENTRATED_HIGH-RISK_GEOGRAPHY_EXPOSURE","Exposure concentrated on listed geography VU"
"P08-POS-0044","INJECTED_POSITIVE","P08","CUST-004653","2026-08-05","2026-08-25","P08_CONCENTRATED_HIGH-RISK_GEOGRAPHY_EXPOSURE","Exposure concentrated on listed geography SC"
"P08-POS-0045","INJECTED_POSITIVE","P08","CUST-000759","2026-09-01","2026-09-21","P08_CONCENTRATED_HIGH-RISK_GEOGRAPHY_EXPOSURE","Exposure concentrated on listed geography KY"
"P09-POS-0001","INJECTED_POSITIVE","P09","CUST-004560","2026-07-25","2026-08-08","P09_DEVICE_SHARED_BY_UNRELATED_ENTITIES","Device DEV-006417 shared by 6 unrelated entities"
"P09-POS-0001","INJECTED_POSITIVE","P09","CUST-008052","2026-07-25","2026-08-08","P09_DEVICE_SHARED_BY_UNRELATED_ENTITIES","Device DEV-006417 shared by 6 unrelated entities"
"P09-POS-0001","INJECTED_POSITIVE","P09","BUS-01076","2026-07-25","2026-08-08","P09_DEVICE_SHARED_BY_UNRELATED_ENTITIES","Device DEV-006417 shared by 6 unrelated entities"
"P09-POS-0001","INJECTED_POSITIVE","P09","CUST-000508","2026-07-25","2026-08-08","P09_DEVICE_SHARED_BY_UNRELATED_ENTITIES","Device DEV-006417 shared by 6 unrelated entities"
"P09-POS-0001","INJECTED_POSITIVE","P09","CUST-003665","2026-07-25","2026-08-08","P09_DEVICE_SHARED_BY_UNRELATED_ENTITIES","Device DEV-006417 shared by 6 unrelated entities"
"P09-POS-0001","INJECTED_POSITIVE","P09","CUST-002581","2026-07-25","2026-08-08","P09_DEVICE_SHARED_BY_UNRELATED_ENTITIES","Device DEV-006417 shared by 6 unrelated entities"
"P09-POS-0002","INJECTED_POSITIVE","P09","CUST-004125","2026-06-24","2026-07-08","P09_DEVICE_SHARED_BY_UNRELATED_ENTITIES","Device DEV-004412 shared by 7 unrelated entities"
"P09-POS-0002","INJECTED_POSITIVE","P09","CUST-002386","2026-06-24","2026-07-08","P09_DEVICE_SHARED_BY_UNRELATED_ENTITIES","Device DEV-004412 shared by 7 unrelated entities"
"P09-POS-0002","INJECTED_POSITIVE","P09","CUST-006175","2026-06-24","2026-07-08","P09_DEVICE_SHARED_BY_UNRELATED_ENTITIES","Device DEV-004412 shared by 7 unrelated entities"
"P09-POS-0002","INJECTED_POSITIVE","P09","CUST-001219","2026-06-24","2026-07-08","P09_DEVICE_SHARED_BY_UNRELATED_ENTITIES","Device DEV-004412 shared by 7 unrelated entities"
"P09-POS-0002","INJECTED_POSITIVE","P09","CUST-006347","2026-06-24","2026-07-08","P09_DEVICE_SHARED_BY_UNRELATED_ENTITIES","Device DEV-004412 shared by 7 unrelated entities"
"P09-POS-0002","INJECTED_POSITIVE","P09","CUST-006899","2026-06-24","2026-07-08","P09_DEVICE_SHARED_BY_UNRELATED_ENTITIES","Device DEV-004412 shared by 7 unrelated entities"
"P09-POS-0002","INJECTED_POSITIVE","P09","CUST-003640","2026-06-24","2026-07-08","P09_DEVICE_SHARED_BY_UNRELATED_ENTITIES","Device DEV-004412 shared by 7 unrelated entities"
"P09-POS-0003","INJECTED_POSITIVE","P09","CUST-004617","2026-07-05","2026-07-19","P09_DEVICE_SHARED_BY_UNRELATED_ENTITIES","Device DEV-008085 shared by 6 unrelated entities"
"P09-POS-0003","INJECTED_POSITIVE","P09","CUST-006750","2026-07-05","2026-07-19","P09_DEVICE_SHARED_BY_UNRELATED_ENTITIES","Device DEV-008085 shared by 6 unrelated entities"
"P09-POS-0003","INJECTED_POSITIVE","P09","CUST-006128","2026-07-05","2026-07-19","P09_DEVICE_SHARED_BY_UNRELATED_ENTITIES","Device DEV-008085 shared by 6 unrelated entities"
"P09-POS-0003","INJECTED_POSITIVE","P09","CUST-003758","2026-07-05","2026-07-19","P09_DEVICE_SHARED_BY_UNRELATED_ENTITIES","Device DEV-008085 shared by 6 unrelated entities"
"P09-POS-0003","INJECTED_POSITIVE","P09","CUST-007722","2026-07-05","2026-07-19","P09_DEVICE_SHARED_BY_UNRELATED_ENTITIES","Device DEV-008085 shared by 6 unrelated entities"
"P09-POS-0003","INJECTED_POSITIVE","P09","CUST-002988","2026-07-05","2026-07-19","P09_DEVICE_SHARED_BY_UNRELATED_ENTITIES","Device DEV-008085 shared by 6 unrelated entities"
"P09-POS-0004","INJECTED_POSITIVE","P09","CUST-003374","2026-08-29","2026-09-12","P09_DEVICE_SHARED_BY_UNRELATED_ENTITIES","Device DEV-002119 shared by 5 unrelated entities"
"P09-POS-0004","INJECTED_POSITIVE","P09","CUST-001492","2026-08-29","2026-09-12","P09_DEVICE_SHARED_BY_UNRELATED_ENTITIES","Device DEV-002119 shared by 5 unrelated entities"
"P09-POS-0004","INJECTED_POSITIVE","P09","CUST-008981","2026-08-29","2026-09-12","P09_DEVICE_SHARED_BY_UNRELATED_ENTITIES","Device DEV-002119 shared by 5 unrelated entities"
"P09-POS-0004","INJECTED_POSITIVE","P09","CUST-002454","2026-08-29","2026-09-12","P09_DEVICE_SHARED_BY_UNRELATED_ENTITIES","Device DEV-002119 shared by 5 unrelated entities"
"P09-POS-0004","INJECTED_POSITIVE","P09","CUST-004780","2026-08-29","2026-09-12","P09_DEVICE_SHARED_BY_UNRELATED_ENTITIES","Device DEV-002119 shared by 5 unrelated entities"
"P09-POS-0005","INJECTED_POSITIVE","P09","CUST-004585","2026-07-23","2026-08-06","P09_DEVICE_SHARED_BY_UNRELATED_ENTITIES","Device DEV-000069 shared by 6 unrelated entities"
"P09-POS-0005","INJECTED_POSITIVE","P09","CUST-002695","2026-07-23","2026-08-06","P09_DEVICE_SHARED_BY_UNRELATED_ENTITIES","Device DEV-000069 shared by 6 unrelated entities"
"P09-POS-0005","INJECTED_POSITIVE","P09","CUST-007767","2026-07-23","2026-08-06","P09_DEVICE_SHARED_BY_UNRELATED_ENTITIES","Device DEV-000069 shared by 6 unrelated entities"
"P09-POS-0005","INJECTED_POSITIVE","P09","CUST-001146","2026-07-23","2026-08-06","P09_DEVICE_SHARED_BY_UNRELATED_ENTITIES","Device DEV-000069 shared by 6 unrelated entities"
"P09-POS-0005","INJECTED_POSITIVE","P09","CUST-004700","2026-07-23","2026-08-06","P09_DEVICE_SHARED_BY_UNRELATED_ENTITIES","Device DEV-000069 shared by 6 unrelated entities"
"P09-POS-0005","INJECTED_POSITIVE","P09","BUS-00892","2026-07-23","2026-08-06","P09_DEVICE_SHARED_BY_UNRELATED_ENTITIES","Device DEV-000069 shared by 6 unrelated entities"
"P09-POS-0006","INJECTED_POSITIVE","P09","CUST-003649","2026-09-03","2026-09-17","P09_DEVICE_SHARED_BY_UNRELATED_ENTITIES","Device DEV-000136 shared by 4 unrelated entities"
"P09-POS-0006","INJECTED_POSITIVE","P09","CUST-004291","2026-09-03","2026-09-17","P09_DEVICE_SHARED_BY_UNRELATED_ENTITIES","Device DEV-000136 shared by 4 unrelated entities"
"P09-POS-0006","INJECTED_POSITIVE","P09","CUST-003511","2026-09-03","2026-09-17","P09_DEVICE_SHARED_BY_UNRELATED_ENTITIES","Device DEV-000136 shared by 4 unrelated entities"
"P09-POS-0006","INJECTED_POSITIVE","P09","CUST-003529","2026-09-03","2026-09-17","P09_DEVICE_SHARED_BY_UNRELATED_ENTITIES","Device DEV-000136 shared by 4 unrelated entities"
"P09-POS-0007","INJECTED_POSITIVE","P09","CUST-003707","2026-07-27","2026-08-10","P09_DEVICE_SHARED_BY_UNRELATED_ENTITIES","Device DEV-001290 shared by 4 unrelated entities"
"P09-POS-0007","INJECTED_POSITIVE","P09","CUST-005437","2026-07-27","2026-08-10","P09_DEVICE_SHARED_BY_UNRELATED_ENTITIES","Device DEV-001290 shared by 4 unrelated entities"
"P09-POS-0007","INJECTED_POSITIVE","P09","CUST-007866","2026-07-27","2026-08-10","P09_DEVICE_SHARED_BY_UNRELATED_ENTITIES","Device DEV-001290 shared by 4 unrelated entities"
"P09-POS-0007","INJECTED_POSITIVE","P09","CUST-007430","2026-07-27","2026-08-10","P09_DEVICE_SHARED_BY_UNRELATED_ENTITIES","Device DEV-001290 shared by 4 unrelated entities"
"P09-POS-0008","INJECTED_POSITIVE","P09","CUST-005356","2026-06-09","2026-06-23","P09_DEVICE_SHARED_BY_UNRELATED_ENTITIES","Device DEV-004026 shared by 5 unrelated entities"
"P09-POS-0008","INJECTED_POSITIVE","P09","BUS-01023","2026-06-09","2026-06-23","P09_DEVICE_SHARED_BY_UNRELATED_ENTITIES","Device DEV-004026 shared by 5 unrelated entities"
"P09-POS-0008","INJECTED_POSITIVE","P09","CUST-004299","2026-06-09","2026-06-23","P09_DEVICE_SHARED_BY_UNRELATED_ENTITIES","Device DEV-004026 shared by 5 unrelated entities"
"P09-POS-0008","INJECTED_POSITIVE","P09","CUST-008566","2026-06-09","2026-06-23","P09_DEVICE_SHARED_BY_UNRELATED_ENTITIES","Device DEV-004026 shared by 5 unrelated entities"
"P09-POS-0008","INJECTED_POSITIVE","P09","CUST-003568","2026-06-09","2026-06-23","P09_DEVICE_SHARED_BY_UNRELATED_ENTITIES","Device DEV-004026 shared by 5 unrelated entities"
"P09-POS-0009","INJECTED_POSITIVE","P09","CUST-007345","2026-08-15","2026-08-29","P09_DEVICE_SHARED_BY_UNRELATED_ENTITIES","Device DEV-002227 shared by 6 unrelated entities"
"P09-POS-0009","INJECTED_POSITIVE","P09","CUST-005870","2026-08-15","2026-08-29","P09_DEVICE_SHARED_BY_UNRELATED_ENTITIES","Device DEV-002227 shared by 6 unrelated entities"
"P09-POS-0009","INJECTED_POSITIVE","P09","CUST-000519","2026-08-15","2026-08-29","P09_DEVICE_SHARED_BY_UNRELATED_ENTITIES","Device DEV-002227 shared by 6 unrelated entities"
"P09-POS-0009","INJECTED_POSITIVE","P09","CUST-005769","2026-08-15","2026-08-29","P09_DEVICE_SHARED_BY_UNRELATED_ENTITIES","Device DEV-002227 shared by 6 unrelated entities"
"P09-POS-0009","INJECTED_POSITIVE","P09","BUS-00460","2026-08-15","2026-08-29","P09_DEVICE_SHARED_BY_UNRELATED_ENTITIES","Device DEV-002227 shared by 6 unrelated entities"
"P09-POS-0009","INJECTED_POSITIVE","P09","CUST-008767","2026-08-15","2026-08-29","P09_DEVICE_SHARED_BY_UNRELATED_ENTITIES","Device DEV-002227 shared by 6 unrelated entities"
"P09-POS-0010","INJECTED_POSITIVE","P09","CUST-005827","2026-06-01","2026-06-15","P09_DEVICE_SHARED_BY_UNRELATED_ENTITIES","Device DEV-006166 shared by 5 unrelated entities"
"P09-POS-0010","INJECTED_POSITIVE","P09","CUST-006473","2026-06-01","2026-06-15","P09_DEVICE_SHARED_BY_UNRELATED_ENTITIES","Device DEV-006166 shared by 5 unrelated entities"
"P09-POS-0010","INJECTED_POSITIVE","P09","CUST-008864","2026-06-01","2026-06-15","P09_DEVICE_SHARED_BY_UNRELATED_ENTITIES","Device DEV-006166 shared by 5 unrelated entities"
"P09-POS-0010","INJECTED_POSITIVE","P09","CUST-005059","2026-06-01","2026-06-15","P09_DEVICE_SHARED_BY_UNRELATED_ENTITIES","Device DEV-006166 shared by 5 unrelated entities"
"P09-POS-0010","INJECTED_POSITIVE","P09","CUST-002100","2026-06-01","2026-06-15","P09_DEVICE_SHARED_BY_UNRELATED_ENTITIES","Device DEV-006166 shared by 5 unrelated entities"
"P09-POS-0011","INJECTED_POSITIVE","P09","CUST-008334","2026-07-27","2026-08-10","P09_DEVICE_SHARED_BY_UNRELATED_ENTITIES","Device DEV-001979 shared by 5 unrelated entities"
"P09-POS-0011","INJECTED_POSITIVE","P09","CUST-003418","2026-07-27","2026-08-10","P09_DEVICE_SHARED_BY_UNRELATED_ENTITIES","Device DEV-001979 shared by 5 unrelated entities"
"P09-POS-0011","INJECTED_POSITIVE","P09","CUST-000325","2026-07-27","2026-08-10","P09_DEVICE_SHARED_BY_UNRELATED_ENTITIES","Device DEV-001979 shared by 5 unrelated entities"
"P09-POS-0011","INJECTED_POSITIVE","P09","CUST-003443","2026-07-27","2026-08-10","P09_DEVICE_SHARED_BY_UNRELATED_ENTITIES","Device DEV-001979 shared by 5 unrelated entities"
"P09-POS-0011","INJECTED_POSITIVE","P09","CUST-003307","2026-07-27","2026-08-10","P09_DEVICE_SHARED_BY_UNRELATED_ENTITIES","Device DEV-001979 shared by 5 unrelated entities"
"P09-POS-0012","INJECTED_POSITIVE","P09","CUST-006176","2026-09-04","2026-09-18","P09_DEVICE_SHARED_BY_UNRELATED_ENTITIES","Device DEV-002391 shared by 5 unrelated entities"
"P09-POS-0012","INJECTED_POSITIVE","P09","CUST-003758","2026-09-04","2026-09-18","P09_DEVICE_SHARED_BY_UNRELATED_ENTITIES","Device DEV-002391 shared by 5 unrelated entities"
"P09-POS-0012","INJECTED_POSITIVE","P09","CUST-006228","2026-09-04","2026-09-18","P09_DEVICE_SHARED_BY_UNRELATED_ENTITIES","Device DEV-002391 shared by 5 unrelated entities"
"P09-POS-0012","INJECTED_POSITIVE","P09","CUST-006129","2026-09-04","2026-09-18","P09_DEVICE_SHARED_BY_UNRELATED_ENTITIES","Device DEV-002391 shared by 5 unrelated entities"
"P09-POS-0012","INJECTED_POSITIVE","P09","CUST-003882","2026-09-04","2026-09-18","P09_DEVICE_SHARED_BY_UNRELATED_ENTITIES","Device DEV-002391 shared by 5 unrelated entities"
"P09-POS-0013","INJECTED_POSITIVE","P09","CUST-003357","2026-07-24","2026-08-07","P09_DEVICE_SHARED_BY_UNRELATED_ENTITIES","Device DEV-003455 shared by 4 unrelated entities"
"P09-POS-0013","INJECTED_POSITIVE","P09","CUST-001072","2026-07-24","2026-08-07","P09_DEVICE_SHARED_BY_UNRELATED_ENTITIES","Device DEV-003455 shared by 4 unrelated entities"
"P09-POS-0013","INJECTED_POSITIVE","P09","BUS-00171","2026-07-24","2026-08-07","P09_DEVICE_SHARED_BY_UNRELATED_ENTITIES","Device DEV-003455 shared by 4 unrelated entities"
"P09-POS-0013","INJECTED_POSITIVE","P09","CUST-005132","2026-07-24","2026-08-07","P09_DEVICE_SHARED_BY_UNRELATED_ENTITIES","Device DEV-003455 shared by 4 unrelated entities"
"P09-POS-0014","INJECTED_POSITIVE","P09","CUST-003216","2026-06-12","2026-06-26","P09_DEVICE_SHARED_BY_UNRELATED_ENTITIES","Device DEV-003422 shared by 6 unrelated entities"
"P09-POS-0014","INJECTED_POSITIVE","P09","BUS-00079","2026-06-12","2026-06-26","P09_DEVICE_SHARED_BY_UNRELATED_ENTITIES","Device DEV-003422 shared by 6 unrelated entities"
"P09-POS-0014","INJECTED_POSITIVE","P09","CUST-002349","2026-06-12","2026-06-26","P09_DEVICE_SHARED_BY_UNRELATED_ENTITIES","Device DEV-003422 shared by 6 unrelated entities"
"P09-POS-0014","INJECTED_POSITIVE","P09","CUST-008432","2026-06-12","2026-06-26","P09_DEVICE_SHARED_BY_UNRELATED_ENTITIES","Device DEV-003422 shared by 6 unrelated entities"
"P09-POS-0014","INJECTED_POSITIVE","P09","CUST-008196","2026-06-12","2026-06-26","P09_DEVICE_SHARED_BY_UNRELATED_ENTITIES","Device DEV-003422 shared by 6 unrelated entities"
"P09-POS-0014","INJECTED_POSITIVE","P09","BUS-00704","2026-06-12","2026-06-26","P09_DEVICE_SHARED_BY_UNRELATED_ENTITIES","Device DEV-003422 shared by 6 unrelated entities"
"P09-POS-0015","INJECTED_POSITIVE","P09","CUST-001539","2026-05-31","2026-06-14","P09_DEVICE_SHARED_BY_UNRELATED_ENTITIES","Device DEV-002878 shared by 5 unrelated entities"
"P09-POS-0015","INJECTED_POSITIVE","P09","CUST-006877","2026-05-31","2026-06-14","P09_DEVICE_SHARED_BY_UNRELATED_ENTITIES","Device DEV-002878 shared by 5 unrelated entities"
"P09-POS-0015","INJECTED_POSITIVE","P09","CUST-000453","2026-05-31","2026-06-14","P09_DEVICE_SHARED_BY_UNRELATED_ENTITIES","Device DEV-002878 shared by 5 unrelated entities"
"P09-POS-0015","INJECTED_POSITIVE","P09","CUST-004712","2026-05-31","2026-06-14","P09_DEVICE_SHARED_BY_UNRELATED_ENTITIES","Device DEV-002878 shared by 5 unrelated entities"
"P09-POS-0015","INJECTED_POSITIVE","P09","CUST-005938","2026-05-31","2026-06-14","P09_DEVICE_SHARED_BY_UNRELATED_ENTITIES","Device DEV-002878 shared by 5 unrelated entities"
"P09-POS-0016","INJECTED_POSITIVE","P09","CUST-006478","2026-08-31","2026-09-14","P09_DEVICE_SHARED_BY_UNRELATED_ENTITIES","Device DEV-003023 shared by 7 unrelated entities"
"P09-POS-0016","INJECTED_POSITIVE","P09","CUST-004327","2026-08-31","2026-09-14","P09_DEVICE_SHARED_BY_UNRELATED_ENTITIES","Device DEV-003023 shared by 7 unrelated entities"
"P09-POS-0016","INJECTED_POSITIVE","P09","BUS-01086","2026-08-31","2026-09-14","P09_DEVICE_SHARED_BY_UNRELATED_ENTITIES","Device DEV-003023 shared by 7 unrelated entities"
"P09-POS-0016","INJECTED_POSITIVE","P09","CUST-001382","2026-08-31","2026-09-14","P09_DEVICE_SHARED_BY_UNRELATED_ENTITIES","Device DEV-003023 shared by 7 unrelated entities"
"P09-POS-0016","INJECTED_POSITIVE","P09","CUST-005332","2026-08-31","2026-09-14","P09_DEVICE_SHARED_BY_UNRELATED_ENTITIES","Device DEV-003023 shared by 7 unrelated entities"
"P09-POS-0016","INJECTED_POSITIVE","P09","CUST-004000","2026-08-31","2026-09-14","P09_DEVICE_SHARED_BY_UNRELATED_ENTITIES","Device DEV-003023 shared by 7 unrelated entities"
"P09-POS-0016","INJECTED_POSITIVE","P09","CUST-008321","2026-08-31","2026-09-14","P09_DEVICE_SHARED_BY_UNRELATED_ENTITIES","Device DEV-003023 shared by 7 unrelated entities"
"P09-POS-0017","INJECTED_POSITIVE","P09","CUST-007418","2026-06-29","2026-07-13","P09_DEVICE_SHARED_BY_UNRELATED_ENTITIES","Device DEV-002927 shared by 6 unrelated entities"
"P09-POS-0017","INJECTED_POSITIVE","P09","CUST-000447","2026-06-29","2026-07-13","P09_DEVICE_SHARED_BY_UNRELATED_ENTITIES","Device DEV-002927 shared by 6 unrelated entities"
"P09-POS-0017","INJECTED_POSITIVE","P09","CUST-002755","2026-06-29","2026-07-13","P09_DEVICE_SHARED_BY_UNRELATED_ENTITIES","Device DEV-002927 shared by 6 unrelated entities"
"P09-POS-0017","INJECTED_POSITIVE","P09","CUST-004453","2026-06-29","2026-07-13","P09_DEVICE_SHARED_BY_UNRELATED_ENTITIES","Device DEV-002927 shared by 6 unrelated entities"
"P09-POS-0017","INJECTED_POSITIVE","P09","CUST-002946","2026-06-29","2026-07-13","P09_DEVICE_SHARED_BY_UNRELATED_ENTITIES","Device DEV-002927 shared by 6 unrelated entities"
"P09-POS-0017","INJECTED_POSITIVE","P09","CUST-005740","2026-06-29","2026-07-13","P09_DEVICE_SHARED_BY_UNRELATED_ENTITIES","Device DEV-002927 shared by 6 unrelated entities"
"P09-POS-0018","INJECTED_POSITIVE","P09","CUST-005711","2026-07-13","2026-07-27","P09_DEVICE_SHARED_BY_UNRELATED_ENTITIES","Device DEV-005290 shared by 5 unrelated entities"
"P09-POS-0018","INJECTED_POSITIVE","P09","CUST-000531","2026-07-13","2026-07-27","P09_DEVICE_SHARED_BY_UNRELATED_ENTITIES","Device DEV-005290 shared by 5 unrelated entities"
"P09-POS-0018","INJECTED_POSITIVE","P09","BUS-00382","2026-07-13","2026-07-27","P09_DEVICE_SHARED_BY_UNRELATED_ENTITIES","Device DEV-005290 shared by 5 unrelated entities"
"P09-POS-0018","INJECTED_POSITIVE","P09","CUST-006608","2026-07-13","2026-07-27","P09_DEVICE_SHARED_BY_UNRELATED_ENTITIES","Device DEV-005290 shared by 5 unrelated entities"
"P09-POS-0018","INJECTED_POSITIVE","P09","CUST-007166","2026-07-13","2026-07-27","P09_DEVICE_SHARED_BY_UNRELATED_ENTITIES","Device DEV-005290 shared by 5 unrelated entities"
"P09-POS-0019","INJECTED_POSITIVE","P09","BUS-00448","2026-09-03","2026-09-17","P09_DEVICE_SHARED_BY_UNRELATED_ENTITIES","Device DEV-007271 shared by 7 unrelated entities"
"P09-POS-0019","INJECTED_POSITIVE","P09","CUST-003775","2026-09-03","2026-09-17","P09_DEVICE_SHARED_BY_UNRELATED_ENTITIES","Device DEV-007271 shared by 7 unrelated entities"
"P09-POS-0019","INJECTED_POSITIVE","P09","CUST-001697","2026-09-03","2026-09-17","P09_DEVICE_SHARED_BY_UNRELATED_ENTITIES","Device DEV-007271 shared by 7 unrelated entities"
"P09-POS-0019","INJECTED_POSITIVE","P09","CUST-006289","2026-09-03","2026-09-17","P09_DEVICE_SHARED_BY_UNRELATED_ENTITIES","Device DEV-007271 shared by 7 unrelated entities"
"P09-POS-0019","INJECTED_POSITIVE","P09","CUST-005318","2026-09-03","2026-09-17","P09_DEVICE_SHARED_BY_UNRELATED_ENTITIES","Device DEV-007271 shared by 7 unrelated entities"
"P09-POS-0019","INJECTED_POSITIVE","P09","BUS-00559","2026-09-03","2026-09-17","P09_DEVICE_SHARED_BY_UNRELATED_ENTITIES","Device DEV-007271 shared by 7 unrelated entities"
"P09-POS-0019","INJECTED_POSITIVE","P09","CUST-004539","2026-09-03","2026-09-17","P09_DEVICE_SHARED_BY_UNRELATED_ENTITIES","Device DEV-007271 shared by 7 unrelated entities"
"P09-POS-0020","INJECTED_POSITIVE","P09","CUST-009036","2026-06-24","2026-07-08","P09_DEVICE_SHARED_BY_UNRELATED_ENTITIES","Device DEV-007425 shared by 6 unrelated entities"
"P09-POS-0020","INJECTED_POSITIVE","P09","BUS-00241","2026-06-24","2026-07-08","P09_DEVICE_SHARED_BY_UNRELATED_ENTITIES","Device DEV-007425 shared by 6 unrelated entities"
"P09-POS-0020","INJECTED_POSITIVE","P09","CUST-004270","2026-06-24","2026-07-08","P09_DEVICE_SHARED_BY_UNRELATED_ENTITIES","Device DEV-007425 shared by 6 unrelated entities"
"P09-POS-0020","INJECTED_POSITIVE","P09","CUST-007537","2026-06-24","2026-07-08","P09_DEVICE_SHARED_BY_UNRELATED_ENTITIES","Device DEV-007425 shared by 6 unrelated entities"
"P09-POS-0020","INJECTED_POSITIVE","P09","CUST-006117","2026-06-24","2026-07-08","P09_DEVICE_SHARED_BY_UNRELATED_ENTITIES","Device DEV-007425 shared by 6 unrelated entities"
"P09-POS-0020","INJECTED_POSITIVE","P09","CUST-000435","2026-06-24","2026-07-08","P09_DEVICE_SHARED_BY_UNRELATED_ENTITIES","Device DEV-007425 shared by 6 unrelated entities"
"P09-POS-0021","INJECTED_POSITIVE","P09","CUST-006177","2026-06-01","2026-06-15","P09_DEVICE_SHARED_BY_UNRELATED_ENTITIES","Device DEV-001233 shared by 7 unrelated entities"
"P09-POS-0021","INJECTED_POSITIVE","P09","CUST-000833","2026-06-01","2026-06-15","P09_DEVICE_SHARED_BY_UNRELATED_ENTITIES","Device DEV-001233 shared by 7 unrelated entities"
"P09-POS-0021","INJECTED_POSITIVE","P09","CUST-000128","2026-06-01","2026-06-15","P09_DEVICE_SHARED_BY_UNRELATED_ENTITIES","Device DEV-001233 shared by 7 unrelated entities"
"P09-POS-0021","INJECTED_POSITIVE","P09","CUST-008068","2026-06-01","2026-06-15","P09_DEVICE_SHARED_BY_UNRELATED_ENTITIES","Device DEV-001233 shared by 7 unrelated entities"
"P09-POS-0021","INJECTED_POSITIVE","P09","CUST-002920","2026-06-01","2026-06-15","P09_DEVICE_SHARED_BY_UNRELATED_ENTITIES","Device DEV-001233 shared by 7 unrelated entities"
"P09-POS-0021","INJECTED_POSITIVE","P09","CUST-001157","2026-06-01","2026-06-15","P09_DEVICE_SHARED_BY_UNRELATED_ENTITIES","Device DEV-001233 shared by 7 unrelated entities"
"P09-POS-0021","INJECTED_POSITIVE","P09","CUST-002169","2026-06-01","2026-06-15","P09_DEVICE_SHARED_BY_UNRELATED_ENTITIES","Device DEV-001233 shared by 7 unrelated entities"
"P09-POS-0022","INJECTED_POSITIVE","P09","CUST-000203","2026-06-06","2026-06-20","P09_DEVICE_SHARED_BY_UNRELATED_ENTITIES","Device DEV-002963 shared by 5 unrelated entities"
"P09-POS-0022","INJECTED_POSITIVE","P09","CUST-004448","2026-06-06","2026-06-20","P09_DEVICE_SHARED_BY_UNRELATED_ENTITIES","Device DEV-002963 shared by 5 unrelated entities"
"P09-POS-0022","INJECTED_POSITIVE","P09","CUST-007561","2026-06-06","2026-06-20","P09_DEVICE_SHARED_BY_UNRELATED_ENTITIES","Device DEV-002963 shared by 5 unrelated entities"
"P09-POS-0022","INJECTED_POSITIVE","P09","CUST-000325","2026-06-06","2026-06-20","P09_DEVICE_SHARED_BY_UNRELATED_ENTITIES","Device DEV-002963 shared by 5 unrelated entities"
"P09-POS-0022","INJECTED_POSITIVE","P09","CUST-002499","2026-06-06","2026-06-20","P09_DEVICE_SHARED_BY_UNRELATED_ENTITIES","Device DEV-002963 shared by 5 unrelated entities"
"P09-POS-0023","INJECTED_POSITIVE","P09","CUST-005036","2026-06-03","2026-06-17","P09_DEVICE_SHARED_BY_UNRELATED_ENTITIES","Device DEV-009479 shared by 6 unrelated entities"
"P09-POS-0023","INJECTED_POSITIVE","P09","CUST-001457","2026-06-03","2026-06-17","P09_DEVICE_SHARED_BY_UNRELATED_ENTITIES","Device DEV-009479 shared by 6 unrelated entities"
"P09-POS-0023","INJECTED_POSITIVE","P09","CUST-001267","2026-06-03","2026-06-17","P09_DEVICE_SHARED_BY_UNRELATED_ENTITIES","Device DEV-009479 shared by 6 unrelated entities"
"P09-POS-0023","INJECTED_POSITIVE","P09","CUST-005778","2026-06-03","2026-06-17","P09_DEVICE_SHARED_BY_UNRELATED_ENTITIES","Device DEV-009479 shared by 6 unrelated entities"
"P09-POS-0023","INJECTED_POSITIVE","P09","CUST-007294","2026-06-03","2026-06-17","P09_DEVICE_SHARED_BY_UNRELATED_ENTITIES","Device DEV-009479 shared by 6 unrelated entities"
"P09-POS-0023","INJECTED_POSITIVE","P09","CUST-006588","2026-06-03","2026-06-17","P09_DEVICE_SHARED_BY_UNRELATED_ENTITIES","Device DEV-009479 shared by 6 unrelated entities"
"P09-POS-0024","INJECTED_POSITIVE","P09","CUST-005061","2026-07-10","2026-07-24","P09_DEVICE_SHARED_BY_UNRELATED_ENTITIES","Device DEV-009265 shared by 6 unrelated entities"
"P09-POS-0024","INJECTED_POSITIVE","P09","CUST-005504","2026-07-10","2026-07-24","P09_DEVICE_SHARED_BY_UNRELATED_ENTITIES","Device DEV-009265 shared by 6 unrelated entities"
"P09-POS-0024","INJECTED_POSITIVE","P09","CUST-006048","2026-07-10","2026-07-24","P09_DEVICE_SHARED_BY_UNRELATED_ENTITIES","Device DEV-009265 shared by 6 unrelated entities"
"P09-POS-0024","INJECTED_POSITIVE","P09","CUST-006639","2026-07-10","2026-07-24","P09_DEVICE_SHARED_BY_UNRELATED_ENTITIES","Device DEV-009265 shared by 6 unrelated entities"
"P09-POS-0024","INJECTED_POSITIVE","P09","CUST-005138","2026-07-10","2026-07-24","P09_DEVICE_SHARED_BY_UNRELATED_ENTITIES","Device DEV-009265 shared by 6 unrelated entities"
"P09-POS-0024","INJECTED_POSITIVE","P09","BUS-00995","2026-07-10","2026-07-24","P09_DEVICE_SHARED_BY_UNRELATED_ENTITIES","Device DEV-009265 shared by 6 unrelated entities"
"P09-POS-0025","INJECTED_POSITIVE","P09","BUS-00009","2026-07-18","2026-08-01","P09_DEVICE_SHARED_BY_UNRELATED_ENTITIES","Device DEV-003568 shared by 4 unrelated entities"
"P09-POS-0025","INJECTED_POSITIVE","P09","CUST-001434","2026-07-18","2026-08-01","P09_DEVICE_SHARED_BY_UNRELATED_ENTITIES","Device DEV-003568 shared by 4 unrelated entities"
"P09-POS-0025","INJECTED_POSITIVE","P09","CUST-000703","2026-07-18","2026-08-01","P09_DEVICE_SHARED_BY_UNRELATED_ENTITIES","Device DEV-003568 shared by 4 unrelated entities"
"P09-POS-0025","INJECTED_POSITIVE","P09","CUST-003110","2026-07-18","2026-08-01","P09_DEVICE_SHARED_BY_UNRELATED_ENTITIES","Device DEV-003568 shared by 4 unrelated entities"
"P09-POS-0026","INJECTED_POSITIVE","P09","CUST-002067","2026-08-16","2026-08-30","P09_DEVICE_SHARED_BY_UNRELATED_ENTITIES","Device DEV-007711 shared by 7 unrelated entities"
"P09-POS-0026","INJECTED_POSITIVE","P09","CUST-001326","2026-08-16","2026-08-30","P09_DEVICE_SHARED_BY_UNRELATED_ENTITIES","Device DEV-007711 shared by 7 unrelated entities"
"P09-POS-0026","INJECTED_POSITIVE","P09","BUS-00563","2026-08-16","2026-08-30","P09_DEVICE_SHARED_BY_UNRELATED_ENTITIES","Device DEV-007711 shared by 7 unrelated entities"
"P09-POS-0026","INJECTED_POSITIVE","P09","CUST-007126","2026-08-16","2026-08-30","P09_DEVICE_SHARED_BY_UNRELATED_ENTITIES","Device DEV-007711 shared by 7 unrelated entities"
"P09-POS-0026","INJECTED_POSITIVE","P09","CUST-000027","2026-08-16","2026-08-30","P09_DEVICE_SHARED_BY_UNRELATED_ENTITIES","Device DEV-007711 shared by 7 unrelated entities"
"P09-POS-0026","INJECTED_POSITIVE","P09","CUST-003015","2026-08-16","2026-08-30","P09_DEVICE_SHARED_BY_UNRELATED_ENTITIES","Device DEV-007711 shared by 7 unrelated entities"
"P09-POS-0026","INJECTED_POSITIVE","P09","CUST-003485","2026-08-16","2026-08-30","P09_DEVICE_SHARED_BY_UNRELATED_ENTITIES","Device DEV-007711 shared by 7 unrelated entities"
"P09-POS-0027","INJECTED_POSITIVE","P09","CUST-008337","2026-09-02","2026-09-16","P09_DEVICE_SHARED_BY_UNRELATED_ENTITIES","Device DEV-004839 shared by 7 unrelated entities"
"P09-POS-0027","INJECTED_POSITIVE","P09","CUST-003556","2026-09-02","2026-09-16","P09_DEVICE_SHARED_BY_UNRELATED_ENTITIES","Device DEV-004839 shared by 7 unrelated entities"
"P09-POS-0027","INJECTED_POSITIVE","P09","CUST-001227","2026-09-02","2026-09-16","P09_DEVICE_SHARED_BY_UNRELATED_ENTITIES","Device DEV-004839 shared by 7 unrelated entities"
"P09-POS-0027","INJECTED_POSITIVE","P09","CUST-001419","2026-09-02","2026-09-16","P09_DEVICE_SHARED_BY_UNRELATED_ENTITIES","Device DEV-004839 shared by 7 unrelated entities"
"P09-POS-0027","INJECTED_POSITIVE","P09","CUST-004942","2026-09-02","2026-09-16","P09_DEVICE_SHARED_BY_UNRELATED_ENTITIES","Device DEV-004839 shared by 7 unrelated entities"
"P09-POS-0027","INJECTED_POSITIVE","P09","CUST-001386","2026-09-02","2026-09-16","P09_DEVICE_SHARED_BY_UNRELATED_ENTITIES","Device DEV-004839 shared by 7 unrelated entities"
"P09-POS-0027","INJECTED_POSITIVE","P09","CUST-009058","2026-09-02","2026-09-16","P09_DEVICE_SHARED_BY_UNRELATED_ENTITIES","Device DEV-004839 shared by 7 unrelated entities"
"P09-POS-0028","INJECTED_POSITIVE","P09","BUS-00985","2026-07-23","2026-08-06","P09_DEVICE_SHARED_BY_UNRELATED_ENTITIES","Device DEV-008210 shared by 7 unrelated entities"
"P09-POS-0028","INJECTED_POSITIVE","P09","CUST-006997","2026-07-23","2026-08-06","P09_DEVICE_SHARED_BY_UNRELATED_ENTITIES","Device DEV-008210 shared by 7 unrelated entities"
"P09-POS-0028","INJECTED_POSITIVE","P09","CUST-005859","2026-07-23","2026-08-06","P09_DEVICE_SHARED_BY_UNRELATED_ENTITIES","Device DEV-008210 shared by 7 unrelated entities"
"P09-POS-0028","INJECTED_POSITIVE","P09","CUST-008342","2026-07-23","2026-08-06","P09_DEVICE_SHARED_BY_UNRELATED_ENTITIES","Device DEV-008210 shared by 7 unrelated entities"
"P09-POS-0028","INJECTED_POSITIVE","P09","CUST-002887","2026-07-23","2026-08-06","P09_DEVICE_SHARED_BY_UNRELATED_ENTITIES","Device DEV-008210 shared by 7 unrelated entities"
"P09-POS-0028","INJECTED_POSITIVE","P09","CUST-001819","2026-07-23","2026-08-06","P09_DEVICE_SHARED_BY_UNRELATED_ENTITIES","Device DEV-008210 shared by 7 unrelated entities"
"P09-POS-0028","INJECTED_POSITIVE","P09","CUST-004322","2026-07-23","2026-08-06","P09_DEVICE_SHARED_BY_UNRELATED_ENTITIES","Device DEV-008210 shared by 7 unrelated entities"
"P09-POS-0029","INJECTED_POSITIVE","P09","CUST-003892","2026-06-11","2026-06-25","P09_DEVICE_SHARED_BY_UNRELATED_ENTITIES","Device DEV-004705 shared by 5 unrelated entities"
"P09-POS-0029","INJECTED_POSITIVE","P09","CUST-008883","2026-06-11","2026-06-25","P09_DEVICE_SHARED_BY_UNRELATED_ENTITIES","Device DEV-004705 shared by 5 unrelated entities"
"P09-POS-0029","INJECTED_POSITIVE","P09","CUST-002337","2026-06-11","2026-06-25","P09_DEVICE_SHARED_BY_UNRELATED_ENTITIES","Device DEV-004705 shared by 5 unrelated entities"
"P09-POS-0029","INJECTED_POSITIVE","P09","CUST-001602","2026-06-11","2026-06-25","P09_DEVICE_SHARED_BY_UNRELATED_ENTITIES","Device DEV-004705 shared by 5 unrelated entities"
"P09-POS-0029","INJECTED_POSITIVE","P09","BUS-00404","2026-06-11","2026-06-25","P09_DEVICE_SHARED_BY_UNRELATED_ENTITIES","Device DEV-004705 shared by 5 unrelated entities"
"P09-POS-0030","INJECTED_POSITIVE","P09","CUST-005221","2026-07-10","2026-07-24","P09_DEVICE_SHARED_BY_UNRELATED_ENTITIES","Device DEV-006245 shared by 6 unrelated entities"
"P09-POS-0030","INJECTED_POSITIVE","P09","CUST-002193","2026-07-10","2026-07-24","P09_DEVICE_SHARED_BY_UNRELATED_ENTITIES","Device DEV-006245 shared by 6 unrelated entities"
"P09-POS-0030","INJECTED_POSITIVE","P09","CUST-004422","2026-07-10","2026-07-24","P09_DEVICE_SHARED_BY_UNRELATED_ENTITIES","Device DEV-006245 shared by 6 unrelated entities"
"P09-POS-0030","INJECTED_POSITIVE","P09","CUST-005870","2026-07-10","2026-07-24","P09_DEVICE_SHARED_BY_UNRELATED_ENTITIES","Device DEV-006245 shared by 6 unrelated entities"
"P09-POS-0030","INJECTED_POSITIVE","P09","CUST-008719","2026-07-10","2026-07-24","P09_DEVICE_SHARED_BY_UNRELATED_ENTITIES","Device DEV-006245 shared by 6 unrelated entities"
"P09-POS-0030","INJECTED_POSITIVE","P09","CUST-002531","2026-07-10","2026-07-24","P09_DEVICE_SHARED_BY_UNRELATED_ENTITIES","Device DEV-006245 shared by 6 unrelated entities"
"P10-POS-0001","INJECTED_POSITIVE","P10","BUS-00737","2026-08-27","2026-09-21","P10_MERCHANT_ACTIVITY_INCONSISTENT_WITH_ITS_MCC","Ticket size inconsistent with MCC 5977"
"P10-POS-0002","INJECTED_POSITIVE","P10","BUS-01081","2026-08-23","2026-09-17","P10_MERCHANT_ACTIVITY_INCONSISTENT_WITH_ITS_MCC","Ticket size inconsistent with MCC 8220"
"P10-POS-0003","INJECTED_POSITIVE","P10","BUS-00021","2026-08-25","2026-09-19","P10_MERCHANT_ACTIVITY_INCONSISTENT_WITH_ITS_MCC","Ticket size inconsistent with MCC 7832"
"P10-POS-0004","INJECTED_POSITIVE","P10","BUS-00822","2026-06-11","2026-07-06","P10_MERCHANT_ACTIVITY_INCONSISTENT_WITH_ITS_MCC","Ticket size inconsistent with MCC 6051"
"P10-POS-0005","INJECTED_POSITIVE","P10","BUS-00862","2026-07-10","2026-08-04","P10_MERCHANT_ACTIVITY_INCONSISTENT_WITH_ITS_MCC","Ticket size inconsistent with MCC 7230"
"P10-POS-0006","INJECTED_POSITIVE","P10","BUS-00149","2026-07-30","2026-08-24","P10_MERCHANT_ACTIVITY_INCONSISTENT_WITH_ITS_MCC","Ticket size inconsistent with MCC 5311"
"P10-POS-0007","INJECTED_POSITIVE","P10","BUS-00199","2026-07-22","2026-08-16","P10_MERCHANT_ACTIVITY_INCONSISTENT_WITH_ITS_MCC","Ticket size inconsistent with MCC 5912"
"P10-POS-0008","INJECTED_POSITIVE","P10","BUS-00606","2026-06-25","2026-07-20","P10_MERCHANT_ACTIVITY_INCONSISTENT_WITH_ITS_MCC","Ticket size inconsistent with MCC 5942"
"P10-POS-0009","INJECTED_POSITIVE","P10","BUS-01023","2026-07-02","2026-07-27","P10_MERCHANT_ACTIVITY_INCONSISTENT_WITH_ITS_MCC","Ticket size inconsistent with MCC 5094"
"P10-POS-0010","INJECTED_POSITIVE","P10","BUS-00133","2026-06-12","2026-07-07","P10_MERCHANT_ACTIVITY_INCONSISTENT_WITH_ITS_MCC","Ticket size inconsistent with MCC 5977"
"P10-POS-0011","INJECTED_POSITIVE","P10","BUS-00762","2026-08-25","2026-09-19","P10_MERCHANT_ACTIVITY_INCONSISTENT_WITH_ITS_MCC","Ticket size inconsistent with MCC 5999"
"P10-POS-0012","INJECTED_POSITIVE","P10","BUS-00811","2026-08-30","2026-09-24","P10_MERCHANT_ACTIVITY_INCONSISTENT_WITH_ITS_MCC","Ticket size inconsistent with MCC 4121"
"P10-POS-0013","INJECTED_POSITIVE","P10","BUS-00514","2026-06-28","2026-07-23","P10_MERCHANT_ACTIVITY_INCONSISTENT_WITH_ITS_MCC","Ticket size inconsistent with MCC 7011"
"P10-POS-0014","INJECTED_POSITIVE","P10","BUS-01152","2026-06-11","2026-07-06","P10_MERCHANT_ACTIVITY_INCONSISTENT_WITH_ITS_MCC","Ticket size inconsistent with MCC 5732"
"P10-POS-0015","INJECTED_POSITIVE","P10","BUS-00589","2026-08-23","2026-09-17","P10_MERCHANT_ACTIVITY_INCONSISTENT_WITH_ITS_MCC","Ticket size inconsistent with MCC 5732"
"P10-POS-0016","INJECTED_POSITIVE","P10","BUS-00272","2026-07-02","2026-07-27","P10_MERCHANT_ACTIVITY_INCONSISTENT_WITH_ITS_MCC","Ticket size inconsistent with MCC 5814"
"P10-POS-0017","INJECTED_POSITIVE","P10","BUS-01092","2026-06-08","2026-07-03","P10_MERCHANT_ACTIVITY_INCONSISTENT_WITH_ITS_MCC","Ticket size inconsistent with MCC 5942"
"P10-POS-0018","INJECTED_POSITIVE","P10","BUS-00662","2026-06-28","2026-07-23","P10_MERCHANT_ACTIVITY_INCONSISTENT_WITH_ITS_MCC","Ticket size inconsistent with MCC 5732"
"P10-POS-0019","INJECTED_POSITIVE","P10","BUS-00682","2026-07-08","2026-08-02","P10_MERCHANT_ACTIVITY_INCONSISTENT_WITH_ITS_MCC","Ticket size inconsistent with MCC 4722"
"P10-POS-0020","INJECTED_POSITIVE","P10","BUS-01176","2026-07-30","2026-08-24","P10_MERCHANT_ACTIVITY_INCONSISTENT_WITH_ITS_MCC","Ticket size inconsistent with MCC 5912"
"P10-POS-0021","INJECTED_POSITIVE","P10","BUS-00030","2026-08-18","2026-09-12","P10_MERCHANT_ACTIVITY_INCONSISTENT_WITH_ITS_MCC","Ticket size inconsistent with MCC 7995"
"P10-POS-0022","INJECTED_POSITIVE","P10","BUS-00804","2026-06-30","2026-07-25","P10_MERCHANT_ACTIVITY_INCONSISTENT_WITH_ITS_MCC","Ticket size inconsistent with MCC 5411"
"P10-POS-0023","INJECTED_POSITIVE","P10","BUS-00218","2026-06-01","2026-06-26","P10_MERCHANT_ACTIVITY_INCONSISTENT_WITH_ITS_MCC","Ticket size inconsistent with MCC 7230"
"P10-POS-0024","INJECTED_POSITIVE","P10","BUS-00056","2026-08-07","2026-09-01","P10_MERCHANT_ACTIVITY_INCONSISTENT_WITH_ITS_MCC","Ticket size inconsistent with MCC 5942"
"P10-POS-0025","INJECTED_POSITIVE","P10","BUS-00731","2026-07-02","2026-07-27","P10_MERCHANT_ACTIVITY_INCONSISTENT_WITH_ITS_MCC","Ticket size inconsistent with MCC 7832"
"P10-POS-0026","INJECTED_POSITIVE","P10","BUS-00277","2026-07-25","2026-08-19","P10_MERCHANT_ACTIVITY_INCONSISTENT_WITH_ITS_MCC","Ticket size inconsistent with MCC 5732"
"P10-POS-0027","INJECTED_POSITIVE","P10","BUS-01158","2026-07-29","2026-08-23","P10_MERCHANT_ACTIVITY_INCONSISTENT_WITH_ITS_MCC","Ticket size inconsistent with MCC 5814"
"P10-POS-0028","INJECTED_POSITIVE","P10","BUS-01168","2026-08-01","2026-08-26","P10_MERCHANT_ACTIVITY_INCONSISTENT_WITH_ITS_MCC","Ticket size inconsistent with MCC 5814"
"P10-POS-0029","INJECTED_POSITIVE","P10","BUS-00664","2026-08-03","2026-08-28","P10_MERCHANT_ACTIVITY_INCONSISTENT_WITH_ITS_MCC","Ticket size inconsistent with MCC 8220"
"P10-POS-0030","INJECTED_POSITIVE","P10","BUS-00307","2026-06-09","2026-07-04","P10_MERCHANT_ACTIVITY_INCONSISTENT_WITH_ITS_MCC","Ticket size inconsistent with MCC 5094"
"P10-POS-0031","INJECTED_POSITIVE","P10","BUS-00231","2026-06-15","2026-07-10","P10_MERCHANT_ACTIVITY_INCONSISTENT_WITH_ITS_MCC","Ticket size inconsistent with MCC 6051"
"P10-POS-0032","INJECTED_POSITIVE","P10","BUS-00508","2026-08-11","2026-09-05","P10_MERCHANT_ACTIVITY_INCONSISTENT_WITH_ITS_MCC","Ticket size inconsistent with MCC 5411"
"P10-POS-0033","INJECTED_POSITIVE","P10","BUS-01018","2026-06-20","2026-07-15","P10_MERCHANT_ACTIVITY_INCONSISTENT_WITH_ITS_MCC","Ticket size inconsistent with MCC 5999"
"P10-POS-0034","INJECTED_POSITIVE","P10","BUS-00748","2026-08-03","2026-08-28","P10_MERCHANT_ACTIVITY_INCONSISTENT_WITH_ITS_MCC","Ticket size inconsistent with MCC 5999"
"P10-POS-0035","INJECTED_POSITIVE","P10","BUS-00350","2026-06-14","2026-07-09","P10_MERCHANT_ACTIVITY_INCONSISTENT_WITH_ITS_MCC","Ticket size inconsistent with MCC 5912"
"P10-POS-0036","INJECTED_POSITIVE","P10","BUS-01002","2026-07-16","2026-08-10","P10_MERCHANT_ACTIVITY_INCONSISTENT_WITH_ITS_MCC","Ticket size inconsistent with MCC 5977"
"P10-POS-0037","INJECTED_POSITIVE","P10","BUS-01035","2026-08-28","2026-09-22","P10_MERCHANT_ACTIVITY_INCONSISTENT_WITH_ITS_MCC","Ticket size inconsistent with MCC 5311"
"P10-POS-0038","INJECTED_POSITIVE","P10","BUS-00266","2026-06-05","2026-06-30","P10_MERCHANT_ACTIVITY_INCONSISTENT_WITH_ITS_MCC","Ticket size inconsistent with MCC 5999"
"P10-POS-0039","INJECTED_POSITIVE","P10","BUS-00343","2026-06-23","2026-07-18","P10_MERCHANT_ACTIVITY_INCONSISTENT_WITH_ITS_MCC","Ticket size inconsistent with MCC 5045"
"P10-POS-0040","INJECTED_POSITIVE","P10","BUS-00369","2026-06-09","2026-07-04","P10_MERCHANT_ACTIVITY_INCONSISTENT_WITH_ITS_MCC","Ticket size inconsistent with MCC 4722"
"P10-POS-0041","INJECTED_POSITIVE","P10","BUS-00970","2026-08-29","2026-09-23","P10_MERCHANT_ACTIVITY_INCONSISTENT_WITH_ITS_MCC","Ticket size inconsistent with MCC 5651"
"P10-POS-0042","INJECTED_POSITIVE","P10","BUS-00222","2026-09-02","2026-09-27","P10_MERCHANT_ACTIVITY_INCONSISTENT_WITH_ITS_MCC","Ticket size inconsistent with MCC 5411"
"P10-POS-0043","INJECTED_POSITIVE","P10","BUS-00508","2026-08-20","2026-09-14","P10_MERCHANT_ACTIVITY_INCONSISTENT_WITH_ITS_MCC","Ticket size inconsistent with MCC 7011"
"P10-POS-0044","INJECTED_POSITIVE","P10","BUS-00482","2026-08-04","2026-08-29","P10_MERCHANT_ACTIVITY_INCONSISTENT_WITH_ITS_MCC","Ticket size inconsistent with MCC 5999"
"P10-POS-0045","INJECTED_POSITIVE","P10","BUS-00239","2026-08-28","2026-09-22","P10_MERCHANT_ACTIVITY_INCONSISTENT_WITH_ITS_MCC","Ticket size inconsistent with MCC 8220"
"P11-POS-0001","INJECTED_POSITIVE","P11","CUST-007629","2026-09-18","2026-09-23","P11_MANY-TO-ONE_FUNNEL_WITH_DEVICE_OVERLAP","10-to-1 convergence with device overlap"
"P11-POS-0002","INJECTED_POSITIVE","P11","CUST-004281","2026-07-30","2026-08-04","P11_MANY-TO-ONE_FUNNEL_WITH_DEVICE_OVERLAP","12-to-1 convergence with device overlap"
"P11-POS-0003","INJECTED_POSITIVE","P11","CUST-007286","2026-09-22","2026-09-27","P11_MANY-TO-ONE_FUNNEL_WITH_DEVICE_OVERLAP","11-to-1 convergence with device overlap"
"P11-POS-0004","INJECTED_POSITIVE","P11","CUST-008430","2026-08-08","2026-08-13","P11_MANY-TO-ONE_FUNNEL_WITH_DEVICE_OVERLAP","13-to-1 convergence with device overlap"
"P11-POS-0005","INJECTED_POSITIVE","P11","CUST-002517","2026-09-09","2026-09-14","P11_MANY-TO-ONE_FUNNEL_WITH_DEVICE_OVERLAP","13-to-1 convergence with device overlap"
"P11-POS-0006","INJECTED_POSITIVE","P11","CUST-006693","2026-06-30","2026-07-05","P11_MANY-TO-ONE_FUNNEL_WITH_DEVICE_OVERLAP","14-to-1 convergence with device overlap"
"P11-POS-0007","INJECTED_POSITIVE","P11","CUST-007746","2026-09-09","2026-09-14","P11_MANY-TO-ONE_FUNNEL_WITH_DEVICE_OVERLAP","11-to-1 convergence with device overlap"
"P11-POS-0008","INJECTED_POSITIVE","P11","CUST-000071","2026-09-20","2026-09-25","P11_MANY-TO-ONE_FUNNEL_WITH_DEVICE_OVERLAP","14-to-1 convergence with device overlap"
"P11-POS-0009","INJECTED_POSITIVE","P11","CUST-000017","2026-06-15","2026-06-20","P11_MANY-TO-ONE_FUNNEL_WITH_DEVICE_OVERLAP","8-to-1 convergence with device overlap"
"P11-POS-0010","INJECTED_POSITIVE","P11","CUST-003130","2026-09-12","2026-09-17","P11_MANY-TO-ONE_FUNNEL_WITH_DEVICE_OVERLAP","15-to-1 convergence with device overlap"
"P11-POS-0011","INJECTED_POSITIVE","P11","CUST-004207","2026-07-27","2026-08-01","P11_MANY-TO-ONE_FUNNEL_WITH_DEVICE_OVERLAP","12-to-1 convergence with device overlap"
"P11-POS-0012","INJECTED_POSITIVE","P11","CUST-008207","2026-07-04","2026-07-09","P11_MANY-TO-ONE_FUNNEL_WITH_DEVICE_OVERLAP","10-to-1 convergence with device overlap"
"P11-POS-0013","INJECTED_POSITIVE","P11","CUST-001437","2026-07-03","2026-07-08","P11_MANY-TO-ONE_FUNNEL_WITH_DEVICE_OVERLAP","11-to-1 convergence with device overlap"
"P11-POS-0014","INJECTED_POSITIVE","P11","CUST-007453","2026-08-16","2026-08-21","P11_MANY-TO-ONE_FUNNEL_WITH_DEVICE_OVERLAP","10-to-1 convergence with device overlap"
"P11-POS-0015","INJECTED_POSITIVE","P11","CUST-005833","2026-07-22","2026-07-27","P11_MANY-TO-ONE_FUNNEL_WITH_DEVICE_OVERLAP","13-to-1 convergence with device overlap"
"P11-POS-0016","INJECTED_POSITIVE","P11","CUST-007445","2026-07-08","2026-07-13","P11_MANY-TO-ONE_FUNNEL_WITH_DEVICE_OVERLAP","10-to-1 convergence with device overlap"
"P11-POS-0017","INJECTED_POSITIVE","P11","CUST-004571","2026-07-12","2026-07-17","P11_MANY-TO-ONE_FUNNEL_WITH_DEVICE_OVERLAP","10-to-1 convergence with device overlap"
"P11-POS-0018","INJECTED_POSITIVE","P11","CUST-006649","2026-07-09","2026-07-14","P11_MANY-TO-ONE_FUNNEL_WITH_DEVICE_OVERLAP","11-to-1 convergence with device overlap"
"P11-POS-0019","INJECTED_POSITIVE","P11","CUST-007721","2026-06-29","2026-07-04","P11_MANY-TO-ONE_FUNNEL_WITH_DEVICE_OVERLAP","11-to-1 convergence with device overlap"
"P11-POS-0020","INJECTED_POSITIVE","P11","CUST-003946","2026-09-02","2026-09-07","P11_MANY-TO-ONE_FUNNEL_WITH_DEVICE_OVERLAP","11-to-1 convergence with device overlap"
"P11-POS-0021","INJECTED_POSITIVE","P11","CUST-008391","2026-08-03","2026-08-08","P11_MANY-TO-ONE_FUNNEL_WITH_DEVICE_OVERLAP","9-to-1 convergence with device overlap"
"P11-POS-0022","INJECTED_POSITIVE","P11","CUST-008852","2026-09-14","2026-09-19","P11_MANY-TO-ONE_FUNNEL_WITH_DEVICE_OVERLAP","9-to-1 convergence with device overlap"
"P11-POS-0023","INJECTED_POSITIVE","P11","CUST-008905","2026-08-13","2026-08-18","P11_MANY-TO-ONE_FUNNEL_WITH_DEVICE_OVERLAP","12-to-1 convergence with device overlap"
"P11-POS-0024","INJECTED_POSITIVE","P11","CUST-008016","2026-06-03","2026-06-08","P11_MANY-TO-ONE_FUNNEL_WITH_DEVICE_OVERLAP","10-to-1 convergence with device overlap"
"P11-POS-0025","INJECTED_POSITIVE","P11","CUST-001121","2026-06-25","2026-06-30","P11_MANY-TO-ONE_FUNNEL_WITH_DEVICE_OVERLAP","10-to-1 convergence with device overlap"
"P11-POS-0026","INJECTED_POSITIVE","P11","CUST-003660","2026-08-20","2026-08-25","P11_MANY-TO-ONE_FUNNEL_WITH_DEVICE_OVERLAP","8-to-1 convergence with device overlap"
"P11-POS-0027","INJECTED_POSITIVE","P11","CUST-005662","2026-08-01","2026-08-06","P11_MANY-TO-ONE_FUNNEL_WITH_DEVICE_OVERLAP","13-to-1 convergence with device overlap"
"P11-POS-0028","INJECTED_POSITIVE","P11","CUST-008601","2026-06-29","2026-07-04","P11_MANY-TO-ONE_FUNNEL_WITH_DEVICE_OVERLAP","10-to-1 convergence with device overlap"
"P11-POS-0029","INJECTED_POSITIVE","P11","CUST-008798","2026-09-01","2026-09-06","P11_MANY-TO-ONE_FUNNEL_WITH_DEVICE_OVERLAP","8-to-1 convergence with device overlap"
"P11-POS-0030","INJECTED_POSITIVE","P11","CUST-000193","2026-06-20","2026-06-25","P11_MANY-TO-ONE_FUNNEL_WITH_DEVICE_OVERLAP","14-to-1 convergence with device overlap"
"P11-POS-0031","INJECTED_POSITIVE","P11","CUST-004025","2026-09-21","2026-09-26","P11_MANY-TO-ONE_FUNNEL_WITH_DEVICE_OVERLAP","13-to-1 convergence with device overlap"
"P11-POS-0032","INJECTED_POSITIVE","P11","CUST-006476","2026-08-16","2026-08-21","P11_MANY-TO-ONE_FUNNEL_WITH_DEVICE_OVERLAP","8-to-1 convergence with device overlap"
"P11-POS-0033","INJECTED_POSITIVE","P11","CUST-009171","2026-09-23","2026-09-28","P11_MANY-TO-ONE_FUNNEL_WITH_DEVICE_OVERLAP","14-to-1 convergence with device overlap"
"P11-POS-0034","INJECTED_POSITIVE","P11","CUST-006455","2026-07-17","2026-07-22","P11_MANY-TO-ONE_FUNNEL_WITH_DEVICE_OVERLAP","14-to-1 convergence with device overlap"
"P11-POS-0035","INJECTED_POSITIVE","P11","CUST-002063","2026-06-14","2026-06-19","P11_MANY-TO-ONE_FUNNEL_WITH_DEVICE_OVERLAP","14-to-1 convergence with device overlap"
"P12-POS-0001","INJECTED_POSITIVE","P12","CUST-003904","2026-04-01","2026-09-30","P12_NAME_SIMILAR_TO_A_SYNTHETIC_LIST_RECORD","Name close to list record WL-00572 (PEP_SYNTHETIC)"
"P12-POS-0002","INJECTED_POSITIVE","P12","CUST-005486","2026-04-01","2026-09-30","P12_NAME_SIMILAR_TO_A_SYNTHETIC_LIST_RECORD","Name close to list record WL-01946 (SANCTIONS_SYNTHETIC)"
"P12-POS-0003","INJECTED_POSITIVE","P12","CUST-002879","2026-04-01","2026-09-30","P12_NAME_SIMILAR_TO_A_SYNTHETIC_LIST_RECORD","Name close to list record WL-01039 (PEP_SYNTHETIC)"
"P12-POS-0004","INJECTED_POSITIVE","P12","CUST-008366","2026-04-01","2026-09-30","P12_NAME_SIMILAR_TO_A_SYNTHETIC_LIST_RECORD","Name close to list record WL-00665 (SANCTIONS_SYNTHETIC)"
"P12-POS-0005","INJECTED_POSITIVE","P12","CUST-007178","2026-04-01","2026-09-30","P12_NAME_SIMILAR_TO_A_SYNTHETIC_LIST_RECORD","Name close to list record WL-00445 (PEP_SYNTHETIC)"
"P12-POS-0006","INJECTED_POSITIVE","P12","CUST-007373","2026-04-01","2026-09-30","P12_NAME_SIMILAR_TO_A_SYNTHETIC_LIST_RECORD","Name close to list record WL-00565 (PEP_SYNTHETIC)"
"P12-POS-0007","INJECTED_POSITIVE","P12","CUST-004104","2026-04-01","2026-09-30","P12_NAME_SIMILAR_TO_A_SYNTHETIC_LIST_RECORD","Name close to list record WL-01044 (PEP_SYNTHETIC)"
"P12-POS-0008","INJECTED_POSITIVE","P12","CUST-003651","2026-04-01","2026-09-30","P12_NAME_SIMILAR_TO_A_SYNTHETIC_LIST_RECORD","Name close to list record WL-01629 (PEP_SYNTHETIC)"
"P12-POS-0009","INJECTED_POSITIVE","P12","CUST-003738","2026-04-01","2026-09-30","P12_NAME_SIMILAR_TO_A_SYNTHETIC_LIST_RECORD","Name close to list record WL-01967 (PEP_SYNTHETIC)"
"P12-POS-0010","INJECTED_POSITIVE","P12","CUST-004167","2026-04-01","2026-09-30","P12_NAME_SIMILAR_TO_A_SYNTHETIC_LIST_RECORD","Name close to list record WL-00867 (PEP_SYNTHETIC)"
"P12-POS-0011","INJECTED_POSITIVE","P12","CUST-007789","2026-04-01","2026-09-30","P12_NAME_SIMILAR_TO_A_SYNTHETIC_LIST_RECORD","Name close to list record WL-00465 (SANCTIONS_SYNTHETIC)"
"P12-POS-0012","INJECTED_POSITIVE","P12","CUST-002703","2026-04-01","2026-09-30","P12_NAME_SIMILAR_TO_A_SYNTHETIC_LIST_RECORD","Name close to list record WL-01878 (PEP_SYNTHETIC)"
"P12-POS-0013","INJECTED_POSITIVE","P12","CUST-002315","2026-04-01","2026-09-30","P12_NAME_SIMILAR_TO_A_SYNTHETIC_LIST_RECORD","Name close to list record WL-01054 (PEP_SYNTHETIC)"
"P12-POS-0014","INJECTED_POSITIVE","P12","CUST-002725","2026-04-01","2026-09-30","P12_NAME_SIMILAR_TO_A_SYNTHETIC_LIST_RECORD","Name close to list record WL-01151 (SANCTIONS_SYNTHETIC)"
"P12-POS-0015","INJECTED_POSITIVE","P12","CUST-003449","2026-04-01","2026-09-30","P12_NAME_SIMILAR_TO_A_SYNTHETIC_LIST_RECORD","Name close to list record WL-01915 (PEP_SYNTHETIC)"
"P12-POS-0016","INJECTED_POSITIVE","P12","CUST-007361","2026-04-01","2026-09-30","P12_NAME_SIMILAR_TO_A_SYNTHETIC_LIST_RECORD","Name close to list record WL-01763 (INTERNAL_WATCH)"
"P12-POS-0017","INJECTED_POSITIVE","P12","CUST-003045","2026-04-01","2026-09-30","P12_NAME_SIMILAR_TO_A_SYNTHETIC_LIST_RECORD","Name close to list record WL-01327 (PEP_SYNTHETIC)"
"P12-POS-0018","INJECTED_POSITIVE","P12","CUST-006463","2026-04-01","2026-09-30","P12_NAME_SIMILAR_TO_A_SYNTHETIC_LIST_RECORD","Name close to list record WL-02315 (PEP_SYNTHETIC)"
"P12-POS-0019","INJECTED_POSITIVE","P12","CUST-004825","2026-04-01","2026-09-30","P12_NAME_SIMILAR_TO_A_SYNTHETIC_LIST_RECORD","Name close to list record WL-00056 (PEP_SYNTHETIC)"
"P12-POS-0020","INJECTED_POSITIVE","P12","CUST-007155","2026-04-01","2026-09-30","P12_NAME_SIMILAR_TO_A_SYNTHETIC_LIST_RECORD","Name close to list record WL-01603 (INTERNAL_WATCH)"
"P12-POS-0021","INJECTED_POSITIVE","P12","CUST-001236","2026-04-01","2026-09-30","P12_NAME_SIMILAR_TO_A_SYNTHETIC_LIST_RECORD","Name close to list record WL-01929 (SANCTIONS_SYNTHETIC)"
"P12-POS-0022","INJECTED_POSITIVE","P12","CUST-008748","2026-04-01","2026-09-30","P12_NAME_SIMILAR_TO_A_SYNTHETIC_LIST_RECORD","Name close to list record WL-01647 (PEP_SYNTHETIC)"
"P12-POS-0023","INJECTED_POSITIVE","P12","CUST-005805","2026-04-01","2026-09-30","P12_NAME_SIMILAR_TO_A_SYNTHETIC_LIST_RECORD","Name close to list record WL-00762 (PEP_SYNTHETIC)"
"P12-POS-0024","INJECTED_POSITIVE","P12","CUST-000948","2026-04-01","2026-09-30","P12_NAME_SIMILAR_TO_A_SYNTHETIC_LIST_RECORD","Name close to list record WL-01493 (PEP_SYNTHETIC)"
"P12-POS-0025","INJECTED_POSITIVE","P12","CUST-008470","2026-04-01","2026-09-30","P12_NAME_SIMILAR_TO_A_SYNTHETIC_LIST_RECORD","Name close to list record WL-00667 (PEP_SYNTHETIC)"
"P12-POS-0026","INJECTED_POSITIVE","P12","CUST-007804","2026-04-01","2026-09-30","P12_NAME_SIMILAR_TO_A_SYNTHETIC_LIST_RECORD","Name close to list record WL-01498 (PEP_SYNTHETIC)"
"P12-POS-0027","INJECTED_POSITIVE","P12","CUST-005258","2026-04-01","2026-09-30","P12_NAME_SIMILAR_TO_A_SYNTHETIC_LIST_RECORD","Name close to list record WL-01960 (PEP_SYNTHETIC)"
"P12-POS-0028","INJECTED_POSITIVE","P12","CUST-003478","2026-04-01","2026-09-30","P12_NAME_SIMILAR_TO_A_SYNTHETIC_LIST_RECORD","Name close to list record WL-02483 (SANCTIONS_SYNTHETIC)"
"P12-POS-0029","INJECTED_POSITIVE","P12","CUST-000499","2026-04-01","2026-09-30","P12_NAME_SIMILAR_TO_A_SYNTHETIC_LIST_RECORD","Name close to list record WL-01848 (INTERNAL_WATCH)"
"P12-POS-0030","INJECTED_POSITIVE","P12","CUST-000944","2026-04-01","2026-09-30","P12_NAME_SIMILAR_TO_A_SYNTHETIC_LIST_RECORD","Name close to list record WL-00029 (PEP_SYNTHETIC)"
"P12-POS-0031","INJECTED_POSITIVE","P12","CUST-005072","2026-04-01","2026-09-30","P12_NAME_SIMILAR_TO_A_SYNTHETIC_LIST_RECORD","Name close to list record WL-00501 (PEP_SYNTHETIC)"
"P12-POS-0032","INJECTED_POSITIVE","P12","CUST-007737","2026-04-01","2026-09-30","P12_NAME_SIMILAR_TO_A_SYNTHETIC_LIST_RECORD","Name close to list record WL-01730 (PEP_SYNTHETIC)"
"P12-POS-0033","INJECTED_POSITIVE","P12","CUST-002506","2026-04-01","2026-09-30","P12_NAME_SIMILAR_TO_A_SYNTHETIC_LIST_RECORD","Name close to list record WL-02224 (PEP_SYNTHETIC)"
"P12-POS-0034","INJECTED_POSITIVE","P12","CUST-005200","2026-04-01","2026-09-30","P12_NAME_SIMILAR_TO_A_SYNTHETIC_LIST_RECORD","Name close to list record WL-01929 (SANCTIONS_SYNTHETIC)"
"P12-POS-0035","INJECTED_POSITIVE","P12","CUST-008483","2026-04-01","2026-09-30","P12_NAME_SIMILAR_TO_A_SYNTHETIC_LIST_RECORD","Name close to list record WL-00111 (SANCTIONS_SYNTHETIC)"
"P12-POS-0036","INJECTED_POSITIVE","P12","CUST-000381","2026-04-01","2026-09-30","P12_NAME_SIMILAR_TO_A_SYNTHETIC_LIST_RECORD","Name close to list record WL-02359 (PEP_SYNTHETIC)"
"P12-POS-0037","INJECTED_POSITIVE","P12","CUST-009124","2026-04-01","2026-09-30","P12_NAME_SIMILAR_TO_A_SYNTHETIC_LIST_RECORD","Name close to list record WL-01468 (PEP_SYNTHETIC)"
"P12-POS-0038","INJECTED_POSITIVE","P12","CUST-003951","2026-04-01","2026-09-30","P12_NAME_SIMILAR_TO_A_SYNTHETIC_LIST_RECORD","Name close to list record WL-00063 (SANCTIONS_SYNTHETIC)"
"P12-POS-0039","INJECTED_POSITIVE","P12","CUST-008504","2026-04-01","2026-09-30","P12_NAME_SIMILAR_TO_A_SYNTHETIC_LIST_RECORD","Name close to list record WL-00487 (PEP_SYNTHETIC)"
"P12-POS-0040","INJECTED_POSITIVE","P12","CUST-003284","2026-04-01","2026-09-30","P12_NAME_SIMILAR_TO_A_SYNTHETIC_LIST_RECORD","Name close to list record WL-01961 (PEP_SYNTHETIC)"
"P12-POS-0041","INJECTED_POSITIVE","P12","CUST-007625","2026-04-01","2026-09-30","P12_NAME_SIMILAR_TO_A_SYNTHETIC_LIST_RECORD","Name close to list record WL-00305 (PEP_SYNTHETIC)"
"P12-POS-0042","INJECTED_POSITIVE","P12","CUST-000385","2026-04-01","2026-09-30","P12_NAME_SIMILAR_TO_A_SYNTHETIC_LIST_RECORD","Name close to list record WL-01160 (PEP_SYNTHETIC)"
"P12-POS-0043","INJECTED_POSITIVE","P12","CUST-005263","2026-04-01","2026-09-30","P12_NAME_SIMILAR_TO_A_SYNTHETIC_LIST_RECORD","Name close to list record WL-00579 (PEP_SYNTHETIC)"
"P12-POS-0044","INJECTED_POSITIVE","P12","CUST-005224","2026-04-01","2026-09-30","P12_NAME_SIMILAR_TO_A_SYNTHETIC_LIST_RECORD","Name close to list record WL-00632 (PEP_SYNTHETIC)"
"P12-POS-0045","INJECTED_POSITIVE","P12","CUST-005627","2026-04-01","2026-09-30","P12_NAME_SIMILAR_TO_A_SYNTHETIC_LIST_RECORD","Name close to list record WL-00594 (SANCTIONS_SYNTHETIC)"
"P12-POS-0046","INJECTED_POSITIVE","P12","CUST-007149","2026-04-01","2026-09-30","P12_NAME_SIMILAR_TO_A_SYNTHETIC_LIST_RECORD","Name close to list record WL-00343 (SANCTIONS_SYNTHETIC)"
"P12-POS-0047","INJECTED_POSITIVE","P12","CUST-007072","2026-04-01","2026-09-30","P12_NAME_SIMILAR_TO_A_SYNTHETIC_LIST_RECORD","Name close to list record WL-00562 (SANCTIONS_SYNTHETIC)"
"P12-POS-0048","INJECTED_POSITIVE","P12","CUST-006225","2026-04-01","2026-09-30","P12_NAME_SIMILAR_TO_A_SYNTHETIC_LIST_RECORD","Name close to list record WL-00444 (PEP_SYNTHETIC)"
"P12-POS-0049","INJECTED_POSITIVE","P12","CUST-008302","2026-04-01","2026-09-30","P12_NAME_SIMILAR_TO_A_SYNTHETIC_LIST_RECORD","Name close to list record WL-02481 (PEP_SYNTHETIC)"
"P12-POS-0050","INJECTED_POSITIVE","P12","CUST-000378","2026-04-01","2026-09-30","P12_NAME_SIMILAR_TO_A_SYNTHETIC_LIST_RECORD","Name close to list record WL-00129 (INTERNAL_WATCH)"
"P12-POS-0051","INJECTED_POSITIVE","P12","CUST-001348","2026-04-01","2026-09-30","P12_NAME_SIMILAR_TO_A_SYNTHETIC_LIST_RECORD","Name close to list record WL-02169 (SANCTIONS_SYNTHETIC)"
"P12-POS-0052","INJECTED_POSITIVE","P12","CUST-008142","2026-04-01","2026-09-30","P12_NAME_SIMILAR_TO_A_SYNTHETIC_LIST_RECORD","Name close to list record WL-00363 (PEP_SYNTHETIC)"
"P12-POS-0053","INJECTED_POSITIVE","P12","CUST-004513","2026-04-01","2026-09-30","P12_NAME_SIMILAR_TO_A_SYNTHETIC_LIST_RECORD","Name close to list record WL-00826 (INTERNAL_WATCH)"
"P12-POS-0054","INJECTED_POSITIVE","P12","CUST-008636","2026-04-01","2026-09-30","P12_NAME_SIMILAR_TO_A_SYNTHETIC_LIST_RECORD","Name close to list record WL-00854 (PEP_SYNTHETIC)"
"P12-POS-0055","INJECTED_POSITIVE","P12","CUST-003177","2026-04-01","2026-09-30","P12_NAME_SIMILAR_TO_A_SYNTHETIC_LIST_RECORD","Name close to list record WL-00300 (INTERNAL_WATCH)"
"P12-POS-0056","INJECTED_POSITIVE","P12","CUST-005929","2026-04-01","2026-09-30","P12_NAME_SIMILAR_TO_A_SYNTHETIC_LIST_RECORD","Name close to list record WL-00720 (PEP_SYNTHETIC)"
"P12-POS-0057","INJECTED_POSITIVE","P12","CUST-003856","2026-04-01","2026-09-30","P12_NAME_SIMILAR_TO_A_SYNTHETIC_LIST_RECORD","Name close to list record WL-01607 (PEP_SYNTHETIC)"
"P12-POS-0058","INJECTED_POSITIVE","P12","CUST-000846","2026-04-01","2026-09-30","P12_NAME_SIMILAR_TO_A_SYNTHETIC_LIST_RECORD","Name close to list record WL-01158 (PEP_SYNTHETIC)"
"P12-POS-0059","INJECTED_POSITIVE","P12","CUST-000575","2026-04-01","2026-09-30","P12_NAME_SIMILAR_TO_A_SYNTHETIC_LIST_RECORD","Name close to list record WL-02388 (PEP_SYNTHETIC)"
"P12-POS-0060","INJECTED_POSITIVE","P12","CUST-007752","2026-04-01","2026-09-30","P12_NAME_SIMILAR_TO_A_SYNTHETIC_LIST_RECORD","Name close to list record WL-02471 (SANCTIONS_SYNTHETIC)"
"P12-POS-0061","INJECTED_POSITIVE","P12","CUST-002123","2026-04-01","2026-09-30","P12_NAME_SIMILAR_TO_A_SYNTHETIC_LIST_RECORD","Name close to list record WL-01393 (PEP_SYNTHETIC)"
"P12-POS-0062","INJECTED_POSITIVE","P12","CUST-001174","2026-04-01","2026-09-30","P12_NAME_SIMILAR_TO_A_SYNTHETIC_LIST_RECORD","Name close to list record WL-01956 (PEP_SYNTHETIC)"
"P12-POS-0063","INJECTED_POSITIVE","P12","CUST-003278","2026-04-01","2026-09-30","P12_NAME_SIMILAR_TO_A_SYNTHETIC_LIST_RECORD","Name close to list record WL-00855 (PEP_SYNTHETIC)"
"P12-POS-0064","INJECTED_POSITIVE","P12","CUST-006806","2026-04-01","2026-09-30","P12_NAME_SIMILAR_TO_A_SYNTHETIC_LIST_RECORD","Name close to list record WL-02449 (PEP_SYNTHETIC)"
"P12-POS-0065","INJECTED_POSITIVE","P12","CUST-001521","2026-04-01","2026-09-30","P12_NAME_SIMILAR_TO_A_SYNTHETIC_LIST_RECORD","Name close to list record WL-01191 (PEP_SYNTHETIC)"
"P12-POS-0066","INJECTED_POSITIVE","P12","CUST-007832","2026-04-01","2026-09-30","P12_NAME_SIMILAR_TO_A_SYNTHETIC_LIST_RECORD","Name close to list record WL-00233 (PEP_SYNTHETIC)"
"P12-POS-0067","INJECTED_POSITIVE","P12","CUST-008065","2026-04-01","2026-09-30","P12_NAME_SIMILAR_TO_A_SYNTHETIC_LIST_RECORD","Name close to list record WL-02394 (PEP_SYNTHETIC)"
"P12-POS-0068","INJECTED_POSITIVE","P12","CUST-004924","2026-04-01","2026-09-30","P12_NAME_SIMILAR_TO_A_SYNTHETIC_LIST_RECORD","Name close to list record WL-02041 (SANCTIONS_SYNTHETIC)"
"P12-POS-0069","INJECTED_POSITIVE","P12","CUST-006180","2026-04-01","2026-09-30","P12_NAME_SIMILAR_TO_A_SYNTHETIC_LIST_RECORD","Name close to list record WL-02395 (PEP_SYNTHETIC)"
"P12-POS-0070","INJECTED_POSITIVE","P12","CUST-002897","2026-04-01","2026-09-30","P12_NAME_SIMILAR_TO_A_SYNTHETIC_LIST_RECORD","Name close to list record WL-00135 (PEP_SYNTHETIC)"
"P01-EDGE-0001","EDGE_CASE","P01","CUST-002774","2026-06-30","2026-07-18","P01_UNUSUALLY_LARGE_SINGLE_TRANSFER","Legitimate look-alike for P01"
"P01-EDGE-0002","EDGE_CASE","P01","BUS-00830","2026-07-19","2026-08-06","P01_UNUSUALLY_LARGE_SINGLE_TRANSFER","Legitimate look-alike for P01"
"P01-EDGE-0003","EDGE_CASE","P01","CUST-002776","2026-06-23","2026-07-11","P01_UNUSUALLY_LARGE_SINGLE_TRANSFER","Legitimate look-alike for P01"
"P01-EDGE-0004","EDGE_CASE","P01","CUST-005830","2026-08-12","2026-08-30","P01_UNUSUALLY_LARGE_SINGLE_TRANSFER","Legitimate look-alike for P01"
"P01-EDGE-0005","EDGE_CASE","P01","CUST-001665","2026-07-19","2026-08-06","P01_UNUSUALLY_LARGE_SINGLE_TRANSFER","Legitimate look-alike for P01"
"P01-EDGE-0006","EDGE_CASE","P01","CUST-004072","2026-06-08","2026-06-26","P01_UNUSUALLY_LARGE_SINGLE_TRANSFER","Legitimate look-alike for P01"
"P01-EDGE-0007","EDGE_CASE","P01","CUST-003370","2026-06-24","2026-07-12","P01_UNUSUALLY_LARGE_SINGLE_TRANSFER","Legitimate look-alike for P01"
"P01-EDGE-0008","EDGE_CASE","P01","CUST-000183","2026-07-02","2026-07-20","P01_UNUSUALLY_LARGE_SINGLE_TRANSFER","Legitimate look-alike for P01"
"P01-EDGE-0009","EDGE_CASE","P01","CUST-003035","2026-08-16","2026-09-03","P01_UNUSUALLY_LARGE_SINGLE_TRANSFER","Legitimate look-alike for P01"
"P01-EDGE-0010","EDGE_CASE","P01","CUST-005154","2026-08-05","2026-08-23","P01_UNUSUALLY_LARGE_SINGLE_TRANSFER","Legitimate look-alike for P01"
"P01-EDGE-0011","EDGE_CASE","P01","CUST-000176","2026-09-01","2026-09-19","P01_UNUSUALLY_LARGE_SINGLE_TRANSFER","Legitimate look-alike for P01"
"P01-EDGE-0012","EDGE_CASE","P01","CUST-001748","2026-08-05","2026-08-23","P01_UNUSUALLY_LARGE_SINGLE_TRANSFER","Legitimate look-alike for P01"
"P01-EDGE-0013","EDGE_CASE","P01","CUST-000827","2026-09-03","2026-09-21","P01_UNUSUALLY_LARGE_SINGLE_TRANSFER","Legitimate look-alike for P01"
"P01-EDGE-0014","EDGE_CASE","P01","CUST-004865","2026-08-10","2026-08-28","P01_UNUSUALLY_LARGE_SINGLE_TRANSFER","Legitimate look-alike for P01"
"P01-EDGE-0015","EDGE_CASE","P01","CUST-006675","2026-08-11","2026-08-29","P01_UNUSUALLY_LARGE_SINGLE_TRANSFER","Legitimate look-alike for P01"
"P01-EDGE-0016","EDGE_CASE","P01","CUST-007530","2026-07-19","2026-08-06","P01_UNUSUALLY_LARGE_SINGLE_TRANSFER","Legitimate look-alike for P01"
"P01-EDGE-0017","EDGE_CASE","P01","CUST-008068","2026-08-19","2026-09-06","P01_UNUSUALLY_LARGE_SINGLE_TRANSFER","Legitimate look-alike for P01"
"P01-EDGE-0018","EDGE_CASE","P01","CUST-007312","2026-06-16","2026-07-04","P01_UNUSUALLY_LARGE_SINGLE_TRANSFER","Legitimate look-alike for P01"
"P01-EDGE-0019","EDGE_CASE","P01","CUST-004142","2026-06-21","2026-07-09","P01_UNUSUALLY_LARGE_SINGLE_TRANSFER","Legitimate look-alike for P01"
"P01-EDGE-0020","EDGE_CASE","P01","CUST-000298","2026-09-08","2026-09-26","P01_UNUSUALLY_LARGE_SINGLE_TRANSFER","Legitimate look-alike for P01"
"P01-EDGE-0021","EDGE_CASE","P01","CUST-004093","2026-08-04","2026-08-22","P01_UNUSUALLY_LARGE_SINGLE_TRANSFER","Legitimate look-alike for P01"
"P01-EDGE-0022","EDGE_CASE","P01","CUST-005410","2026-07-27","2026-08-14","P01_UNUSUALLY_LARGE_SINGLE_TRANSFER","Legitimate look-alike for P01"
"P01-EDGE-0023","EDGE_CASE","P01","CUST-002147","2026-06-28","2026-07-16","P01_UNUSUALLY_LARGE_SINGLE_TRANSFER","Legitimate look-alike for P01"
"P01-EDGE-0024","EDGE_CASE","P01","CUST-002272","2026-08-19","2026-09-06","P01_UNUSUALLY_LARGE_SINGLE_TRANSFER","Legitimate look-alike for P01"
"P01-EDGE-0025","EDGE_CASE","P01","BUS-00659","2026-06-08","2026-06-26","P01_UNUSUALLY_LARGE_SINGLE_TRANSFER","Legitimate look-alike for P01"
"P01-BOUND-0001","EDGE_CASE","P01","CUST-007550","2026-08-01","2026-08-08","P01_UNUSUALLY_LARGE_SINGLE_TRANSFER","Exactly at threshold (100,000,000) — must not fire at default parameters"
"P01-BOUND-0002","EDGE_CASE","P01","CUST-004131","2026-08-07","2026-08-14","P01_UNUSUALLY_LARGE_SINGLE_TRANSFER","Exactly at threshold (100,000,000) — must not fire at default parameters"
"P01-BOUND-0003","EDGE_CASE","P01","CUST-007274","2026-07-22","2026-07-29","P01_UNUSUALLY_LARGE_SINGLE_TRANSFER","Exactly at threshold (100,000,000) — must not fire at default parameters"
"P01-BOUND-0004","EDGE_CASE","P01","CUST-006715","2026-07-21","2026-07-28","P01_UNUSUALLY_LARGE_SINGLE_TRANSFER","Exactly at threshold (100,000,000) — must not fire at default parameters"
"P01-BOUND-0005","EDGE_CASE","P01","CUST-000988","2026-07-30","2026-08-06","P01_UNUSUALLY_LARGE_SINGLE_TRANSFER","Exactly at threshold (100,000,000) — must not fire at default parameters"
"P02-EDGE-0001","EDGE_CASE","P02","CUST-005897","2026-08-07","2026-09-16","P02_STRUCTURING_BELOW_THE_REPORTING_THRESHOLD","Arisan collector: in-band deposits, but always spread past the 7-day window"
"P02-EDGE-0002","EDGE_CASE","P02","CUST-007236","2026-08-06","2026-09-15","P02_STRUCTURING_BELOW_THE_REPORTING_THRESHOLD","Arisan collector: in-band deposits, but always spread past the 7-day window"
"P02-EDGE-0003","EDGE_CASE","P02","CUST-000749","2026-06-06","2026-07-16","P02_STRUCTURING_BELOW_THE_REPORTING_THRESHOLD","Arisan collector: in-band deposits, but always spread past the 7-day window"
"P02-EDGE-0004","EDGE_CASE","P02","CUST-004248","2026-06-15","2026-07-25","P02_STRUCTURING_BELOW_THE_REPORTING_THRESHOLD","Arisan collector: in-band deposits, but always spread past the 7-day window"
"P02-EDGE-0005","EDGE_CASE","P02","CUST-005519","2026-08-07","2026-09-16","P02_STRUCTURING_BELOW_THE_REPORTING_THRESHOLD","Arisan collector: in-band deposits, but always spread past the 7-day window"
"P02-EDGE-0006","EDGE_CASE","P02","CUST-002985","2026-08-15","2026-09-24","P02_STRUCTURING_BELOW_THE_REPORTING_THRESHOLD","Arisan collector: in-band deposits, but always spread past the 7-day window"
"P02-EDGE-0007","EDGE_CASE","P02","CUST-003808","2026-06-01","2026-07-11","P02_STRUCTURING_BELOW_THE_REPORTING_THRESHOLD","Arisan collector: in-band deposits, but always spread past the 7-day window"
"P02-EDGE-0008","EDGE_CASE","P02","CUST-004403","2026-07-23","2026-09-01","P02_STRUCTURING_BELOW_THE_REPORTING_THRESHOLD","Arisan collector: in-band deposits, but always spread past the 7-day window"
"P02-EDGE-0009","EDGE_CASE","P02","CUST-006991","2026-06-01","2026-07-11","P02_STRUCTURING_BELOW_THE_REPORTING_THRESHOLD","Arisan collector: in-band deposits, but always spread past the 7-day window"
"P02-EDGE-0010","EDGE_CASE","P02","CUST-008815","2026-06-09","2026-07-19","P02_STRUCTURING_BELOW_THE_REPORTING_THRESHOLD","Arisan collector: in-band deposits, but always spread past the 7-day window"
"P02-EDGE-0011","EDGE_CASE","P02","CUST-003381","2026-06-17","2026-07-27","P02_STRUCTURING_BELOW_THE_REPORTING_THRESHOLD","Arisan collector: in-band deposits, but always spread past the 7-day window"
"P02-EDGE-0012","EDGE_CASE","P02","CUST-008346","2026-06-23","2026-08-02","P02_STRUCTURING_BELOW_THE_REPORTING_THRESHOLD","Arisan collector: in-band deposits, but always spread past the 7-day window"
"P02-EDGE-0013","EDGE_CASE","P02","CUST-005089","2026-07-02","2026-08-11","P02_STRUCTURING_BELOW_THE_REPORTING_THRESHOLD","Arisan collector: in-band deposits, but always spread past the 7-day window"
"P02-EDGE-0014","EDGE_CASE","P02","CUST-003485","2026-06-01","2026-07-11","P02_STRUCTURING_BELOW_THE_REPORTING_THRESHOLD","Arisan collector: in-band deposits, but always spread past the 7-day window"
"P02-EDGE-0015","EDGE_CASE","P02","CUST-003873","2026-08-03","2026-09-12","P02_STRUCTURING_BELOW_THE_REPORTING_THRESHOLD","Arisan collector: in-band deposits, but always spread past the 7-day window"
"P02-EDGE-0016","EDGE_CASE","P02","CUST-008648","2026-07-13","2026-08-22","P02_STRUCTURING_BELOW_THE_REPORTING_THRESHOLD","Arisan collector: in-band deposits, but always spread past the 7-day window"
"P02-EDGE-0017","EDGE_CASE","P02","CUST-006101","2026-07-10","2026-08-19","P02_STRUCTURING_BELOW_THE_REPORTING_THRESHOLD","Arisan collector: in-band deposits, but always spread past the 7-day window"
"P02-EDGE-0018","EDGE_CASE","P02","CUST-002163","2026-08-03","2026-09-12","P02_STRUCTURING_BELOW_THE_REPORTING_THRESHOLD","Arisan collector: in-band deposits, but always spread past the 7-day window"
"P02-EDGE-0019","EDGE_CASE","P02","CUST-002677","2026-06-22","2026-08-01","P02_STRUCTURING_BELOW_THE_REPORTING_THRESHOLD","Arisan collector: in-band deposits, but always spread past the 7-day window"
"P02-EDGE-0020","EDGE_CASE","P02","CUST-005272","2026-07-22","2026-08-31","P02_STRUCTURING_BELOW_THE_REPORTING_THRESHOLD","Arisan collector: in-band deposits, but always spread past the 7-day window"
"P02-EDGE-0021","EDGE_CASE","P02","CUST-001550","2026-07-20","2026-08-29","P02_STRUCTURING_BELOW_THE_REPORTING_THRESHOLD","Arisan collector: in-band deposits, but always spread past the 7-day window"
"P02-EDGE-0022","EDGE_CASE","P02","CUST-007064","2026-08-15","2026-09-24","P02_STRUCTURING_BELOW_THE_REPORTING_THRESHOLD","Arisan collector: in-band deposits, but always spread past the 7-day window"
"P02-EDGE-0023","EDGE_CASE","P02","CUST-003585","2026-07-11","2026-08-20","P02_STRUCTURING_BELOW_THE_REPORTING_THRESHOLD","Arisan collector: in-band deposits, but always spread past the 7-day window"
"P02-EDGE-0024","EDGE_CASE","P02","CUST-006786","2026-06-11","2026-07-21","P02_STRUCTURING_BELOW_THE_REPORTING_THRESHOLD","Arisan collector: in-band deposits, but always spread past the 7-day window"
"P02-EDGE-0025","EDGE_CASE","P02","CUST-005418","2026-06-07","2026-07-17","P02_STRUCTURING_BELOW_THE_REPORTING_THRESHOLD","Arisan collector: in-band deposits, but always spread past the 7-day window"
"P02-BOUND-0001","EDGE_CASE","P02","CUST-004904","2026-06-16","2026-06-23","P02_STRUCTURING_BELOW_THE_REPORTING_THRESHOLD","Exactly at threshold (500,000,000) — must not fire at default parameters"
"P02-BOUND-0002","EDGE_CASE","P02","CUST-006542","2026-07-03","2026-07-10","P02_STRUCTURING_BELOW_THE_REPORTING_THRESHOLD","Exactly at threshold (500,000,000) — must not fire at default parameters"
"P02-BOUND-0003","EDGE_CASE","P02","CUST-006431","2026-06-08","2026-06-15","P02_STRUCTURING_BELOW_THE_REPORTING_THRESHOLD","Exactly at threshold (500,000,000) — must not fire at default parameters"
"P02-BOUND-0004","EDGE_CASE","P02","CUST-008534","2026-08-12","2026-08-19","P02_STRUCTURING_BELOW_THE_REPORTING_THRESHOLD","Exactly at threshold (500,000,000) — must not fire at default parameters"
"P02-BOUND-0005","EDGE_CASE","P02","CUST-004157","2026-06-11","2026-06-18","P02_STRUCTURING_BELOW_THE_REPORTING_THRESHOLD","Exactly at threshold (500,000,000) — must not fire at default parameters"
"P03-EDGE-0001","EDGE_CASE","P03","CUST-007111","2026-06-30","2026-07-18","P03_SAME-DAY_PASS-THROUGH","Legitimate look-alike for P03"
"P03-EDGE-0002","EDGE_CASE","P03","BUS-00116","2026-06-16","2026-07-04","P03_SAME-DAY_PASS-THROUGH","Legitimate look-alike for P03"
"P03-EDGE-0003","EDGE_CASE","P03","CUST-005837","2026-08-30","2026-09-17","P03_SAME-DAY_PASS-THROUGH","Legitimate look-alike for P03"
"P03-EDGE-0004","EDGE_CASE","P03","CUST-001599","2026-06-28","2026-07-16","P03_SAME-DAY_PASS-THROUGH","Legitimate look-alike for P03"
"P03-EDGE-0005","EDGE_CASE","P03","CUST-003841","2026-08-21","2026-09-08","P03_SAME-DAY_PASS-THROUGH","Legitimate look-alike for P03"
"P03-EDGE-0006","EDGE_CASE","P03","CUST-005401","2026-08-15","2026-09-02","P03_SAME-DAY_PASS-THROUGH","Legitimate look-alike for P03"
"P03-EDGE-0007","EDGE_CASE","P03","CUST-001157","2026-08-19","2026-09-06","P03_SAME-DAY_PASS-THROUGH","Legitimate look-alike for P03"
"P03-EDGE-0008","EDGE_CASE","P03","CUST-007763","2026-08-14","2026-09-01","P03_SAME-DAY_PASS-THROUGH","Legitimate look-alike for P03"
"P03-EDGE-0009","EDGE_CASE","P03","BUS-00189","2026-08-28","2026-09-15","P03_SAME-DAY_PASS-THROUGH","Legitimate look-alike for P03"
"P03-EDGE-0010","EDGE_CASE","P03","CUST-000956","2026-07-25","2026-08-12","P03_SAME-DAY_PASS-THROUGH","Legitimate look-alike for P03"
"P03-EDGE-0011","EDGE_CASE","P03","CUST-003510","2026-08-30","2026-09-17","P03_SAME-DAY_PASS-THROUGH","Legitimate look-alike for P03"
"P03-EDGE-0012","EDGE_CASE","P03","CUST-008334","2026-08-11","2026-08-29","P03_SAME-DAY_PASS-THROUGH","Legitimate look-alike for P03"
"P03-EDGE-0013","EDGE_CASE","P03","CUST-004420","2026-06-02","2026-06-20","P03_SAME-DAY_PASS-THROUGH","Legitimate look-alike for P03"
"P03-EDGE-0014","EDGE_CASE","P03","CUST-003914","2026-08-18","2026-09-05","P03_SAME-DAY_PASS-THROUGH","Legitimate look-alike for P03"
"P03-EDGE-0015","EDGE_CASE","P03","CUST-008312","2026-08-07","2026-08-25","P03_SAME-DAY_PASS-THROUGH","Legitimate look-alike for P03"
"P03-EDGE-0016","EDGE_CASE","P03","CUST-005948","2026-07-19","2026-08-06","P03_SAME-DAY_PASS-THROUGH","Legitimate look-alike for P03"
"P03-EDGE-0017","EDGE_CASE","P03","CUST-001437","2026-08-10","2026-08-28","P03_SAME-DAY_PASS-THROUGH","Legitimate look-alike for P03"
"P03-EDGE-0018","EDGE_CASE","P03","CUST-008262","2026-08-10","2026-08-28","P03_SAME-DAY_PASS-THROUGH","Legitimate look-alike for P03"
"P03-EDGE-0019","EDGE_CASE","P03","CUST-002944","2026-08-31","2026-09-18","P03_SAME-DAY_PASS-THROUGH","Legitimate look-alike for P03"
"P03-EDGE-0020","EDGE_CASE","P03","CUST-008117","2026-06-30","2026-07-18","P03_SAME-DAY_PASS-THROUGH","Legitimate look-alike for P03"
"P03-EDGE-0021","EDGE_CASE","P03","CUST-006325","2026-06-12","2026-06-30","P03_SAME-DAY_PASS-THROUGH","Legitimate look-alike for P03"
"P03-EDGE-0022","EDGE_CASE","P03","BUS-01008","2026-07-30","2026-08-17","P03_SAME-DAY_PASS-THROUGH","Legitimate look-alike for P03"
"P03-EDGE-0023","EDGE_CASE","P03","CUST-001889","2026-06-14","2026-07-02","P03_SAME-DAY_PASS-THROUGH","Legitimate look-alike for P03"
"P03-EDGE-0024","EDGE_CASE","P03","BUS-00435","2026-08-31","2026-09-18","P03_SAME-DAY_PASS-THROUGH","Legitimate look-alike for P03"
"P03-EDGE-0025","EDGE_CASE","P03","CUST-001827","2026-09-09","2026-09-27","P03_SAME-DAY_PASS-THROUGH","Legitimate look-alike for P03"
"P03-BOUND-0001","EDGE_CASE","P03","CUST-002902","2026-06-25","2026-07-02","P03_SAME-DAY_PASS-THROUGH","Exactly at threshold (100,000,000) — must not fire at default parameters"
"P03-BOUND-0002","EDGE_CASE","P03","CUST-007174","2026-06-12","2026-06-19","P03_SAME-DAY_PASS-THROUGH","Exactly at threshold (100,000,000) — must not fire at default parameters"
"P03-BOUND-0003","EDGE_CASE","P03","CUST-009053","2026-06-19","2026-06-26","P03_SAME-DAY_PASS-THROUGH","Exactly at threshold (100,000,000) — must not fire at default parameters"
"P03-BOUND-0004","EDGE_CASE","P03","CUST-001245","2026-08-07","2026-08-14","P03_SAME-DAY_PASS-THROUGH","Exactly at threshold (100,000,000) — must not fire at default parameters"
"P03-BOUND-0005","EDGE_CASE","P03","CUST-007347","2026-06-17","2026-06-24","P03_SAME-DAY_PASS-THROUGH","Exactly at threshold (100,000,000) — must not fire at default parameters"
"P04-EDGE-0001","EDGE_CASE","P04","CUST-000732","2026-09-14","2026-09-20","P04_TRANSACTION_COUNT_SPIKE_AGAINST_BASELINE","Payroll disburser on payday"
"P04-EDGE-0002","EDGE_CASE","P04","CUST-009151","2026-06-20","2026-06-26","P04_TRANSACTION_COUNT_SPIKE_AGAINST_BASELINE","Payroll disburser on payday"
"P04-EDGE-0003","EDGE_CASE","P04","BUS-00517","2026-07-12","2026-07-18","P04_TRANSACTION_COUNT_SPIKE_AGAINST_BASELINE","Payroll disburser on payday"
"P04-EDGE-0004","EDGE_CASE","P04","CUST-002884","2026-07-16","2026-07-22","P04_TRANSACTION_COUNT_SPIKE_AGAINST_BASELINE","Payroll disburser on payday"
"P04-EDGE-0005","EDGE_CASE","P04","BUS-00240","2026-06-22","2026-06-28","P04_TRANSACTION_COUNT_SPIKE_AGAINST_BASELINE","Payroll disburser on payday"
"P04-EDGE-0006","EDGE_CASE","P04","CUST-004492","2026-08-06","2026-08-12","P04_TRANSACTION_COUNT_SPIKE_AGAINST_BASELINE","Payroll disburser on payday"
"P04-EDGE-0007","EDGE_CASE","P04","CUST-000727","2026-07-21","2026-07-27","P04_TRANSACTION_COUNT_SPIKE_AGAINST_BASELINE","Payroll disburser on payday"
"P04-EDGE-0008","EDGE_CASE","P04","CUST-008270","2026-06-24","2026-06-30","P04_TRANSACTION_COUNT_SPIKE_AGAINST_BASELINE","Payroll disburser on payday"
"P04-EDGE-0009","EDGE_CASE","P04","CUST-001678","2026-09-17","2026-09-23","P04_TRANSACTION_COUNT_SPIKE_AGAINST_BASELINE","Payroll disburser on payday"
"P04-EDGE-0010","EDGE_CASE","P04","CUST-000884","2026-08-12","2026-08-18","P04_TRANSACTION_COUNT_SPIKE_AGAINST_BASELINE","Payroll disburser on payday"
"P04-EDGE-0011","EDGE_CASE","P04","CUST-006117","2026-09-01","2026-09-07","P04_TRANSACTION_COUNT_SPIKE_AGAINST_BASELINE","Payroll disburser on payday"
"P04-EDGE-0012","EDGE_CASE","P04","CUST-008806","2026-07-04","2026-07-10","P04_TRANSACTION_COUNT_SPIKE_AGAINST_BASELINE","Payroll disburser on payday"
"P04-EDGE-0013","EDGE_CASE","P04","CUST-001867","2026-08-12","2026-08-18","P04_TRANSACTION_COUNT_SPIKE_AGAINST_BASELINE","Payroll disburser on payday"
"P04-EDGE-0014","EDGE_CASE","P04","CUST-005933","2026-09-15","2026-09-21","P04_TRANSACTION_COUNT_SPIKE_AGAINST_BASELINE","Payroll disburser on payday"
"P04-EDGE-0015","EDGE_CASE","P04","BUS-00435","2026-06-20","2026-06-26","P04_TRANSACTION_COUNT_SPIKE_AGAINST_BASELINE","Payroll disburser on payday"
"P04-EDGE-0016","EDGE_CASE","P04","CUST-007044","2026-07-17","2026-07-23","P04_TRANSACTION_COUNT_SPIKE_AGAINST_BASELINE","Payroll disburser on payday"
"P04-EDGE-0017","EDGE_CASE","P04","CUST-002374","2026-07-27","2026-08-02","P04_TRANSACTION_COUNT_SPIKE_AGAINST_BASELINE","Payroll disburser on payday"
"P04-EDGE-0018","EDGE_CASE","P04","CUST-006746","2026-08-31","2026-09-06","P04_TRANSACTION_COUNT_SPIKE_AGAINST_BASELINE","Payroll disburser on payday"
"P04-EDGE-0019","EDGE_CASE","P04","CUST-002810","2026-07-01","2026-07-07","P04_TRANSACTION_COUNT_SPIKE_AGAINST_BASELINE","Payroll disburser on payday"
"P04-EDGE-0020","EDGE_CASE","P04","CUST-005223","2026-07-20","2026-07-26","P04_TRANSACTION_COUNT_SPIKE_AGAINST_BASELINE","Payroll disburser on payday"
"P04-EDGE-0021","EDGE_CASE","P04","CUST-003612","2026-08-09","2026-08-15","P04_TRANSACTION_COUNT_SPIKE_AGAINST_BASELINE","Payroll disburser on payday"
"P04-EDGE-0022","EDGE_CASE","P04","CUST-007561","2026-08-01","2026-08-07","P04_TRANSACTION_COUNT_SPIKE_AGAINST_BASELINE","Payroll disburser on payday"
"P04-EDGE-0023","EDGE_CASE","P04","BUS-00927","2026-07-22","2026-07-28","P04_TRANSACTION_COUNT_SPIKE_AGAINST_BASELINE","Payroll disburser on payday"
"P04-EDGE-0024","EDGE_CASE","P04","CUST-005137","2026-08-27","2026-09-02","P04_TRANSACTION_COUNT_SPIKE_AGAINST_BASELINE","Payroll disburser on payday"
"P04-EDGE-0025","EDGE_CASE","P04","CUST-008912","2026-07-14","2026-07-20","P04_TRANSACTION_COUNT_SPIKE_AGAINST_BASELINE","Payroll disburser on payday"
"P04-BOUND-0001","EDGE_CASE","P04","CUST-001690","2026-09-06","2026-09-13","P04_TRANSACTION_COUNT_SPIKE_AGAINST_BASELINE","Exactly at threshold (100,000,000) — must not fire at default parameters"
"P04-BOUND-0002","EDGE_CASE","P04","CUST-000044","2026-07-08","2026-07-15","P04_TRANSACTION_COUNT_SPIKE_AGAINST_BASELINE","Exactly at threshold (100,000,000) — must not fire at default parameters"
"P04-BOUND-0003","EDGE_CASE","P04","CUST-005520","2026-07-25","2026-08-01","P04_TRANSACTION_COUNT_SPIKE_AGAINST_BASELINE","Exactly at threshold (100,000,000) — must not fire at default parameters"
"P04-BOUND-0004","EDGE_CASE","P04","BUS-00175","2026-08-23","2026-08-30","P04_TRANSACTION_COUNT_SPIKE_AGAINST_BASELINE","Exactly at threshold (100,000,000) — must not fire at default parameters"
"P04-BOUND-0005","EDGE_CASE","P04","CUST-004447","2026-06-26","2026-07-03","P04_TRANSACTION_COUNT_SPIKE_AGAINST_BASELINE","Exactly at threshold (100,000,000) — must not fire at default parameters"
"P05-EDGE-0001","EDGE_CASE","P05","CUST-008202","2026-07-19","2026-08-06","P05_DORMANT_ACCOUNT_REACTIVATION","Legitimate look-alike for P05"
"P05-EDGE-0002","EDGE_CASE","P05","CUST-002163","2026-06-11","2026-06-29","P05_DORMANT_ACCOUNT_REACTIVATION","Legitimate look-alike for P05"
"P05-EDGE-0003","EDGE_CASE","P05","CUST-000116","2026-08-20","2026-09-07","P05_DORMANT_ACCOUNT_REACTIVATION","Legitimate look-alike for P05"
"P05-EDGE-0004","EDGE_CASE","P05","CUST-001767","2026-08-13","2026-08-31","P05_DORMANT_ACCOUNT_REACTIVATION","Legitimate look-alike for P05"
"P05-EDGE-0005","EDGE_CASE","P05","CUST-004959","2026-06-02","2026-06-20","P05_DORMANT_ACCOUNT_REACTIVATION","Legitimate look-alike for P05"
"P05-EDGE-0006","EDGE_CASE","P05","CUST-006198","2026-08-07","2026-08-25","P05_DORMANT_ACCOUNT_REACTIVATION","Legitimate look-alike for P05"
"P05-EDGE-0007","EDGE_CASE","P05","CUST-003127","2026-08-04","2026-08-22","P05_DORMANT_ACCOUNT_REACTIVATION","Legitimate look-alike for P05"
"P05-EDGE-0008","EDGE_CASE","P05","CUST-004666","2026-07-14","2026-08-01","P05_DORMANT_ACCOUNT_REACTIVATION","Legitimate look-alike for P05"
"P05-EDGE-0009","EDGE_CASE","P05","CUST-004354","2026-08-24","2026-09-11","P05_DORMANT_ACCOUNT_REACTIVATION","Legitimate look-alike for P05"
"P05-EDGE-0010","EDGE_CASE","P05","CUST-000922","2026-07-15","2026-08-02","P05_DORMANT_ACCOUNT_REACTIVATION","Legitimate look-alike for P05"
"P05-EDGE-0011","EDGE_CASE","P05","CUST-006045","2026-07-27","2026-08-14","P05_DORMANT_ACCOUNT_REACTIVATION","Legitimate look-alike for P05"
"P05-EDGE-0012","EDGE_CASE","P05","CUST-008468","2026-06-22","2026-07-10","P05_DORMANT_ACCOUNT_REACTIVATION","Legitimate look-alike for P05"
"P05-EDGE-0013","EDGE_CASE","P05","CUST-005046","2026-06-30","2026-07-18","P05_DORMANT_ACCOUNT_REACTIVATION","Legitimate look-alike for P05"
"P05-EDGE-0014","EDGE_CASE","P05","CUST-007807","2026-08-26","2026-09-13","P05_DORMANT_ACCOUNT_REACTIVATION","Legitimate look-alike for P05"
"P05-EDGE-0015","EDGE_CASE","P05","CUST-006136","2026-08-25","2026-09-12","P05_DORMANT_ACCOUNT_REACTIVATION","Legitimate look-alike for P05"
"P05-EDGE-0016","EDGE_CASE","P05","BUS-01110","2026-09-08","2026-09-26","P05_DORMANT_ACCOUNT_REACTIVATION","Legitimate look-alike for P05"
"P05-EDGE-0017","EDGE_CASE","P05","CUST-006908","2026-06-06","2026-06-24","P05_DORMANT_ACCOUNT_REACTIVATION","Legitimate look-alike for P05"
"P05-EDGE-0018","EDGE_CASE","P05","BUS-00827","2026-07-28","2026-08-15","P05_DORMANT_ACCOUNT_REACTIVATION","Legitimate look-alike for P05"
"P05-EDGE-0019","EDGE_CASE","P05","CUST-004860","2026-07-21","2026-08-08","P05_DORMANT_ACCOUNT_REACTIVATION","Legitimate look-alike for P05"
"P05-EDGE-0020","EDGE_CASE","P05","CUST-003763","2026-09-01","2026-09-19","P05_DORMANT_ACCOUNT_REACTIVATION","Legitimate look-alike for P05"
"P05-EDGE-0021","EDGE_CASE","P05","CUST-000880","2026-09-04","2026-09-22","P05_DORMANT_ACCOUNT_REACTIVATION","Legitimate look-alike for P05"
"P05-EDGE-0022","EDGE_CASE","P05","CUST-004682","2026-07-26","2026-08-13","P05_DORMANT_ACCOUNT_REACTIVATION","Legitimate look-alike for P05"
"P05-EDGE-0023","EDGE_CASE","P05","CUST-002037","2026-08-04","2026-08-22","P05_DORMANT_ACCOUNT_REACTIVATION","Legitimate look-alike for P05"
"P05-EDGE-0024","EDGE_CASE","P05","CUST-001408","2026-06-13","2026-07-01","P05_DORMANT_ACCOUNT_REACTIVATION","Legitimate look-alike for P05"
"P05-EDGE-0025","EDGE_CASE","P05","CUST-006929","2026-06-16","2026-07-04","P05_DORMANT_ACCOUNT_REACTIVATION","Legitimate look-alike for P05"
"P05-BOUND-0001","EDGE_CASE","P05","CUST-000663","2026-09-07","2026-09-14","P05_DORMANT_ACCOUNT_REACTIVATION","Exactly at threshold (100,000,000) — must not fire at default parameters"
"P05-BOUND-0002","EDGE_CASE","P05","BUS-01073","2026-09-11","2026-09-18","P05_DORMANT_ACCOUNT_REACTIVATION","Exactly at threshold (100,000,000) — must not fire at default parameters"
"P05-BOUND-0003","EDGE_CASE","P05","CUST-000505","2026-06-17","2026-06-24","P05_DORMANT_ACCOUNT_REACTIVATION","Exactly at threshold (100,000,000) — must not fire at default parameters"
"P05-BOUND-0004","EDGE_CASE","P05","CUST-002248","2026-07-21","2026-07-28","P05_DORMANT_ACCOUNT_REACTIVATION","Exactly at threshold (100,000,000) — must not fire at default parameters"
"P05-BOUND-0005","EDGE_CASE","P05","CUST-000541","2026-07-07","2026-07-14","P05_DORMANT_ACCOUNT_REACTIVATION","Exactly at threshold (100,000,000) — must not fire at default parameters"
"P06-EDGE-0001","EDGE_CASE","P06","CUST-006186","2026-07-05","2026-07-21","P06_UNIFORM_ROUND_AMOUNTS","Agent kiosk float top-ups in round amounts"
"P06-EDGE-0002","EDGE_CASE","P06","CUST-005234","2026-06-02","2026-06-18","P06_UNIFORM_ROUND_AMOUNTS","Agent kiosk float top-ups in round amounts"
"P06-EDGE-0003","EDGE_CASE","P06","CUST-004467","2026-07-01","2026-07-17","P06_UNIFORM_ROUND_AMOUNTS","Agent kiosk float top-ups in round amounts"
"P06-EDGE-0004","EDGE_CASE","P06","CUST-002038","2026-05-31","2026-06-16","P06_UNIFORM_ROUND_AMOUNTS","Agent kiosk float top-ups in round amounts"
"P06-EDGE-0005","EDGE_CASE","P06","CUST-000769","2026-07-12","2026-07-28","P06_UNIFORM_ROUND_AMOUNTS","Agent kiosk float top-ups in round amounts"
"P06-EDGE-0006","EDGE_CASE","P06","CUST-002043","2026-08-03","2026-08-19","P06_UNIFORM_ROUND_AMOUNTS","Agent kiosk float top-ups in round amounts"
"P06-EDGE-0007","EDGE_CASE","P06","CUST-007127","2026-06-30","2026-07-16","P06_UNIFORM_ROUND_AMOUNTS","Agent kiosk float top-ups in round amounts"
"P06-EDGE-0008","EDGE_CASE","P06","CUST-006370","2026-08-24","2026-09-09","P06_UNIFORM_ROUND_AMOUNTS","Agent kiosk float top-ups in round amounts"
"P06-EDGE-0009","EDGE_CASE","P06","CUST-003792","2026-08-04","2026-08-20","P06_UNIFORM_ROUND_AMOUNTS","Agent kiosk float top-ups in round amounts"
"P06-EDGE-0010","EDGE_CASE","P06","CUST-008638","2026-08-29","2026-09-14","P06_UNIFORM_ROUND_AMOUNTS","Agent kiosk float top-ups in round amounts"
"P06-EDGE-0011","EDGE_CASE","P06","CUST-002413","2026-07-20","2026-08-05","P06_UNIFORM_ROUND_AMOUNTS","Agent kiosk float top-ups in round amounts"
"P06-EDGE-0012","EDGE_CASE","P06","CUST-006322","2026-09-11","2026-09-27","P06_UNIFORM_ROUND_AMOUNTS","Agent kiosk float top-ups in round amounts"
"P06-EDGE-0013","EDGE_CASE","P06","CUST-009033","2026-08-09","2026-08-25","P06_UNIFORM_ROUND_AMOUNTS","Agent kiosk float top-ups in round amounts"
"P06-EDGE-0014","EDGE_CASE","P06","CUST-004109","2026-06-17","2026-07-03","P06_UNIFORM_ROUND_AMOUNTS","Agent kiosk float top-ups in round amounts"
"P06-EDGE-0015","EDGE_CASE","P06","CUST-006848","2026-09-04","2026-09-20","P06_UNIFORM_ROUND_AMOUNTS","Agent kiosk float top-ups in round amounts"
"P06-EDGE-0016","EDGE_CASE","P06","CUST-007210","2026-08-23","2026-09-08","P06_UNIFORM_ROUND_AMOUNTS","Agent kiosk float top-ups in round amounts"
"P06-EDGE-0017","EDGE_CASE","P06","CUST-007016","2026-09-10","2026-09-26","P06_UNIFORM_ROUND_AMOUNTS","Agent kiosk float top-ups in round amounts"
"P06-EDGE-0018","EDGE_CASE","P06","CUST-002390","2026-07-12","2026-07-28","P06_UNIFORM_ROUND_AMOUNTS","Agent kiosk float top-ups in round amounts"
"P06-EDGE-0019","EDGE_CASE","P06","BUS-00869","2026-07-15","2026-07-31","P06_UNIFORM_ROUND_AMOUNTS","Agent kiosk float top-ups in round amounts"
"P06-EDGE-0020","EDGE_CASE","P06","BUS-00343","2026-09-07","2026-09-23","P06_UNIFORM_ROUND_AMOUNTS","Agent kiosk float top-ups in round amounts"
"P06-EDGE-0021","EDGE_CASE","P06","CUST-006958","2026-07-22","2026-08-07","P06_UNIFORM_ROUND_AMOUNTS","Agent kiosk float top-ups in round amounts"
"P06-EDGE-0022","EDGE_CASE","P06","CUST-000154","2026-08-17","2026-09-02","P06_UNIFORM_ROUND_AMOUNTS","Agent kiosk float top-ups in round amounts"
"P06-EDGE-0023","EDGE_CASE","P06","CUST-004912","2026-08-27","2026-09-12","P06_UNIFORM_ROUND_AMOUNTS","Agent kiosk float top-ups in round amounts"
"P06-EDGE-0024","EDGE_CASE","P06","BUS-00309","2026-07-17","2026-08-02","P06_UNIFORM_ROUND_AMOUNTS","Agent kiosk float top-ups in round amounts"
"P06-EDGE-0025","EDGE_CASE","P06","CUST-000764","2026-07-04","2026-07-20","P06_UNIFORM_ROUND_AMOUNTS","Agent kiosk float top-ups in round amounts"
"P06-BOUND-0001","EDGE_CASE","P06","BUS-01177","2026-07-22","2026-07-29","P06_UNIFORM_ROUND_AMOUNTS","Exactly at threshold (100,000,000) — must not fire at default parameters"
"P06-BOUND-0002","EDGE_CASE","P06","CUST-005359","2026-06-02","2026-06-09","P06_UNIFORM_ROUND_AMOUNTS","Exactly at threshold (100,000,000) — must not fire at default parameters"
"P06-BOUND-0003","EDGE_CASE","P06","CUST-007505","2026-08-03","2026-08-10","P06_UNIFORM_ROUND_AMOUNTS","Exactly at threshold (100,000,000) — must not fire at default parameters"
"P06-BOUND-0004","EDGE_CASE","P06","CUST-002722","2026-06-21","2026-06-28","P06_UNIFORM_ROUND_AMOUNTS","Exactly at threshold (100,000,000) — must not fire at default parameters"
"P06-BOUND-0005","EDGE_CASE","P06","CUST-004825","2026-08-06","2026-08-13","P06_UNIFORM_ROUND_AMOUNTS","Exactly at threshold (100,000,000) — must not fire at default parameters"
"P07-EDGE-0001","EDGE_CASE","P07","CUST-008297","2026-07-20","2026-08-07","P07_STEPPED_WEEKLY_VALUE_INCREASE","Legitimate look-alike for P07"
"P07-EDGE-0002","EDGE_CASE","P07","CUST-007132","2026-09-03","2026-09-21","P07_STEPPED_WEEKLY_VALUE_INCREASE","Legitimate look-alike for P07"
"P07-EDGE-0003","EDGE_CASE","P07","CUST-008324","2026-07-06","2026-07-24","P07_STEPPED_WEEKLY_VALUE_INCREASE","Legitimate look-alike for P07"
"P07-EDGE-0004","EDGE_CASE","P07","BUS-00906","2026-07-10","2026-07-28","P07_STEPPED_WEEKLY_VALUE_INCREASE","Legitimate look-alike for P07"
"P07-EDGE-0005","EDGE_CASE","P07","CUST-004971","2026-07-04","2026-07-22","P07_STEPPED_WEEKLY_VALUE_INCREASE","Legitimate look-alike for P07"
"P07-EDGE-0006","EDGE_CASE","P07","CUST-002480","2026-07-26","2026-08-13","P07_STEPPED_WEEKLY_VALUE_INCREASE","Legitimate look-alike for P07"
"P07-EDGE-0007","EDGE_CASE","P07","CUST-006354","2026-06-01","2026-06-19","P07_STEPPED_WEEKLY_VALUE_INCREASE","Legitimate look-alike for P07"
"P07-EDGE-0008","EDGE_CASE","P07","CUST-001751","2026-07-31","2026-08-18","P07_STEPPED_WEEKLY_VALUE_INCREASE","Legitimate look-alike for P07"
"P07-EDGE-0009","EDGE_CASE","P07","CUST-000504","2026-07-13","2026-07-31","P07_STEPPED_WEEKLY_VALUE_INCREASE","Legitimate look-alike for P07"
"P07-EDGE-0010","EDGE_CASE","P07","CUST-003716","2026-06-13","2026-07-01","P07_STEPPED_WEEKLY_VALUE_INCREASE","Legitimate look-alike for P07"
"P07-EDGE-0011","EDGE_CASE","P07","CUST-001432","2026-06-04","2026-06-22","P07_STEPPED_WEEKLY_VALUE_INCREASE","Legitimate look-alike for P07"
"P07-EDGE-0012","EDGE_CASE","P07","BUS-01033","2026-08-28","2026-09-15","P07_STEPPED_WEEKLY_VALUE_INCREASE","Legitimate look-alike for P07"
"P07-EDGE-0013","EDGE_CASE","P07","BUS-00134","2026-06-21","2026-07-09","P07_STEPPED_WEEKLY_VALUE_INCREASE","Legitimate look-alike for P07"
"P07-EDGE-0014","EDGE_CASE","P07","CUST-007227","2026-07-16","2026-08-03","P07_STEPPED_WEEKLY_VALUE_INCREASE","Legitimate look-alike for P07"
"P07-EDGE-0015","EDGE_CASE","P07","CUST-004756","2026-07-14","2026-08-01","P07_STEPPED_WEEKLY_VALUE_INCREASE","Legitimate look-alike for P07"
"P07-EDGE-0016","EDGE_CASE","P07","CUST-000764","2026-06-25","2026-07-13","P07_STEPPED_WEEKLY_VALUE_INCREASE","Legitimate look-alike for P07"
"P07-EDGE-0017","EDGE_CASE","P07","CUST-000116","2026-08-27","2026-09-14","P07_STEPPED_WEEKLY_VALUE_INCREASE","Legitimate look-alike for P07"
"P07-EDGE-0018","EDGE_CASE","P07","CUST-002617","2026-06-04","2026-06-22","P07_STEPPED_WEEKLY_VALUE_INCREASE","Legitimate look-alike for P07"
"P07-EDGE-0019","EDGE_CASE","P07","CUST-005461","2026-08-03","2026-08-21","P07_STEPPED_WEEKLY_VALUE_INCREASE","Legitimate look-alike for P07"
"P07-EDGE-0020","EDGE_CASE","P07","CUST-001132","2026-07-26","2026-08-13","P07_STEPPED_WEEKLY_VALUE_INCREASE","Legitimate look-alike for P07"
"P07-EDGE-0021","EDGE_CASE","P07","CUST-006357","2026-08-15","2026-09-02","P07_STEPPED_WEEKLY_VALUE_INCREASE","Legitimate look-alike for P07"
"P07-EDGE-0022","EDGE_CASE","P07","CUST-007065","2026-07-16","2026-08-03","P07_STEPPED_WEEKLY_VALUE_INCREASE","Legitimate look-alike for P07"
"P07-EDGE-0023","EDGE_CASE","P07","CUST-002592","2026-08-04","2026-08-22","P07_STEPPED_WEEKLY_VALUE_INCREASE","Legitimate look-alike for P07"
"P07-EDGE-0024","EDGE_CASE","P07","CUST-002726","2026-06-15","2026-07-03","P07_STEPPED_WEEKLY_VALUE_INCREASE","Legitimate look-alike for P07"
"P07-EDGE-0025","EDGE_CASE","P07","CUST-003200","2026-07-07","2026-07-25","P07_STEPPED_WEEKLY_VALUE_INCREASE","Legitimate look-alike for P07"
"P07-BOUND-0001","EDGE_CASE","P07","CUST-000319","2026-07-14","2026-07-21","P07_STEPPED_WEEKLY_VALUE_INCREASE","Exactly at threshold (100,000,000) — must not fire at default parameters"
"P07-BOUND-0002","EDGE_CASE","P07","CUST-002655","2026-06-01","2026-06-08","P07_STEPPED_WEEKLY_VALUE_INCREASE","Exactly at threshold (100,000,000) — must not fire at default parameters"
"P07-BOUND-0003","EDGE_CASE","P07","CUST-002687","2026-07-16","2026-07-23","P07_STEPPED_WEEKLY_VALUE_INCREASE","Exactly at threshold (100,000,000) — must not fire at default parameters"
"P07-BOUND-0004","EDGE_CASE","P07","CUST-001649","2026-06-08","2026-06-15","P07_STEPPED_WEEKLY_VALUE_INCREASE","Exactly at threshold (100,000,000) — must not fire at default parameters"
"P07-BOUND-0005","EDGE_CASE","P07","CUST-008123","2026-08-05","2026-08-12","P07_STEPPED_WEEKLY_VALUE_INCREASE","Exactly at threshold (100,000,000) — must not fire at default parameters"
"P08-EDGE-0001","EDGE_CASE","P08","CUST-006565","2026-06-19","2026-09-11","P08_CONCENTRATED_HIGH-RISK_GEOGRAPHY_EXPOSURE","Cross-border student receiving family support"
"P08-EDGE-0002","EDGE_CASE","P08","CUST-007541","2026-06-29","2026-09-21","P08_CONCENTRATED_HIGH-RISK_GEOGRAPHY_EXPOSURE","Cross-border student receiving family support"
"P08-EDGE-0003","EDGE_CASE","P08","CUST-006701","2026-06-21","2026-09-13","P08_CONCENTRATED_HIGH-RISK_GEOGRAPHY_EXPOSURE","Cross-border student receiving family support"
"P08-EDGE-0004","EDGE_CASE","P08","CUST-002675","2026-06-24","2026-09-16","P08_CONCENTRATED_HIGH-RISK_GEOGRAPHY_EXPOSURE","Cross-border student receiving family support"
"P08-EDGE-0005","EDGE_CASE","P08","BUS-00392","2026-07-01","2026-09-23","P08_CONCENTRATED_HIGH-RISK_GEOGRAPHY_EXPOSURE","Cross-border student receiving family support"
"P08-EDGE-0006","EDGE_CASE","P08","CUST-002964","2026-05-31","2026-08-23","P08_CONCENTRATED_HIGH-RISK_GEOGRAPHY_EXPOSURE","Cross-border student receiving family support"
"P08-EDGE-0007","EDGE_CASE","P08","CUST-001601","2026-06-15","2026-09-07","P08_CONCENTRATED_HIGH-RISK_GEOGRAPHY_EXPOSURE","Cross-border student receiving family support"
"P08-EDGE-0008","EDGE_CASE","P08","CUST-005579","2026-06-29","2026-09-21","P08_CONCENTRATED_HIGH-RISK_GEOGRAPHY_EXPOSURE","Cross-border student receiving family support"
"P08-EDGE-0009","EDGE_CASE","P08","CUST-007109","2026-06-18","2026-09-10","P08_CONCENTRATED_HIGH-RISK_GEOGRAPHY_EXPOSURE","Cross-border student receiving family support"
"P08-EDGE-0010","EDGE_CASE","P08","CUST-007306","2026-07-06","2026-09-28","P08_CONCENTRATED_HIGH-RISK_GEOGRAPHY_EXPOSURE","Cross-border student receiving family support"
"P08-EDGE-0011","EDGE_CASE","P08","CUST-005996","2026-07-03","2026-09-25","P08_CONCENTRATED_HIGH-RISK_GEOGRAPHY_EXPOSURE","Cross-border student receiving family support"
"P08-EDGE-0012","EDGE_CASE","P08","CUST-001926","2026-06-27","2026-09-19","P08_CONCENTRATED_HIGH-RISK_GEOGRAPHY_EXPOSURE","Cross-border student receiving family support"
"P08-EDGE-0013","EDGE_CASE","P08","BUS-00914","2026-06-20","2026-09-12","P08_CONCENTRATED_HIGH-RISK_GEOGRAPHY_EXPOSURE","Cross-border student receiving family support"
"P08-EDGE-0014","EDGE_CASE","P08","CUST-001976","2026-06-18","2026-09-10","P08_CONCENTRATED_HIGH-RISK_GEOGRAPHY_EXPOSURE","Cross-border student receiving family support"
"P08-EDGE-0015","EDGE_CASE","P08","CUST-000675","2026-06-19","2026-09-11","P08_CONCENTRATED_HIGH-RISK_GEOGRAPHY_EXPOSURE","Cross-border student receiving family support"
"P08-EDGE-0016","EDGE_CASE","P08","CUST-002325","2026-06-12","2026-09-04","P08_CONCENTRATED_HIGH-RISK_GEOGRAPHY_EXPOSURE","Cross-border student receiving family support"
"P08-EDGE-0017","EDGE_CASE","P08","BUS-00444","2026-06-19","2026-09-11","P08_CONCENTRATED_HIGH-RISK_GEOGRAPHY_EXPOSURE","Cross-border student receiving family support"
"P08-EDGE-0018","EDGE_CASE","P08","BUS-00419","2026-06-10","2026-09-02","P08_CONCENTRATED_HIGH-RISK_GEOGRAPHY_EXPOSURE","Cross-border student receiving family support"
"P08-EDGE-0019","EDGE_CASE","P08","CUST-004294","2026-06-28","2026-09-20","P08_CONCENTRATED_HIGH-RISK_GEOGRAPHY_EXPOSURE","Cross-border student receiving family support"
"P08-EDGE-0020","EDGE_CASE","P08","BUS-00803","2026-05-31","2026-08-23","P08_CONCENTRATED_HIGH-RISK_GEOGRAPHY_EXPOSURE","Cross-border student receiving family support"
"P08-EDGE-0021","EDGE_CASE","P08","CUST-001977","2026-06-03","2026-08-26","P08_CONCENTRATED_HIGH-RISK_GEOGRAPHY_EXPOSURE","Cross-border student receiving family support"
"P08-EDGE-0022","EDGE_CASE","P08","CUST-006403","2026-06-17","2026-09-09","P08_CONCENTRATED_HIGH-RISK_GEOGRAPHY_EXPOSURE","Cross-border student receiving family support"
"P08-EDGE-0023","EDGE_CASE","P08","CUST-004872","2026-06-21","2026-09-13","P08_CONCENTRATED_HIGH-RISK_GEOGRAPHY_EXPOSURE","Cross-border student receiving family support"
"P08-EDGE-0024","EDGE_CASE","P08","BUS-00747","2026-07-06","2026-09-28","P08_CONCENTRATED_HIGH-RISK_GEOGRAPHY_EXPOSURE","Cross-border student receiving family support"
"P08-EDGE-0025","EDGE_CASE","P08","CUST-007228","2026-06-03","2026-08-26","P08_CONCENTRATED_HIGH-RISK_GEOGRAPHY_EXPOSURE","Cross-border student receiving family support"
"P08-BOUND-0001","EDGE_CASE","P08","CUST-007896","2026-06-14","2026-06-21","P08_CONCENTRATED_HIGH-RISK_GEOGRAPHY_EXPOSURE","Exactly at threshold (100,000,000) — must not fire at default parameters"
"P08-BOUND-0002","EDGE_CASE","P08","CUST-006531","2026-07-11","2026-07-18","P08_CONCENTRATED_HIGH-RISK_GEOGRAPHY_EXPOSURE","Exactly at threshold (100,000,000) — must not fire at default parameters"
"P08-BOUND-0003","EDGE_CASE","P08","BUS-01142","2026-07-08","2026-07-15","P08_CONCENTRATED_HIGH-RISK_GEOGRAPHY_EXPOSURE","Exactly at threshold (100,000,000) — must not fire at default parameters"
"P08-BOUND-0004","EDGE_CASE","P08","CUST-000913","2026-06-29","2026-07-06","P08_CONCENTRATED_HIGH-RISK_GEOGRAPHY_EXPOSURE","Exactly at threshold (100,000,000) — must not fire at default parameters"
"P08-BOUND-0005","EDGE_CASE","P08","CUST-009109","2026-06-22","2026-06-29","P08_CONCENTRATED_HIGH-RISK_GEOGRAPHY_EXPOSURE","Exactly at threshold (100,000,000) — must not fire at default parameters"
"P09-EDGE-0001","EDGE_CASE","P09","CUST-001658","2026-08-22","2026-09-09","P09_DEVICE_SHARED_BY_UNRELATED_ENTITIES","Legitimate look-alike for P09"
"P09-EDGE-0002","EDGE_CASE","P09","BUS-00530","2026-06-15","2026-07-03","P09_DEVICE_SHARED_BY_UNRELATED_ENTITIES","Legitimate look-alike for P09"
"P09-EDGE-0003","EDGE_CASE","P09","CUST-005763","2026-06-13","2026-07-01","P09_DEVICE_SHARED_BY_UNRELATED_ENTITIES","Legitimate look-alike for P09"
"P09-EDGE-0004","EDGE_CASE","P09","BUS-01003","2026-08-17","2026-09-04","P09_DEVICE_SHARED_BY_UNRELATED_ENTITIES","Legitimate look-alike for P09"
"P09-EDGE-0005","EDGE_CASE","P09","CUST-007298","2026-09-03","2026-09-21","P09_DEVICE_SHARED_BY_UNRELATED_ENTITIES","Legitimate look-alike for P09"
"P09-EDGE-0006","EDGE_CASE","P09","CUST-005125","2026-06-12","2026-06-30","P09_DEVICE_SHARED_BY_UNRELATED_ENTITIES","Legitimate look-alike for P09"
"P09-EDGE-0007","EDGE_CASE","P09","CUST-007913","2026-08-05","2026-08-23","P09_DEVICE_SHARED_BY_UNRELATED_ENTITIES","Legitimate look-alike for P09"
"P09-EDGE-0008","EDGE_CASE","P09","CUST-006758","2026-08-25","2026-09-12","P09_DEVICE_SHARED_BY_UNRELATED_ENTITIES","Legitimate look-alike for P09"
"P09-EDGE-0009","EDGE_CASE","P09","CUST-005816","2026-06-07","2026-06-25","P09_DEVICE_SHARED_BY_UNRELATED_ENTITIES","Legitimate look-alike for P09"
"P09-EDGE-0010","EDGE_CASE","P09","CUST-007032","2026-06-28","2026-07-16","P09_DEVICE_SHARED_BY_UNRELATED_ENTITIES","Legitimate look-alike for P09"
"P09-EDGE-0011","EDGE_CASE","P09","CUST-005009","2026-06-01","2026-06-19","P09_DEVICE_SHARED_BY_UNRELATED_ENTITIES","Legitimate look-alike for P09"
"P09-EDGE-0012","EDGE_CASE","P09","CUST-007282","2026-07-19","2026-08-06","P09_DEVICE_SHARED_BY_UNRELATED_ENTITIES","Legitimate look-alike for P09"
"P09-EDGE-0013","EDGE_CASE","P09","CUST-000083","2026-06-26","2026-07-14","P09_DEVICE_SHARED_BY_UNRELATED_ENTITIES","Legitimate look-alike for P09"
"P09-EDGE-0014","EDGE_CASE","P09","CUST-001260","2026-08-24","2026-09-11","P09_DEVICE_SHARED_BY_UNRELATED_ENTITIES","Legitimate look-alike for P09"
"P09-EDGE-0015","EDGE_CASE","P09","CUST-007221","2026-06-23","2026-07-11","P09_DEVICE_SHARED_BY_UNRELATED_ENTITIES","Legitimate look-alike for P09"
"P09-EDGE-0016","EDGE_CASE","P09","CUST-008599","2026-07-31","2026-08-18","P09_DEVICE_SHARED_BY_UNRELATED_ENTITIES","Legitimate look-alike for P09"
"P09-EDGE-0017","EDGE_CASE","P09","CUST-008548","2026-09-03","2026-09-21","P09_DEVICE_SHARED_BY_UNRELATED_ENTITIES","Legitimate look-alike for P09"
"P09-EDGE-0018","EDGE_CASE","P09","CUST-006479","2026-08-31","2026-09-18","P09_DEVICE_SHARED_BY_UNRELATED_ENTITIES","Legitimate look-alike for P09"
"P09-EDGE-0019","EDGE_CASE","P09","CUST-000121","2026-07-26","2026-08-13","P09_DEVICE_SHARED_BY_UNRELATED_ENTITIES","Legitimate look-alike for P09"
"P09-EDGE-0020","EDGE_CASE","P09","CUST-003165","2026-09-07","2026-09-25","P09_DEVICE_SHARED_BY_UNRELATED_ENTITIES","Legitimate look-alike for P09"
"P09-EDGE-0021","EDGE_CASE","P09","CUST-002363","2026-08-18","2026-09-05","P09_DEVICE_SHARED_BY_UNRELATED_ENTITIES","Legitimate look-alike for P09"
"P09-EDGE-0022","EDGE_CASE","P09","CUST-002222","2026-08-18","2026-09-05","P09_DEVICE_SHARED_BY_UNRELATED_ENTITIES","Legitimate look-alike for P09"
"P09-EDGE-0023","EDGE_CASE","P09","CUST-004379","2026-07-23","2026-08-10","P09_DEVICE_SHARED_BY_UNRELATED_ENTITIES","Legitimate look-alike for P09"
"P09-EDGE-0024","EDGE_CASE","P09","CUST-000711","2026-09-07","2026-09-25","P09_DEVICE_SHARED_BY_UNRELATED_ENTITIES","Legitimate look-alike for P09"
"P09-EDGE-0025","EDGE_CASE","P09","CUST-008009","2026-08-23","2026-09-10","P09_DEVICE_SHARED_BY_UNRELATED_ENTITIES","Legitimate look-alike for P09"
"P09-BOUND-0001","EDGE_CASE","P09","CUST-007471","2026-07-21","2026-07-28","P09_DEVICE_SHARED_BY_UNRELATED_ENTITIES","Exactly at threshold (100,000,000) — must not fire at default parameters"
"P09-BOUND-0002","EDGE_CASE","P09","CUST-003111","2026-08-10","2026-08-17","P09_DEVICE_SHARED_BY_UNRELATED_ENTITIES","Exactly at threshold (100,000,000) — must not fire at default parameters"
"P09-BOUND-0003","EDGE_CASE","P09","CUST-003670","2026-06-02","2026-06-09","P09_DEVICE_SHARED_BY_UNRELATED_ENTITIES","Exactly at threshold (100,000,000) — must not fire at default parameters"
"P09-BOUND-0004","EDGE_CASE","P09","CUST-007337","2026-08-17","2026-08-24","P09_DEVICE_SHARED_BY_UNRELATED_ENTITIES","Exactly at threshold (100,000,000) — must not fire at default parameters"
"P09-BOUND-0005","EDGE_CASE","P09","CUST-007533","2026-07-26","2026-08-02","P09_DEVICE_SHARED_BY_UNRELATED_ENTITIES","Exactly at threshold (100,000,000) — must not fire at default parameters"
"P10-EDGE-0001","EDGE_CASE","P10","CUST-008557","2026-08-30","2026-09-17","P10_MERCHANT_ACTIVITY_INCONSISTENT_WITH_ITS_MCC","Legitimate look-alike for P10"
"P10-EDGE-0002","EDGE_CASE","P10","CUST-002186","2026-07-10","2026-07-28","P10_MERCHANT_ACTIVITY_INCONSISTENT_WITH_ITS_MCC","Legitimate look-alike for P10"
"P10-EDGE-0003","EDGE_CASE","P10","CUST-007501","2026-08-29","2026-09-16","P10_MERCHANT_ACTIVITY_INCONSISTENT_WITH_ITS_MCC","Legitimate look-alike for P10"
"P10-EDGE-0004","EDGE_CASE","P10","CUST-005643","2026-06-15","2026-07-03","P10_MERCHANT_ACTIVITY_INCONSISTENT_WITH_ITS_MCC","Legitimate look-alike for P10"
"P10-EDGE-0005","EDGE_CASE","P10","CUST-001734","2026-08-31","2026-09-18","P10_MERCHANT_ACTIVITY_INCONSISTENT_WITH_ITS_MCC","Legitimate look-alike for P10"
"P10-EDGE-0006","EDGE_CASE","P10","CUST-008893","2026-08-08","2026-08-26","P10_MERCHANT_ACTIVITY_INCONSISTENT_WITH_ITS_MCC","Legitimate look-alike for P10"
"P10-EDGE-0007","EDGE_CASE","P10","CUST-004429","2026-06-23","2026-07-11","P10_MERCHANT_ACTIVITY_INCONSISTENT_WITH_ITS_MCC","Legitimate look-alike for P10"
"P10-EDGE-0008","EDGE_CASE","P10","CUST-008508","2026-06-16","2026-07-04","P10_MERCHANT_ACTIVITY_INCONSISTENT_WITH_ITS_MCC","Legitimate look-alike for P10"
"P10-EDGE-0009","EDGE_CASE","P10","CUST-001358","2026-08-07","2026-08-25","P10_MERCHANT_ACTIVITY_INCONSISTENT_WITH_ITS_MCC","Legitimate look-alike for P10"
"P10-EDGE-0010","EDGE_CASE","P10","CUST-003585","2026-08-14","2026-09-01","P10_MERCHANT_ACTIVITY_INCONSISTENT_WITH_ITS_MCC","Legitimate look-alike for P10"
"P10-EDGE-0011","EDGE_CASE","P10","CUST-001340","2026-09-04","2026-09-22","P10_MERCHANT_ACTIVITY_INCONSISTENT_WITH_ITS_MCC","Legitimate look-alike for P10"
"P10-EDGE-0012","EDGE_CASE","P10","CUST-000461","2026-08-19","2026-09-06","P10_MERCHANT_ACTIVITY_INCONSISTENT_WITH_ITS_MCC","Legitimate look-alike for P10"
"P10-EDGE-0013","EDGE_CASE","P10","CUST-005946","2026-07-22","2026-08-09","P10_MERCHANT_ACTIVITY_INCONSISTENT_WITH_ITS_MCC","Legitimate look-alike for P10"
"P10-EDGE-0014","EDGE_CASE","P10","CUST-007657","2026-07-19","2026-08-06","P10_MERCHANT_ACTIVITY_INCONSISTENT_WITH_ITS_MCC","Legitimate look-alike for P10"
"P10-EDGE-0015","EDGE_CASE","P10","CUST-000943","2026-08-26","2026-09-13","P10_MERCHANT_ACTIVITY_INCONSISTENT_WITH_ITS_MCC","Legitimate look-alike for P10"
"P10-EDGE-0016","EDGE_CASE","P10","CUST-004675","2026-07-22","2026-08-09","P10_MERCHANT_ACTIVITY_INCONSISTENT_WITH_ITS_MCC","Legitimate look-alike for P10"
"P10-EDGE-0017","EDGE_CASE","P10","CUST-001014","2026-08-28","2026-09-15","P10_MERCHANT_ACTIVITY_INCONSISTENT_WITH_ITS_MCC","Legitimate look-alike for P10"
"P10-EDGE-0018","EDGE_CASE","P10","CUST-008150","2026-08-25","2026-09-12","P10_MERCHANT_ACTIVITY_INCONSISTENT_WITH_ITS_MCC","Legitimate look-alike for P10"
"P10-EDGE-0019","EDGE_CASE","P10","CUST-000637","2026-05-31","2026-06-18","P10_MERCHANT_ACTIVITY_INCONSISTENT_WITH_ITS_MCC","Legitimate look-alike for P10"
"P10-EDGE-0020","EDGE_CASE","P10","CUST-006011","2026-06-03","2026-06-21","P10_MERCHANT_ACTIVITY_INCONSISTENT_WITH_ITS_MCC","Legitimate look-alike for P10"
"P10-EDGE-0021","EDGE_CASE","P10","CUST-003672","2026-09-10","2026-09-28","P10_MERCHANT_ACTIVITY_INCONSISTENT_WITH_ITS_MCC","Legitimate look-alike for P10"
"P10-EDGE-0022","EDGE_CASE","P10","CUST-006514","2026-05-31","2026-06-18","P10_MERCHANT_ACTIVITY_INCONSISTENT_WITH_ITS_MCC","Legitimate look-alike for P10"
"P10-EDGE-0023","EDGE_CASE","P10","CUST-006234","2026-06-19","2026-07-07","P10_MERCHANT_ACTIVITY_INCONSISTENT_WITH_ITS_MCC","Legitimate look-alike for P10"
"P10-EDGE-0024","EDGE_CASE","P10","CUST-006846","2026-07-04","2026-07-22","P10_MERCHANT_ACTIVITY_INCONSISTENT_WITH_ITS_MCC","Legitimate look-alike for P10"
"P10-EDGE-0025","EDGE_CASE","P10","BUS-00688","2026-07-25","2026-08-12","P10_MERCHANT_ACTIVITY_INCONSISTENT_WITH_ITS_MCC","Legitimate look-alike for P10"
"P10-BOUND-0001","EDGE_CASE","P10","CUST-001165","2026-08-21","2026-08-28","P10_MERCHANT_ACTIVITY_INCONSISTENT_WITH_ITS_MCC","Exactly at threshold (100,000,000) — must not fire at default parameters"
"P10-BOUND-0002","EDGE_CASE","P10","CUST-007999","2026-08-05","2026-08-12","P10_MERCHANT_ACTIVITY_INCONSISTENT_WITH_ITS_MCC","Exactly at threshold (100,000,000) — must not fire at default parameters"
"P10-BOUND-0003","EDGE_CASE","P10","CUST-003477","2026-07-17","2026-07-24","P10_MERCHANT_ACTIVITY_INCONSISTENT_WITH_ITS_MCC","Exactly at threshold (100,000,000) — must not fire at default parameters"
"P10-BOUND-0004","EDGE_CASE","P10","CUST-006510","2026-06-05","2026-06-12","P10_MERCHANT_ACTIVITY_INCONSISTENT_WITH_ITS_MCC","Exactly at threshold (100,000,000) — must not fire at default parameters"
"P10-BOUND-0005","EDGE_CASE","P10","CUST-008333","2026-06-05","2026-06-12","P10_MERCHANT_ACTIVITY_INCONSISTENT_WITH_ITS_MCC","Exactly at threshold (100,000,000) — must not fire at default parameters"
"P11-EDGE-0001","EDGE_CASE","P11","CUST-003854","2026-06-06","2026-06-30","P11_MANY-TO-ONE_FUNNEL_WITH_DEVICE_OVERLAP","School fee account: many payers, same names every month"
"P11-EDGE-0002","EDGE_CASE","P11","CUST-009030","2026-08-23","2026-09-16","P11_MANY-TO-ONE_FUNNEL_WITH_DEVICE_OVERLAP","School fee account: many payers, same names every month"
"P11-EDGE-0003","EDGE_CASE","P11","CUST-006387","2026-06-04","2026-06-28","P11_MANY-TO-ONE_FUNNEL_WITH_DEVICE_OVERLAP","School fee account: many payers, same names every month"
"P11-EDGE-0004","EDGE_CASE","P11","CUST-000863","2026-08-22","2026-09-15","P11_MANY-TO-ONE_FUNNEL_WITH_DEVICE_OVERLAP","School fee account: many payers, same names every month"
"P11-EDGE-0005","EDGE_CASE","P11","CUST-008888","2026-06-21","2026-07-15","P11_MANY-TO-ONE_FUNNEL_WITH_DEVICE_OVERLAP","School fee account: many payers, same names every month"
"P11-EDGE-0006","EDGE_CASE","P11","CUST-000975","2026-06-24","2026-07-18","P11_MANY-TO-ONE_FUNNEL_WITH_DEVICE_OVERLAP","School fee account: many payers, same names every month"
"P11-EDGE-0007","EDGE_CASE","P11","CUST-007175","2026-06-09","2026-07-03","P11_MANY-TO-ONE_FUNNEL_WITH_DEVICE_OVERLAP","School fee account: many payers, same names every month"
"P11-EDGE-0008","EDGE_CASE","P11","BUS-00652","2026-07-22","2026-08-15","P11_MANY-TO-ONE_FUNNEL_WITH_DEVICE_OVERLAP","School fee account: many payers, same names every month"
"P11-EDGE-0009","EDGE_CASE","P11","CUST-006029","2026-08-17","2026-09-10","P11_MANY-TO-ONE_FUNNEL_WITH_DEVICE_OVERLAP","School fee account: many payers, same names every month"
"P11-EDGE-0010","EDGE_CASE","P11","CUST-004413","2026-08-20","2026-09-13","P11_MANY-TO-ONE_FUNNEL_WITH_DEVICE_OVERLAP","School fee account: many payers, same names every month"
"P11-EDGE-0011","EDGE_CASE","P11","CUST-000254","2026-06-19","2026-07-13","P11_MANY-TO-ONE_FUNNEL_WITH_DEVICE_OVERLAP","School fee account: many payers, same names every month"
"P11-EDGE-0012","EDGE_CASE","P11","BUS-00983","2026-08-12","2026-09-05","P11_MANY-TO-ONE_FUNNEL_WITH_DEVICE_OVERLAP","School fee account: many payers, same names every month"
"P11-EDGE-0013","EDGE_CASE","P11","CUST-002767","2026-08-14","2026-09-07","P11_MANY-TO-ONE_FUNNEL_WITH_DEVICE_OVERLAP","School fee account: many payers, same names every month"
"P11-EDGE-0014","EDGE_CASE","P11","CUST-008353","2026-08-09","2026-09-02","P11_MANY-TO-ONE_FUNNEL_WITH_DEVICE_OVERLAP","School fee account: many payers, same names every month"
"P11-EDGE-0015","EDGE_CASE","P11","CUST-005900","2026-07-25","2026-08-18","P11_MANY-TO-ONE_FUNNEL_WITH_DEVICE_OVERLAP","School fee account: many payers, same names every month"
"P11-EDGE-0016","EDGE_CASE","P11","BUS-00136","2026-08-14","2026-09-07","P11_MANY-TO-ONE_FUNNEL_WITH_DEVICE_OVERLAP","School fee account: many payers, same names every month"
"P11-EDGE-0017","EDGE_CASE","P11","CUST-006373","2026-07-23","2026-08-16","P11_MANY-TO-ONE_FUNNEL_WITH_DEVICE_OVERLAP","School fee account: many payers, same names every month"
"P11-EDGE-0018","EDGE_CASE","P11","BUS-00564","2026-07-08","2026-08-01","P11_MANY-TO-ONE_FUNNEL_WITH_DEVICE_OVERLAP","School fee account: many payers, same names every month"
"P11-EDGE-0019","EDGE_CASE","P11","CUST-002860","2026-09-02","2026-09-26","P11_MANY-TO-ONE_FUNNEL_WITH_DEVICE_OVERLAP","School fee account: many payers, same names every month"
"P11-EDGE-0020","EDGE_CASE","P11","BUS-00046","2026-07-25","2026-08-18","P11_MANY-TO-ONE_FUNNEL_WITH_DEVICE_OVERLAP","School fee account: many payers, same names every month"
"P11-EDGE-0021","EDGE_CASE","P11","CUST-006341","2026-06-16","2026-07-10","P11_MANY-TO-ONE_FUNNEL_WITH_DEVICE_OVERLAP","School fee account: many payers, same names every month"
"P11-EDGE-0022","EDGE_CASE","P11","CUST-005324","2026-06-05","2026-06-29","P11_MANY-TO-ONE_FUNNEL_WITH_DEVICE_OVERLAP","School fee account: many payers, same names every month"
"P11-EDGE-0023","EDGE_CASE","P11","BUS-00185","2026-07-07","2026-07-31","P11_MANY-TO-ONE_FUNNEL_WITH_DEVICE_OVERLAP","School fee account: many payers, same names every month"
"P11-EDGE-0024","EDGE_CASE","P11","CUST-005757","2026-06-15","2026-07-09","P11_MANY-TO-ONE_FUNNEL_WITH_DEVICE_OVERLAP","School fee account: many payers, same names every month"
"P11-EDGE-0025","EDGE_CASE","P11","CUST-000071","2026-08-12","2026-09-05","P11_MANY-TO-ONE_FUNNEL_WITH_DEVICE_OVERLAP","School fee account: many payers, same names every month"
"P11-BOUND-0001","EDGE_CASE","P11","CUST-004646","2026-07-24","2026-07-31","P11_MANY-TO-ONE_FUNNEL_WITH_DEVICE_OVERLAP","Exactly at threshold (100,000,000) — must not fire at default parameters"
"P11-BOUND-0002","EDGE_CASE","P11","CUST-005213","2026-08-05","2026-08-12","P11_MANY-TO-ONE_FUNNEL_WITH_DEVICE_OVERLAP","Exactly at threshold (100,000,000) — must not fire at default parameters"
"P11-BOUND-0003","EDGE_CASE","P11","CUST-007541","2026-07-01","2026-07-08","P11_MANY-TO-ONE_FUNNEL_WITH_DEVICE_OVERLAP","Exactly at threshold (100,000,000) — must not fire at default parameters"
"P11-BOUND-0004","EDGE_CASE","P11","CUST-005615","2026-06-12","2026-06-19","P11_MANY-TO-ONE_FUNNEL_WITH_DEVICE_OVERLAP","Exactly at threshold (100,000,000) — must not fire at default parameters"
"P11-BOUND-0005","EDGE_CASE","P11","CUST-002424","2026-08-07","2026-08-14","P11_MANY-TO-ONE_FUNNEL_WITH_DEVICE_OVERLAP","Exactly at threshold (100,000,000) — must not fire at default parameters"
"P12-EDGE-0001","EDGE_CASE","P12","BUS-00278","2026-06-06","2026-06-24","P12_NAME_SIMILAR_TO_A_SYNTHETIC_LIST_RECORD","Legitimate look-alike for P12"
"P12-EDGE-0002","EDGE_CASE","P12","CUST-000782","2026-06-07","2026-06-25","P12_NAME_SIMILAR_TO_A_SYNTHETIC_LIST_RECORD","Legitimate look-alike for P12"
"P12-EDGE-0003","EDGE_CASE","P12","CUST-000737","2026-06-02","2026-06-20","P12_NAME_SIMILAR_TO_A_SYNTHETIC_LIST_RECORD","Legitimate look-alike for P12"
"P12-EDGE-0004","EDGE_CASE","P12","CUST-006098","2026-07-07","2026-07-25","P12_NAME_SIMILAR_TO_A_SYNTHETIC_LIST_RECORD","Legitimate look-alike for P12"
"P12-EDGE-0005","EDGE_CASE","P12","CUST-000308","2026-09-09","2026-09-27","P12_NAME_SIMILAR_TO_A_SYNTHETIC_LIST_RECORD","Legitimate look-alike for P12"
"P12-EDGE-0006","EDGE_CASE","P12","CUST-001108","2026-08-17","2026-09-04","P12_NAME_SIMILAR_TO_A_SYNTHETIC_LIST_RECORD","Legitimate look-alike for P12"
"P12-EDGE-0007","EDGE_CASE","P12","CUST-001290","2026-08-27","2026-09-14","P12_NAME_SIMILAR_TO_A_SYNTHETIC_LIST_RECORD","Legitimate look-alike for P12"
"P12-EDGE-0008","EDGE_CASE","P12","CUST-006305","2026-07-13","2026-07-31","P12_NAME_SIMILAR_TO_A_SYNTHETIC_LIST_RECORD","Legitimate look-alike for P12"
"P12-EDGE-0009","EDGE_CASE","P12","CUST-004459","2026-08-02","2026-08-20","P12_NAME_SIMILAR_TO_A_SYNTHETIC_LIST_RECORD","Legitimate look-alike for P12"
"P12-EDGE-0010","EDGE_CASE","P12","CUST-002590","2026-08-14","2026-09-01","P12_NAME_SIMILAR_TO_A_SYNTHETIC_LIST_RECORD","Legitimate look-alike for P12"
"P12-EDGE-0011","EDGE_CASE","P12","BUS-01109","2026-06-05","2026-06-23","P12_NAME_SIMILAR_TO_A_SYNTHETIC_LIST_RECORD","Legitimate look-alike for P12"
"P12-EDGE-0012","EDGE_CASE","P12","BUS-00902","2026-08-31","2026-09-18","P12_NAME_SIMILAR_TO_A_SYNTHETIC_LIST_RECORD","Legitimate look-alike for P12"
"P12-EDGE-0013","EDGE_CASE","P12","CUST-006554","2026-06-13","2026-07-01","P12_NAME_SIMILAR_TO_A_SYNTHETIC_LIST_RECORD","Legitimate look-alike for P12"
"P12-EDGE-0014","EDGE_CASE","P12","CUST-002465","2026-07-20","2026-08-07","P12_NAME_SIMILAR_TO_A_SYNTHETIC_LIST_RECORD","Legitimate look-alike for P12"
"P12-EDGE-0015","EDGE_CASE","P12","CUST-000174","2026-08-17","2026-09-04","P12_NAME_SIMILAR_TO_A_SYNTHETIC_LIST_RECORD","Legitimate look-alike for P12"
"P12-EDGE-0016","EDGE_CASE","P12","CUST-002746","2026-06-11","2026-06-29","P12_NAME_SIMILAR_TO_A_SYNTHETIC_LIST_RECORD","Legitimate look-alike for P12"
"P12-EDGE-0017","EDGE_CASE","P12","BUS-00192","2026-06-13","2026-07-01","P12_NAME_SIMILAR_TO_A_SYNTHETIC_LIST_RECORD","Legitimate look-alike for P12"
"P12-EDGE-0018","EDGE_CASE","P12","CUST-007117","2026-07-22","2026-08-09","P12_NAME_SIMILAR_TO_A_SYNTHETIC_LIST_RECORD","Legitimate look-alike for P12"
"P12-EDGE-0019","EDGE_CASE","P12","CUST-006770","2026-06-16","2026-07-04","P12_NAME_SIMILAR_TO_A_SYNTHETIC_LIST_RECORD","Legitimate look-alike for P12"
"P12-EDGE-0020","EDGE_CASE","P12","CUST-001034","2026-08-14","2026-09-01","P12_NAME_SIMILAR_TO_A_SYNTHETIC_LIST_RECORD","Legitimate look-alike for P12"
"P12-EDGE-0021","EDGE_CASE","P12","CUST-008968","2026-07-07","2026-07-25","P12_NAME_SIMILAR_TO_A_SYNTHETIC_LIST_RECORD","Legitimate look-alike for P12"
"P12-EDGE-0022","EDGE_CASE","P12","CUST-005993","2026-08-28","2026-09-15","P12_NAME_SIMILAR_TO_A_SYNTHETIC_LIST_RECORD","Legitimate look-alike for P12"
"P12-EDGE-0023","EDGE_CASE","P12","CUST-004777","2026-06-03","2026-06-21","P12_NAME_SIMILAR_TO_A_SYNTHETIC_LIST_RECORD","Legitimate look-alike for P12"
"P12-EDGE-0024","EDGE_CASE","P12","CUST-001544","2026-06-24","2026-07-12","P12_NAME_SIMILAR_TO_A_SYNTHETIC_LIST_RECORD","Legitimate look-alike for P12"
"P12-EDGE-0025","EDGE_CASE","P12","CUST-003654","2026-07-17","2026-08-04","P12_NAME_SIMILAR_TO_A_SYNTHETIC_LIST_RECORD","Legitimate look-alike for P12"
"P12-BOUND-0001","EDGE_CASE","P12","CUST-006300","2026-09-20","2026-09-27","P12_NAME_SIMILAR_TO_A_SYNTHETIC_LIST_RECORD","Exactly at threshold (100,000,000) — must not fire at default parameters"
"P12-BOUND-0002","EDGE_CASE","P12","CUST-006920","2026-06-11","2026-06-18","P12_NAME_SIMILAR_TO_A_SYNTHETIC_LIST_RECORD","Exactly at threshold (100,000,000) — must not fire at default parameters"
"P12-BOUND-0003","EDGE_CASE","P12","BUS-00873","2026-07-30","2026-08-06","P12_NAME_SIMILAR_TO_A_SYNTHETIC_LIST_RECORD","Exactly at threshold (100,000,000) — must not fire at default parameters"
"P12-BOUND-0004","EDGE_CASE","P12","BUS-00914","2026-06-29","2026-07-06","P12_NAME_SIMILAR_TO_A_SYNTHETIC_LIST_RECORD","Exactly at threshold (100,000,000) — must not fire at default parameters"
"P12-BOUND-0005","EDGE_CASE","P12","CUST-000623","2026-09-20","2026-09-27","P12_NAME_SIMILAR_TO_A_SYNTHETIC_LIST_RECORD","Exactly at threshold (100,000,000) — must not fire at default parameters"
