"source_merchant_id","source_business_id","merchant_name","mcc","declared_expected_volume_band","declared_expected_ticket_band","onboarded_date","status","settlement_source_account_id","operating_hours_declared","outlet_count"
"MER-00001","BUS-00056","Maju Utama - Fast Food","5814","GT_1B","LT_50K","2023-01-29","ACTIVE","ACC-0011900","09:00-21:00","6"
"MER-00002","BUS-00259","Sentosa Perkasa - Travel Agencies","4722","250M_1B","GT_1M","2024-02-07","ACTIVE","ACC-0012156","09:00-21:00","9"
"MER-00003","BUS-01132","Cemerlang Perkasa - Computer Network Services","4816","50M_250M","50K_250K","2023-05-06","ACTIVE","ACC-0013291","00:00-23:59","2"
"MER-00004","BUS-00495","Harapan Niaga - Eating Places","5812","GT_1B","50K_250K","2023-06-15","ACTIVE","ACC-0012463","08:00-17:00","8"
"MER-00005","BUS-00109","Harapan Perkasa - Electronics Stores","5732","LT_50M","GT_1M","2023-10-04","CLOSED","ACC-0011967","09:00-21:00","4"
"MER-00006","BUS-00773","Sejahtera Bersama - Computers and Peripherals","5045","250M_1B","GT_1M","2024-01-16","ACTIVE","ACC-0012827","00:00-23:59","9"
"MER-00007","BUS-00339","Maju Nusantara - Taxicabs and Limousines","4121","LT_50M","LT_50K","2025-02-06","ACTIVE","ACC-0012257","08:00-17:00","8"
"MER-00008","BUS-00204","Maju Perkasa - Colleges and Universities","8220","LT_50M","GT_1M","2024-06-18","ACTIVE","ACC-0012087","09:00-21:00","1"
"MER-00009","BUS-00165","Jaya Niaga - Quasi Cash","6051","LT_50M","GT_1M","2023-10-28","ACTIVE","ACC-0012039","09:00-21:00","1"
"MER-00010","BUS-00317","Jaya Niaga - Drug Stores","5912","50M_250M","50K_250K","2025-11-10","ACTIVE","ACC-0012230","10:00-22:00","7"
"MER-00011","BUS-00272","Sejahtera Nusantara - Quasi Cash","6051","50M_250M","GT_1M","2023-06-28","ACTIVE","ACC-0012174","09:00-21:00","6"
"MER-00012","BUS-00371","Mandiri Digital - Colleges and Universities","8220","50M_250M","GT_1M","2024-11-14","ACTIVE","ACC-0012298","10:00-22:00","6"
"MER-00013","BUS-00270","Lestari Perkasa - Taxicabs and Limousines","4121","LT_50M","LT_50K","2025-03-18","ACTIVE","ACC-0012171","08:00-17:00","2"
"MER-00014","BUS-00687","Cemerlang Utama - Precious Stones and Metals","5094","GT_1B","GT_1M","2024-03-19","ACTIVE","ACC-0012719","08:00-17:00","10"
"MER-00015","BUS-00704","Sejahtera Perkasa - Taxicabs and Limousines","4121","GT_1B","LT_50K","2025-10-18","ACTIVE","ACC-0012745","00:00-23:59","9"
"MER-00016","BUS-00947","Mandiri Niaga - Betting-adjacent (restricted)","7995","LT_50M","GT_1M","2023-07-17","ACTIVE","ACC-0013052","08:00-17:00","7"
"MER-00017","BUS-00977","Sinar Perkasa - Lodging","7011","250M_1B","250K_1M","2023-02-15","ACTIVE","ACC-0013090","10:00-22:00","7"
"MER-00018","BUS-00913","Sinar Logistik - Computers and Peripherals","5045","50M_250M","GT_1M","2023-04-15","ACTIVE","ACC-0013010","08:00-17:00","11"
"MER-00019","BUS-00754","Maju Nusantara - Cosmetic Stores","5977","250M_1B","50K_250K","2026-01-12","ACTIVE","ACC-0012803","10:00-22:00","2"
"MER-00020","BUS-00696","Harapan Niaga - Lodging","7011","GT_1B","250K_1M","2024-05-02","ACTIVE","ACC-0012731","08:00-17:00","5"
"MER-00021","BUS-01185","Sejahtera Bersama - Electronics Stores","5732","50M_250M","GT_1M","2025-08-15","ACTIVE","ACC-0013361","10:00-22:00","1"
"MER-00022","BUS-00419","Sinar Perkasa - Travel Agencies","4722","250M_1B","GT_1M","2024-08-24","ACTIVE","ACC-0012360","08:00-17:00","10"
"MER-00023","BUS-00781","Lestari Logistik - Family Clothing","5651","LT_50M","50K_250K","2024-05-18","ACTIVE","ACC-0012839","00:00-23:59","8"
"MER-00024","BUS-00103","Sentosa Nusantara - Taxicabs and Limousines","4121","50M_250M","LT_50K","2024-09-20","ACTIVE","ACC-0011960","10:00-22:00","2"
"MER-00025","BUS-00412","Sentosa Bersama - Quasi Cash","6051","GT_1B","GT_1M","2025-12-20","ACTIVE","ACC-0012351","08:00-17:00","7"
"MER-00026","BUS-01129","Sinar Perkasa - Eating Places","5812","LT_50M","50K_250K","2025-02-12","ACTIVE","ACC-0013285","00:00-23:59","2"
"MER-00027","BUS-00499","Makmur Logistik - Cosmetic Stores","5977","250M_1B","50K_250K","2024-04-28","SUSPENDED","ACC-0012467","08:00-17:00","5"
"MER-00028","BUS-00564","Harapan Niaga - Service Stations","5541","GT_1B","50K_250K","2024-08-31","ACTIVE","ACC-0012555","08:00-17:00","11"
"MER-00029","BUS-00237","Harapan Bersama - Drug Stores","5912","GT_1B","50K_250K","2025-10-04","ACTIVE","ACC-0012131","09:00-21:00","1"
"MER-00030","BUS-00190","Harapan Logistik - Quasi Cash","6051","250M_1B","GT_1M","2024-06-26","ACTIVE","ACC-0012070","00:00-23:59","11"
"MER-00031","BUS-00406","Cemerlang Nusantara - Computer Network Services","4816","GT_1B","50K_250K","2025-07-15","ACTIVE","ACC-0012341","08:00-17:00","3"
"MER-00032","BUS-00846","Sentosa Digital - Precious Stones and Metals","5094","LT_50M","GT_1M","2023-10-14","ACTIVE","ACC-0012924","08:00-17:00","4"
"MER-00033","BUS-01092","Sejahtera Logistik - Hospitals","8062","GT_1B","250K_1M","2025-01-04","ACTIVE","ACC-0013239","00:00-23:59","3"
"MER-00034","BUS-00536","Sinar Niaga - Precious Stones and Metals","5094","250M_1B","GT_1M","2023-03-19","ACTIVE","ACC-0012517","00:00-23:59","3"
"MER-00035","BUS-00512","Maju Logistik - Colleges and Universities","8220","50M_250M","GT_1M","2025-06-02","ACTIVE","ACC-0012484","09:00-21:00","9"
"MER-00036","BUS-01185","Sejahtera Bersama - Second Hand Stores","5933","LT_50M","50K_250K","2025-10-24","ACTIVE","ACC-0013361","10:00-22:00","11"
"MER-00037","BUS-00620","Cemerlang Nusantara - Taxicabs and Limousines","4121","50M_250M","LT_50K","2024-04-02","ACTIVE","ACC-0012629","00:00-23:59","7"
"MER-00038","BUS-00087","Maju Utama - Quasi Cash","6051","250M_1B","GT_1M","2024-12-04","ACTIVE","ACC-0011937","08:00-17:00","11"
"MER-00039","BUS-00417","Makmur Bersama - Computer Network Services","4816","GT_1B","50K_250K","2025-05-19","ACTIVE","ACC-0012357","00:00-23:59","2"
"MER-00040","BUS-01064","Sentosa Nusantara - Second Hand Stores","5933","250M_1B","50K_250K","2026-02-04","CLOSED","ACC-0013203","10:00-22:00","4"
"MER-00041","BUS-00297","Mandiri Digital - Book Stores","5942","GT_1B","50K_250K","2024-10-07","ACTIVE","ACC-0012205","09:00-21:00","7"
"MER-00042","BUS-00079","Sinar Digital - Travel Agencies","4722","250M_1B","GT_1M","2026-02-28","ACTIVE","ACC-0011926","10:00-22:00","9"
"MER-00043","BUS-00801","Lestari Bersama - Eating Places","5812","LT_50M","50K_250K","2025-11-12","ACTIVE","ACC-0012864","10:00-22:00","4"
"MER-00044","BUS-00208","Makmur Digital - Second Hand Stores","5933","GT_1B","50K_250K","2025-12-13","ACTIVE","ACC-0012091","09:00-21:00","8"
"MER-00045","BUS-00401","Harapan Nusantara - Family Clothing","5651","250M_1B","50K_250K","2022-12-23","ACTIVE","ACC-0012334","00:00-23:59","9"
"MER-00046","BUS-00703","Cemerlang Perkasa - Grocery Stores","5411","GT_1B","50K_250K","2025-10-09","ACTIVE","ACC-0012743","08:00-17:00","7"
"MER-00047","BUS-00608","Jaya Utama - Betting-adjacent (restricted)","7995","50M_250M","GT_1M","2024-12-07","ACTIVE","ACC-0012615","00:00-23:59","9"
"MER-00048","BUS-00507","Sentosa Digital - Department Stores","5311","LT_50M","250K_1M","2024-08-27","ACTIVE","ACC-0012478","09:00-21:00","11"
"MER-00049","BUS-00195","Jaya Niaga - Beauty Shops","7230","LT_50M","50K_250K","2025-03-16","ACTIVE","ACC-0012076","00:00-23:59","5"
"MER-00050","BUS-00574","Maju Digital - Cosmetic Stores","5977","GT_1B","50K_250K","2024-08-07","SUSPENDED","ACC-0012568","00:00-23:59","9"
"MER-00051","BUS-00813","Jaya Utama - Betting-adjacent (restricted)","7995","GT_1B","GT_1M","2025-04-07","ACTIVE","ACC-0012878","09:00-21:00","6"
"MER-00052","BUS-00586","Berkah Digital - Family Clothing","5651","50M_250M","50K_250K","2023-03-22","ACTIVE","ACC-0012583","00:00-23:59","4"
"MER-00053","BUS-00242","Sinar Utama - Travel Agencies","4722","250M_1B","GT_1M","2024-11-08","ACTIVE","ACC-0012138","08:00-17:00","10"
"MER-00054","BUS-00078","Abadi Niaga - Second Hand Stores","5933","50M_250M","50K_250K","2023-08-06","ACTIVE","ACC-0011925","00:00-23:59","10"
"MER-00055","BUS-00908","Maju Nusantara - Motion Picture Theatres","7832","50M_250M","50K_250K","2023-04-04","ACTIVE","ACC-0013005","10:00-22:00","5"
"MER-00056","BUS-00133","Sentosa Digital - Cosmetic Stores","5977","50M_250M","50K_250K","2024-03-22","ACTIVE","ACC-0011996","09:00-21:00","9"
"MER-00057","BUS-00439","Harapan Perkasa - Motion Picture Theatres","7832","250M_1B","50K_250K","2025-01-16","ACTIVE","ACC-0012385","10:00-22:00","4"
"MER-00058","BUS-00054","Lestari Perkasa - Family Clothing","5651","50M_250M","50K_250K","2025-05-19","ACTIVE","ACC-0011898","08:00-17:00","1"
"MER-00059","BUS-00936","Berkah Niaga - Precious Stones and Metals","5094","LT_50M","GT_1M","2023-06-26","ACTIVE","ACC-0013038","08:00-17:00","10"
"MER-00060","BUS-00662","Abadi Logistik - Electronics Stores","5732","LT_50M","GT_1M","2024-03-27","ACTIVE","ACC-0012682","08:00-17:00","10"
"MER-00061","BUS-00114","Maju Perkasa - Grocery Stores","5411","LT_50M","50K_250K","2025-05-19","ACTIVE","ACC-0011972","09:00-21:00","10"
"MER-00062","BUS-00310","Lestari Digital - Eating Places","5812","50M_250M","50K_250K","2024-06-12","ACTIVE","ACC-0012221","08:00-17:00","3"
"MER-00063","BUS-00231","Harapan Nusantara - Quasi Cash","6051","LT_50M","GT_1M","2024-04-17","ACTIVE","ACC-0012123","09:00-21:00","2"
"MER-00064","BUS-00282","Makmur Utama - Colleges and Universities","8220","50M_250M","GT_1M","2024-11-15","ACTIVE","ACC-0012188","08:00-17:00","7"
"MER-00065","BUS-00537","Maju Perkasa - Beauty Shops","7230","LT_50M","50K_250K","2025-03-31","ACTIVE","ACC-0012518","10:00-22:00","2"
"MER-00066","BUS-01075","Sejahtera Digital - Computers and Peripherals","5045","50M_250M","GT_1M","2023-10-24","ACTIVE","ACC-0013220","00:00-23:59","10"
"MER-00067","BUS-00432","Sejahtera Bersama - Eating Places","5812","50M_250M","50K_250K","2025-12-16","ACTIVE","ACC-0012377","10:00-22:00","6"
"MER-00068","BUS-00065","Makmur Digital - Fast Food","5814","LT_50M","LT_50K","2025-11-10","ACTIVE","ACC-0011909","10:00-22:00","3"
"MER-00069","BUS-00728","Maju Bersama - Precious Stones and Metals","5094","LT_50M","GT_1M","2023-11-28","ACTIVE","ACC-0012772","09:00-21:00","6"
"MER-00070","BUS-00259","Sentosa Perkasa - Family Clothing","5651","GT_1B","50K_250K","2023-06-30","ACTIVE","ACC-0012156","10:00-22:00","7"
"MER-00071","BUS-01102","Jaya Perkasa - Fast Food","5814","50M_250M","LT_50K","2024-08-17","ACTIVE","ACC-0013253","00:00-23:59","10"
"MER-00072","BUS-00594","Harapan Niaga - Motion Picture Theatres","7832","LT_50M","50K_250K","2024-01-10","ACTIVE","ACC-0012597","00:00-23:59","2"
"MER-00073","BUS-00259","Sentosa Perkasa - Travel Agencies","4722","LT_50M","GT_1M","2023-02-07","ACTIVE","ACC-0012156","08:00-17:00","9"
"MER-00074","BUS-00639","Berkah Utama - Cosmetic Stores","5977","GT_1B","50K_250K","2025-03-19","ACTIVE","ACC-0012654","00:00-23:59","8"
"MER-00075","BUS-00206","Maju Digital - Department Stores","5311","GT_1B","250K_1M","2023-11-19","ACTIVE","ACC-0012089","08:00-17:00","6"
"MER-00076","BUS-00023","Sinar Bersama - Second Hand Stores","5933","LT_50M","50K_250K","2024-03-07","ACTIVE","ACC-0011858","10:00-22:00","3"
"MER-00077","BUS-00237","Harapan Bersama - Betting-adjacent (restricted)","7995","GT_1B","GT_1M","2025-10-26","ACTIVE","ACC-0012131","10:00-22:00","6"
"MER-00078","BUS-00346","Lestari Nusantara - Department Stores","5311","GT_1B","250K_1M","2025-10-12","ACTIVE","ACC-0012265","00:00-23:59","9"
"MER-00079","BUS-01016","Jaya Niaga - Department Stores","5311","50M_250M","250K_1M","2023-10-09","ACTIVE","ACC-0013142","09:00-21:00","8"
"MER-00080","BUS-00436","Makmur Utama - Utilities","4900","250M_1B","250K_1M","2023-04-16","ACTIVE","ACC-0012381","09:00-21:00","10"
"MER-00081","BUS-00708","Mandiri Niaga - Quasi Cash","6051","250M_1B","GT_1M","2023-03-16","ACTIVE","ACC-0012749","00:00-23:59","8"
"MER-00082","BUS-00978","Lestari Nusantara - Drug Stores","5912","50M_250M","50K_250K","2025-09-19","ACTIVE","ACC-0013091","08:00-17:00","11"
"MER-00083","BUS-00068","Cemerlang Digital - Misc Retail","5999","GT_1B","50K_250K","2023-06-04","ACTIVE","ACC-0011912","08:00-17:00","6"
"MER-00084","BUS-00961","Sinar Logistik - Eating Places","5812","50M_250M","50K_250K","2025-04-01","ACTIVE","ACC-0013070","00:00-23:59","10"
"MER-00085","BUS-00252","Maju Digital - Quasi Cash","6051","LT_50M","GT_1M","2024-04-07","ACTIVE","ACC-0012149","09:00-21:00","8"
"MER-00086","BUS-01023","Jaya Perkasa - Precious Stones and Metals","5094","250M_1B","GT_1M","2024-07-18","ACTIVE","ACC-0013150","10:00-22:00","1"
"MER-00087","BUS-00023","Sinar Bersama - Electronics Stores","5732","GT_1B","GT_1M","2025-02-19","ACTIVE","ACC-0011858","00:00-23:59","6"
"MER-00088","BUS-00682","Berkah Digital - Travel Agencies","4722","LT_50M","GT_1M","2024-10-19","ACTIVE","ACC-0012710","10:00-22:00","7"
"MER-00089","BUS-00979","Sejahtera Nusantara - Book Stores","5942","250M_1B","50K_250K","2024-07-03","ACTIVE","ACC-0013093","09:00-21:00","9"
"MER-00090","BUS-00390","Harapan Digital - Taxicabs and Limousines","4121","250M_1B","LT_50K","2025-05-30","ACTIVE","ACC-0012322","08:00-17:00","5"
"MER-00091","BUS-00990","Jaya Logistik - Lodging","7011","LT_50M","250K_1M","2025-10-08","ACTIVE","ACC-0013108","08:00-17:00","1"
"MER-00092","BUS-00290","Abadi Perkasa - Quasi Cash","6051","LT_50M","GT_1M","2025-08-03","ACTIVE","ACC-0012197","10:00-22:00","11"
"MER-00093","BUS-00485","Sinar Bersama - Hospitals","8062","250M_1B","250K_1M","2025-06-26","ACTIVE","ACC-0012448","00:00-23:59","10"
"MER-00094","BUS-00125","Sinar Nusantara - Service Stations","5541","LT_50M","50K_250K","2025-07-06","ACTIVE","ACC-0011985","10:00-22:00","2"
"MER-00095","BUS-00342","Berkah Niaga - Computers and Peripherals","5045","LT_50M","GT_1M","2024-02-26","ACTIVE","ACC-0012261","08:00-17:00","11"
"MER-00096","BUS-01074","Abadi Logistik - Quasi Cash","6051","50M_250M","GT_1M","2024-04-01","ACTIVE","ACC-0013219","00:00-23:59","4"
"MER-00097","BUS-00678","Berkah Niaga - Electronics Stores","5732","LT_50M","GT_1M","2026-03-07","ACTIVE","ACC-0012704","09:00-21:00","6"
"MER-00098","BUS-00809","Berkah Logistik - Precious Stones and Metals","5094","250M_1B","GT_1M","2025-07-04","ACTIVE","ACC-0012874","08:00-17:00","7"
"MER-00099","BUS-00582","Sinar Perkasa - Lodging","7011","50M_250M","250K_1M","2024-06-17","ACTIVE","ACC-0012578","08:00-17:00","9"
"MER-00100","BUS-00506","Sinar Utama - Lodging","7011","LT_50M","250K_1M","2025-10-19","ACTIVE","ACC-0012477","09:00-21:00","2"
"MER-00101","BUS-00396","Cemerlang Utama - Drug Stores","5912","250M_1B","50K_250K","2024-04-09","ACTIVE","ACC-0012328","09:00-21:00","7"
"MER-00102","BUS-00496","Harapan Utama - Lodging","7011","250M_1B","250K_1M","2022-12-31","ACTIVE","ACC-0012464","08:00-17:00","9"
"MER-00103","BUS-00654","Sentosa Utama - Hospitals","8062","GT_1B","250K_1M","2024-11-16","ACTIVE","ACC-0012672","00:00-23:59","5"
"MER-00104","BUS-00103","Sentosa Nusantara - Family Clothing","5651","GT_1B","50K_250K","2023-09-15","ACTIVE","ACC-0011960","08:00-17:00","1"
"MER-00105","BUS-00482","Maju Bersama - Lodging","7011","250M_1B","250K_1M","2023-11-21","ACTIVE","ACC-0012445","10:00-22:00","6"
"MER-00106","BUS-00355","Sinar Logistik - Betting-adjacent (restricted)","7995","GT_1B","GT_1M","2023-02-10","ACTIVE","ACC-0012276","10:00-22:00","7"
"MER-00107","BUS-00108","Makmur Nusantara - Betting-adjacent (restricted)","7995","GT_1B","GT_1M","2024-01-08","ACTIVE","ACC-0011966","00:00-23:59","2"
"MER-00108","BUS-00438","Lestari Nusantara - Betting-adjacent (restricted)","7995","50M_250M","GT_1M","2026-02-06","ACTIVE","ACC-0012383","10:00-22:00","8"
"MER-00109","BUS-00628","Harapan Bersama - Misc Retail","5999","GT_1B","50K_250K","2025-08-20","ACTIVE","ACC-0012640","00:00-23:59","6"
"MER-00110","BUS-00149","Berkah Utama - Colleges and Universities","8220","LT_50M","GT_1M","2023-02-04","ACTIVE","ACC-0012017","10:00-22:00","9"
"MER-00111","BUS-00804","Berkah Perkasa - Grocery Stores","5411","LT_50M","50K_250K","2025-09-12","ACTIVE","ACC-0012868","10:00-22:00","5"
"MER-00112","BUS-00602","Harapan Bersama - Second Hand Stores","5933","50M_250M","50K_250K","2023-04-28","ACTIVE","ACC-0012608","09:00-21:00","4"
"MER-00113","BUS-00471","Sejahtera Nusantara - Family Clothing","5651","LT_50M","50K_250K","2023-09-29","ACTIVE","ACC-0012430","08:00-17:00","2"
"MER-00114","BUS-00541","Cemerlang Bersama - Drug Stores","5912","50M_250M","50K_250K","2023-02-26","ACTIVE","ACC-0012524","10:00-22:00","4"
"MER-00115","BUS-00648","Lestari Nusantara - Family Clothing","5651","GT_1B","50K_250K","2024-01-19","ACTIVE","ACC-0012666","09:00-21:00","7"
"MER-00116","BUS-00672","Berkah Logistik - Beauty Shops","7230","LT_50M","50K_250K","2023-04-18","ACTIVE","ACC-0012696","10:00-22:00","10"
"MER-00117","BUS-00643","Cemerlang Digital - Service Stations","5541","250M_1B","50K_250K","2024-03-22","ACTIVE","ACC-0012658","00:00-23:59","4"
"MER-00118","BUS-01009","Lestari Perkasa - Book Stores","5942","GT_1B","50K_250K","2026-02-13","ACTIVE","ACC-0013133","00:00-23:59","4"
"MER-00119","BUS-00883","Mandiri Nusantara - Cosmetic Stores","5977","GT_1B","50K_250K","2025-07-21","ACTIVE","ACC-0012971","00:00-23:59","4"
"MER-00120","BUS-00354","Maju Utama - Second Hand Stores","5933","LT_50M","50K_250K","2026-03-01","ACTIVE","ACC-0012274","10:00-22:00","9"
"MER-00121","BUS-00540","Abadi Digital - Beauty Shops","7230","50M_250M","50K_250K","2023-03-17","CLOSED","ACC-0012523","10:00-22:00","3"
"MER-00122","BUS-00211","Makmur Niaga - Misc Retail","5999","LT_50M","50K_250K","2025-01-26","ACTIVE","ACC-0012096","09:00-21:00","10"
"MER-00123","BUS-00427","Abadi Logistik - Betting-adjacent (restricted)","7995","LT_50M","GT_1M","2025-04-29","ACTIVE","ACC-0012371","00:00-23:59","9"
"MER-00124","BUS-00847","Maju Niaga - Quasi Cash","6051","LT_50M","GT_1M","2025-11-04","ACTIVE","ACC-0012925","09:00-21:00","6"
"MER-00125","BUS-00048","Sentosa Utama - Lodging","7011","250M_1B","250K_1M","2025-11-11","ACTIVE","ACC-0011892","00:00-23:59","10"
"MER-00126","BUS-00038","Mandiri Perkasa - Precious Stones and Metals","5094","50M_250M","GT_1M","2025-10-21","SUSPENDED","ACC-0011877","08:00-17:00","4"
"MER-00127","BUS-00513","Cemerlang Niaga - Book Stores","5942","LT_50M","50K_250K","2023-06-06","ACTIVE","ACC-0012485","09:00-21:00","7"
"MER-00128","BUS-00378","Sejahtera Utama - Book Stores","5942","50M_250M","50K_250K","2026-03-06","ACTIVE","ACC-0012307","08:00-17:00","5"
"MER-00129","BUS-00528","Abadi Bersama - Service Stations","5541","50M_250M","50K_250K","2024-12-09","ACTIVE","ACC-0012506","08:00-17:00","9"
"MER-00130","BUS-00418","Sinar Utama - Betting-adjacent (restricted)","7995","LT_50M","GT_1M","2024-08-31","ACTIVE","ACC-0012359","08:00-17:00","5"
"MER-00131","BUS-00482","Maju Bersama - Beauty Shops","7230","50M_250M","50K_250K","2025-11-25","ACTIVE","ACC-0012445","08:00-17:00","11"
"MER-00132","BUS-00076","Sinar Logistik - Beauty Shops","7230","50M_250M","50K_250K","2024-08-18","ACTIVE","ACC-0011923","09:00-21:00","4"
"MER-00133","BUS-00596","Sinar Logistik - Family Clothing","5651","50M_250M","50K_250K","2024-10-18","ACTIVE","ACC-0012600","00:00-23:59","11"
"MER-00134","BUS-00519","Sentosa Logistik - Family Clothing","5651","50M_250M","50K_250K","2025-07-05","ACTIVE","ACC-0012492","00:00-23:59","2"
"MER-00135","BUS-00282","Makmur Utama - Second Hand Stores","5933","LT_50M","50K_250K","2023-03-13","ACTIVE","ACC-0012188","00:00-23:59","4"
"MER-00136","BUS-00842","Lestari Utama - Drug Stores","5912","LT_50M","50K_250K","2024-06-07","ACTIVE","ACC-0012918","09:00-21:00","7"
"MER-00137","BUS-01184","Lestari Nusantara - Precious Stones and Metals","5094","50M_250M","GT_1M","2023-10-30","ACTIVE","ACC-0013360","09:00-21:00","10"
"MER-00138","BUS-00483","Sinar Bersama - Grocery Stores","5411","50M_250M","50K_250K","2024-08-12","ACTIVE","ACC-0012446","09:00-21:00","9"
"MER-00139","BUS-00972","Cemerlang Perkasa - Service Stations","5541","250M_1B","50K_250K","2025-03-15","ACTIVE","ACC-0013083","10:00-22:00","5"
"MER-00140","BUS-00614","Abadi Digital - Department Stores","5311","LT_50M","250K_1M","2025-02-19","SUSPENDED","ACC-0012621","09:00-21:00","8"
"MER-00141","BUS-00245","Abadi Logistik - Grocery Stores","5411","250M_1B","50K_250K","2023-04-15","SUSPENDED","ACC-0012142","08:00-17:00","6"
"MER-00142","BUS-00800","Sejahtera Logistik - Beauty Shops","7230","250M_1B","50K_250K","2023-06-14","ACTIVE","ACC-0012863","08:00-17:00","1"
"MER-00143","BUS-00539","Lestari Digital - Misc Retail","5999","LT_50M","50K_250K","2025-10-02","ACTIVE","ACC-0012521","10:00-22:00","8"
"MER-00144","BUS-00473","Sentosa Perkasa - Precious Stones and Metals","5094","LT_50M","GT_1M","2024-06-25","ACTIVE","ACC-0012433","00:00-23:59","6"
"MER-00145","BUS-00656","Sentosa Digital - Quasi Cash","6051","50M_250M","GT_1M","2025-04-26","ACTIVE","ACC-0012675","00:00-23:59","8"
"MER-00146","BUS-00595","Sejahtera Bersama - Grocery Stores","5411","250M_1B","50K_250K","2024-07-09","ACTIVE","ACC-0012598","10:00-22:00","1"
"MER-00147","BUS-01028","Jaya Logistik - Department Stores","5311","GT_1B","250K_1M","2026-02-08","ACTIVE","ACC-0013156","00:00-23:59","2"
"MER-00148","BUS-00670","Cemerlang Utama - Grocery Stores","5411","50M_250M","50K_250K","2026-01-26","ACTIVE","ACC-0012693","00:00-23:59","3"
"MER-00149","BUS-00290","Abadi Perkasa - Grocery Stores","5411","LT_50M","50K_250K","2026-02-09","ACTIVE","ACC-0012197","08:00-17:00","3"
"MER-00150","BUS-00937","Sejahtera Bersama - Precious Stones and Metals","5094","LT_50M","GT_1M","2025-05-28","ACTIVE","ACC-0013039","09:00-21:00","2"
"MER-00151","BUS-00769","Mandiri Logistik - Colleges and Universities","8220","50M_250M","GT_1M","2023-12-07","ACTIVE","ACC-0012823","10:00-22:00","11"
"MER-00152","BUS-00539","Lestari Digital - Hospitals","8062","250M_1B","250K_1M","2023-11-17","ACTIVE","ACC-0012521","10:00-22:00","5"
"MER-00153","BUS-00862","Sinar Digital - Beauty Shops","7230","GT_1B","50K_250K","2024-02-10","ACTIVE","ACC-0012943","10:00-22:00","3"
"MER-00154","BUS-01159","Abadi Logistik - Electronics Stores","5732","50M_250M","GT_1M","2025-01-03","ACTIVE","ACC-0013326","09:00-21:00","9"
"MER-00155","BUS-00233","Lestari Niaga - Drug Stores","5912","LT_50M","50K_250K","2023-06-26","ACTIVE","ACC-0012126","00:00-23:59","8"
"MER-00156","BUS-00884","Sentosa Niaga - Utilities","4900","250M_1B","250K_1M","2024-08-11","ACTIVE","ACC-0012972","09:00-21:00","4"
"MER-00157","BUS-00523","Lestari Niaga - Misc Retail","5999","50M_250M","50K_250K","2023-03-15","ACTIVE","ACC-0012498","00:00-23:59","11"
"MER-00158","BUS-00183","Makmur Logistik - Travel Agencies","4722","250M_1B","GT_1M","2024-07-04","ACTIVE","ACC-0012062","00:00-23:59","3"
"MER-00159","BUS-00560","Cemerlang Bersama - Computer Network Services","4816","250M_1B","50K_250K","2023-01-10","CLOSED","ACC-0012548","08:00-17:00","10"
"MER-00160","BUS-00410","Sentosa Perkasa - Utilities","4900","50M_250M","250K_1M","2025-12-31","ACTIVE","ACC-0012348","10:00-22:00","7"
"MER-00161","BUS-00927","Berkah Nusantara - Drug Stores","5912","LT_50M","50K_250K","2025-03-22","ACTIVE","ACC-0013027","08:00-17:00","9"
"MER-00162","BUS-00439","Harapan Perkasa - Eating Places","5812","LT_50M","50K_250K","2025-04-26","ACTIVE","ACC-0012385","10:00-22:00","3"
"MER-00163","BUS-00748","Harapan Perkasa - Cosmetic Stores","5977","LT_50M","50K_250K","2024-04-08","ACTIVE","ACC-0012795","10:00-22:00","9"
"MER-00164","BUS-01088","Maju Nusantara - Department Stores","5311","50M_250M","250K_1M","2024-03-27","ACTIVE","ACC-0013234","09:00-21:00","2"
"MER-00165","BUS-00218","Cemerlang Utama - Family Clothing","5651","LT_50M","50K_250K","2024-10-31","ACTIVE","ACC-0012105","09:00-21:00","5"
"MER-00166","BUS-00501","Mandiri Niaga - Department Stores","5311","GT_1B","250K_1M","2025-02-26","ACTIVE","ACC-0012470","00:00-23:59","3"
"MER-00167","BUS-00409","Berkah Bersama - Precious Stones and Metals","5094","LT_50M","GT_1M","2023-07-04","ACTIVE","ACC-0012347","08:00-17:00","2"
"MER-00168","BUS-00224","Abadi Logistik - Book Stores","5942","GT_1B","50K_250K","2023-02-17","ACTIVE","ACC-0012113","09:00-21:00","4"
"MER-00169","BUS-00023","Sinar Bersama - Department Stores","5311","250M_1B","250K_1M","2023-06-09","ACTIVE","ACC-0011858","09:00-21:00","9"
"MER-00170","BUS-00711","Sinar Utama - Hospitals","8062","GT_1B","250K_1M","2023-01-05","ACTIVE","ACC-0012752","00:00-23:59","11"
"MER-00171","BUS-01061","Lestari Digital - Colleges and Universities","8220","LT_50M","GT_1M","2023-05-25","ACTIVE","ACC-0013198","00:00-23:59","10"
"MER-00172","BUS-00117","Abadi Perkasa - Eating Places","5812","50M_250M","50K_250K","2024-05-27","ACTIVE","ACC-0011976","09:00-21:00","3"
"MER-00173","BUS-01177","Maju Niaga - Travel Agencies","4722","LT_50M","GT_1M","2024-08-16","ACTIVE","ACC-0013352","10:00-22:00","2"
"MER-00174","BUS-00360","Harapan Utama - Department Stores","5311","50M_250M","250K_1M","2024-02-09","ACTIVE","ACC-0012283","08:00-17:00","5"
"MER-00175","BUS-00544","Sentosa Bersama - Colleges and Universities","8220","50M_250M","GT_1M","2025-10-30","ACTIVE","ACC-0012528","08:00-17:00","11"
"MER-00176","BUS-00532","Lestari Utama - Drug Stores","5912","GT_1B","50K_250K","2025-08-01","ACTIVE","ACC-0012510","08:00-17:00","6"
"MER-00177","BUS-00643","Cemerlang Digital - Book Stores","5942","GT_1B","50K_250K","2023-11-25","ACTIVE","ACC-0012658","08:00-17:00","3"
"MER-00178","BUS-00757","Makmur Logistik - Quasi Cash","6051","50M_250M","GT_1M","2025-10-02","ACTIVE","ACC-0012807","08:00-17:00","3"
"MER-00179","BUS-00534","Cemerlang Digital - Betting-adjacent (restricted)","7995","50M_250M","GT_1M","2024-09-02","ACTIVE","ACC-0012514","10:00-22:00","11"
"MER-00180","BUS-00188","Abadi Niaga - Service Stations","5541","GT_1B","50K_250K","2023-09-19","ACTIVE","ACC-0012067","08:00-17:00","7"
"MER-00181","BUS-00153","Lestari Digital - Service Stations","5541","250M_1B","50K_250K","2025-11-21","ACTIVE","ACC-0012024","09:00-21:00","7"
"MER-00182","BUS-00005","Sentosa Niaga - Book Stores","5942","GT_1B","50K_250K","2025-07-13","ACTIVE","ACC-0011835","09:00-21:00","7"
"MER-00183","BUS-00090","Sentosa Digital - Misc Retail","5999","LT_50M","50K_250K","2024-07-14","ACTIVE","ACC-0011941","08:00-17:00","8"
"MER-00184","BUS-00015","Abadi Bersama - Precious Stones and Metals","5094","50M_250M","GT_1M","2026-01-06","ACTIVE","ACC-0011848","00:00-23:59","10"
"MER-00185","BUS-00936","Berkah Niaga - Hospitals","8062","250M_1B","250K_1M","2023-10-02","ACTIVE","ACC-0013038","09:00-21:00","8"
"MER-00186","BUS-00378","Sejahtera Utama - Lodging","7011","LT_50M","250K_1M","2023-04-27","ACTIVE","ACC-0012307","09:00-21:00","9"
"MER-00187","BUS-00065","Makmur Digital - Drug Stores","5912","50M_250M","50K_250K","2024-02-28","ACTIVE","ACC-0011909","08:00-17:00","5"
"MER-00188","BUS-01180","Lestari Logistik - Family Clothing","5651","250M_1B","50K_250K","2025-06-13","ACTIVE","ACC-0013355","08:00-17:00","1"
"MER-00189","BUS-00350","Jaya Utama - Utilities","4900","250M_1B","250K_1M","2024-08-13","ACTIVE","ACC-0012269","08:00-17:00","11"
"MER-00190","BUS-01159","Abadi Logistik - Betting-adjacent (restricted)","7995","GT_1B","GT_1M","2023-03-29","ACTIVE","ACC-0013326","09:00-21:00","8"
"MER-00191","BUS-00690","Abadi Utama - Fast Food","5814","LT_50M","LT_50K","2024-10-23","ACTIVE","ACC-0012724","00:00-23:59","4"
"MER-00192","BUS-01007","Berkah Nusantara - Taxicabs and Limousines","4121","GT_1B","LT_50K","2023-06-05","ACTIVE","ACC-0013130","10:00-22:00","11"
"MER-00193","BUS-00221","Sinar Nusantara - Taxicabs and Limousines","4121","250M_1B","LT_50K","2023-02-26","ACTIVE","ACC-0012108","10:00-22:00","3"
"MER-00194","BUS-00588","Lestari Bersama - Computer Network Services","4816","LT_50M","50K_250K","2026-01-22","ACTIVE","ACC-0012587","08:00-17:00","7"
"MER-00195","BUS-00677","Cemerlang Niaga - Drug Stores","5912","250M_1B","50K_250K","2024-02-28","ACTIVE","ACC-0012703","10:00-22:00","10"
"MER-00196","BUS-00091","Jaya Utama - Family Clothing","5651","50M_250M","50K_250K","2025-05-04","ACTIVE","ACC-0011942","09:00-21:00","4"
"MER-00197","BUS-01168","Lestari Utama - Fast Food","5814","LT_50M","LT_50K","2024-02-25","ACTIVE","ACC-0013339","09:00-21:00","4"
"MER-00198","BUS-00419","Sinar Perkasa - Computer Network Services","4816","250M_1B","50K_250K","2024-07-17","CLOSED","ACC-0012360","00:00-23:59","2"
"MER-00199","BUS-00039","Sentosa Perkasa - Department Stores","5311","GT_1B","250K_1M","2023-11-08","ACTIVE","ACC-0011878","10:00-22:00","2"
"MER-00200","BUS-00841","Sentosa Logistik - Electronics Stores","5732","LT_50M","GT_1M","2025-06-08","ACTIVE","ACC-0012917","09:00-21:00","4"
"MER-00201","BUS-00970","Lestari Logistik - Family Clothing","5651","GT_1B","50K_250K","2023-04-20","ACTIVE","ACC-0013081","10:00-22:00","9"
"MER-00202","BUS-00364","Lestari Nusantara - Drug Stores","5912","LT_50M","50K_250K","2024-06-02","ACTIVE","ACC-0012288","08:00-17:00","9"
"MER-00203","BUS-00481","Sejahtera Niaga - Precious Stones and Metals","5094","LT_50M","GT_1M","2023-11-19","ACTIVE","ACC-0012444","09:00-21:00","6"
"MER-00204","BUS-00024","Jaya Logistik - Precious Stones and Metals","5094","50M_250M","GT_1M","2024-09-25","ACTIVE","ACC-0011859","00:00-23:59","11"
"MER-00205","BUS-01182","Abadi Perkasa - Family Clothing","5651","LT_50M","50K_250K","2023-03-28","ACTIVE","ACC-0013358","00:00-23:59","7"
"MER-00206","BUS-00614","Abadi Digital - Department Stores","5311","50M_250M","250K_1M","2024-01-08","SUSPENDED","ACC-0012621","09:00-21:00","6"
"MER-00207","BUS-00290","Abadi Perkasa - Travel Agencies","4722","50M_250M","GT_1M","2023-11-06","ACTIVE","ACC-0012197","10:00-22:00","4"
"MER-00208","BUS-00387","Sejahtera Perkasa - Motion Picture Theatres","7832","LT_50M","50K_250K","2024-11-21","ACTIVE","ACC-0012318","09:00-21:00","7"
"MER-00209","BUS-01164","Sentosa Bersama - Utilities","4900","50M_250M","250K_1M","2026-02-14","ACTIVE","ACC-0013334","00:00-23:59","11"
"MER-00210","BUS-00128","Harapan Bersama - Misc Retail","5999","GT_1B","50K_250K","2023-07-06","ACTIVE","ACC-0011990","10:00-22:00","10"
"MER-00211","BUS-00765","Jaya Nusantara - Computer Network Services","4816","50M_250M","50K_250K","2024-12-05","ACTIVE","ACC-0012819","10:00-22:00","3"
"MER-00212","BUS-01154","Mandiri Digital - Colleges and Universities","8220","50M_250M","GT_1M","2023-07-05","ACTIVE","ACC-0013319","10:00-22:00","4"
"MER-00213","BUS-00174","Cemerlang Bersama - Cosmetic Stores","5977","250M_1B","50K_250K","2023-03-06","ACTIVE","ACC-0012050","10:00-22:00","1"
"MER-00214","BUS-00259","Sentosa Perkasa - Quasi Cash","6051","LT_50M","GT_1M","2022-12-22","ACTIVE","ACC-0012156","00:00-23:59","10"
"MER-00215","BUS-00757","Makmur Logistik - Beauty Shops","7230","250M_1B","50K_250K","2024-03-06","ACTIVE","ACC-0012807","10:00-22:00","1"
"MER-00216","BUS-00578","Mandiri Bersama - Motion Picture Theatres","7832","250M_1B","50K_250K","2025-07-12","ACTIVE","ACC-0012573","08:00-17:00","3"
"MER-00217","BUS-00133","Sentosa Digital - Eating Places","5812","250M_1B","50K_250K","2023-08-10","ACTIVE","ACC-0011996","09:00-21:00","4"
"MER-00218","BUS-00042","Mandiri Bersama - Cosmetic Stores","5977","250M_1B","50K_250K","2024-03-13","ACTIVE","ACC-0011882","00:00-23:59","4"
"MER-00219","BUS-00720","Abadi Digital - Book Stores","5942","LT_50M","50K_250K","2025-07-30","ACTIVE","ACC-0012762","08:00-17:00","6"
"MER-00220","BUS-01061","Lestari Digital - Computers and Peripherals","5045","GT_1B","GT_1M","2023-05-25","ACTIVE","ACC-0013198","00:00-23:59","3"
"MER-00221","BUS-00914","Sinar Bersama - Fast Food","5814","250M_1B","LT_50K","2024-12-31","ACTIVE","ACC-0013012","08:00-17:00","7"
"MER-00222","BUS-00582","Sinar Perkasa - Grocery Stores","5411","GT_1B","50K_250K","2023-06-11","ACTIVE","ACC-0012578","08:00-17:00","4"
"MER-00223","BUS-01036","Sinar Logistik - Drug Stores","5912","250M_1B","50K_250K","2023-02-24","ACTIVE","ACC-0013165","10:00-22:00","1"
"MER-00224","BUS-00694","Maju Niaga - Computer Network Services","4816","50M_250M","50K_250K","2023-06-25","ACTIVE","ACC-0012728","10:00-22:00","6"
"MER-00225","BUS-00728","Maju Bersama - Cosmetic Stores","5977","50M_250M","50K_250K","2024-10-16","ACTIVE","ACC-0012772","09:00-21:00","3"
"MER-00226","BUS-00027","Abadi Digital - Second Hand Stores","5933","GT_1B","50K_250K","2023-04-26","ACTIVE","ACC-0011864","10:00-22:00","10"
"MER-00227","BUS-00026","Sinar Perkasa - Beauty Shops","7230","LT_50M","50K_250K","2025-12-08","ACTIVE","ACC-0011862","09:00-21:00","1"
"MER-00228","BUS-00709","Berkah Utama - Fast Food","5814","250M_1B","LT_50K","2024-03-24","ACTIVE","ACC-0012750","10:00-22:00","3"
"MER-00229","BUS-01118","Jaya Perkasa - Fast Food","5814","GT_1B","LT_50K","2025-07-13","ACTIVE","ACC-0013271","00:00-23:59","1"
"MER-00230","BUS-00517","Sentosa Logistik - Drug Stores","5912","250M_1B","50K_250K","2026-01-03","ACTIVE","ACC-0012489","00:00-23:59","11"
"MER-00231","BUS-00200","Maju Digital - Colleges and Universities","8220","GT_1B","GT_1M","2025-10-08","ACTIVE","ACC-0012082","10:00-22:00","6"
"MER-00232","BUS-00993","Sinar Perkasa - Second Hand Stores","5933","50M_250M","50K_250K","2023-07-09","ACTIVE","ACC-0013111","00:00-23:59","5"
"MER-00233","BUS-01164","Sentosa Bersama - Computers and Peripherals","5045","GT_1B","GT_1M","2025-04-22","ACTIVE","ACC-0013334","10:00-22:00","9"
"MER-00234","BUS-00839","Jaya Niaga - Lodging","7011","250M_1B","250K_1M","2025-10-19","ACTIVE","ACC-0012915","09:00-21:00","4"
"MER-00235","BUS-00199","Makmur Nusantara - Service Stations","5541","GT_1B","50K_250K","2025-10-15","ACTIVE","ACC-0012081","09:00-21:00","8"
"MER-00236","BUS-00923","Makmur Niaga - Eating Places","5812","50M_250M","50K_250K","2025-05-28","ACTIVE","ACC-0013023","10:00-22:00","4"
"MER-00237","BUS-00553","Jaya Bersama - Misc Retail","5999","LT_50M","50K_250K","2023-09-30","CLOSED","ACC-0012540","00:00-23:59","4"
"MER-00238","BUS-00763","Abadi Perkasa - Second Hand Stores","5933","50M_250M","50K_250K","2022-12-30","CLOSED","ACC-0012816","09:00-21:00","5"
"MER-00239","BUS-00225","Harapan Niaga - Drug Stores","5912","250M_1B","50K_250K","2026-02-06","ACTIVE","ACC-0012114","00:00-23:59","5"
"MER-00240","BUS-01074","Abadi Logistik - Second Hand Stores","5933","LT_50M","50K_250K","2025-08-19","ACTIVE","ACC-0013219","10:00-22:00","9"
"MER-00241","BUS-00584","Cemerlang Utama - Computers and Peripherals","5045","250M_1B","GT_1M","2023-10-30","ACTIVE","ACC-0012580","08:00-17:00","4"
"MER-00242","BUS-00508","Cemerlang Bersama - Grocery Stores","5411","GT_1B","50K_250K","2025-08-14","ACTIVE","ACC-0012479","09:00-21:00","2"
"MER-00243","BUS-00886","Sejahtera Niaga - Grocery Stores","5411","250M_1B","50K_250K","2024-11-12","ACTIVE","ACC-0012975","08:00-17:00","6"
"MER-00244","BUS-00730","Sinar Niaga - Computers and Peripherals","5045","LT_50M","GT_1M","2024-06-16","ACTIVE","ACC-0012774","10:00-22:00","6"
"MER-00245","BUS-00444","Sentosa Digital - Second Hand Stores","5933","250M_1B","50K_250K","2025-10-04","ACTIVE","ACC-0012392","00:00-23:59","1"
"MER-00246","BUS-00811","Harapan Logistik - Second Hand Stores","5933","GT_1B","50K_250K","2025-03-03","ACTIVE","ACC-0012876","10:00-22:00","1"
"MER-00247","BUS-00025","Maju Digital - Eating Places","5812","LT_50M","50K_250K","2024-06-03","ACTIVE","ACC-0011861","10:00-22:00","5"
"MER-00248","BUS-01130","Maju Bersama - Motion Picture Theatres","7832","50M_250M","50K_250K","2024-05-19","ACTIVE","ACC-0013287","10:00-22:00","5"
"MER-00249","BUS-00378","Sejahtera Utama - Betting-adjacent (restricted)","7995","LT_50M","GT_1M","2025-05-16","ACTIVE","ACC-0012307","10:00-22:00","2"
"MER-00250","BUS-00656","Sentosa Digital - Betting-adjacent (restricted)","7995","LT_50M","GT_1M","2024-06-05","ACTIVE","ACC-0012675","09:00-21:00","2"
"MER-00251","BUS-00795","Jaya Logistik - Drug Stores","5912","GT_1B","50K_250K","2023-07-07","ACTIVE","ACC-0012857","08:00-17:00","9"
"MER-00252","BUS-00702","Makmur Niaga - Family Clothing","5651","GT_1B","50K_250K","2025-02-22","SUSPENDED","ACC-0012741","00:00-23:59","4"
"MER-00253","BUS-01009","Lestari Perkasa - Hospitals","8062","250M_1B","250K_1M","2024-05-02","ACTIVE","ACC-0013133","09:00-21:00","2"
"MER-00254","BUS-00591","Jaya Utama - Computer Network Services","4816","250M_1B","50K_250K","2023-11-29","ACTIVE","ACC-0012592","10:00-22:00","9"
"MER-00255","BUS-01083","Maju Nusantara - Computer Network Services","4816","250M_1B","50K_250K","2023-09-02","ACTIVE","ACC-0013229","09:00-21:00","1"
"MER-00256","BUS-00951","Abadi Nusantara - Drug Stores","5912","50M_250M","50K_250K","2024-10-20","ACTIVE","ACC-0013058","09:00-21:00","11"
"MER-00257","BUS-00181","Sejahtera Niaga - Precious Stones and Metals","5094","50M_250M","GT_1M","2023-05-03","ACTIVE","ACC-0012060","08:00-17:00","3"
"MER-00258","BUS-00727","Sejahtera Nusantara - Fast Food","5814","50M_250M","LT_50K","2025-04-25","ACTIVE","ACC-0012771","09:00-21:00","1"
"MER-00259","BUS-01178","Sejahtera Utama - Misc Retail","5999","GT_1B","50K_250K","2025-04-04","ACTIVE","ACC-0013353","00:00-23:59","11"
"MER-00260","BUS-00912","Maju Digital - Colleges and Universities","8220","250M_1B","GT_1M","2025-09-05","ACTIVE","ACC-0013009","10:00-22:00","11"
"MER-00261","BUS-00526","Sejahtera Utama - Betting-adjacent (restricted)","7995","50M_250M","GT_1M","2025-04-06","ACTIVE","ACC-0012502","08:00-17:00","9"
"MER-00262","BUS-00247","Harapan Perkasa - Computers and Peripherals","5045","LT_50M","GT_1M","2025-11-26","ACTIVE","ACC-0012144","08:00-17:00","1"
"MER-00263","BUS-00545","Mandiri Bersama - Second Hand Stores","5933","250M_1B","50K_250K","2024-10-29","ACTIVE","ACC-0012529","08:00-17:00","1"
"MER-00264","BUS-00913","Sinar Logistik - Computers and Peripherals","5045","GT_1B","GT_1M","2023-10-14","ACTIVE","ACC-0013010","00:00-23:59","6"
"MER-00265","BUS-00829","Sinar Digital - Eating Places","5812","50M_250M","50K_250K","2024-10-15","ACTIVE","ACC-0012901","00:00-23:59","9"
"MER-00266","BUS-00246","Jaya Digital - Betting-adjacent (restricted)","7995","50M_250M","GT_1M","2024-11-15","ACTIVE","ACC-0012143","09:00-21:00","3"
"MER-00267","BUS-00141","Lestari Logistik - Computer Network Services","4816","GT_1B","50K_250K","2025-08-31","ACTIVE","ACC-0012006","00:00-23:59","4"
"MER-00268","BUS-00642","Abadi Utama - Misc Retail","5999","GT_1B","50K_250K","2024-06-22","CLOSED","ACC-0012657","00:00-23:59","1"
"MER-00269","BUS-01124","Sentosa Niaga - Travel Agencies","4722","GT_1B","GT_1M","2025-07-04","ACTIVE","ACC-0013278","10:00-22:00","4"
"MER-00270","BUS-00391","Maju Digital - Taxicabs and Limousines","4121","GT_1B","LT_50K","2024-08-19","ACTIVE","ACC-0012323","00:00-23:59","6"
"MER-00271","BUS-00804","Berkah Perkasa - Travel Agencies","4722","50M_250M","GT_1M","2023-11-30","ACTIVE","ACC-0012868","00:00-23:59","1"
"MER-00272","BUS-01087","Sentosa Bersama - Electronics Stores","5732","GT_1B","GT_1M","2023-01-31","ACTIVE","ACC-0013233","09:00-21:00","5"
"MER-00273","BUS-00167","Sejahtera Nusantara - Eating Places","5812","50M_250M","50K_250K","2026-02-08","ACTIVE","ACC-0012042","08:00-17:00","5"
"MER-00274","BUS-00242","Sinar Utama - Electronics Stores","5732","LT_50M","GT_1M","2024-01-29","ACTIVE","ACC-0012138","08:00-17:00","6"
"MER-00275","BUS-00821","Jaya Bersama - Misc Retail","5999","50M_250M","50K_250K","2023-08-24","ACTIVE","ACC-0012889","00:00-23:59","8"
"MER-00276","BUS-00053","Sentosa Nusantara - Eating Places","5812","LT_50M","50K_250K","2024-03-09","ACTIVE","ACC-0011897","10:00-22:00","10"
"MER-00277","BUS-01123","Cemerlang Nusantara - Book Stores","5942","250M_1B","50K_250K","2025-01-15","ACTIVE","ACC-0013277","00:00-23:59","10"
"MER-00278","BUS-00494","Sinar Utama - Drug Stores","5912","250M_1B","50K_250K","2025-12-21","ACTIVE","ACC-0012462","10:00-22:00","4"
"MER-00279","BUS-00197","Makmur Nusantara - Precious Stones and Metals","5094","GT_1B","GT_1M","2024-02-11","ACTIVE","ACC-0012078","10:00-22:00","3"
"MER-00280","BUS-00447","Sentosa Utama - Lodging","7011","250M_1B","250K_1M","2023-04-01","ACTIVE","ACC-0012397","09:00-21:00","1"
"MER-00281","BUS-00109","Harapan Perkasa - Fast Food","5814","250M_1B","LT_50K","2024-03-25","ACTIVE","ACC-0011967","09:00-21:00","5"
"MER-00282","BUS-00051","Sinar Perkasa - Computer Network Services","4816","250M_1B","50K_250K","2025-09-06","ACTIVE","ACC-0011895","08:00-17:00","4"
"MER-00283","BUS-00103","Sentosa Nusantara - Drug Stores","5912","250M_1B","50K_250K","2024-07-06","ACTIVE","ACC-0011960","08:00-17:00","7"
"MER-00284","BUS-00121","Makmur Digital - Electronics Stores","5732","50M_250M","GT_1M","2023-02-24","ACTIVE","ACC-0011981","00:00-23:59","4"
"MER-00285","BUS-00298","Berkah Perkasa - Taxicabs and Limousines","4121","250M_1B","LT_50K","2025-04-25","CLOSED","ACC-0012206","08:00-17:00","8"
"MER-00286","BUS-01007","Berkah Nusantara - Computer Network Services","4816","GT_1B","50K_250K","2023-12-15","ACTIVE","ACC-0013130","00:00-23:59","10"
"MER-00287","BUS-00079","Sinar Digital - Betting-adjacent (restricted)","7995","LT_50M","GT_1M","2026-01-08","ACTIVE","ACC-0011926","09:00-21:00","9"
"MER-00288","BUS-00861","Sejahtera Digital - Precious Stones and Metals","5094","50M_250M","GT_1M","2025-05-30","ACTIVE","ACC-0012942","10:00-22:00","10"
"MER-00289","BUS-00163","Cemerlang Utama - Fast Food","5814","50M_250M","LT_50K","2024-09-07","CLOSED","ACC-0012037","08:00-17:00","11"
"MER-00290","BUS-00005","Sentosa Niaga - Grocery Stores","5411","GT_1B","50K_250K","2025-05-25","ACTIVE","ACC-0011835","10:00-22:00","2"
"MER-00291","BUS-00803","Makmur Logistik - Book Stores","5942","GT_1B","50K_250K","2026-01-11","ACTIVE","ACC-0012866","00:00-23:59","3"
"MER-00292","BUS-01100","Sejahtera Utama - Hospitals","8062","LT_50M","250K_1M","2025-11-23","ACTIVE","ACC-0013249","00:00-23:59","4"
"MER-00293","BUS-00514","Sentosa Logistik - Lodging","7011","LT_50M","250K_1M","2024-10-18","CLOSED","ACC-0012486","08:00-17:00","5"
"MER-00294","BUS-00825","Jaya Niaga - Drug Stores","5912","LT_50M","50K_250K","2023-04-12","ACTIVE","ACC-0012896","00:00-23:59","4"
"MER-00295","BUS-00091","Jaya Utama - Electronics Stores","5732","GT_1B","GT_1M","2023-06-30","ACTIVE","ACC-0011942","10:00-22:00","2"
"MER-00296","BUS-00776","Mandiri Bersama - Utilities","4900","250M_1B","250K_1M","2025-07-10","ACTIVE","ACC-0012831","09:00-21:00","5"
"MER-00297","BUS-00001","Sejahtera Perkasa - Computers and Peripherals","5045","250M_1B","GT_1M","2025-04-16","ACTIVE","ACC-0011828","00:00-23:59","6"
"MER-00298","BUS-00706","Abadi Digital - Service Stations","5541","250M_1B","50K_250K","2024-02-06","ACTIVE","ACC-0012747","10:00-22:00","2"
"MER-00299","BUS-00411","Abadi Perkasa - Service Stations","5541","50M_250M","50K_250K","2025-04-28","ACTIVE","ACC-0012350","10:00-22:00","1"
"MER-00300","BUS-00688","Maju Digital - Eating Places","5812","50M_250M","50K_250K","2024-01-25","ACTIVE","ACC-0012720","00:00-23:59","7"
"MER-00301","BUS-00952","Sentosa Logistik - Lodging","7011","50M_250M","250K_1M","2026-01-08","ACTIVE","ACC-0013059","09:00-21:00","2"
"MER-00302","BUS-00618","Makmur Logistik - Computers and Peripherals","5045","250M_1B","GT_1M","2025-03-30","ACTIVE","ACC-0012627","08:00-17:00","8"
"MER-00303","BUS-00169","Jaya Logistik - Department Stores","5311","50M_250M","250K_1M","2024-04-08","ACTIVE","ACC-0012044","00:00-23:59","5"
"MER-00304","BUS-00208","Makmur Digital - Precious Stones and Metals","5094","GT_1B","GT_1M","2023-04-19","ACTIVE","ACC-0012091","10:00-22:00","10"
"MER-00305","BUS-00055","Cemerlang Perkasa - Quasi Cash","6051","250M_1B","GT_1M","2024-02-02","ACTIVE","ACC-0011899","08:00-17:00","5"
"MER-00306","BUS-00040","Makmur Digital - Electronics Stores","5732","50M_250M","GT_1M","2023-01-17","ACTIVE","ACC-0011879","08:00-17:00","10"
"MER-00307","BUS-00822","Sejahtera Bersama - Grocery Stores","5411","GT_1B","50K_250K","2025-06-26","ACTIVE","ACC-0012891","09:00-21:00","3"
"MER-00308","BUS-00191","Abadi Niaga - Utilities","4900","250M_1B","250K_1M","2025-09-26","ACTIVE","ACC-0012072","09:00-21:00","1"
"MER-00309","BUS-00360","Harapan Utama - Misc Retail","5999","50M_250M","50K_250K","2025-01-22","ACTIVE","ACC-0012283","00:00-23:59","7"
"MER-00310","BUS-00825","Jaya Niaga - Grocery Stores","5411","LT_50M","50K_250K","2023-10-15","ACTIVE","ACC-0012896","08:00-17:00","3"
"MER-00311","BUS-00455","Lestari Digital - Department Stores","5311","GT_1B","250K_1M","2023-02-16","ACTIVE","ACC-0012408","08:00-17:00","9"
"MER-00312","BUS-00476","Mandiri Niaga - Lodging","7011","LT_50M","250K_1M","2025-09-09","ACTIVE","ACC-0012436","00:00-23:59","8"
"MER-00313","BUS-00793","Makmur Nusantara - Taxicabs and Limousines","4121","50M_250M","LT_50K","2023-07-05","ACTIVE","ACC-0012855","10:00-22:00","9"
"MER-00314","BUS-01040","Maju Logistik - Hospitals","8062","LT_50M","250K_1M","2024-04-04","ACTIVE","ACC-0013169","08:00-17:00","5"
"MER-00315","BUS-00511","Sinar Bersama - Fast Food","5814","GT_1B","LT_50K","2022-12-19","ACTIVE","ACC-0012483","09:00-21:00","7"
"MER-00316","BUS-00900","Sejahtera Logistik - Family Clothing","5651","50M_250M","50K_250K","2024-03-31","ACTIVE","ACC-0012996","09:00-21:00","2"
"MER-00317","BUS-00453","Abadi Niaga - Second Hand Stores","5933","GT_1B","50K_250K","2025-02-25","SUSPENDED","ACC-0012406","10:00-22:00","6"
"MER-00318","BUS-01100","Sejahtera Utama - Lodging","7011","50M_250M","250K_1M","2024-05-06","ACTIVE","ACC-0013249","09:00-21:00","2"
"MER-00319","BUS-01104","Maju Logistik - Beauty Shops","7230","GT_1B","50K_250K","2023-08-05","SUSPENDED","ACC-0013255","08:00-17:00","6"
"MER-00320","BUS-00544","Sentosa Bersama - Colleges and Universities","8220","250M_1B","GT_1M","2025-05-24","ACTIVE","ACC-0012528","10:00-22:00","8"
"MER-00321","BUS-01133","Sinar Utama - Travel Agencies","4722","50M_250M","GT_1M","2024-12-25","ACTIVE","ACC-0013292","10:00-22:00","4"
"MER-00322","BUS-00507","Sentosa Digital - Computers and Peripherals","5045","GT_1B","GT_1M","2023-08-26","ACTIVE","ACC-0012478","10:00-22:00","11"
"MER-00323","BUS-00898","Sejahtera Niaga - Family Clothing","5651","50M_250M","50K_250K","2023-11-25","ACTIVE","ACC-0012993","10:00-22:00","11"
"MER-00324","BUS-00937","Sejahtera Bersama - Second Hand Stores","5933","50M_250M","50K_250K","2023-11-16","ACTIVE","ACC-0013039","00:00-23:59","7"
"MER-00325","BUS-00744","Mandiri Utama - Computer Network Services","4816","50M_250M","50K_250K","2025-04-18","ACTIVE","ACC-0012790","08:00-17:00","9"
"MER-00326","BUS-00602","Harapan Bersama - Precious Stones and Metals","5094","250M_1B","GT_1M","2023-10-07","ACTIVE","ACC-0012608","10:00-22:00","1"
"MER-00327","BUS-00269","Jaya Nusantara - Misc Retail","5999","GT_1B","50K_250K","2026-01-25","CLOSED","ACC-0012169","09:00-21:00","8"
"MER-00328","BUS-00170","Maju Utama - Second Hand Stores","5933","50M_250M","50K_250K","2023-06-24","ACTIVE","ACC-0012045","09:00-21:00","8"
"MER-00329","BUS-00653","Berkah Logistik - Utilities","4900","50M_250M","250K_1M","2023-06-24","ACTIVE","ACC-0012671","00:00-23:59","10"
"MER-00330","BUS-00166","Harapan Niaga - Colleges and Universities","8220","LT_50M","GT_1M","2023-02-20","ACTIVE","ACC-0012040","08:00-17:00","7"
"MER-00331","BUS-00751","Sentosa Niaga - Second Hand Stores","5933","250M_1B","50K_250K","2026-02-07","ACTIVE","ACC-0012799","00:00-23:59","10"
"MER-00332","BUS-01095","Maju Niaga - Lodging","7011","250M_1B","250K_1M","2025-03-22","ACTIVE","ACC-0013242","09:00-21:00","5"
"MER-00333","BUS-00096","Abadi Bersama - Cosmetic Stores","5977","50M_250M","50K_250K","2024-11-01","ACTIVE","ACC-0011951","08:00-17:00","5"
"MER-00334","BUS-00420","Abadi Niaga - Second Hand Stores","5933","GT_1B","50K_250K","2026-03-02","ACTIVE","ACC-0012361","09:00-21:00","2"
"MER-00335","BUS-00561","Harapan Perkasa - Grocery Stores","5411","50M_250M","50K_250K","2024-04-24","ACTIVE","ACC-0012550","00:00-23:59","6"
"MER-00336","BUS-00895","Cemerlang Digital - Beauty Shops","7230","250M_1B","50K_250K","2025-03-17","ACTIVE","ACC-0012989","08:00-17:00","7"
"MER-00337","BUS-00024","Jaya Logistik - Lodging","7011","250M_1B","250K_1M","2023-08-31","ACTIVE","ACC-0011859","00:00-23:59","10"
"MER-00338","BUS-00106","Maju Bersama - Computers and Peripherals","5045","LT_50M","GT_1M","2024-10-21","ACTIVE","ACC-0011964","10:00-22:00","10"
"MER-00339","BUS-00111","Maju Bersama - Precious Stones and Metals","5094","LT_50M","GT_1M","2023-06-21","ACTIVE","ACC-0011969","00:00-23:59","11"
"MER-00340","BUS-00367","Makmur Perkasa - Second Hand Stores","5933","GT_1B","50K_250K","2023-07-15","ACTIVE","ACC-0012293","09:00-21:00","8"
"MER-00341","BUS-01186","Sinar Niaga - Betting-adjacent (restricted)","7995","LT_50M","GT_1M","2024-01-01","ACTIVE","ACC-0013362","09:00-21:00","10"
"MER-00342","BUS-00982","Berkah Bersama - Beauty Shops","7230","50M_250M","50K_250K","2023-01-08","ACTIVE","ACC-0013099","09:00-21:00","10"
"MER-00343","BUS-00435","Lestari Logistik - Service Stations","5541","LT_50M","50K_250K","2025-08-12","CLOSED","ACC-0012380","08:00-17:00","6"
"MER-00344","BUS-01102","Jaya Perkasa - Colleges and Universities","8220","250M_1B","GT_1M","2023-11-28","ACTIVE","ACC-0013253","00:00-23:59","5"
"MER-00345","BUS-00325","Lestari Bersama - Hospitals","8062","LT_50M","250K_1M","2024-02-07","ACTIVE","ACC-0012240","09:00-21:00","3"
"MER-00346","BUS-01103","Abadi Logistik - Eating Places","5812","GT_1B","50K_250K","2023-12-19","ACTIVE","ACC-0013254","08:00-17:00","7"
"MER-00347","BUS-00879","Harapan Logistik - Beauty Shops","7230","LT_50M","50K_250K","2025-07-19","ACTIVE","ACC-0012966","09:00-21:00","3"
"MER-00348","BUS-00105","Sejahtera Nusantara - Computers and Peripherals","5045","50M_250M","GT_1M","2023-04-12","ACTIVE","ACC-0011962","10:00-22:00","8"
"MER-00349","BUS-00464","Lestari Digital - Travel Agencies","4722","LT_50M","GT_1M","2023-11-17","ACTIVE","ACC-0012419","00:00-23:59","6"
"MER-00350","BUS-00175","Mandiri Niaga - Taxicabs and Limousines","4121","50M_250M","LT_50K","2023-11-08","ACTIVE","ACC-0012051","09:00-21:00","9"
"MER-00351","BUS-00103","Sentosa Nusantara - Family Clothing","5651","LT_50M","50K_250K","2025-09-17","ACTIVE","ACC-0011960","00:00-23:59","2"
"MER-00352","BUS-00642","Abadi Utama - Lodging","7011","LT_50M","250K_1M","2023-06-23","ACTIVE","ACC-0012657","00:00-23:59","5"
"MER-00353","BUS-00186","Lestari Niaga - Misc Retail","5999","250M_1B","50K_250K","2024-11-26","ACTIVE","ACC-0012065","08:00-17:00","9"
"MER-00354","BUS-00565","Lestari Nusantara - Electronics Stores","5732","50M_250M","GT_1M","2024-02-12","ACTIVE","ACC-0012557","10:00-22:00","10"
"MER-00355","BUS-00332","Sentosa Utama - Book Stores","5942","LT_50M","50K_250K","2024-09-30","ACTIVE","ACC-0012248","09:00-21:00","3"
"MER-00356","BUS-01176","Makmur Bersama - Motion Picture Theatres","7832","250M_1B","50K_250K","2024-10-17","ACTIVE","ACC-0013351","10:00-22:00","4"
"MER-00357","BUS-01198","Maju Bersama - Lodging","7011","LT_50M","250K_1M","2023-05-04","ACTIVE","ACC-0013380","09:00-21:00","9"
"MER-00358","BUS-00444","Sentosa Digital - Fast Food","5814","250M_1B","LT_50K","2023-10-27","ACTIVE","ACC-0012392","09:00-21:00","4"
"MER-00359","BUS-00203","Makmur Utama - Cosmetic Stores","5977","250M_1B","50K_250K","2023-11-24","ACTIVE","ACC-0012086","08:00-17:00","3"
"MER-00360","BUS-00438","Lestari Nusantara - Eating Places","5812","LT_50M","50K_250K","2026-02-13","ACTIVE","ACC-0012383","09:00-21:00","1"
"MER-00361","BUS-00003","Berkah Digital - Book Stores","5942","LT_50M","50K_250K","2024-01-03","ACTIVE","ACC-0011832","09:00-21:00","9"
"MER-00362","BUS-01089","Cemerlang Perkasa - Quasi Cash","6051","GT_1B","GT_1M","2025-08-19","ACTIVE","ACC-0013236","10:00-22:00","11"
"MER-00363","BUS-00179","Harapan Nusantara - Book Stores","5942","250M_1B","50K_250K","2023-09-28","ACTIVE","ACC-0012058","09:00-21:00","2"
"MER-00364","BUS-00407","Sinar Bersama - Precious Stones and Metals","5094","LT_50M","GT_1M","2023-12-25","ACTIVE","ACC-0012343","08:00-17:00","10"
"MER-00365","BUS-00315","Jaya Logistik - Service Stations","5541","LT_50M","50K_250K","2024-05-09","ACTIVE","ACC-0012227","00:00-23:59","7"
"MER-00366","BUS-00954","Jaya Utama - Betting-adjacent (restricted)","7995","GT_1B","GT_1M","2025-06-21","ACTIVE","ACC-0013062","08:00-17:00","4"
"MER-00367","BUS-00599","Makmur Utama - Second Hand Stores","5933","50M_250M","50K_250K","2023-09-28","CLOSED","ACC-0012603","08:00-17:00","1"
"MER-00368","BUS-00436","Makmur Utama - Service Stations","5541","250M_1B","50K_250K","2024-02-09","ACTIVE","ACC-0012381","10:00-22:00","10"
"MER-00369","BUS-00044","Abadi Utama - Beauty Shops","7230","50M_250M","50K_250K","2024-08-16","ACTIVE","ACC-0011886","10:00-22:00","10"
"MER-00370","BUS-00783","Cemerlang Bersama - Betting-adjacent (restricted)","7995","250M_1B","GT_1M","2025-12-16","ACTIVE","ACC-0012842","09:00-21:00","8"
"MER-00371","BUS-00398","Sentosa Digital - Computers and Peripherals","5045","LT_50M","GT_1M","2026-02-09","ACTIVE","ACC-0012330","00:00-23:59","4"
"MER-00372","BUS-01173","Jaya Utama - Service Stations","5541","250M_1B","50K_250K","2024-06-20","ACTIVE","ACC-0013347","00:00-23:59","6"
"MER-00373","BUS-01053","Harapan Perkasa - Drug Stores","5912","50M_250M","50K_250K","2024-10-19","ACTIVE","ACC-0013187","08:00-17:00","10"
"MER-00374","BUS-00526","Sejahtera Utama - Betting-adjacent (restricted)","7995","LT_50M","GT_1M","2024-01-03","ACTIVE","ACC-0012502","09:00-21:00","4"
"MER-00375","BUS-00716","Mandiri Utama - Drug Stores","5912","50M_250M","50K_250K","2025-01-06","SUSPENDED","ACC-0012758","00:00-23:59","9"
"MER-00376","BUS-00699","Jaya Utama - Fast Food","5814","LT_50M","LT_50K","2023-11-19","ACTIVE","ACC-0012736","09:00-21:00","10"
"MER-00377","BUS-00851","Jaya Logistik - Quasi Cash","6051","LT_50M","GT_1M","2025-02-02","ACTIVE","ACC-0012930","10:00-22:00","11"
"MER-00378","BUS-00219","Harapan Digital - Taxicabs and Limousines","4121","250M_1B","LT_50K","2023-04-05","ACTIVE","ACC-0012106","09:00-21:00","6"
"MER-00379","BUS-00841","Sentosa Logistik - Grocery Stores","5411","250M_1B","50K_250K","2025-02-22","ACTIVE","ACC-0012917","10:00-22:00","9"
"MER-00380","BUS-00105","Sejahtera Nusantara - Second Hand Stores","5933","GT_1B","50K_250K","2023-08-30","ACTIVE","ACC-0011962","09:00-21:00","4"
"MER-00381","BUS-00497","Jaya Bersama - Quasi Cash","6051","LT_50M","GT_1M","2026-02-20","ACTIVE","ACC-0012465","00:00-23:59","3"
"MER-00382","BUS-00076","Sinar Logistik - Drug Stores","5912","GT_1B","50K_250K","2026-02-27","ACTIVE","ACC-0011923","10:00-22:00","9"
"MER-00383","BUS-01193","Berkah Nusantara - Colleges and Universities","8220","250M_1B","GT_1M","2023-04-25","ACTIVE","ACC-0013372","10:00-22:00","7"
"MER-00384","BUS-00975","Berkah Perkasa - Eating Places","5812","50M_250M","50K_250K","2024-04-30","ACTIVE","ACC-0013087","08:00-17:00","1"
"MER-00385","BUS-00667","Berkah Perkasa - Hospitals","8062","50M_250M","250K_1M","2024-12-04","ACTIVE","ACC-0012689","09:00-21:00","4"
"MER-00386","BUS-00218","Cemerlang Utama - Travel Agencies","4722","GT_1B","GT_1M","2024-03-03","ACTIVE","ACC-0012105","10:00-22:00","11"
"MER-00387","BUS-01063","Harapan Niaga - Motion Picture Theatres","7832","LT_50M","50K_250K","2023-04-24","ACTIVE","ACC-0013201","10:00-22:00","3"
"MER-00388","BUS-00108","Makmur Nusantara - Quasi Cash","6051","250M_1B","GT_1M","2023-01-15","ACTIVE","ACC-0011966","10:00-22:00","4"
"MER-00389","BUS-00431","Mandiri Nusantara - Grocery Stores","5411","250M_1B","50K_250K","2023-12-23","ACTIVE","ACC-0012376","09:00-21:00","5"
"MER-00390","BUS-00101","Maju Logistik - Lodging","7011","GT_1B","250K_1M","2025-12-09","ACTIVE","ACC-0011958","09:00-21:00","1"
"MER-00391","BUS-00650","Sejahtera Nusantara - Family Clothing","5651","GT_1B","50K_250K","2024-06-12","ACTIVE","ACC-0012668","08:00-17:00","6"
"MER-00392","BUS-00480","Maju Logistik - Hospitals","8062","LT_50M","250K_1M","2023-11-07","ACTIVE","ACC-0012443","00:00-23:59","11"
"MER-00393","BUS-00444","Sentosa Digital - Electronics Stores","5732","50M_250M","GT_1M","2025-09-22","ACTIVE","ACC-0012392","00:00-23:59","10"
"MER-00394","BUS-00642","Abadi Utama - Electronics Stores","5732","50M_250M","GT_1M","2026-02-27","SUSPENDED","ACC-0012657","09:00-21:00","9"
"MER-00395","BUS-00736","Harapan Logistik - Computer Network Services","4816","50M_250M","50K_250K","2025-02-20","ACTIVE","ACC-0012780","10:00-22:00","8"
"MER-00396","BUS-00226","Makmur Nusantara - Family Clothing","5651","250M_1B","50K_250K","2025-07-26","ACTIVE","ACC-0012115","00:00-23:59","2"
"MER-00397","BUS-00187","Mandiri Logistik - Second Hand Stores","5933","50M_250M","50K_250K","2024-04-15","ACTIVE","ACC-0012066","08:00-17:00","2"
"MER-00398","BUS-00613","Maju Niaga - Precious Stones and Metals","5094","250M_1B","GT_1M","2023-10-12","ACTIVE","ACC-0012620","08:00-17:00","1"
"MER-00399","BUS-00499","Makmur Logistik - Lodging","7011","250M_1B","250K_1M","2023-12-22","ACTIVE","ACC-0012467","10:00-22:00","5"
"MER-00400","BUS-01144","Abadi Digital - Book Stores","5942","GT_1B","50K_250K","2023-05-02","ACTIVE","ACC-0013305","00:00-23:59","8"
"MER-00401","BUS-01096","Berkah Digital - Book Stores","5942","50M_250M","50K_250K","2025-10-05","ACTIVE","ACC-0013244","08:00-17:00","5"
"MER-00402","BUS-00965","Maju Utama - Service Stations","5541","250M_1B","50K_250K","2024-06-28","ACTIVE","ACC-0013076","09:00-21:00","7"
"MER-00403","BUS-01070","Harapan Nusantara - Colleges and Universities","8220","GT_1B","GT_1M","2024-07-05","ACTIVE","ACC-0013212","10:00-22:00","9"
"MER-00404","BUS-00360","Harapan Utama - Colleges and Universities","8220","GT_1B","GT_1M","2023-12-01","ACTIVE","ACC-0012283","10:00-22:00","1"
"MER-00405","BUS-00493","Abadi Nusantara - Precious Stones and Metals","5094","250M_1B","GT_1M","2024-09-25","ACTIVE","ACC-0012460","08:00-17:00","2"
"MER-00406","BUS-00585","Lestari Bersama - Drug Stores","5912","50M_250M","50K_250K","2024-07-26","ACTIVE","ACC-0012582","10:00-22:00","2"
"MER-00407","BUS-00946","Sejahtera Digital - Lodging","7011","50M_250M","250K_1M","2023-10-03","ACTIVE","ACC-0013051","09:00-21:00","1"
"MER-00408","BUS-00741","Harapan Digital - Computer Network Services","4816","GT_1B","50K_250K","2024-01-21","ACTIVE","ACC-0012786","00:00-23:59","8"
"MER-00409","BUS-00979","Sejahtera Nusantara - Misc Retail","5999","250M_1B","50K_250K","2023-01-09","ACTIVE","ACC-0013093","09:00-21:00","3"
"MER-00410","BUS-00286","Lestari Nusantara - Drug Stores","5912","50M_250M","50K_250K","2023-07-03","ACTIVE","ACC-0012193","10:00-22:00","10"
"MER-00411","BUS-00302","Berkah Logistik - Lodging","7011","GT_1B","250K_1M","2025-08-19","ACTIVE","ACC-0012210","09:00-21:00","9"
"MER-00412","BUS-00261","Mandiri Digital - Fast Food","5814","50M_250M","LT_50K","2025-12-14","ACTIVE","ACC-0012158","10:00-22:00","4"
"MER-00413","BUS-01092","Sejahtera Logistik - Book Stores","5942","50M_250M","50K_250K","2023-07-16","ACTIVE","ACC-0013239","09:00-21:00","11"
"MER-00414","BUS-00605","Abadi Digital - Drug Stores","5912","LT_50M","50K_250K","2023-09-23","ACTIVE","ACC-0012612","08:00-17:00","3"
"MER-00415","BUS-00708","Mandiri Niaga - Cosmetic Stores","5977","50M_250M","50K_250K","2024-08-25","ACTIVE","ACC-0012749","08:00-17:00","4"
"MER-00416","BUS-00470","Jaya Bersama - Lodging","7011","LT_50M","250K_1M","2026-01-30","ACTIVE","ACC-0012429","08:00-17:00","3"
"MER-00417","BUS-00559","Cemerlang Bersama - Family Clothing","5651","LT_50M","50K_250K","2024-08-15","ACTIVE","ACC-0012547","00:00-23:59","6"
"MER-00418","BUS-01092","Sejahtera Logistik - Utilities","4900","50M_250M","250K_1M","2024-06-19","ACTIVE","ACC-0013239","10:00-22:00","11"
"MER-00419","BUS-00926","Mandiri Nusantara - Second Hand Stores","5933","GT_1B","50K_250K","2026-02-12","ACTIVE","ACC-0013026","10:00-22:00","6"
"MER-00420","BUS-00664","Jaya Bersama - Colleges and Universities","8220","LT_50M","GT_1M","2025-08-22","ACTIVE","ACC-0012685","10:00-22:00","6"
"MER-00421","BUS-00026","Sinar Perkasa - Grocery Stores","5411","LT_50M","50K_250K","2024-05-21","ACTIVE","ACC-0011862","08:00-17:00","7"
"MER-00422","BUS-00164","Jaya Niaga - Misc Retail","5999","250M_1B","50K_250K","2025-09-23","ACTIVE","ACC-0012038","08:00-17:00","2"
"MER-00423","BUS-00336","Abadi Logistik - Second Hand Stores","5933","LT_50M","50K_250K","2023-12-19","ACTIVE","ACC-0012252","00:00-23:59","2"
"MER-00424","BUS-01051","Lestari Logistik - Computer Network Services","4816","GT_1B","50K_250K","2023-11-27","SUSPENDED","ACC-0013184","08:00-17:00","11"
"MER-00425","BUS-00159","Sentosa Perkasa - Book Stores","5942","50M_250M","50K_250K","2024-01-31","ACTIVE","ACC-0012033","00:00-23:59","3"
"MER-00426","BUS-01005","Makmur Perkasa - Travel Agencies","4722","250M_1B","GT_1M","2025-11-15","ACTIVE","ACC-0013127","08:00-17:00","10"
"MER-00427","BUS-00507","Sentosa Digital - Precious Stones and Metals","5094","GT_1B","GT_1M","2025-03-17","ACTIVE","ACC-0012478","10:00-22:00","3"
"MER-00428","BUS-00277","Sentosa Niaga - Electronics Stores","5732","50M_250M","GT_1M","2025-05-14","ACTIVE","ACC-0012180","10:00-22:00","8"
"MER-00429","BUS-01045","Sinar Perkasa - Beauty Shops","7230","250M_1B","50K_250K","2024-08-08","ACTIVE","ACC-0013176","09:00-21:00","11"
"MER-00430","BUS-00373","Harapan Logistik - Hospitals","8062","GT_1B","250K_1M","2024-04-30","ACTIVE","ACC-0012301","10:00-22:00","7"
"MER-00431","BUS-00122","Sejahtera Utama - Taxicabs and Limousines","4121","250M_1B","LT_50K","2025-03-21","ACTIVE","ACC-0011982","00:00-23:59","5"
"MER-00432","BUS-00258","Maju Digital - Department Stores","5311","50M_250M","250K_1M","2025-06-13","ACTIVE","ACC-0012155","10:00-22:00","11"
"MER-00433","BUS-00294","Sentosa Nusantara - Electronics Stores","5732","50M_250M","GT_1M","2024-03-12","SUSPENDED","ACC-0012201","08:00-17:00","6"
"MER-00434","BUS-00482","Maju Bersama - Misc Retail","5999","GT_1B","50K_250K","2024-07-19","ACTIVE","ACC-0012445","08:00-17:00","10"
"MER-00435","BUS-00759","Mandiri Niaga - Betting-adjacent (restricted)","7995","250M_1B","GT_1M","2025-08-10","ACTIVE","ACC-0012810","09:00-21:00","5"
"MER-00436","BUS-00763","Abadi Perkasa - Cosmetic Stores","5977","50M_250M","50K_250K","2025-02-17","ACTIVE","ACC-0012816","00:00-23:59","11"
"MER-00437","BUS-01087","Sentosa Bersama - Computers and Peripherals","5045","GT_1B","GT_1M","2024-01-11","ACTIVE","ACC-0013233","00:00-23:59","6"
"MER-00438","BUS-00702","Makmur Niaga - Second Hand Stores","5933","GT_1B","50K_250K","2023-07-12","ACTIVE","ACC-0012741","00:00-23:59","7"
"MER-00439","BUS-01062","Abadi Logistik - Department Stores","5311","LT_50M","250K_1M","2023-07-15","ACTIVE","ACC-0013199","10:00-22:00","10"
"MER-00440","BUS-00141","Lestari Logistik - Family Clothing","5651","GT_1B","50K_250K","2025-11-12","CLOSED","ACC-0012006","10:00-22:00","4"
"MER-00441","BUS-01177","Maju Niaga - Colleges and Universities","8220","250M_1B","GT_1M","2025-04-20","ACTIVE","ACC-0013352","08:00-17:00","3"
"MER-00442","BUS-00867","Makmur Utama - Colleges and Universities","8220","LT_50M","GT_1M","2023-12-24","ACTIVE","ACC-0012950","08:00-17:00","3"
"MER-00443","BUS-01175","Mandiri Niaga - Taxicabs and Limousines","4121","LT_50M","LT_50K","2024-12-24","ACTIVE","ACC-0013349","10:00-22:00","7"
"MER-00444","BUS-01017","Makmur Perkasa - Second Hand Stores","5933","LT_50M","50K_250K","2023-11-09","ACTIVE","ACC-0013143","08:00-17:00","8"
"MER-00445","BUS-00022","Cemerlang Digital - Electronics Stores","5732","GT_1B","GT_1M","2025-09-10","ACTIVE","ACC-0011857","08:00-17:00","8"
"MER-00446","BUS-00889","Sinar Niaga - Motion Picture Theatres","7832","GT_1B","50K_250K","2025-03-08","ACTIVE","ACC-0012980","10:00-22:00","6"
"MER-00447","BUS-00709","Berkah Utama - Motion Picture Theatres","7832","GT_1B","50K_250K","2024-12-17","ACTIVE","ACC-0012750","08:00-17:00","5"
"MER-00448","BUS-00782","Berkah Nusantara - Book Stores","5942","50M_250M","50K_250K","2022-12-25","SUSPENDED","ACC-0012840","10:00-22:00","5"
"MER-00449","BUS-00963","Makmur Utama - Department Stores","5311","50M_250M","250K_1M","2024-08-18","ACTIVE","ACC-0013073","10:00-22:00","5"
"MER-00450","BUS-00707","Sinar Bersama - Precious Stones and Metals","5094","250M_1B","GT_1M","2025-11-23","ACTIVE","ACC-0012748","10:00-22:00","7"
"MER-00451","BUS-00987","Sentosa Nusantara - Electronics Stores","5732","250M_1B","GT_1M","2023-10-07","ACTIVE","ACC-0013105","09:00-21:00","3"
"MER-00452","BUS-01011","Harapan Nusantara - Eating Places","5812","50M_250M","50K_250K","2023-10-06","ACTIVE","ACC-0013135","00:00-23:59","3"
"MER-00453","BUS-00875","Cemerlang Perkasa - Taxicabs and Limousines","4121","50M_250M","LT_50K","2024-11-14","ACTIVE","ACC-0012962","00:00-23:59","1"
"MER-00454","BUS-01097","Maju Utama - Cosmetic Stores","5977","GT_1B","50K_250K","2024-05-13","ACTIVE","ACC-0013245","10:00-22:00","5"
"MER-00455","BUS-00346","Lestari Nusantara - Hospitals","8062","LT_50M","250K_1M","2022-12-25","ACTIVE","ACC-0012265","10:00-22:00","2"
"MER-00456","BUS-01147","Lestari Digital - Department Stores","5311","50M_250M","250K_1M","2025-06-04","ACTIVE","ACC-0013309","00:00-23:59","8"
"MER-00457","BUS-01160","Berkah Logistik - Beauty Shops","7230","LT_50M","50K_250K","2024-06-10","ACTIVE","ACC-0013328","10:00-22:00","11"
"MER-00458","BUS-00350","Jaya Utama - Drug Stores","5912","LT_50M","50K_250K","2024-09-01","ACTIVE","ACC-0012269","09:00-21:00","11"
"MER-00459","BUS-00439","Harapan Perkasa - Utilities","4900","LT_50M","250K_1M","2024-09-17","ACTIVE","ACC-0012385","09:00-21:00","3"
"MER-00460","BUS-00570","Cemerlang Digital - Taxicabs and Limousines","4121","250M_1B","LT_50K","2023-08-13","ACTIVE","ACC-0012563","10:00-22:00","7"
"MER-00461","BUS-00784","Sinar Nusantara - Eating Places","5812","GT_1B","50K_250K","2023-01-21","ACTIVE","ACC-0012843","10:00-22:00","4"
"MER-00462","BUS-00688","Maju Digital - Betting-adjacent (restricted)","7995","LT_50M","GT_1M","2025-05-30","ACTIVE","ACC-0012720","00:00-23:59","5"
"MER-00463","BUS-00247","Harapan Perkasa - Drug Stores","5912","LT_50M","50K_250K","2022-12-27","ACTIVE","ACC-0012144","09:00-21:00","9"
"MER-00464","BUS-00298","Berkah Perkasa - Precious Stones and Metals","5094","50M_250M","GT_1M","2025-02-13","ACTIVE","ACC-0012206","10:00-22:00","8"
"MER-00465","BUS-01069","Abadi Niaga - Motion Picture Theatres","7832","LT_50M","50K_250K","2023-01-19","ACTIVE","ACC-0013210","09:00-21:00","1"
"MER-00466","BUS-00915","Cemerlang Bersama - Cosmetic Stores","5977","LT_50M","50K_250K","2023-11-27","ACTIVE","ACC-0013013","09:00-21:00","5"
"MER-00467","BUS-01191","Cemerlang Perkasa - Department Stores","5311","250M_1B","250K_1M","2025-12-05","ACTIVE","ACC-0013370","09:00-21:00","1"
"MER-00468","BUS-01048","Abadi Perkasa - Misc Retail","5999","250M_1B","50K_250K","2025-09-03","ACTIVE","ACC-0013180","09:00-21:00","9"
"MER-00469","BUS-01179","Cemerlang Utama - Drug Stores","5912","250M_1B","50K_250K","2025-08-09","SUSPENDED","ACC-0013354","09:00-21:00","6"
"MER-00470","BUS-01091","Sentosa Bersama - Betting-adjacent (restricted)","7995","GT_1B","GT_1M","2023-05-21","ACTIVE","ACC-0013238","00:00-23:59","9"
"MER-00471","BUS-00046","Mandiri Niaga - Cosmetic Stores","5977","GT_1B","50K_250K","2025-03-11","ACTIVE","ACC-0011889","10:00-22:00","1"
"MER-00472","BUS-00825","Jaya Niaga - Cosmetic Stores","5977","LT_50M","50K_250K","2024-11-12","SUSPENDED","ACC-0012896","09:00-21:00","9"
"MER-00473","BUS-00102","Lestari Utama - Second Hand Stores","5933","50M_250M","50K_250K","2025-11-14","ACTIVE","ACC-0011959","00:00-23:59","7"
"MER-00474","BUS-00284","Berkah Nusantara - Book Stores","5942","250M_1B","50K_250K","2025-08-10","ACTIVE","ACC-0012190","08:00-17:00","7"
"MER-00475","BUS-00765","Jaya Nusantara - Book Stores","5942","GT_1B","50K_250K","2025-04-10","ACTIVE","ACC-0012819","00:00-23:59","4"
"MER-00476","BUS-00139","Maju Niaga - Motion Picture Theatres","7832","LT_50M","50K_250K","2023-04-27","ACTIVE","ACC-0012002","09:00-21:00","10"
"MER-00477","BUS-00948","Abadi Nusantara - Eating Places","5812","LT_50M","50K_250K","2025-01-30","ACTIVE","ACC-0013053","00:00-23:59","1"
"MER-00478","BUS-01058","Maju Digital - Book Stores","5942","50M_250M","50K_250K","2025-08-12","ACTIVE","ACC-0013195","00:00-23:59","9"
"MER-00479","BUS-01041","Makmur Niaga - Precious Stones and Metals","5094","GT_1B","GT_1M","2025-03-25","ACTIVE","ACC-0013170","00:00-23:59","9"
"MER-00480","BUS-00099","Abadi Niaga - Computer Network Services","4816","50M_250M","50K_250K","2026-02-14","ACTIVE","ACC-0011955","08:00-17:00","2"
"MER-00481","BUS-00512","Maju Logistik - Precious Stones and Metals","5094","GT_1B","GT_1M","2023-07-09","ACTIVE","ACC-0012484","08:00-17:00","6"
"MER-00482","BUS-00149","Berkah Utama - Fast Food","5814","250M_1B","LT_50K","2025-06-26","ACTIVE","ACC-0012017","08:00-17:00","1"
"MER-00483","BUS-00154","Harapan Nusantara - Grocery Stores","5411","250M_1B","50K_250K","2024-02-15","ACTIVE","ACC-0012026","10:00-22:00","3"
"MER-00484","BUS-00310","Lestari Digital - Travel Agencies","4722","GT_1B","GT_1M","2026-01-26","ACTIVE","ACC-0012221","08:00-17:00","9"
"MER-00485","BUS-00107","Cemerlang Nusantara - Hospitals","8062","250M_1B","250K_1M","2024-08-14","ACTIVE","ACC-0011965","08:00-17:00","6"
"MER-00486","BUS-00427","Abadi Logistik - Grocery Stores","5411","LT_50M","50K_250K","2025-07-13","ACTIVE","ACC-0012371","08:00-17:00","1"
"MER-00487","BUS-00739","Berkah Digital - Motion Picture Theatres","7832","GT_1B","50K_250K","2023-04-01","SUSPENDED","ACC-0012784","00:00-23:59","2"
"MER-00488","BUS-00250","Maju Niaga - Motion Picture Theatres","7832","GT_1B","50K_250K","2023-07-29","ACTIVE","ACC-0012147","10:00-22:00","1"
"MER-00489","BUS-00384","Mandiri Perkasa - Eating Places","5812","50M_250M","50K_250K","2024-05-12","ACTIVE","ACC-0012315","09:00-21:00","4"
"MER-00490","BUS-00113","Sentosa Perkasa - Quasi Cash","6051","250M_1B","GT_1M","2024-04-17","ACTIVE","ACC-0011971","09:00-21:00","2"
"MER-00491","BUS-00582","Sinar Perkasa - Service Stations","5541","250M_1B","50K_250K","2024-11-03","ACTIVE","ACC-0012578","09:00-21:00","9"
"MER-00492","BUS-00431","Mandiri Nusantara - Lodging","7011","LT_50M","250K_1M","2023-08-12","ACTIVE","ACC-0012376","08:00-17:00","10"
"MER-00493","BUS-00858","Harapan Perkasa - Betting-adjacent (restricted)","7995","GT_1B","GT_1M","2024-06-08","ACTIVE","ACC-0012938","00:00-23:59","2"
"MER-00494","BUS-00379","Maju Nusantara - Electronics Stores","5732","50M_250M","GT_1M","2025-07-19","ACTIVE","ACC-0012308","10:00-22:00","4"
"MER-00495","BUS-00208","Makmur Digital - Colleges and Universities","8220","GT_1B","GT_1M","2023-06-09","ACTIVE","ACC-0012091","00:00-23:59","8"
"MER-00496","BUS-00049","Lestari Utama - Beauty Shops","7230","250M_1B","50K_250K","2023-12-30","ACTIVE","ACC-0011893","10:00-22:00","7"
"MER-00497","BUS-00266","Cemerlang Utama - Family Clothing","5651","250M_1B","50K_250K","2024-06-03","ACTIVE","ACC-0012164","00:00-23:59","11"
"MER-00498","BUS-00732","Berkah Bersama - Precious Stones and Metals","5094","250M_1B","GT_1M","2024-07-29","ACTIVE","ACC-0012776","08:00-17:00","5"
"MER-00499","BUS-00863","Mandiri Digital - Computers and Peripherals","5045","GT_1B","GT_1M","2026-01-23","ACTIVE","ACC-0012945","10:00-22:00","5"
"MER-00500","BUS-01005","Makmur Perkasa - Precious Stones and Metals","5094","LT_50M","GT_1M","2024-06-30","ACTIVE","ACC-0013127","08:00-17:00","6"
"MER-00501","BUS-00161","Maju Niaga - Department Stores","5311","LT_50M","250K_1M","2024-01-04","ACTIVE","ACC-0012035","08:00-17:00","7"
"MER-00502","BUS-00979","Sejahtera Nusantara - Drug Stores","5912","250M_1B","50K_250K","2022-12-19","ACTIVE","ACC-0013093","00:00-23:59","11"
"MER-00503","BUS-00340","Mandiri Logistik - Misc Retail","5999","LT_50M","50K_250K","2024-01-01","ACTIVE","ACC-0012258","00:00-23:59","6"
"MER-00504","BUS-00342","Berkah Niaga - Motion Picture Theatres","7832","LT_50M","50K_250K","2024-03-16","ACTIVE","ACC-0012261","08:00-17:00","9"
"MER-00505","BUS-00021","Berkah Nusantara - Motion Picture Theatres","7832","GT_1B","50K_250K","2023-07-02","ACTIVE","ACC-0011856","08:00-17:00","7"
"MER-00506","BUS-00152","Sinar Utama - Fast Food","5814","250M_1B","LT_50K","2023-02-26","ACTIVE","ACC-0012022","00:00-23:59","6"
"MER-00507","BUS-00711","Sinar Utama - Colleges and Universities","8220","50M_250M","GT_1M","2025-07-22","ACTIVE","ACC-0012752","00:00-23:59","8"
"MER-00508","BUS-01067","Sinar Perkasa - Betting-adjacent (restricted)","7995","GT_1B","GT_1M","2025-01-03","ACTIVE","ACC-0013207","00:00-23:59","4"
"MER-00509","BUS-00630","Abadi Logistik - Travel Agencies","4722","50M_250M","GT_1M","2024-06-23","ACTIVE","ACC-0012642","09:00-21:00","9"
"MER-00510","BUS-00908","Maju Nusantara - Hospitals","8062","250M_1B","250K_1M","2025-01-07","ACTIVE","ACC-0013005","00:00-23:59","5"
"MER-00511","BUS-00423","Makmur Nusantara - Colleges and Universities","8220","50M_250M","GT_1M","2025-02-01","ACTIVE","ACC-0012366","00:00-23:59","1"
"MER-00512","BUS-00931","Sentosa Bersama - Betting-adjacent (restricted)","7995","250M_1B","GT_1M","2024-11-14","ACTIVE","ACC-0013032","09:00-21:00","5"
"MER-00513","BUS-00353","Abadi Logistik - Hospitals","8062","GT_1B","250K_1M","2024-04-05","ACTIVE","ACC-0012273","09:00-21:00","1"
"MER-00514","BUS-00256","Jaya Logistik - Taxicabs and Limousines","4121","50M_250M","LT_50K","2025-01-17","ACTIVE","ACC-0012153","08:00-17:00","4"
"MER-00515","BUS-00112","Lestari Digital - Colleges and Universities","8220","LT_50M","GT_1M","2025-01-03","ACTIVE","ACC-0011970","09:00-21:00","5"
"MER-00516","BUS-00995","Sinar Utama - Cosmetic Stores","5977","GT_1B","50K_250K","2025-02-14","ACTIVE","ACC-0013113","00:00-23:59","1"
"MER-00517","BUS-00185","Lestari Bersama - Utilities","4900","250M_1B","250K_1M","2023-12-04","ACTIVE","ACC-0012064","00:00-23:59","1"
"MER-00518","BUS-00956","Harapan Bersama - Utilities","4900","LT_50M","250K_1M","2025-01-25","ACTIVE","ACC-0013065","00:00-23:59","2"
"MER-00519","BUS-01039","Mandiri Logistik - Misc Retail","5999","GT_1B","50K_250K","2024-11-09","ACTIVE","ACC-0013168","08:00-17:00","3"
"MER-00520","BUS-01021","Berkah Utama - Computer Network Services","4816","50M_250M","50K_250K","2023-09-15","ACTIVE","ACC-0013148","09:00-21:00","1"
"MER-00521","BUS-01185","Sejahtera Bersama - Hospitals","8062","250M_1B","250K_1M","2026-02-20","ACTIVE","ACC-0013361","10:00-22:00","2"
"MER-00522","BUS-00149","Berkah Utama - Department Stores","5311","GT_1B","250K_1M","2025-01-10","ACTIVE","ACC-0012017","08:00-17:00","7"
"MER-00523","BUS-00895","Cemerlang Digital - Family Clothing","5651","LT_50M","50K_250K","2023-02-10","ACTIVE","ACC-0012989","00:00-23:59","10"
"MER-00524","BUS-01168","Lestari Utama - Taxicabs and Limousines","4121","GT_1B","LT_50K","2026-01-24","ACTIVE","ACC-0013339","08:00-17:00","4"
"MER-00525","BUS-00168","Maju Utama - Motion Picture Theatres","7832","250M_1B","50K_250K","2024-06-26","CLOSED","ACC-0012043","08:00-17:00","6"
"MER-00526","BUS-00493","Abadi Nusantara - Drug Stores","5912","GT_1B","50K_250K","2024-07-18","ACTIVE","ACC-0012460","09:00-21:00","10"
"MER-00527","BUS-00083","Sejahtera Niaga - Travel Agencies","4722","50M_250M","GT_1M","2025-12-21","ACTIVE","ACC-0011933","08:00-17:00","10"
"MER-00528","BUS-01105","Jaya Digital - Precious Stones and Metals","5094","GT_1B","GT_1M","2025-04-04","ACTIVE","ACC-0013256","08:00-17:00","1"
"MER-00529","BUS-01173","Jaya Utama - Electronics Stores","5732","LT_50M","GT_1M","2024-09-14","ACTIVE","ACC-0013347","10:00-22:00","9"
"MER-00530","BUS-00200","Maju Digital - Taxicabs and Limousines","4121","LT_50M","LT_50K","2025-07-18","ACTIVE","ACC-0012082","09:00-21:00","1"
"MER-00531","BUS-00330","Sejahtera Niaga - Service Stations","5541","GT_1B","50K_250K","2023-12-29","ACTIVE","ACC-0012246","00:00-23:59","5"
"MER-00532","BUS-00637","Sejahtera Logistik - Department Stores","5311","250M_1B","250K_1M","2026-02-24","ACTIVE","ACC-0012651","00:00-23:59","2"
"MER-00533","BUS-00513","Cemerlang Niaga - Book Stores","5942","50M_250M","50K_250K","2023-02-05","ACTIVE","ACC-0012485","09:00-21:00","1"
"MER-00534","BUS-01012","Sejahtera Logistik - Precious Stones and Metals","5094","250M_1B","GT_1M","2024-06-04","ACTIVE","ACC-0013137","08:00-17:00","5"
"MER-00535","BUS-01172","Berkah Utama - Family Clothing","5651","GT_1B","50K_250K","2024-03-14","ACTIVE","ACC-0013346","00:00-23:59","10"
"MER-00536","BUS-00572","Berkah Niaga - Book Stores","5942","LT_50M","50K_250K","2023-11-28","ACTIVE","ACC-0012565","08:00-17:00","11"
"MER-00537","BUS-01043","Sentosa Perkasa - Family Clothing","5651","GT_1B","50K_250K","2024-12-03","ACTIVE","ACC-0013173","08:00-17:00","10"
"MER-00538","BUS-00585","Lestari Bersama - Motion Picture Theatres","7832","GT_1B","50K_250K","2025-07-04","ACTIVE","ACC-0012582","08:00-17:00","10"
"MER-00539","BUS-00123","Lestari Digital - Motion Picture Theatres","7832","50M_250M","50K_250K","2024-10-10","ACTIVE","ACC-0011983","08:00-17:00","3"
"MER-00540","BUS-00140","Mandiri Bersama - Department Stores","5311","GT_1B","250K_1M","2025-04-07","ACTIVE","ACC-0012004","08:00-17:00","1"
"MER-00541","BUS-00526","Sejahtera Utama - Grocery Stores","5411","LT_50M","50K_250K","2023-05-15","SUSPENDED","ACC-0012502","08:00-17:00","7"
"MER-00542","BUS-00035","Sejahtera Bersama - Travel Agencies","4722","50M_250M","GT_1M","2025-10-09","ACTIVE","ACC-0011873","10:00-22:00","9"
"MER-00543","BUS-00696","Harapan Niaga - Utilities","4900","50M_250M","250K_1M","2024-12-12","ACTIVE","ACC-0012731","00:00-23:59","10"
"MER-00544","BUS-00040","Makmur Digital - Drug Stores","5912","LT_50M","50K_250K","2024-07-09","ACTIVE","ACC-0011879","00:00-23:59","10"
"MER-00545","BUS-00330","Sejahtera Niaga - Beauty Shops","7230","50M_250M","50K_250K","2023-12-07","ACTIVE","ACC-0012246","09:00-21:00","8"
"MER-00546","BUS-00299","Abadi Perkasa - Hospitals","8062","LT_50M","250K_1M","2023-03-12","ACTIVE","ACC-0012207","08:00-17:00","3"
"MER-00547","BUS-00596","Sinar Logistik - Computer Network Services","4816","50M_250M","50K_250K","2025-06-13","ACTIVE","ACC-0012600","08:00-17:00","3"
"MER-00548","BUS-01137","Maju Logistik - Lodging","7011","250M_1B","250K_1M","2025-01-08","ACTIVE","ACC-0013296","00:00-23:59","3"
"MER-00549","BUS-00840","Sentosa Bersama - Hospitals","8062","250M_1B","250K_1M","2025-02-23","ACTIVE","ACC-0012916","08:00-17:00","8"
"MER-00550","BUS-00755","Jaya Logistik - Betting-adjacent (restricted)","7995","250M_1B","GT_1M","2024-01-12","ACTIVE","ACC-0012804","09:00-21:00","7"
"MER-00551","BUS-01087","Sentosa Bersama - Service Stations","5541","250M_1B","50K_250K","2025-08-10","ACTIVE","ACC-0013233","00:00-23:59","4"
"MER-00552","BUS-00032","Mandiri Logistik - Lodging","7011","250M_1B","250K_1M","2023-02-13","ACTIVE","ACC-0011870","10:00-22:00","4"
"MER-00553","BUS-00681","Maju Digital - Taxicabs and Limousines","4121","50M_250M","LT_50K","2024-11-23","ACTIVE","ACC-0012708","10:00-22:00","4"
"MER-00554","BUS-00682","Berkah Digital - Quasi Cash","6051","LT_50M","GT_1M","2025-03-10","ACTIVE","ACC-0012710","00:00-23:59","3"
"MER-00555","BUS-00686","Jaya Nusantara - Family Clothing","5651","50M_250M","50K_250K","2025-06-30","ACTIVE","ACC-0012717","08:00-17:00","4"
"MER-00556","BUS-00100","Mandiri Bersama - Grocery Stores","5411","LT_50M","50K_250K","2023-10-10","ACTIVE","ACC-0011957","10:00-22:00","10"
"MER-00557","BUS-00741","Harapan Digital - Computer Network Services","4816","50M_250M","50K_250K","2023-12-02","ACTIVE","ACC-0012786","00:00-23:59","2"
"MER-00558","BUS-00470","Jaya Bersama - Computers and Peripherals","5045","LT_50M","GT_1M","2024-12-24","ACTIVE","ACC-0012429","08:00-17:00","2"
"MER-00559","BUS-00848","Maju Perkasa - Taxicabs and Limousines","4121","GT_1B","LT_50K","2024-05-15","ACTIVE","ACC-0012926","08:00-17:00","9"
"MER-00560","BUS-00615","Harapan Digital - Department Stores","5311","250M_1B","250K_1M","2024-04-08","ACTIVE","ACC-0012622","08:00-17:00","5"
"MER-00561","BUS-00502","Abadi Bersama - Colleges and Universities","8220","LT_50M","GT_1M","2025-10-18","ACTIVE","ACC-0012471","10:00-22:00","3"
"MER-00562","BUS-00063","Jaya Digital - Motion Picture Theatres","7832","GT_1B","50K_250K","2024-08-18","ACTIVE","ACC-0011907","08:00-17:00","6"
"MER-00563","BUS-01158","Sinar Logistik - Fast Food","5814","LT_50M","LT_50K","2025-06-02","ACTIVE","ACC-0013325","08:00-17:00","8"
"MER-00564","BUS-00438","Lestari Nusantara - Department Stores","5311","250M_1B","250K_1M","2023-07-19","ACTIVE","ACC-0012383","09:00-21:00","5"
"MER-00565","BUS-00314","Cemerlang Niaga - Betting-adjacent (restricted)","7995","GT_1B","GT_1M","2023-05-16","ACTIVE","ACC-0012226","10:00-22:00","9"
"MER-00566","BUS-01163","Berkah Logistik - Colleges and Universities","8220","250M_1B","GT_1M","2023-03-07","ACTIVE","ACC-0013332","00:00-23:59","3"
"MER-00567","BUS-00510","Sejahtera Nusantara - Hospitals","8062","50M_250M","250K_1M","2023-06-09","ACTIVE","ACC-0012482","08:00-17:00","3"
"MER-00568","BUS-00271","Sejahtera Perkasa - Drug Stores","5912","LT_50M","50K_250K","2025-03-30","ACTIVE","ACC-0012172","09:00-21:00","6"
"MER-00569","BUS-00794","Lestari Perkasa - Book Stores","5942","LT_50M","50K_250K","2025-11-01","ACTIVE","ACC-0012856","10:00-22:00","2"
"MER-00570","BUS-00302","Berkah Logistik - Second Hand Stores","5933","250M_1B","50K_250K","2026-01-15","ACTIVE","ACC-0012210","08:00-17:00","8"
"MER-00571","BUS-00181","Sejahtera Niaga - Precious Stones and Metals","5094","250M_1B","GT_1M","2023-07-31","ACTIVE","ACC-0012060","09:00-21:00","4"
"MER-00572","BUS-00320","Cemerlang Bersama - Lodging","7011","GT_1B","250K_1M","2024-03-03","SUSPENDED","ACC-0012234","00:00-23:59","9"
"MER-00573","BUS-00302","Berkah Logistik - Eating Places","5812","GT_1B","50K_250K","2023-03-26","ACTIVE","ACC-0012210","10:00-22:00","2"
"MER-00574","BUS-00448","Mandiri Niaga - Fast Food","5814","LT_50M","LT_50K","2023-01-21","ACTIVE","ACC-0012399","00:00-23:59","9"
"MER-00575","BUS-01034","Sentosa Utama - Eating Places","5812","GT_1B","50K_250K","2025-04-17","ACTIVE","ACC-0013163","00:00-23:59","1"
"MER-00576","BUS-00627","Harapan Niaga - Utilities","4900","LT_50M","250K_1M","2024-12-04","ACTIVE","ACC-0012639","09:00-21:00","10"
"MER-00577","BUS-01007","Berkah Nusantara - Grocery Stores","5411","LT_50M","50K_250K","2024-02-23","ACTIVE","ACC-0013130","10:00-22:00","10"
"MER-00578","BUS-00866","Berkah Digital - Motion Picture Theatres","7832","GT_1B","50K_250K","2024-11-13","ACTIVE","ACC-0012948","10:00-22:00","1"
"MER-00579","BUS-00127","Cemerlang Digital - Lodging","7011","LT_50M","250K_1M","2024-09-26","ACTIVE","ACC-0011988","09:00-21:00","3"
"MER-00580","BUS-00200","Maju Digital - Colleges and Universities","8220","50M_250M","GT_1M","2025-07-01","ACTIVE","ACC-0012082","08:00-17:00","8"
"MER-00581","BUS-00660","Cemerlang Perkasa - Misc Retail","5999","50M_250M","50K_250K","2024-06-20","ACTIVE","ACC-0012680","10:00-22:00","8"
"MER-00582","BUS-00783","Cemerlang Bersama - Computers and Peripherals","5045","50M_250M","GT_1M","2024-11-13","ACTIVE","ACC-0012842","00:00-23:59","10"
"MER-00583","BUS-01156","Jaya Nusantara - Misc Retail","5999","LT_50M","50K_250K","2024-04-29","ACTIVE","ACC-0013322","00:00-23:59","10"
"MER-00584","BUS-00760","Jaya Perkasa - Cosmetic Stores","5977","GT_1B","50K_250K","2024-12-25","ACTIVE","ACC-0012812","00:00-23:59","9"
"MER-00585","BUS-00522","Berkah Nusantara - Book Stores","5942","GT_1B","50K_250K","2025-10-25","ACTIVE","ACC-0012497","10:00-22:00","4"
"MER-00586","BUS-00322","Jaya Digital - Betting-adjacent (restricted)","7995","GT_1B","GT_1M","2026-01-12","ACTIVE","ACC-0012236","10:00-22:00","8"
"MER-00587","BUS-00452","Abadi Nusantara - Drug Stores","5912","GT_1B","50K_250K","2025-04-10","ACTIVE","ACC-0012405","09:00-21:00","2"
"MER-00588","BUS-00012","Harapan Nusantara - Grocery Stores","5411","LT_50M","50K_250K","2025-09-29","ACTIVE","ACC-0011844","00:00-23:59","5"
"MER-00589","BUS-00284","Berkah Nusantara - Colleges and Universities","8220","GT_1B","GT_1M","2024-05-06","ACTIVE","ACC-0012190","00:00-23:59","7"
"MER-00590","BUS-00156","Sejahtera Bersama - Lodging","7011","GT_1B","250K_1M","2025-01-31","ACTIVE","ACC-0012029","08:00-17:00","2"
"MER-00591","BUS-01063","Harapan Niaga - Family Clothing","5651","250M_1B","50K_250K","2023-01-09","ACTIVE","ACC-0013201","00:00-23:59","11"
"MER-00592","BUS-00600","Sinar Perkasa - Book Stores","5942","LT_50M","50K_250K","2026-01-26","ACTIVE","ACC-0012605","00:00-23:59","1"
"MER-00593","BUS-00585","Lestari Bersama - Electronics Stores","5732","LT_50M","GT_1M","2023-11-26","SUSPENDED","ACC-0012582","09:00-21:00","8"
"MER-00594","BUS-01100","Sejahtera Utama - Colleges and Universities","8220","250M_1B","GT_1M","2024-02-15","ACTIVE","ACC-0013249","09:00-21:00","10"
"MER-00595","BUS-00647","Berkah Bersama - Travel Agencies","4722","LT_50M","GT_1M","2023-12-16","ACTIVE","ACC-0012664","08:00-17:00","9"
"MER-00596","BUS-00061","Cemerlang Digital - Motion Picture Theatres","7832","GT_1B","50K_250K","2024-11-22","ACTIVE","ACC-0011905","10:00-22:00","3"
"MER-00597","BUS-00106","Maju Bersama - Quasi Cash","6051","GT_1B","GT_1M","2025-08-11","ACTIVE","ACC-0011964","10:00-22:00","11"
"MER-00598","BUS-00394","Maju Logistik - Taxicabs and Limousines","4121","250M_1B","LT_50K","2023-05-08","ACTIVE","ACC-0012326","10:00-22:00","3"
"MER-00599","BUS-00224","Abadi Logistik - Hospitals","8062","50M_250M","250K_1M","2023-12-03","ACTIVE","ACC-0012113","00:00-23:59","5"
"MER-00600","BUS-00431","Mandiri Nusantara - Book Stores","5942","250M_1B","50K_250K","2025-03-18","ACTIVE","ACC-0012376","08:00-17:00","2"
"MER-00601","BUS-00772","Abadi Perkasa - Service Stations","5541","LT_50M","50K_250K","2023-11-29","ACTIVE","ACC-0012826","00:00-23:59","6"
"MER-00602","BUS-00960","Sejahtera Perkasa - Lodging","7011","50M_250M","250K_1M","2025-11-03","CLOSED","ACC-0013069","08:00-17:00","10"
"MER-00603","BUS-00040","Makmur Digital - Grocery Stores","5411","LT_50M","50K_250K","2025-06-01","ACTIVE","ACC-0011879","10:00-22:00","3"
"MER-00604","BUS-01150","Maju Utama - Travel Agencies","4722","250M_1B","GT_1M","2025-08-21","ACTIVE","ACC-0013313","08:00-17:00","9"
"MER-00605","BUS-00426","Makmur Niaga - Computers and Peripherals","5045","LT_50M","GT_1M","2024-05-18","ACTIVE","ACC-0012370","09:00-21:00","10"
"MER-00606","BUS-01139","Sinar Bersama - Taxicabs and Limousines","4121","250M_1B","LT_50K","2025-08-31","ACTIVE","ACC-0013298","00:00-23:59","5"
"MER-00607","BUS-01057","Jaya Nusantara - Motion Picture Theatres","7832","LT_50M","50K_250K","2023-01-23","ACTIVE","ACC-0013193","09:00-21:00","10"
"MER-00608","BUS-00271","Sejahtera Perkasa - Electronics Stores","5732","50M_250M","GT_1M","2023-06-24","ACTIVE","ACC-0012172","09:00-21:00","2"
"MER-00609","BUS-00784","Sinar Nusantara - Travel Agencies","4722","50M_250M","GT_1M","2023-12-06","ACTIVE","ACC-0012843","09:00-21:00","6"
"MER-00610","BUS-00867","Makmur Utama - Grocery Stores","5411","GT_1B","50K_250K","2025-07-07","ACTIVE","ACC-0012950","00:00-23:59","10"
"MER-00611","BUS-00227","Sentosa Bersama - Motion Picture Theatres","7832","250M_1B","50K_250K","2024-12-30","ACTIVE","ACC-0012116","08:00-17:00","4"
"MER-00612","BUS-00591","Jaya Utama - Betting-adjacent (restricted)","7995","LT_50M","GT_1M","2024-05-11","ACTIVE","ACC-0012592","09:00-21:00","11"
"MER-00613","BUS-00249","Sejahtera Digital - Betting-adjacent (restricted)","7995","250M_1B","GT_1M","2026-01-28","ACTIVE","ACC-0012146","10:00-22:00","11"
"MER-00614","BUS-00293","Sejahtera Bersama - Computer Network Services","4816","250M_1B","50K_250K","2023-09-19","ACTIVE","ACC-0012200","10:00-22:00","11"
"MER-00615","BUS-01060","Berkah Bersama - Taxicabs and Limousines","4121","250M_1B","LT_50K","2023-06-26","ACTIVE","ACC-0013197","10:00-22:00","9"
"MER-00616","BUS-00176","Sentosa Perkasa - Betting-adjacent (restricted)","7995","250M_1B","GT_1M","2023-12-06","ACTIVE","ACC-0012053","09:00-21:00","7"
"MER-00617","BUS-00884","Sentosa Niaga - Fast Food","5814","250M_1B","LT_50K","2026-01-20","ACTIVE","ACC-0012972","10:00-22:00","10"
"MER-00618","BUS-00973","Sejahtera Bersama - Beauty Shops","7230","LT_50M","50K_250K","2023-09-23","ACTIVE","ACC-0013085","08:00-17:00","11"
"MER-00619","BUS-01055","Abadi Logistik - Colleges and Universities","8220","GT_1B","GT_1M","2025-05-21","ACTIVE","ACC-0013190","00:00-23:59","4"
"MER-00620","BUS-00704","Sejahtera Perkasa - Beauty Shops","7230","LT_50M","50K_250K","2023-12-31","ACTIVE","ACC-0012745","00:00-23:59","9"
"MER-00621","BUS-00438","Lestari Nusantara - Grocery Stores","5411","250M_1B","50K_250K","2023-03-03","ACTIVE","ACC-0012383","10:00-22:00","7"
"MER-00622","BUS-00034","Cemerlang Nusantara - Colleges and Universities","8220","LT_50M","GT_1M","2025-10-01","ACTIVE","ACC-0011872","00:00-23:59","1"
"MER-00623","BUS-00330","Sejahtera Niaga - Family Clothing","5651","50M_250M","50K_250K","2024-04-19","ACTIVE","ACC-0012246","09:00-21:00","9"
"MER-00624","BUS-00774","Maju Perkasa - Misc Retail","5999","GT_1B","50K_250K","2023-04-30","ACTIVE","ACC-0012829","09:00-21:00","9"
"MER-00625","BUS-00965","Maju Utama - Computer Network Services","4816","50M_250M","50K_250K","2022-12-28","ACTIVE","ACC-0013076","09:00-21:00","1"
"MER-00626","BUS-01015","Sinar Logistik - Colleges and Universities","8220","250M_1B","GT_1M","2023-09-18","ACTIVE","ACC-0013141","09:00-21:00","3"
"MER-00627","BUS-00104","Jaya Bersama - Travel Agencies","4722","50M_250M","GT_1M","2025-05-16","ACTIVE","ACC-0011961","08:00-17:00","3"
"MER-00628","BUS-00533","Maju Niaga - Computer Network Services","4816","250M_1B","50K_250K","2023-11-11","ACTIVE","ACC-0012512","10:00-22:00","9"
"MER-00629","BUS-00382","Makmur Digital - Lodging","7011","250M_1B","250K_1M","2023-11-07","ACTIVE","ACC-0012312","08:00-17:00","2"
"MER-00630","BUS-00360","Harapan Utama - Second Hand Stores","5933","250M_1B","50K_250K","2023-08-22","ACTIVE","ACC-0012283","00:00-23:59","6"
"MER-00631","BUS-00039","Sentosa Perkasa - Electronics Stores","5732","250M_1B","GT_1M","2025-05-29","ACTIVE","ACC-0011878","10:00-22:00","3"
"MER-00632","BUS-00824","Maju Utama - Cosmetic Stores","5977","LT_50M","50K_250K","2023-08-06","ACTIVE","ACC-0012894","00:00-23:59","10"
"MER-00633","BUS-00717","Makmur Niaga - Misc Retail","5999","250M_1B","50K_250K","2024-02-15","ACTIVE","ACC-0012759","09:00-21:00","4"
"MER-00634","BUS-00508","Cemerlang Bersama - Electronics Stores","5732","GT_1B","GT_1M","2023-04-25","ACTIVE","ACC-0012479","00:00-23:59","1"
"MER-00635","BUS-00098","Maju Nusantara - Taxicabs and Limousines","4121","GT_1B","LT_50K","2024-04-09","ACTIVE","ACC-0011954","09:00-21:00","7"
"MER-00636","BUS-00073","Cemerlang Utama - Misc Retail","5999","50M_250M","50K_250K","2025-07-08","ACTIVE","ACC-0011918","00:00-23:59","1"
"MER-00637","BUS-01005","Makmur Perkasa - Betting-adjacent (restricted)","7995","250M_1B","GT_1M","2025-12-28","ACTIVE","ACC-0013127","09:00-21:00","8"
"MER-00638","BUS-00579","Mandiri Logistik - Drug Stores","5912","250M_1B","50K_250K","2024-01-19","ACTIVE","ACC-0012574","10:00-22:00","6"
"MER-00639","BUS-00620","Cemerlang Nusantara - Betting-adjacent (restricted)","7995","250M_1B","GT_1M","2024-02-09","ACTIVE","ACC-0012629","00:00-23:59","8"
"MER-00640","BUS-00918","Maju Logistik - Grocery Stores","5411","LT_50M","50K_250K","2024-11-18","ACTIVE","ACC-0013017","00:00-23:59","1"
"MER-00641","BUS-01152","Mandiri Nusantara - Department Stores","5311","250M_1B","250K_1M","2026-02-15","ACTIVE","ACC-0013316","10:00-22:00","9"
"MER-00642","BUS-01182","Abadi Perkasa - Book Stores","5942","GT_1B","50K_250K","2024-01-20","ACTIVE","ACC-0013358","09:00-21:00","6"
"MER-00643","BUS-00786","Jaya Logistik - Cosmetic Stores","5977","GT_1B","50K_250K","2023-02-08","ACTIVE","ACC-0012847","10:00-22:00","6"
"MER-00644","BUS-00984","Sentosa Nusantara - Precious Stones and Metals","5094","LT_50M","GT_1M","2024-03-27","ACTIVE","ACC-0013102","10:00-22:00","6"
"MER-00645","BUS-00391","Maju Digital - Cosmetic Stores","5977","GT_1B","50K_250K","2024-07-04","ACTIVE","ACC-0012323","09:00-21:00","10"
"MER-00646","BUS-00468","Maju Utama - Eating Places","5812","50M_250M","50K_250K","2025-05-13","ACTIVE","ACC-0012425","10:00-22:00","9"
"MER-00647","BUS-00748","Harapan Perkasa - Misc Retail","5999","250M_1B","50K_250K","2024-01-13","ACTIVE","ACC-0012795","08:00-17:00","8"
"MER-00648","BUS-00355","Sinar Logistik - Quasi Cash","6051","50M_250M","GT_1M","2023-12-16","ACTIVE","ACC-0012276","00:00-23:59","7"
"MER-00649","BUS-00354","Maju Utama - Cosmetic Stores","5977","LT_50M","50K_250K","2025-01-15","CLOSED","ACC-0012274","09:00-21:00","4"
"MER-00650","BUS-01030","Sejahtera Digital - Betting-adjacent (restricted)","7995","250M_1B","GT_1M","2024-12-30","ACTIVE","ACC-0013158","08:00-17:00","11"
"MER-00651","BUS-00186","Lestari Niaga - Lodging","7011","GT_1B","250K_1M","2025-02-12","ACTIVE","ACC-0012065","09:00-21:00","8"
"MER-00652","BUS-01095","Maju Niaga - Grocery Stores","5411","GT_1B","50K_250K","2023-07-03","ACTIVE","ACC-0013242","09:00-21:00","11"
"MER-00653","BUS-01023","Jaya Perkasa - Motion Picture Theatres","7832","50M_250M","50K_250K","2025-11-04","ACTIVE","ACC-0013150","10:00-22:00","2"
"MER-00654","BUS-00798","Sinar Bersama - Fast Food","5814","LT_50M","LT_50K","2025-06-16","ACTIVE","ACC-0012861","00:00-23:59","1"
"MER-00655","BUS-00120","Maju Bersama - Motion Picture Theatres","7832","250M_1B","50K_250K","2024-02-08","ACTIVE","ACC-0011979","10:00-22:00","2"
"MER-00656","BUS-00616","Makmur Utama - Beauty Shops","7230","GT_1B","50K_250K","2024-09-19","ACTIVE","ACC-0012624","08:00-17:00","9"
"MER-00657","BUS-00437","Berkah Logistik - Computers and Peripherals","5045","50M_250M","GT_1M","2024-05-03","ACTIVE","ACC-0012382","10:00-22:00","11"
"MER-00658","BUS-00239","Berkah Niaga - Colleges and Universities","8220","50M_250M","GT_1M","2024-11-17","ACTIVE","ACC-0012133","08:00-17:00","6"
"MER-00659","BUS-00906","Abadi Digital - Betting-adjacent (restricted)","7995","GT_1B","GT_1M","2025-03-19","ACTIVE","ACC-0013003","10:00-22:00","5"
"MER-00660","BUS-00838","Jaya Perkasa - Misc Retail","5999","LT_50M","50K_250K","2025-03-02","ACTIVE","ACC-0012914","00:00-23:59","4"
"MER-00661","BUS-00989","Jaya Perkasa - Motion Picture Theatres","7832","250M_1B","50K_250K","2024-06-24","ACTIVE","ACC-0013107","09:00-21:00","4"
"MER-00662","BUS-01026","Lestari Utama - Motion Picture Theatres","7832","LT_50M","50K_250K","2023-09-01","ACTIVE","ACC-0013153","09:00-21:00","5"
"MER-00663","BUS-00132","Sinar Nusantara - Computer Network Services","4816","50M_250M","50K_250K","2025-05-16","ACTIVE","ACC-0011995","08:00-17:00","11"
"MER-00664","BUS-00283","Lestari Digital - Book Stores","5942","GT_1B","50K_250K","2023-03-29","ACTIVE","ACC-0012189","08:00-17:00","3"
"MER-00665","BUS-00699","Jaya Utama - Lodging","7011","50M_250M","250K_1M","2023-10-20","ACTIVE","ACC-0012736","08:00-17:00","1"
"MER-00666","BUS-00218","Cemerlang Utama - Beauty Shops","7230","LT_50M","50K_250K","2023-10-12","ACTIVE","ACC-0012105","09:00-21:00","3"
"MER-00667","BUS-00823","Sentosa Logistik - Department Stores","5311","250M_1B","250K_1M","2024-05-27","ACTIVE","ACC-0012892","00:00-23:59","6"
"MER-00668","BUS-00256","Jaya Logistik - Lodging","7011","LT_50M","250K_1M","2024-04-16","ACTIVE","ACC-0012153","08:00-17:00","11"
"MER-00669","BUS-00703","Cemerlang Perkasa - Lodging","7011","GT_1B","250K_1M","2023-10-31","ACTIVE","ACC-0012743","08:00-17:00","5"
"MER-00670","BUS-00229","Berkah Perkasa - Second Hand Stores","5933","50M_250M","50K_250K","2024-12-22","ACTIVE","ACC-0012119","08:00-17:00","9"
"MER-00671","BUS-00292","Cemerlang Perkasa - Family Clothing","5651","250M_1B","50K_250K","2023-06-25","ACTIVE","ACC-0012199","00:00-23:59","11"
"MER-00672","BUS-00602","Harapan Bersama - Electronics Stores","5732","250M_1B","GT_1M","2026-01-17","ACTIVE","ACC-0012608","00:00-23:59","7"
"MER-00673","BUS-00614","Abadi Digital - Book Stores","5942","250M_1B","50K_250K","2026-01-23","ACTIVE","ACC-0012621","10:00-22:00","10"
"MER-00674","BUS-00618","Makmur Logistik - Second Hand Stores","5933","50M_250M","50K_250K","2024-02-28","ACTIVE","ACC-0012627","09:00-21:00","5"
"MER-00675","BUS-00059","Abadi Utama - Precious Stones and Metals","5094","GT_1B","GT_1M","2023-03-04","ACTIVE","ACC-0011903","09:00-21:00","10"
"MER-00676","BUS-00198","Makmur Niaga - Computers and Peripherals","5045","GT_1B","GT_1M","2024-06-26","ACTIVE","ACC-0012079","08:00-17:00","7"
"MER-00677","BUS-00373","Harapan Logistik - Computer Network Services","4816","50M_250M","50K_250K","2023-04-30","ACTIVE","ACC-0012301","09:00-21:00","8"
"MER-00678","BUS-00139","Maju Niaga - Taxicabs and Limousines","4121","50M_250M","LT_50K","2025-12-01","ACTIVE","ACC-0012002","09:00-21:00","5"
"MER-00679","BUS-00213","Abadi Niaga - Grocery Stores","5411","LT_50M","50K_250K","2026-03-07","ACTIVE","ACC-0012098","08:00-17:00","9"
"MER-00680","BUS-00887","Sejahtera Bersama - Cosmetic Stores","5977","LT_50M","50K_250K","2025-11-20","ACTIVE","ACC-0012977","08:00-17:00","5"
"MER-00681","BUS-00848","Maju Perkasa - Drug Stores","5912","LT_50M","50K_250K","2025-01-20","ACTIVE","ACC-0012926","09:00-21:00","7"
"MER-00682","BUS-00649","Berkah Niaga - Family Clothing","5651","250M_1B","50K_250K","2024-04-25","ACTIVE","ACC-0012667","08:00-17:00","9"
"MER-00683","BUS-00634","Lestari Nusantara - Book Stores","5942","250M_1B","50K_250K","2023-02-04","ACTIVE","ACC-0012647","10:00-22:00","2"
"MER-00684","BUS-00641","Harapan Digital - Quasi Cash","6051","50M_250M","GT_1M","2024-06-30","ACTIVE","ACC-0012656","09:00-21:00","9"
"MER-00685","BUS-00980","Makmur Bersama - Travel Agencies","4722","LT_50M","GT_1M","2025-11-13","ACTIVE","ACC-0013095","00:00-23:59","3"
"MER-00686","BUS-00366","Sentosa Nusantara - Quasi Cash","6051","GT_1B","GT_1M","2025-08-01","CLOSED","ACC-0012291","09:00-21:00","11"
"MER-00687","BUS-00717","Makmur Niaga - Computers and Peripherals","5045","LT_50M","GT_1M","2025-11-21","ACTIVE","ACC-0012759","10:00-22:00","11"
"MER-00688","BUS-00188","Abadi Niaga - Taxicabs and Limousines","4121","LT_50M","LT_50K","2023-03-13","ACTIVE","ACC-0012067","09:00-21:00","2"
"MER-00689","BUS-00989","Jaya Perkasa - Utilities","4900","GT_1B","250K_1M","2025-05-28","ACTIVE","ACC-0013107","09:00-21:00","7"
"MER-00690","BUS-01187","Cemerlang Bersama - Fast Food","5814","250M_1B","LT_50K","2023-11-04","ACTIVE","ACC-0013363","10:00-22:00","11"
"MER-00691","BUS-00736","Harapan Logistik - Misc Retail","5999","50M_250M","50K_250K","2025-03-30","ACTIVE","ACC-0012780","09:00-21:00","10"
"MER-00692","BUS-01056","Lestari Niaga - Drug Stores","5912","LT_50M","50K_250K","2023-06-16","ACTIVE","ACC-0013192","00:00-23:59","2"
"MER-00693","BUS-00690","Abadi Utama - Travel Agencies","4722","250M_1B","GT_1M","2023-04-02","ACTIVE","ACC-0012724","09:00-21:00","1"
"MER-00694","BUS-01142","Jaya Logistik - Family Clothing","5651","250M_1B","50K_250K","2024-07-19","ACTIVE","ACC-0013302","00:00-23:59","4"
"MER-00695","BUS-00496","Harapan Utama - Cosmetic Stores","5977","GT_1B","50K_250K","2023-07-03","ACTIVE","ACC-0012464","09:00-21:00","2"
"MER-00696","BUS-00632","Cemerlang Perkasa - Family Clothing","5651","GT_1B","50K_250K","2024-04-07","ACTIVE","ACC-0012645","09:00-21:00","1"
"MER-00697","BUS-00272","Sejahtera Nusantara - Precious Stones and Metals","5094","GT_1B","GT_1M","2025-12-29","ACTIVE","ACC-0012174","00:00-23:59","4"
"MER-00698","BUS-00563","Abadi Logistik - Service Stations","5541","250M_1B","50K_250K","2024-08-31","ACTIVE","ACC-0012553","09:00-21:00","8"
"MER-00699","BUS-00272","Sejahtera Nusantara - Fast Food","5814","GT_1B","LT_50K","2026-02-01","ACTIVE","ACC-0012174","09:00-21:00","2"
"MER-00700","BUS-00227","Sentosa Bersama - Computer Network Services","4816","LT_50M","50K_250K","2024-09-23","ACTIVE","ACC-0012116","10:00-22:00","5"
"MER-00701","BUS-00911","Lestari Niaga - Fast Food","5814","LT_50M","LT_50K","2024-02-07","ACTIVE","ACC-0013008","10:00-22:00","7"
"MER-00702","BUS-00392","Lestari Bersama - Computer Network Services","4816","GT_1B","50K_250K","2024-09-24","ACTIVE","ACC-0012324","09:00-21:00","4"
"MER-00703","BUS-00395","Sentosa Perkasa - Service Stations","5541","250M_1B","50K_250K","2025-02-07","ACTIVE","ACC-0012327","10:00-22:00","7"
"MER-00704","BUS-00164","Jaya Niaga - Service Stations","5541","250M_1B","50K_250K","2024-01-31","ACTIVE","ACC-0012038","09:00-21:00","3"
"MER-00705","BUS-01184","Lestari Nusantara - Beauty Shops","7230","50M_250M","50K_250K","2025-11-27","ACTIVE","ACC-0013360","00:00-23:59","6"
"MER-00706","BUS-00503","Sejahtera Utama - Electronics Stores","5732","LT_50M","GT_1M","2025-10-31","ACTIVE","ACC-0012473","10:00-22:00","6"
"MER-00707","BUS-00936","Berkah Niaga - Betting-adjacent (restricted)","7995","50M_250M","GT_1M","2024-04-28","ACTIVE","ACC-0013038","09:00-21:00","4"
"MER-00708","BUS-00662","Abadi Logistik - Betting-adjacent (restricted)","7995","250M_1B","GT_1M","2022-12-23","ACTIVE","ACC-0012682","10:00-22:00","3"
"MER-00709","BUS-01094","Sejahtera Digital - Betting-adjacent (restricted)","7995","50M_250M","GT_1M","2024-11-03","ACTIVE","ACC-0013241","09:00-21:00","4"
"MER-00710","BUS-00015","Abadi Bersama - Computer Network Services","4816","GT_1B","50K_250K","2023-05-11","SUSPENDED","ACC-0011848","09:00-21:00","2"
"MER-00711","BUS-00898","Sejahtera Niaga - Taxicabs and Limousines","4121","GT_1B","LT_50K","2025-09-21","ACTIVE","ACC-0012993","08:00-17:00","3"
"MER-00712","BUS-00572","Berkah Niaga - Drug Stores","5912","50M_250M","50K_250K","2025-10-27","ACTIVE","ACC-0012565","09:00-21:00","6"
"MER-00713","BUS-00875","Cemerlang Perkasa - Travel Agencies","4722","LT_50M","GT_1M","2024-06-30","ACTIVE","ACC-0012962","09:00-21:00","1"
"MER-00714","BUS-00295","Harapan Logistik - Travel Agencies","4722","GT_1B","GT_1M","2025-11-19","ACTIVE","ACC-0012202","09:00-21:00","7"
"MER-00715","BUS-00043","Cemerlang Nusantara - Precious Stones and Metals","5094","LT_50M","GT_1M","2025-07-12","ACTIVE","ACC-0011884","10:00-22:00","1"
"MER-00716","BUS-00024","Jaya Logistik - Travel Agencies","4722","50M_250M","GT_1M","2023-05-04","ACTIVE","ACC-0011859","10:00-22:00","11"
"MER-00717","BUS-01074","Abadi Logistik - Beauty Shops","7230","GT_1B","50K_250K","2023-12-29","ACTIVE","ACC-0013219","09:00-21:00","6"
"MER-00718","BUS-01035","Jaya Utama - Department Stores","5311","50M_250M","250K_1M","2025-10-10","ACTIVE","ACC-0013164","08:00-17:00","9"
"MER-00719","BUS-00649","Berkah Niaga - Family Clothing","5651","GT_1B","50K_250K","2025-03-28","ACTIVE","ACC-0012667","08:00-17:00","5"
"MER-00720","BUS-01089","Cemerlang Perkasa - Cosmetic Stores","5977","GT_1B","50K_250K","2024-04-23","CLOSED","ACC-0013236","10:00-22:00","10"
"MER-00721","BUS-00386","Sejahtera Perkasa - Computers and Peripherals","5045","LT_50M","GT_1M","2025-01-09","ACTIVE","ACC-0012317","09:00-21:00","8"
"MER-00722","BUS-00026","Sinar Perkasa - Second Hand Stores","5933","50M_250M","50K_250K","2023-07-12","ACTIVE","ACC-0011862","10:00-22:00","7"
"MER-00723","BUS-00882","Abadi Perkasa - Electronics Stores","5732","GT_1B","GT_1M","2023-03-28","ACTIVE","ACC-0012970","09:00-21:00","4"
"MER-00724","BUS-00731","Lestari Digital - Motion Picture Theatres","7832","LT_50M","50K_250K","2023-06-15","ACTIVE","ACC-0012775","00:00-23:59","8"
"MER-00725","BUS-00959","Cemerlang Utama - Family Clothing","5651","LT_50M","50K_250K","2024-11-11","ACTIVE","ACC-0013068","08:00-17:00","6"
"MER-00726","BUS-00199","Makmur Nusantara - Drug Stores","5912","LT_50M","50K_250K","2023-05-22","ACTIVE","ACC-0012081","10:00-22:00","2"
"MER-00727","BUS-00186","Lestari Niaga - Fast Food","5814","50M_250M","LT_50K","2024-03-20","ACTIVE","ACC-0012065","10:00-22:00","3"
"MER-00728","BUS-00422","Sejahtera Logistik - Department Stores","5311","50M_250M","250K_1M","2024-06-08","ACTIVE","ACC-0012364","10:00-22:00","6"
"MER-00729","BUS-00709","Berkah Utama - Grocery Stores","5411","LT_50M","50K_250K","2023-03-25","ACTIVE","ACC-0012750","10:00-22:00","6"
"MER-00730","BUS-00440","Makmur Perkasa - Book Stores","5942","LT_50M","50K_250K","2023-02-02","ACTIVE","ACC-0012386","08:00-17:00","8"
"MER-00731","BUS-00420","Abadi Niaga - Hospitals","8062","LT_50M","250K_1M","2024-01-10","ACTIVE","ACC-0012361","10:00-22:00","8"
"MER-00732","BUS-00812","Cemerlang Utama - Electronics Stores","5732","LT_50M","GT_1M","2025-06-26","ACTIVE","ACC-0012877","00:00-23:59","7"
"MER-00733","BUS-01070","Harapan Nusantara - Quasi Cash","6051","GT_1B","GT_1M","2024-11-03","ACTIVE","ACC-0013212","10:00-22:00","4"
"MER-00734","BUS-00218","Cemerlang Utama - Hospitals","8062","LT_50M","250K_1M","2025-05-12","ACTIVE","ACC-0012105","09:00-21:00","4"
"MER-00735","BUS-00834","Lestari Perkasa - Department Stores","5311","50M_250M","250K_1M","2025-06-09","ACTIVE","ACC-0012908","10:00-22:00","3"
"MER-00736","BUS-00938","Cemerlang Logistik - Computer Network Services","4816","LT_50M","50K_250K","2025-10-30","ACTIVE","ACC-0013040","09:00-21:00","3"
"MER-00737","BUS-00804","Berkah Perkasa - Service Stations","5541","GT_1B","50K_250K","2023-05-07","ACTIVE","ACC-0012868","00:00-23:59","9"
"MER-00738","BUS-00168","Maju Utama - Computers and Peripherals","5045","250M_1B","GT_1M","2026-02-20","ACTIVE","ACC-0012043","08:00-17:00","9"
"MER-00739","BUS-01080","Mandiri Logistik - Taxicabs and Limousines","4121","250M_1B","LT_50K","2025-04-10","ACTIVE","ACC-0013226","09:00-21:00","2"
"MER-00740","BUS-00342","Berkah Niaga - Lodging","7011","50M_250M","250K_1M","2026-02-25","ACTIVE","ACC-0012261","00:00-23:59","9"
"MER-00741","BUS-00535","Harapan Logistik - Eating Places","5812","50M_250M","50K_250K","2024-02-01","ACTIVE","ACC-0012515","09:00-21:00","9"
"MER-00742","BUS-00320","Cemerlang Bersama - Colleges and Universities","8220","LT_50M","GT_1M","2024-05-29","ACTIVE","ACC-0012234","00:00-23:59","4"
"MER-00743","BUS-00814","Makmur Nusantara - Book Stores","5942","GT_1B","50K_250K","2025-02-16","ACTIVE","ACC-0012879","00:00-23:59","2"
"MER-00744","BUS-00889","Sinar Niaga - Cosmetic Stores","5977","LT_50M","50K_250K","2025-03-25","ACTIVE","ACC-0012980","00:00-23:59","4"
"MER-00745","BUS-00475","Sentosa Nusantara - Precious Stones and Metals","5094","GT_1B","GT_1M","2023-11-25","ACTIVE","ACC-0012435","00:00-23:59","11"
"MER-00746","BUS-00697","Abadi Perkasa - Second Hand Stores","5933","250M_1B","50K_250K","2026-02-11","ACTIVE","ACC-0012733","09:00-21:00","8"
"MER-00747","BUS-00090","Sentosa Digital - Misc Retail","5999","50M_250M","50K_250K","2025-12-07","ACTIVE","ACC-0011941","08:00-17:00","3"
"MER-00748","BUS-00018","Abadi Nusantara - Computers and Peripherals","5045","250M_1B","GT_1M","2023-08-11","ACTIVE","ACC-0011852","10:00-22:00","8"
"MER-00749","BUS-01001","Berkah Utama - Hospitals","8062","250M_1B","250K_1M","2025-11-18","ACTIVE","ACC-0013122","08:00-17:00","11"
"MER-00750","BUS-00796","Jaya Logistik - Grocery Stores","5411","250M_1B","50K_250K","2023-08-18","ACTIVE","ACC-0012858","09:00-21:00","1"
"MER-00751","BUS-00105","Sejahtera Nusantara - Electronics Stores","5732","GT_1B","GT_1M","2025-05-23","ACTIVE","ACC-0011962","08:00-17:00","7"
"MER-00752","BUS-01078","Sejahtera Nusantara - Beauty Shops","7230","250M_1B","50K_250K","2025-04-14","ACTIVE","ACC-0013224","09:00-21:00","9"
"MER-00753","BUS-00816","Sentosa Perkasa - Beauty Shops","7230","LT_50M","50K_250K","2023-01-29","ACTIVE","ACC-0012882","09:00-21:00","3"
"MER-00754","BUS-00649","Berkah Niaga - Computer Network Services","4816","250M_1B","50K_250K","2025-04-30","ACTIVE","ACC-0012667","08:00-17:00","9"
"MER-00755","BUS-00511","Sinar Bersama - Service Stations","5541","GT_1B","50K_250K","2022-12-21","ACTIVE","ACC-0012483","09:00-21:00","10"
"MER-00756","BUS-00457","Abadi Niaga - Colleges and Universities","8220","50M_250M","GT_1M","2023-06-27","ACTIVE","ACC-0012411","10:00-22:00","3"
"MER-00757","BUS-01033","Mandiri Utama - Cosmetic Stores","5977","LT_50M","50K_250K","2023-01-12","ACTIVE","ACC-0013162","08:00-17:00","7"
"MER-00758","BUS-01175","Mandiri Niaga - Lodging","7011","50M_250M","250K_1M","2024-02-16","ACTIVE","ACC-0013349","08:00-17:00","7"
"MER-00759","BUS-00614","Abadi Digital - Computers and Peripherals","5045","GT_1B","GT_1M","2023-05-06","ACTIVE","ACC-0012621","00:00-23:59","10"
"MER-00760","BUS-00526","Sejahtera Utama - Drug Stores","5912","GT_1B","50K_250K","2024-07-28","ACTIVE","ACC-0012502","09:00-21:00","5"
"MER-00761","BUS-00007","Abadi Digital - Motion Picture Theatres","7832","LT_50M","50K_250K","2025-08-12","ACTIVE","ACC-0011838","09:00-21:00","7"
"MER-00762","BUS-00747","Sinar Digital - Cosmetic Stores","5977","GT_1B","50K_250K","2025-12-12","ACTIVE","ACC-0012794","09:00-21:00","7"
"MER-00763","BUS-01170","Makmur Bersama - Quasi Cash","6051","LT_50M","GT_1M","2023-03-20","ACTIVE","ACC-0013343","08:00-17:00","2"
"MER-00764","BUS-00781","Lestari Logistik - Motion Picture Theatres","7832","250M_1B","50K_250K","2023-03-30","ACTIVE","ACC-0012839","00:00-23:59","3"
"MER-00765","BUS-00677","Cemerlang Niaga - Second Hand Stores","5933","LT_50M","50K_250K","2025-11-23","ACTIVE","ACC-0012703","08:00-17:00","4"
"MER-00766","BUS-00012","Harapan Nusantara - Book Stores","5942","LT_50M","50K_250K","2024-05-10","ACTIVE","ACC-0011844","08:00-17:00","2"
"MER-00767","BUS-01077","Cemerlang Perkasa - Utilities","4900","GT_1B","250K_1M","2023-12-24","ACTIVE","ACC-0013223","09:00-21:00","7"
"MER-00768","BUS-00134","Mandiri Logistik - Betting-adjacent (restricted)","7995","LT_50M","GT_1M","2026-02-16","ACTIVE","ACC-0011997","08:00-17:00","2"
"MER-00769","BUS-00291","Sejahtera Utama - Service Stations","5541","250M_1B","50K_250K","2024-12-24","ACTIVE","ACC-0012198","10:00-22:00","1"
"MER-00770","BUS-00559","Cemerlang Bersama - Utilities","4900","50M_250M","250K_1M","2025-08-27","ACTIVE","ACC-0012547","09:00-21:00","9"
"MER-00771","BUS-01041","Makmur Niaga - Hospitals","8062","GT_1B","250K_1M","2024-07-03","ACTIVE","ACC-0013170","09:00-21:00","5"
"MER-00772","BUS-00274","Lestari Nusantara - Taxicabs and Limousines","4121","GT_1B","LT_50K","2024-01-22","ACTIVE","ACC-0012176","08:00-17:00","3"
"MER-00773","BUS-00386","Sejahtera Perkasa - Book Stores","5942","LT_50M","50K_250K","2025-03-26","CLOSED","ACC-0012317","10:00-22:00","8"
"MER-00774","BUS-00510","Sejahtera Nusantara - Computer Network Services","4816","250M_1B","50K_250K","2025-02-16","ACTIVE","ACC-0012482","00:00-23:59","4"
"MER-00775","BUS-00473","Sentosa Perkasa - Quasi Cash","6051","50M_250M","GT_1M","2024-05-18","ACTIVE","ACC-0012433","09:00-21:00","10"
"MER-00776","BUS-00994","Makmur Niaga - Second Hand Stores","5933","50M_250M","50K_250K","2023-01-09","ACTIVE","ACC-0013112","00:00-23:59","6"
"MER-00777","BUS-00535","Harapan Logistik - Service Stations","5541","250M_1B","50K_250K","2023-05-05","ACTIVE","ACC-0012515","10:00-22:00","6"
"MER-00778","BUS-00376","Makmur Niaga - Taxicabs and Limousines","4121","250M_1B","LT_50K","2024-11-21","ACTIVE","ACC-0012305","08:00-17:00","1"
"MER-00779","BUS-00606","Maju Digital - Motion Picture Theatres","7832","LT_50M","50K_250K","2023-04-20","ACTIVE","ACC-0012613","08:00-17:00","8"
"MER-00780","BUS-00235","Makmur Niaga - Department Stores","5311","GT_1B","250K_1M","2023-01-09","ACTIVE","ACC-0012129","00:00-23:59","5"
"MER-00781","BUS-00309","Jaya Logistik - Computers and Peripherals","5045","GT_1B","GT_1M","2024-01-18","ACTIVE","ACC-0012220","00:00-23:59","9"
"MER-00782","BUS-00250","Maju Niaga - Motion Picture Theatres","7832","50M_250M","50K_250K","2023-04-11","ACTIVE","ACC-0012147","08:00-17:00","10"
"MER-00783","BUS-00137","Sejahtera Bersama - Colleges and Universities","8220","50M_250M","GT_1M","2025-06-17","ACTIVE","ACC-0012000","08:00-17:00","9"
"MER-00784","BUS-00035","Sejahtera Bersama - Beauty Shops","7230","50M_250M","50K_250K","2024-09-27","ACTIVE","ACC-0011873","10:00-22:00","11"
"MER-00785","BUS-00068","Cemerlang Digital - Beauty Shops","7230","GT_1B","50K_250K","2023-03-04","ACTIVE","ACC-0011912","00:00-23:59","5"
"MER-00786","BUS-00393","Mandiri Niaga - Misc Retail","5999","LT_50M","50K_250K","2024-09-02","ACTIVE","ACC-0012325","09:00-21:00","3"
"MER-00787","BUS-00159","Sentosa Perkasa - Grocery Stores","5411","250M_1B","50K_250K","2023-07-06","ACTIVE","ACC-0012033","09:00-21:00","7"
"MER-00788","BUS-01134","Maju Utama - Department Stores","5311","250M_1B","250K_1M","2023-09-01","ACTIVE","ACC-0013293","00:00-23:59","3"
"MER-00789","BUS-00968","Jaya Perkasa - Beauty Shops","7230","GT_1B","50K_250K","2025-06-26","ACTIVE","ACC-0013079","10:00-22:00","2"
"MER-00790","BUS-00695","Makmur Perkasa - Beauty Shops","7230","LT_50M","50K_250K","2025-07-16","ACTIVE","ACC-0012729","08:00-17:00","3"
"MER-00791","BUS-00276","Abadi Digital - Beauty Shops","7230","GT_1B","50K_250K","2024-01-23","ACTIVE","ACC-0012179","09:00-21:00","9"
"MER-00792","BUS-00553","Jaya Bersama - Travel Agencies","4722","250M_1B","GT_1M","2024-11-10","ACTIVE","ACC-0012540","08:00-17:00","2"
"MER-00793","BUS-00606","Maju Digital - Book Stores","5942","LT_50M","50K_250K","2024-01-03","ACTIVE","ACC-0012613","08:00-17:00","4"
"MER-00794","BUS-00577","Harapan Utama - Betting-adjacent (restricted)","7995","GT_1B","GT_1M","2025-12-03","ACTIVE","ACC-0012572","08:00-17:00","9"
"MER-00795","BUS-00811","Harapan Logistik - Computers and Peripherals","5045","GT_1B","GT_1M","2025-06-29","ACTIVE","ACC-0012876","09:00-21:00","3"
"MER-00796","BUS-00531","Mandiri Perkasa - Hospitals","8062","50M_250M","250K_1M","2023-04-06","ACTIVE","ACC-0012509","00:00-23:59","8"
"MER-00797","BUS-00654","Sentosa Utama - Lodging","7011","LT_50M","250K_1M","2025-08-25","ACTIVE","ACC-0012672","09:00-21:00","4"
"MER-00798","BUS-00090","Sentosa Digital - Utilities","4900","LT_50M","250K_1M","2023-09-24","ACTIVE","ACC-0011941","00:00-23:59","8"
"MER-00799","BUS-01025","Makmur Nusantara - Colleges and Universities","8220","250M_1B","GT_1M","2025-10-20","ACTIVE","ACC-0013152","00:00-23:59","4"
"MER-00800","BUS-00877","Sentosa Logistik - Eating Places","5812","LT_50M","50K_250K","2023-09-29","ACTIVE","ACC-0012964","00:00-23:59","1"
"MER-00801","BUS-01083","Maju Nusantara - Taxicabs and Limousines","4121","LT_50M","LT_50K","2023-04-21","ACTIVE","ACC-0013229","08:00-17:00","9"
"MER-00802","BUS-00519","Sentosa Logistik - Eating Places","5812","50M_250M","50K_250K","2023-10-10","ACTIVE","ACC-0012492","09:00-21:00","5"
"MER-00803","BUS-00078","Abadi Niaga - Drug Stores","5912","GT_1B","50K_250K","2026-01-04","ACTIVE","ACC-0011925","08:00-17:00","4"
"MER-00804","BUS-01066","Lestari Digital - Precious Stones and Metals","5094","GT_1B","GT_1M","2023-06-02","ACTIVE","ACC-0013206","00:00-23:59","4"
"MER-00805","BUS-00309","Jaya Logistik - Electronics Stores","5732","50M_250M","GT_1M","2023-12-28","ACTIVE","ACC-0012220","10:00-22:00","7"
"MER-00806","BUS-01114","Sejahtera Perkasa - Quasi Cash","6051","LT_50M","GT_1M","2023-02-25","ACTIVE","ACC-0013266","08:00-17:00","8"
"MER-00807","BUS-00751","Sentosa Niaga - Eating Places","5812","LT_50M","50K_250K","2024-04-22","ACTIVE","ACC-0012799","00:00-23:59","5"
"MER-00808","BUS-00868","Sinar Perkasa - Fast Food","5814","50M_250M","LT_50K","2024-06-04","ACTIVE","ACC-0012952","00:00-23:59","1"
"MER-00809","BUS-00219","Harapan Digital - Betting-adjacent (restricted)","7995","LT_50M","GT_1M","2023-06-25","SUSPENDED","ACC-0012106","10:00-22:00","7"
"MER-00810","BUS-00358","Cemerlang Bersama - Beauty Shops","7230","LT_50M","50K_250K","2023-10-26","ACTIVE","ACC-0012281","10:00-22:00","4"
"MER-00811","BUS-00345","Jaya Utama - Drug Stores","5912","LT_50M","50K_250K","2024-06-15","ACTIVE","ACC-0012264","10:00-22:00","10"
"MER-00812","BUS-01023","Jaya Perkasa - Lodging","7011","50M_250M","250K_1M","2023-04-12","ACTIVE","ACC-0013150","00:00-23:59","7"
"MER-00813","BUS-00060","Mandiri Niaga - Taxicabs and Limousines","4121","50M_250M","LT_50K","2024-01-11","ACTIVE","ACC-0011904","00:00-23:59","9"
"MER-00814","BUS-00046","Mandiri Niaga - Electronics Stores","5732","LT_50M","GT_1M","2025-04-24","ACTIVE","ACC-0011889","09:00-21:00","5"
"MER-00815","BUS-00855","Mandiri Bersama - Colleges and Universities","8220","LT_50M","GT_1M","2024-12-18","ACTIVE","ACC-0012935","00:00-23:59","6"
"MER-00816","BUS-00863","Mandiri Digital - Fast Food","5814","GT_1B","LT_50K","2025-01-13","ACTIVE","ACC-0012945","09:00-21:00","7"
"MER-00817","BUS-01101","Abadi Bersama - Book Stores","5942","50M_250M","50K_250K","2024-08-26","ACTIVE","ACC-0013251","09:00-21:00","2"
"MER-00818","BUS-01166","Sinar Niaga - Computers and Peripherals","5045","50M_250M","GT_1M","2023-07-22","ACTIVE","ACC-0013337","10:00-22:00","4"
"MER-00819","BUS-00614","Abadi Digital - Electronics Stores","5732","GT_1B","GT_1M","2024-01-28","ACTIVE","ACC-0012621","00:00-23:59","4"
"MER-00820","BUS-00347","Abadi Nusantara - Second Hand Stores","5933","LT_50M","50K_250K","2025-03-13","ACTIVE","ACC-0012266","08:00-17:00","7"
"MER-00821","BUS-00762","Abadi Bersama - Fast Food","5814","LT_50M","LT_50K","2025-01-21","ACTIVE","ACC-0012815","10:00-22:00","4"
"MER-00822","BUS-00250","Maju Niaga - Family Clothing","5651","LT_50M","50K_250K","2023-12-01","ACTIVE","ACC-0012147","09:00-21:00","10"
"MER-00823","BUS-00970","Lestari Logistik - Eating Places","5812","50M_250M","50K_250K","2023-11-13","ACTIVE","ACC-0013081","08:00-17:00","1"
"MER-00824","BUS-00939","Lestari Utama - Lodging","7011","GT_1B","250K_1M","2024-12-03","ACTIVE","ACC-0013041","10:00-22:00","7"
"MER-00825","BUS-01086","Lestari Digital - Computer Network Services","4816","GT_1B","50K_250K","2024-10-28","ACTIVE","ACC-0013232","09:00-21:00","10"
"MER-00826","BUS-00545","Mandiri Bersama - Lodging","7011","250M_1B","250K_1M","2024-08-06","ACTIVE","ACC-0012529","10:00-22:00","8"
"MER-00827","BUS-00080","Sejahtera Perkasa - Eating Places","5812","250M_1B","50K_250K","2026-02-27","ACTIVE","ACC-0011928","09:00-21:00","1"
"MER-00828","BUS-00764","Abadi Digital - Eating Places","5812","250M_1B","50K_250K","2024-08-22","ACTIVE","ACC-0012818","00:00-23:59","8"
"MER-00829","BUS-01004","Cemerlang Digital - Taxicabs and Limousines","4121","50M_250M","LT_50K","2025-06-29","ACTIVE","ACC-0013126","00:00-23:59","3"
"MER-00830","BUS-00004","Sinar Niaga - Fast Food","5814","250M_1B","LT_50K","2025-03-20","ACTIVE","ACC-0011833","00:00-23:59","1"
"MER-00831","BUS-01152","Mandiri Nusantara - Service Stations","5541","LT_50M","50K_250K","2023-06-16","ACTIVE","ACC-0013316","10:00-22:00","5"
"MER-00832","BUS-00138","Harapan Niaga - Utilities","4900","250M_1B","250K_1M","2024-12-17","ACTIVE","ACC-0012001","00:00-23:59","6"
"MER-00833","BUS-00266","Cemerlang Utama - Misc Retail","5999","GT_1B","50K_250K","2026-02-12","ACTIVE","ACC-0012164","00:00-23:59","5"
"MER-00834","BUS-00062","Sejahtera Perkasa - Lodging","7011","250M_1B","250K_1M","2025-03-07","ACTIVE","ACC-0011906","08:00-17:00","5"
"MER-00835","BUS-00410","Sentosa Perkasa - Book Stores","5942","LT_50M","50K_250K","2025-05-13","ACTIVE","ACC-0012348","08:00-17:00","7"
"MER-00836","BUS-01168","Lestari Utama - Electronics Stores","5732","GT_1B","GT_1M","2024-08-10","ACTIVE","ACC-0013339","10:00-22:00","6"
"MER-00837","BUS-01030","Sejahtera Digital - Beauty Shops","7230","GT_1B","50K_250K","2024-12-25","ACTIVE","ACC-0013158","10:00-22:00","10"
"MER-00838","BUS-00553","Jaya Bersama - Misc Retail","5999","250M_1B","50K_250K","2023-02-27","ACTIVE","ACC-0012540","10:00-22:00","1"
"MER-00839","BUS-00226","Makmur Nusantara - Service Stations","5541","LT_50M","50K_250K","2023-03-07","ACTIVE","ACC-0012115","08:00-17:00","7"
"MER-00840","BUS-00114","Maju Perkasa - Family Clothing","5651","50M_250M","50K_250K","2024-05-31","ACTIVE","ACC-0011972","00:00-23:59","10"
"MER-00841","BUS-00339","Maju Nusantara - Family Clothing","5651","50M_250M","50K_250K","2024-08-23","ACTIVE","ACC-0012257","10:00-22:00","8"
"MER-00842","BUS-00581","Abadi Logistik - Utilities","4900","LT_50M","250K_1M","2025-11-02","CLOSED","ACC-0012577","09:00-21:00","3"
"MER-00843","BUS-00976","Harapan Digital - Beauty Shops","7230","250M_1B","50K_250K","2024-09-25","ACTIVE","ACC-0013089","08:00-17:00","1"
"MER-00844","BUS-00008","Mandiri Nusantara - Betting-adjacent (restricted)","7995","GT_1B","GT_1M","2025-08-26","ACTIVE","ACC-0011839","09:00-21:00","5"
"MER-00845","BUS-00287","Abadi Niaga - Cosmetic Stores","5977","LT_50M","50K_250K","2024-04-22","ACTIVE","ACC-0012194","08:00-17:00","2"
"MER-00846","BUS-00083","Sejahtera Niaga - Betting-adjacent (restricted)","7995","250M_1B","GT_1M","2023-12-29","ACTIVE","ACC-0011933","00:00-23:59","3"
"MER-00847","BUS-01003","Sejahtera Logistik - Computer Network Services","4816","250M_1B","50K_250K","2024-10-14","ACTIVE","ACC-0013125","09:00-21:00","3"
"MER-00848","BUS-01002","Lestari Perkasa - Cosmetic Stores","5977","250M_1B","50K_250K","2026-01-23","ACTIVE","ACC-0013123","10:00-22:00","3"
"MER-00849","BUS-00063","Jaya Digital - Lodging","7011","LT_50M","250K_1M","2022-12-24","ACTIVE","ACC-0011907","09:00-21:00","9"
"MER-00850","BUS-00137","Sejahtera Bersama - Computers and Peripherals","5045","250M_1B","GT_1M","2026-01-16","ACTIVE","ACC-0012000","10:00-22:00","10"
"MER-00851","BUS-00811","Harapan Logistik - Taxicabs and Limousines","4121","50M_250M","LT_50K","2024-09-24","ACTIVE","ACC-0012876","00:00-23:59","2"
"MER-00852","BUS-00800","Sejahtera Logistik - Utilities","4900","50M_250M","250K_1M","2023-05-07","ACTIVE","ACC-0012863","08:00-17:00","10"
"MER-00853","BUS-01114","Sejahtera Perkasa - Lodging","7011","250M_1B","250K_1M","2025-10-24","ACTIVE","ACC-0013266","10:00-22:00","4"
"MER-00854","BUS-00692","Mandiri Digital - Service Stations","5541","LT_50M","50K_250K","2023-12-29","ACTIVE","ACC-0012726","08:00-17:00","11"
"MER-00855","BUS-00155","Sentosa Digital - Misc Retail","5999","GT_1B","50K_250K","2025-06-19","ACTIVE","ACC-0012027","09:00-21:00","2"
"MER-00856","BUS-00344","Lestari Utama - Lodging","7011","50M_250M","250K_1M","2024-12-20","ACTIVE","ACC-0012263","10:00-22:00","8"
"MER-00857","BUS-00095","Sentosa Nusantara - Book Stores","5942","50M_250M","50K_250K","2025-12-22","ACTIVE","ACC-0011949","00:00-23:59","3"
"MER-00858","BUS-00800","Sejahtera Logistik - Quasi Cash","6051","GT_1B","GT_1M","2026-01-10","ACTIVE","ACC-0012863","09:00-21:00","7"
"MER-00859","BUS-00112","Lestari Digital - Department Stores","5311","50M_250M","250K_1M","2025-06-25","ACTIVE","ACC-0011970","00:00-23:59","9"
"MER-00860","BUS-00946","Sejahtera Digital - Fast Food","5814","50M_250M","LT_50K","2023-05-15","ACTIVE","ACC-0013051","08:00-17:00","2"
"MER-00861","BUS-00528","Abadi Bersama - Beauty Shops","7230","GT_1B","50K_250K","2023-05-01","ACTIVE","ACC-0012506","10:00-22:00","6"
"MER-00862","BUS-01023","Jaya Perkasa - Betting-adjacent (restricted)","7995","50M_250M","GT_1M","2025-07-13","ACTIVE","ACC-0013150","00:00-23:59","1"
"MER-00863","BUS-00779","Harapan Logistik - Family Clothing","5651","50M_250M","50K_250K","2026-01-12","ACTIVE","ACC-0012836","09:00-21:00","1"
"MER-00864","BUS-01023","Jaya Perkasa - Book Stores","5942","250M_1B","50K_250K","2024-06-18","ACTIVE","ACC-0013150","00:00-23:59","6"
"MER-00865","BUS-00053","Sentosa Nusantara - Second Hand Stores","5933","LT_50M","50K_250K","2025-11-20","ACTIVE","ACC-0011897","08:00-17:00","4"
"MER-00866","BUS-00280","Sinar Digital - Computers and Peripherals","5045","GT_1B","GT_1M","2023-07-14","ACTIVE","ACC-0012184","00:00-23:59","2"
"MER-00867","BUS-00646","Sentosa Utama - Lodging","7011","250M_1B","250K_1M","2024-07-28","ACTIVE","ACC-0012662","00:00-23:59","9"
"MER-00868","BUS-00438","Lestari Nusantara - Travel Agencies","4722","GT_1B","GT_1M","2023-01-10","ACTIVE","ACC-0012383","00:00-23:59","1"
"MER-00869","BUS-00717","Makmur Niaga - Travel Agencies","4722","50M_250M","GT_1M","2024-04-15","ACTIVE","ACC-0012759","09:00-21:00","5"
"MER-00870","BUS-00328","Jaya Nusantara - Misc Retail","5999","250M_1B","50K_250K","2025-01-07","ACTIVE","ACC-0012244","09:00-21:00","5"
"MER-00871","BUS-01032","Maju Utama - Quasi Cash","6051","GT_1B","GT_1M","2026-01-13","ACTIVE","ACC-0013160","10:00-22:00","7"
"MER-00872","BUS-01171","Makmur Perkasa - Family Clothing","5651","LT_50M","50K_250K","2023-02-22","CLOSED","ACC-0013344","08:00-17:00","5"
"MER-00873","BUS-01119","Abadi Perkasa - Book Stores","5942","250M_1B","50K_250K","2024-01-11","ACTIVE","ACC-0013273","08:00-17:00","3"
"MER-00874","BUS-01183","Makmur Niaga - Second Hand Stores","5933","GT_1B","50K_250K","2024-11-21","ACTIVE","ACC-0013359","09:00-21:00","3"
"MER-00875","BUS-00432","Sejahtera Bersama - Beauty Shops","7230","250M_1B","50K_250K","2023-02-08","ACTIVE","ACC-0012377","08:00-17:00","3"
"MER-00876","BUS-00783","Cemerlang Bersama - Service Stations","5541","GT_1B","50K_250K","2023-02-01","ACTIVE","ACC-0012842","08:00-17:00","3"
"MER-00877","BUS-01187","Cemerlang Bersama - Second Hand Stores","5933","GT_1B","50K_250K","2024-12-27","ACTIVE","ACC-0013363","10:00-22:00","8"
"MER-00878","BUS-00927","Berkah Nusantara - Precious Stones and Metals","5094","GT_1B","GT_1M","2023-03-13","ACTIVE","ACC-0013027","00:00-23:59","2"
"MER-00879","BUS-00059","Abadi Utama - Second Hand Stores","5933","50M_250M","50K_250K","2026-03-12","ACTIVE","ACC-0011903","08:00-17:00","4"
"MER-00880","BUS-00563","Abadi Logistik - Fast Food","5814","250M_1B","LT_50K","2023-12-22","ACTIVE","ACC-0012553","08:00-17:00","8"
"MER-00881","BUS-00095","Sentosa Nusantara - Cosmetic Stores","5977","GT_1B","50K_250K","2025-05-08","ACTIVE","ACC-0011949","08:00-17:00","9"
"MER-00882","BUS-00940","Berkah Nusantara - Lodging","7011","GT_1B","250K_1M","2025-09-27","ACTIVE","ACC-0013043","00:00-23:59","1"
"MER-00883","BUS-00281","Sentosa Logistik - Computer Network Services","4816","LT_50M","50K_250K","2024-03-21","ACTIVE","ACC-0012186","00:00-23:59","1"
"MER-00884","BUS-00056","Maju Utama - Book Stores","5942","250M_1B","50K_250K","2025-04-01","ACTIVE","ACC-0011900","00:00-23:59","2"
"MER-00885","BUS-00672","Berkah Logistik - Grocery Stores","5411","50M_250M","50K_250K","2024-01-07","ACTIVE","ACC-0012696","10:00-22:00","11"
"MER-00886","BUS-01116","Abadi Digital - Department Stores","5311","250M_1B","250K_1M","2025-01-10","ACTIVE","ACC-0013269","10:00-22:00","11"
"MER-00887","BUS-00599","Makmur Utama - Computer Network Services","4816","50M_250M","50K_250K","2023-12-06","ACTIVE","ACC-0012603","10:00-22:00","2"
"MER-00888","BUS-01181","Sentosa Utama - Cosmetic Stores","5977","250M_1B","50K_250K","2025-07-04","SUSPENDED","ACC-0013357","09:00-21:00","9"
"MER-00889","BUS-00740","Lestari Logistik - Taxicabs and Limousines","4121","50M_250M","LT_50K","2024-11-03","ACTIVE","ACC-0012785","08:00-17:00","2"
"MER-00890","BUS-00662","Abadi Logistik - Service Stations","5541","LT_50M","50K_250K","2024-01-27","ACTIVE","ACC-0012682","10:00-22:00","1"
"MER-00891","BUS-00543","Sentosa Digital - Precious Stones and Metals","5094","250M_1B","GT_1M","2025-03-23","ACTIVE","ACC-0012527","09:00-21:00","5"
"MER-00892","BUS-00624","Makmur Nusantara - Eating Places","5812","GT_1B","50K_250K","2024-04-24","ACTIVE","ACC-0012634","09:00-21:00","5"
"MER-00893","BUS-01012","Sejahtera Logistik - Electronics Stores","5732","50M_250M","GT_1M","2023-07-17","SUSPENDED","ACC-0013137","10:00-22:00","1"
"MER-00894","BUS-00254","Lestari Digital - Fast Food","5814","250M_1B","LT_50K","2026-01-27","ACTIVE","ACC-0012151","10:00-22:00","3"
"MER-00895","BUS-00431","Mandiri Nusantara - Book Stores","5942","50M_250M","50K_250K","2024-06-22","ACTIVE","ACC-0012376","00:00-23:59","2"
"MER-00896","BUS-00796","Jaya Logistik - Beauty Shops","7230","LT_50M","50K_250K","2023-09-17","ACTIVE","ACC-0012858","08:00-17:00","1"
"MER-00897","BUS-00296","Sinar Niaga - Motion Picture Theatres","7832","250M_1B","50K_250K","2024-05-17","ACTIVE","ACC-0012204","09:00-21:00","10"
"MER-00898","BUS-00932","Abadi Bersama - Computers and Peripherals","5045","GT_1B","GT_1M","2024-08-23","SUSPENDED","ACC-0013033","08:00-17:00","1"
"MER-00899","BUS-00523","Lestari Niaga - Beauty Shops","7230","LT_50M","50K_250K","2025-07-25","ACTIVE","ACC-0012498","09:00-21:00","8"
"MER-00900","BUS-00050","Sentosa Digital - Beauty Shops","7230","GT_1B","50K_250K","2025-10-12","ACTIVE","ACC-0011894","00:00-23:59","7"
"MER-00901","BUS-00526","Sejahtera Utama - Lodging","7011","250M_1B","250K_1M","2026-02-18","ACTIVE","ACC-0012502","09:00-21:00","2"
"MER-00902","BUS-00547","Berkah Perkasa - Family Clothing","5651","GT_1B","50K_250K","2024-06-24","CLOSED","ACC-0012531","10:00-22:00","1"
"MER-00903","BUS-00652","Lestari Utama - Betting-adjacent (restricted)","7995","GT_1B","GT_1M","2024-05-06","ACTIVE","ACC-0012670","09:00-21:00","2"
"MER-00904","BUS-00251","Sinar Digital - Drug Stores","5912","GT_1B","50K_250K","2024-03-25","ACTIVE","ACC-0012148","00:00-23:59","6"
"MER-00905","BUS-01101","Abadi Bersama - Quasi Cash","6051","250M_1B","GT_1M","2023-10-18","ACTIVE","ACC-0013251","08:00-17:00","4"
"MER-00906","BUS-00455","Lestari Digital - Betting-adjacent (restricted)","7995","50M_250M","GT_1M","2023-12-04","ACTIVE","ACC-0012408","10:00-22:00","1"
"MER-00907","BUS-00187","Mandiri Logistik - Beauty Shops","7230","50M_250M","50K_250K","2023-08-27","ACTIVE","ACC-0012066","10:00-22:00","8"
"MER-00908","BUS-00942","Sinar Nusantara - Computer Network Services","4816","250M_1B","50K_250K","2023-09-15","ACTIVE","ACC-0013046","09:00-21:00","10"
"MER-00909","BUS-00523","Lestari Niaga - Eating Places","5812","50M_250M","50K_250K","2023-08-25","ACTIVE","ACC-0012498","00:00-23:59","8"
"MER-00910","BUS-00901","Berkah Nusantara - Eating Places","5812","GT_1B","50K_250K","2023-07-14","ACTIVE","ACC-0012997","09:00-21:00","5"
"MER-00911","BUS-00763","Abadi Perkasa - Fast Food","5814","50M_250M","LT_50K","2023-09-05","ACTIVE","ACC-0012816","10:00-22:00","4"
"MER-00912","BUS-00364","Lestari Nusantara - Drug Stores","5912","50M_250M","50K_250K","2025-03-22","ACTIVE","ACC-0012288","10:00-22:00","8"
"MER-00913","BUS-00557","Lestari Logistik - Beauty Shops","7230","GT_1B","50K_250K","2025-01-08","ACTIVE","ACC-0012545","10:00-22:00","3"
"MER-00914","BUS-00675","Sinar Utama - Grocery Stores","5411","LT_50M","50K_250K","2024-04-25","ACTIVE","ACC-0012699","10:00-22:00","4"
"MER-00915","BUS-00220","Mandiri Bersama - Cosmetic Stores","5977","GT_1B","50K_250K","2023-10-25","ACTIVE","ACC-0012107","09:00-21:00","2"
"MER-00916","BUS-00916","Lestari Nusantara - Beauty Shops","7230","50M_250M","50K_250K","2023-06-23","ACTIVE","ACC-0013015","09:00-21:00","1"
"MER-00917","BUS-00655","Jaya Niaga - Eating Places","5812","50M_250M","50K_250K","2024-04-11","ACTIVE","ACC-0012673","08:00-17:00","4"
"MER-00918","BUS-00402","Maju Digital - Taxicabs and Limousines","4121","GT_1B","LT_50K","2024-11-29","ACTIVE","ACC-0012336","09:00-21:00","3"
"MER-00919","BUS-00189","Maju Utama - Precious Stones and Metals","5094","LT_50M","GT_1M","2025-06-14","ACTIVE","ACC-0012069","09:00-21:00","1"
"MER-00920","BUS-01134","Maju Utama - Fast Food","5814","GT_1B","LT_50K","2023-06-17","ACTIVE","ACC-0013293","09:00-21:00","8"
"MER-00921","BUS-00294","Sentosa Nusantara - Service Stations","5541","250M_1B","50K_250K","2023-11-12","ACTIVE","ACC-0012201","08:00-17:00","8"
"MER-00922","BUS-00403","Harapan Bersama - Eating Places","5812","250M_1B","50K_250K","2023-12-21","ACTIVE","ACC-0012337","10:00-22:00","1"
"MER-00923","BUS-00396","Cemerlang Utama - Department Stores","5311","GT_1B","250K_1M","2025-03-16","ACTIVE","ACC-0012328","09:00-21:00","10"
"MER-00924","BUS-01014","Lestari Bersama - Cosmetic Stores","5977","250M_1B","50K_250K","2023-04-16","ACTIVE","ACC-0013139","00:00-23:59","9"
"MER-00925","BUS-00603","Sentosa Perkasa - Misc Retail","5999","GT_1B","50K_250K","2023-03-11","ACTIVE","ACC-0012609","09:00-21:00","11"
"MER-00926","BUS-00511","Sinar Bersama - Utilities","4900","LT_50M","250K_1M","2025-05-10","ACTIVE","ACC-0012483","08:00-17:00","6"
"MER-00927","BUS-00992","Makmur Niaga - Hospitals","8062","LT_50M","250K_1M","2024-02-16","ACTIVE","ACC-0013110","09:00-21:00","4"
"MER-00928","BUS-00495","Harapan Niaga - Utilities","4900","GT_1B","250K_1M","2025-08-14","ACTIVE","ACC-0012463","09:00-21:00","10"
"MER-00929","BUS-00801","Lestari Bersama - Motion Picture Theatres","7832","50M_250M","50K_250K","2024-08-31","ACTIVE","ACC-0012864","00:00-23:59","11"
"MER-00930","BUS-01096","Berkah Digital - Colleges and Universities","8220","50M_250M","GT_1M","2023-01-02","ACTIVE","ACC-0013244","00:00-23:59","7"
"MER-00931","BUS-01024","Berkah Perkasa - Beauty Shops","7230","LT_50M","50K_250K","2024-06-04","ACTIVE","ACC-0013151","10:00-22:00","4"
"MER-00932","BUS-01119","Abadi Perkasa - Betting-adjacent (restricted)","7995","LT_50M","GT_1M","2025-02-21","ACTIVE","ACC-0013273","08:00-17:00","11"
"MER-00933","BUS-00379","Maju Nusantara - Utilities","4900","LT_50M","250K_1M","2023-04-14","ACTIVE","ACC-0012308","00:00-23:59","4"
"MER-00934","BUS-00987","Sentosa Nusantara - Electronics Stores","5732","LT_50M","GT_1M","2025-09-23","ACTIVE","ACC-0013105","08:00-17:00","9"
"MER-00935","BUS-00785","Abadi Logistik - Taxicabs and Limousines","4121","GT_1B","LT_50K","2025-10-22","ACTIVE","ACC-0012845","09:00-21:00","8"
"MER-00936","BUS-00251","Sinar Digital - Taxicabs and Limousines","4121","50M_250M","LT_50K","2025-03-23","ACTIVE","ACC-0012148","10:00-22:00","10"
"MER-00937","BUS-00753","Berkah Logistik - Quasi Cash","6051","LT_50M","GT_1M","2024-07-06","ACTIVE","ACC-0012802","08:00-17:00","7"
"MER-00938","BUS-00832","Sentosa Bersama - Computers and Peripherals","5045","50M_250M","GT_1M","2025-11-16","ACTIVE","ACC-0012905","00:00-23:59","3"
"MER-00939","BUS-01136","Cemerlang Utama - Department Stores","5311","250M_1B","250K_1M","2026-02-16","ACTIVE","ACC-0013295","08:00-17:00","11"
"MER-00940","BUS-00307","Abadi Bersama - Precious Stones and Metals","5094","250M_1B","GT_1M","2024-02-22","ACTIVE","ACC-0012217","08:00-17:00","1"
"MER-00941","BUS-00859","Maju Perkasa - Computers and Peripherals","5045","LT_50M","GT_1M","2024-04-09","ACTIVE","ACC-0012939","08:00-17:00","5"
"MER-00942","BUS-00369","Sinar Utama - Computer Network Services","4816","LT_50M","50K_250K","2024-06-17","ACTIVE","ACC-0012296","10:00-22:00","2"
"MER-00943","BUS-00464","Lestari Digital - Quasi Cash","6051","LT_50M","GT_1M","2024-03-14","ACTIVE","ACC-0012419","10:00-22:00","10"
"MER-00944","BUS-00219","Harapan Digital - Department Stores","5311","LT_50M","250K_1M","2025-12-11","ACTIVE","ACC-0012106","00:00-23:59","5"
"MER-00945","BUS-00224","Abadi Logistik - Drug Stores","5912","50M_250M","50K_250K","2023-11-17","ACTIVE","ACC-0012113","08:00-17:00","6"
"MER-00946","BUS-00830","Cemerlang Niaga - Drug Stores","5912","LT_50M","50K_250K","2026-01-27","ACTIVE","ACC-0012902","10:00-22:00","3"
"MER-00947","BUS-00482","Maju Bersama - Colleges and Universities","8220","50M_250M","GT_1M","2024-01-27","ACTIVE","ACC-0012445","10:00-22:00","1"
"MER-00948","BUS-00717","Makmur Niaga - Computers and Peripherals","5045","LT_50M","GT_1M","2025-01-22","ACTIVE","ACC-0012759","08:00-17:00","6"
"MER-00949","BUS-01109","Lestari Utama - Travel Agencies","4722","LT_50M","GT_1M","2024-07-29","ACTIVE","ACC-0013260","10:00-22:00","5"
"MER-00950","BUS-00061","Cemerlang Digital - Second Hand Stores","5933","50M_250M","50K_250K","2023-12-27","ACTIVE","ACC-0011905","08:00-17:00","5"
"MER-00951","BUS-00013","Maju Utama - Service Stations","5541","250M_1B","50K_250K","2025-03-04","ACTIVE","ACC-0011845","00:00-23:59","4"
"MER-00952","BUS-00942","Sinar Nusantara - Electronics Stores","5732","LT_50M","GT_1M","2024-02-05","ACTIVE","ACC-0013046","09:00-21:00","11"
"MER-00953","BUS-00164","Jaya Niaga - Family Clothing","5651","LT_50M","50K_250K","2025-12-17","ACTIVE","ACC-0012038","08:00-17:00","3"
"MER-00954","BUS-00144","Harapan Nusantara - Precious Stones and Metals","5094","GT_1B","GT_1M","2025-10-17","ACTIVE","ACC-0012009","09:00-21:00","10"
"MER-00955","BUS-00812","Cemerlang Utama - Fast Food","5814","LT_50M","LT_50K","2024-06-11","ACTIVE","ACC-0012877","00:00-23:59","3"
"MER-00956","BUS-00794","Lestari Perkasa - Eating Places","5812","LT_50M","50K_250K","2024-10-05","ACTIVE","ACC-0012856","08:00-17:00","8"
"MER-00957","BUS-00487","Abadi Bersama - Computer Network Services","4816","50M_250M","50K_250K","2024-06-10","ACTIVE","ACC-0012451","00:00-23:59","9"
"MER-00958","BUS-00734","Maju Logistik - Drug Stores","5912","250M_1B","50K_250K","2023-03-15","SUSPENDED","ACC-0012778","09:00-21:00","5"
"MER-00959","BUS-00975","Berkah Perkasa - Utilities","4900","LT_50M","250K_1M","2023-10-24","ACTIVE","ACC-0013087","00:00-23:59","11"
"MER-00960","BUS-00497","Jaya Bersama - Colleges and Universities","8220","GT_1B","GT_1M","2026-03-12","ACTIVE","ACC-0012465","08:00-17:00","6"
"MER-00961","BUS-01156","Jaya Nusantara - Utilities","4900","LT_50M","250K_1M","2024-07-12","ACTIVE","ACC-0013322","10:00-22:00","6"
"MER-00962","BUS-00374","Mandiri Utama - Taxicabs and Limousines","4121","250M_1B","LT_50K","2024-02-03","ACTIVE","ACC-0012302","10:00-22:00","1"
"MER-00963","BUS-01178","Sejahtera Utama - Taxicabs and Limousines","4121","50M_250M","LT_50K","2024-11-01","ACTIVE","ACC-0013353","09:00-21:00","7"
"MER-00964","BUS-01087","Sentosa Bersama - Department Stores","5311","50M_250M","250K_1M","2025-06-07","SUSPENDED","ACC-0013233","10:00-22:00","5"
"MER-00965","BUS-00998","Cemerlang Niaga - Grocery Stores","5411","50M_250M","50K_250K","2024-08-12","ACTIVE","ACC-0013118","09:00-21:00","2"
"MER-00966","BUS-00657","Sentosa Niaga - Eating Places","5812","50M_250M","50K_250K","2025-12-09","ACTIVE","ACC-0012677","09:00-21:00","9"
"MER-00967","BUS-00972","Cemerlang Perkasa - Electronics Stores","5732","GT_1B","GT_1M","2024-01-13","ACTIVE","ACC-0013083","10:00-22:00","1"
"MER-00968","BUS-00921","Makmur Logistik - Computers and Peripherals","5045","LT_50M","GT_1M","2026-02-03","ACTIVE","ACC-0013021","08:00-17:00","6"
"MER-00969","BUS-00372","Sentosa Bersama - Fast Food","5814","50M_250M","LT_50K","2024-07-25","ACTIVE","ACC-0012299","08:00-17:00","5"
"MER-00970","BUS-00021","Berkah Nusantara - Department Stores","5311","250M_1B","250K_1M","2023-07-22","ACTIVE","ACC-0011856","08:00-17:00","11"
"MER-00971","BUS-00614","Abadi Digital - Drug Stores","5912","GT_1B","50K_250K","2023-12-31","ACTIVE","ACC-0012621","08:00-17:00","4"
"MER-00972","BUS-01012","Sejahtera Logistik - Hospitals","8062","250M_1B","250K_1M","2026-01-19","SUSPENDED","ACC-0013137","00:00-23:59","8"
"MER-00973","BUS-00888","Makmur Utama - Travel Agencies","4722","GT_1B","GT_1M","2025-12-02","ACTIVE","ACC-0012979","00:00-23:59","9"
"MER-00974","BUS-00238","Sinar Perkasa - Lodging","7011","LT_50M","250K_1M","2025-01-17","ACTIVE","ACC-0012132","09:00-21:00","5"
"MER-00975","BUS-00228","Sejahtera Digital - Computer Network Services","4816","LT_50M","50K_250K","2024-03-28","ACTIVE","ACC-0012118","10:00-22:00","1"
"MER-00976","BUS-00241","Sejahtera Niaga - Precious Stones and Metals","5094","50M_250M","GT_1M","2025-06-06","ACTIVE","ACC-0012136","10:00-22:00","11"
"MER-00977","BUS-01040","Maju Logistik - Grocery Stores","5411","GT_1B","50K_250K","2023-07-29","SUSPENDED","ACC-0013169","10:00-22:00","10"
"MER-00978","BUS-01200","Sejahtera Bersama - Betting-adjacent (restricted)","7995","GT_1B","GT_1M","2023-11-16","ACTIVE","ACC-0013383","09:00-21:00","11"
"MER-00979","BUS-01055","Abadi Logistik - Hospitals","8062","250M_1B","250K_1M","2024-01-17","ACTIVE","ACC-0013190","09:00-21:00","11"
"MER-00980","BUS-00486","Sentosa Niaga - Precious Stones and Metals","5094","50M_250M","GT_1M","2024-01-03","ACTIVE","ACC-0012450","08:00-17:00","6"
"MER-00981","BUS-00563","Abadi Logistik - Cosmetic Stores","5977","LT_50M","50K_250K","2025-04-30","ACTIVE","ACC-0012553","08:00-17:00","11"
"MER-00982","BUS-00271","Sejahtera Perkasa - Eating Places","5812","250M_1B","50K_250K","2023-04-08","SUSPENDED","ACC-0012172","10:00-22:00","3"
"MER-00983","BUS-00883","Mandiri Nusantara - Service Stations","5541","50M_250M","50K_250K","2025-01-07","ACTIVE","ACC-0012971","00:00-23:59","8"
"MER-00984","BUS-01120","Sinar Niaga - Electronics Stores","5732","LT_50M","GT_1M","2023-09-09","ACTIVE","ACC-0013274","10:00-22:00","5"
"MER-00985","BUS-00588","Lestari Bersama - Fast Food","5814","250M_1B","LT_50K","2024-10-02","ACTIVE","ACC-0012587","10:00-22:00","11"
"MER-00986","BUS-00645","Makmur Bersama - Quasi Cash","6051","250M_1B","GT_1M","2025-12-05","ACTIVE","ACC-0012661","08:00-17:00","10"
"MER-00987","BUS-00627","Harapan Niaga - Fast Food","5814","LT_50M","LT_50K","2026-01-29","ACTIVE","ACC-0012639","00:00-23:59","2"
"MER-00988","BUS-00165","Jaya Niaga - Misc Retail","5999","LT_50M","50K_250K","2023-07-25","ACTIVE","ACC-0012039","08:00-17:00","3"
"MER-00989","BUS-01062","Abadi Logistik - Service Stations","5541","250M_1B","50K_250K","2024-02-16","ACTIVE","ACC-0013199","10:00-22:00","8"
"MER-00990","BUS-00059","Abadi Utama - Precious Stones and Metals","5094","LT_50M","GT_1M","2024-03-18","ACTIVE","ACC-0011903","09:00-21:00","7"
"MER-00991","BUS-00714","Berkah Niaga - Book Stores","5942","50M_250M","50K_250K","2026-02-18","ACTIVE","ACC-0012756","09:00-21:00","10"
"MER-00992","BUS-00722","Lestari Digital - Electronics Stores","5732","50M_250M","GT_1M","2023-01-23","ACTIVE","ACC-0012765","10:00-22:00","5"
"MER-00993","BUS-00566","Cemerlang Logistik - Electronics Stores","5732","250M_1B","GT_1M","2026-01-24","ACTIVE","ACC-0012558","08:00-17:00","9"
"MER-00994","BUS-00925","Maju Bersama - Fast Food","5814","50M_250M","LT_50K","2025-11-21","ACTIVE","ACC-0013025","09:00-21:00","9"
"MER-00995","BUS-00896","Lestari Nusantara - Grocery Stores","5411","LT_50M","50K_250K","2025-09-02","ACTIVE","ACC-0012990","09:00-21:00","10"
"MER-00996","BUS-01184","Lestari Nusantara - Service Stations","5541","50M_250M","50K_250K","2024-02-27","ACTIVE","ACC-0013360","09:00-21:00","2"
"MER-00997","BUS-00390","Harapan Digital - Drug Stores","5912","GT_1B","50K_250K","2025-11-12","ACTIVE","ACC-0012322","08:00-17:00","4"
"MER-00998","BUS-00839","Jaya Niaga - Computers and Peripherals","5045","LT_50M","GT_1M","2023-08-31","ACTIVE","ACC-0012915","00:00-23:59","9"
"MER-00999","BUS-01102","Jaya Perkasa - Quasi Cash","6051","250M_1B","GT_1M","2023-05-09","ACTIVE","ACC-0013253","00:00-23:59","10"
"MER-01000","BUS-00882","Abadi Perkasa - Eating Places","5812","50M_250M","50K_250K","2023-02-04","ACTIVE","ACC-0012970","08:00-17:00","8"
"MER-01001","BUS-01149","Jaya Nusantara - Computers and Peripherals","5045","250M_1B","GT_1M","2025-11-24","ACTIVE","ACC-0013312","00:00-23:59","11"
"MER-01002","BUS-00788","Makmur Utama - Computer Network Services","4816","50M_250M","50K_250K","2024-04-29","ACTIVE","ACC-0012849","09:00-21:00","2"
"MER-01003","BUS-00739","Berkah Digital - Betting-adjacent (restricted)","7995","50M_250M","GT_1M","2024-06-23","ACTIVE","ACC-0012784","09:00-21:00","5"
"MER-01004","BUS-00929","Berkah Logistik - Motion Picture Theatres","7832","LT_50M","50K_250K","2023-03-22","ACTIVE","ACC-0013030","10:00-22:00","2"
"MER-01005","BUS-00134","Mandiri Logistik - Beauty Shops","7230","50M_250M","50K_250K","2025-06-22","ACTIVE","ACC-0011997","09:00-21:00","8"
"MER-01006","BUS-00788","Makmur Utama - Second Hand Stores","5933","50M_250M","50K_250K","2024-01-26","ACTIVE","ACC-0012849","08:00-17:00","8"
"MER-01007","BUS-00578","Mandiri Bersama - Travel Agencies","4722","LT_50M","GT_1M","2024-10-30","ACTIVE","ACC-0012573","00:00-23:59","8"
"MER-01008","BUS-00613","Maju Niaga - Hospitals","8062","50M_250M","250K_1M","2023-12-14","ACTIVE","ACC-0012620","09:00-21:00","4"
"MER-01009","BUS-00683","Jaya Digital - Utilities","4900","LT_50M","250K_1M","2024-04-14","ACTIVE","ACC-0012711","09:00-21:00","4"
"MER-01010","BUS-00787","Mandiri Nusantara - Computers and Peripherals","5045","LT_50M","GT_1M","2025-11-26","ACTIVE","ACC-0012848","00:00-23:59","10"
"MER-01011","BUS-00025","Maju Digital - Motion Picture Theatres","7832","250M_1B","50K_250K","2023-12-05","ACTIVE","ACC-0011861","10:00-22:00","8"
"MER-01012","BUS-00874","Mandiri Utama - Travel Agencies","4722","GT_1B","GT_1M","2023-12-18","ACTIVE","ACC-0012960","00:00-23:59","5"
"MER-01013","BUS-00214","Berkah Perkasa - Eating Places","5812","250M_1B","50K_250K","2023-08-16","ACTIVE","ACC-0012100","09:00-21:00","10"
"MER-01014","BUS-00761","Sejahtera Bersama - Grocery Stores","5411","50M_250M","50K_250K","2025-06-21","ACTIVE","ACC-0012813","00:00-23:59","10"
"MER-01015","BUS-00981","Maju Digital - Electronics Stores","5732","250M_1B","GT_1M","2025-03-08","ACTIVE","ACC-0013097","10:00-22:00","10"
"MER-01016","BUS-00131","Jaya Nusantara - Hospitals","8062","LT_50M","250K_1M","2025-09-01","ACTIVE","ACC-0011993","09:00-21:00","8"
"MER-01017","BUS-00189","Maju Utama - Colleges and Universities","8220","GT_1B","GT_1M","2023-03-24","ACTIVE","ACC-0012069","08:00-17:00","10"
"MER-01018","BUS-00378","Sejahtera Utama - Utilities","4900","250M_1B","250K_1M","2025-01-01","ACTIVE","ACC-0012307","09:00-21:00","4"
"MER-01019","BUS-00041","Harapan Logistik - Beauty Shops","7230","GT_1B","50K_250K","2025-03-04","ACTIVE","ACC-0011881","09:00-21:00","6"
"MER-01020","BUS-00839","Jaya Niaga - Precious Stones and Metals","5094","50M_250M","GT_1M","2023-11-04","ACTIVE","ACC-0012915","08:00-17:00","8"
"MER-01021","BUS-00557","Lestari Logistik - Drug Stores","5912","250M_1B","50K_250K","2025-07-01","ACTIVE","ACC-0012545","08:00-17:00","10"
"MER-01022","BUS-00878","Cemerlang Utama - Book Stores","5942","50M_250M","50K_250K","2024-08-30","ACTIVE","ACC-0012965","08:00-17:00","9"
"MER-01023","BUS-00928","Berkah Perkasa - Cosmetic Stores","5977","LT_50M","50K_250K","2026-03-11","ACTIVE","ACC-0013028","10:00-22:00","11"
"MER-01024","BUS-00595","Sejahtera Bersama - Second Hand Stores","5933","50M_250M","50K_250K","2025-02-17","ACTIVE","ACC-0012598","09:00-21:00","10"
"MER-01025","BUS-00834","Lestari Perkasa - Misc Retail","5999","250M_1B","50K_250K","2024-05-26","ACTIVE","ACC-0012908","10:00-22:00","3"
"MER-01026","BUS-00165","Jaya Niaga - Colleges and Universities","8220","250M_1B","GT_1M","2023-08-31","ACTIVE","ACC-0012039","09:00-21:00","7"
"MER-01027","BUS-00814","Makmur Nusantara - Colleges and Universities","8220","250M_1B","GT_1M","2024-02-03","ACTIVE","ACC-0012879","00:00-23:59","7"
"MER-01028","BUS-00963","Makmur Utama - Cosmetic Stores","5977","250M_1B","50K_250K","2024-10-19","ACTIVE","ACC-0013073","00:00-23:59","6"
"MER-01029","BUS-01032","Maju Utama - Computer Network Services","4816","50M_250M","50K_250K","2024-08-06","ACTIVE","ACC-0013160","00:00-23:59","2"
"MER-01030","BUS-00253","Lestari Utama - Beauty Shops","7230","250M_1B","50K_250K","2025-07-13","SUSPENDED","ACC-0012150","08:00-17:00","3"
"MER-01031","BUS-00818","Maju Digital - Beauty Shops","7230","250M_1B","50K_250K","2023-07-19","ACTIVE","ACC-0012885","09:00-21:00","9"
"MER-01032","BUS-00205","Maju Niaga - Quasi Cash","6051","LT_50M","GT_1M","2024-04-03","ACTIVE","ACC-0012088","08:00-17:00","1"
"MER-01033","BUS-00352","Makmur Utama - Travel Agencies","4722","LT_50M","GT_1M","2024-06-06","ACTIVE","ACC-0012272","09:00-21:00","3"
"MER-01034","BUS-00788","Makmur Utama - Eating Places","5812","LT_50M","50K_250K","2024-08-12","ACTIVE","ACC-0012849","00:00-23:59","5"
"MER-01035","BUS-00200","Maju Digital - Utilities","4900","250M_1B","250K_1M","2024-12-22","ACTIVE","ACC-0012082","09:00-21:00","3"
"MER-01036","BUS-00083","Sejahtera Niaga - Travel Agencies","4722","250M_1B","GT_1M","2024-08-27","SUSPENDED","ACC-0011933","09:00-21:00","8"
"MER-01037","BUS-00491","Cemerlang Nusantara - Family Clothing","5651","GT_1B","50K_250K","2024-12-26","ACTIVE","ACC-0012457","08:00-17:00","3"
"MER-01038","BUS-00303","Berkah Logistik - Fast Food","5814","GT_1B","LT_50K","2023-01-25","ACTIVE","ACC-0012212","08:00-17:00","6"
"MER-01039","BUS-00689","Harapan Logistik - Computer Network Services","4816","LT_50M","50K_250K","2023-07-11","ACTIVE","ACC-0012722","09:00-21:00","10"
"MER-01040","BUS-00942","Sinar Nusantara - Service Stations","5541","GT_1B","50K_250K","2023-11-02","ACTIVE","ACC-0013046","10:00-22:00","3"
"MER-01041","BUS-01038","Berkah Bersama - Family Clothing","5651","250M_1B","50K_250K","2023-02-04","ACTIVE","ACC-0013167","00:00-23:59","5"
"MER-01042","BUS-00432","Sejahtera Bersama - Precious Stones and Metals","5094","250M_1B","GT_1M","2025-12-08","ACTIVE","ACC-0012377","08:00-17:00","5"
"MER-01043","BUS-00245","Abadi Logistik - Taxicabs and Limousines","4121","LT_50M","LT_50K","2023-04-14","ACTIVE","ACC-0012142","10:00-22:00","11"
"MER-01044","BUS-00869","Sejahtera Nusantara - Second Hand Stores","5933","GT_1B","50K_250K","2022-12-27","ACTIVE","ACC-0012953","08:00-17:00","5"
"MER-01045","BUS-00097","Sinar Digital - Hospitals","8062","GT_1B","250K_1M","2023-10-19","ACTIVE","ACC-0011952","08:00-17:00","11"
"MER-01046","BUS-00194","Maju Utama - Grocery Stores","5411","50M_250M","50K_250K","2022-12-19","ACTIVE","ACC-0012075","10:00-22:00","3"
"MER-01047","BUS-00071","Sentosa Logistik - Drug Stores","5912","GT_1B","50K_250K","2026-03-03","ACTIVE","ACC-0011916","10:00-22:00","8"
"MER-01048","BUS-00487","Abadi Bersama - Book Stores","5942","GT_1B","50K_250K","2026-01-25","ACTIVE","ACC-0012451","09:00-21:00","10"
"MER-01049","BUS-00085","Sejahtera Digital - Grocery Stores","5411","250M_1B","50K_250K","2025-04-29","ACTIVE","ACC-0011935","09:00-21:00","10"
"MER-01050","BUS-01135","Jaya Perkasa - Grocery Stores","5411","LT_50M","50K_250K","2024-02-19","ACTIVE","ACC-0013294","08:00-17:00","1"
"MER-01051","BUS-01184","Lestari Nusantara - Beauty Shops","7230","GT_1B","50K_250K","2024-11-10","ACTIVE","ACC-0013360","00:00-23:59","6"
"MER-01052","BUS-00643","Cemerlang Digital - Quasi Cash","6051","250M_1B","GT_1M","2026-02-15","ACTIVE","ACC-0012658","10:00-22:00","4"
"MER-01053","BUS-00250","Maju Niaga - Drug Stores","5912","LT_50M","50K_250K","2025-10-05","ACTIVE","ACC-0012147","09:00-21:00","5"
"MER-01054","BUS-00014","Mandiri Perkasa - Computers and Peripherals","5045","LT_50M","GT_1M","2024-06-10","ACTIVE","ACC-0011847","00:00-23:59","4"
"MER-01055","BUS-00924","Jaya Digital - Family Clothing","5651","GT_1B","50K_250K","2025-03-31","ACTIVE","ACC-0013024","10:00-22:00","2"
"MER-01056","BUS-00199","Makmur Nusantara - Precious Stones and Metals","5094","250M_1B","GT_1M","2023-01-30","ACTIVE","ACC-0012081","09:00-21:00","5"
"MER-01057","BUS-00374","Mandiri Utama - Family Clothing","5651","GT_1B","50K_250K","2023-02-20","ACTIVE","ACC-0012302","10:00-22:00","4"
"MER-01058","BUS-00088","Sinar Digital - Family Clothing","5651","50M_250M","50K_250K","2023-09-30","ACTIVE","ACC-0011939","09:00-21:00","3"
"MER-01059","BUS-00160","Mandiri Perkasa - Betting-adjacent (restricted)","7995","GT_1B","GT_1M","2023-10-07","ACTIVE","ACC-0012034","10:00-22:00","10"
"MER-01060","BUS-00204","Maju Perkasa - Quasi Cash","6051","LT_50M","GT_1M","2025-11-01","SUSPENDED","ACC-0012087","08:00-17:00","8"
"MER-01061","BUS-00876","Lestari Logistik - Motion Picture Theatres","7832","GT_1B","50K_250K","2023-02-22","ACTIVE","ACC-0012963","09:00-21:00","6"
"MER-01062","BUS-00963","Makmur Utama - Computers and Peripherals","5045","250M_1B","GT_1M","2025-04-09","ACTIVE","ACC-0013073","00:00-23:59","4"
"MER-01063","BUS-00353","Abadi Logistik - Precious Stones and Metals","5094","50M_250M","GT_1M","2023-01-26","ACTIVE","ACC-0012273","09:00-21:00","11"
"MER-01064","BUS-00755","Jaya Logistik - Grocery Stores","5411","250M_1B","50K_250K","2025-03-01","ACTIVE","ACC-0012804","10:00-22:00","2"
"MER-01065","BUS-00680","Berkah Digital - Fast Food","5814","LT_50M","LT_50K","2025-12-08","ACTIVE","ACC-0012707","09:00-21:00","1"
"MER-01066","BUS-00874","Mandiri Utama - Grocery Stores","5411","50M_250M","50K_250K","2025-06-02","ACTIVE","ACC-0012960","08:00-17:00","4"
"MER-01067","BUS-00430","Sejahtera Digital - Drug Stores","5912","250M_1B","50K_250K","2025-02-14","ACTIVE","ACC-0012374","08:00-17:00","4"
"MER-01068","BUS-00448","Mandiri Niaga - Misc Retail","5999","GT_1B","50K_250K","2025-12-17","ACTIVE","ACC-0012399","09:00-21:00","2"
"MER-01069","BUS-00508","Cemerlang Bersama - Fast Food","5814","250M_1B","LT_50K","2025-09-17","ACTIVE","ACC-0012479","00:00-23:59","2"
"MER-01070","BUS-00592","Sentosa Perkasa - Electronics Stores","5732","250M_1B","GT_1M","2023-09-08","ACTIVE","ACC-0012594","00:00-23:59","7"
"MER-01071","BUS-00618","Makmur Logistik - Computers and Peripherals","5045","GT_1B","GT_1M","2023-07-17","ACTIVE","ACC-0012627","09:00-21:00","3"
"MER-01072","BUS-00678","Berkah Niaga - Beauty Shops","7230","LT_50M","50K_250K","2023-11-21","ACTIVE","ACC-0012704","10:00-22:00","4"
"MER-01073","BUS-00825","Jaya Niaga - Travel Agencies","4722","250M_1B","GT_1M","2025-02-13","ACTIVE","ACC-0012896","10:00-22:00","3"
"MER-01074","BUS-00448","Mandiri Niaga - Travel Agencies","4722","250M_1B","GT_1M","2023-02-27","ACTIVE","ACC-0012399","09:00-21:00","2"
"MER-01075","BUS-00196","Makmur Perkasa - Drug Stores","5912","LT_50M","50K_250K","2023-07-14","ACTIVE","ACC-0012077","00:00-23:59","5"
"MER-01076","BUS-01087","Sentosa Bersama - Computers and Peripherals","5045","50M_250M","GT_1M","2023-03-05","ACTIVE","ACC-0013233","08:00-17:00","11"
"MER-01077","BUS-00126","Sinar Perkasa - Beauty Shops","7230","GT_1B","50K_250K","2024-05-01","ACTIVE","ACC-0011987","10:00-22:00","7"
"MER-01078","BUS-00887","Sejahtera Bersama - Computers and Peripherals","5045","GT_1B","GT_1M","2025-07-03","ACTIVE","ACC-0012977","00:00-23:59","3"
"MER-01079","BUS-01065","Sejahtera Logistik - Misc Retail","5999","50M_250M","50K_250K","2024-11-11","ACTIVE","ACC-0013205","10:00-22:00","8"
"MER-01080","BUS-00081","Makmur Nusantara - Colleges and Universities","8220","LT_50M","GT_1M","2024-03-14","ACTIVE","ACC-0011929","10:00-22:00","3"
"MER-01081","BUS-00454","Cemerlang Niaga - Cosmetic Stores","5977","250M_1B","50K_250K","2025-08-31","ACTIVE","ACC-0012407","08:00-17:00","10"
"MER-01082","BUS-01170","Makmur Bersama - Cosmetic Stores","5977","50M_250M","50K_250K","2026-02-24","ACTIVE","ACC-0013343","00:00-23:59","8"
"MER-01083","BUS-01018","Jaya Perkasa - Misc Retail","5999","250M_1B","50K_250K","2024-05-08","ACTIVE","ACC-0013144","09:00-21:00","9"
"MER-01084","BUS-00707","Sinar Bersama - Hospitals","8062","GT_1B","250K_1M","2024-03-05","ACTIVE","ACC-0012748","00:00-23:59","6"
"MER-01085","BUS-00095","Sentosa Nusantara - Computers and Peripherals","5045","LT_50M","GT_1M","2024-01-02","ACTIVE","ACC-0011949","10:00-22:00","9"
"MER-01086","BUS-00200","Maju Digital - Computer Network Services","4816","GT_1B","50K_250K","2025-03-09","ACTIVE","ACC-0012082","00:00-23:59","2"
"MER-01087","BUS-00462","Sejahtera Niaga - Motion Picture Theatres","7832","250M_1B","50K_250K","2024-11-16","ACTIVE","ACC-0012416","00:00-23:59","11"
"MER-01088","BUS-01044","Lestari Logistik - Misc Retail","5999","LT_50M","50K_250K","2024-04-30","ACTIVE","ACC-0013174","00:00-23:59","2"
"MER-01089","BUS-00297","Mandiri Digital - Book Stores","5942","50M_250M","50K_250K","2023-07-13","ACTIVE","ACC-0012205","00:00-23:59","2"
"MER-01090","BUS-00548","Mandiri Bersama - Lodging","7011","50M_250M","250K_1M","2025-05-20","ACTIVE","ACC-0012532","09:00-21:00","4"
"MER-01091","BUS-00489","Cemerlang Bersama - Lodging","7011","250M_1B","250K_1M","2023-10-29","ACTIVE","ACC-0012455","08:00-17:00","5"
"MER-01092","BUS-00130","Mandiri Niaga - Drug Stores","5912","250M_1B","50K_250K","2026-02-05","ACTIVE","ACC-0011992","10:00-22:00","9"
"MER-01093","BUS-00550","Sentosa Digital - Family Clothing","5651","250M_1B","50K_250K","2023-11-11","ACTIVE","ACC-0012536","09:00-21:00","4"
"MER-01094","BUS-00573","Cemerlang Utama - Betting-adjacent (restricted)","7995","250M_1B","GT_1M","2024-06-02","ACTIVE","ACC-0012567","10:00-22:00","6"
"MER-01095","BUS-00856","Maju Bersama - Grocery Stores","5411","250M_1B","50K_250K","2022-12-20","ACTIVE","ACC-0012936","09:00-21:00","2"
"MER-01096","BUS-00207","Cemerlang Bersama - Computers and Peripherals","5045","GT_1B","GT_1M","2023-01-05","ACTIVE","ACC-0012090","08:00-17:00","5"
"MER-01097","BUS-00083","Sejahtera Niaga - Cosmetic Stores","5977","250M_1B","50K_250K","2025-08-11","ACTIVE","ACC-0011933","00:00-23:59","7"
"MER-01098","BUS-00286","Lestari Nusantara - Misc Retail","5999","250M_1B","50K_250K","2023-07-30","ACTIVE","ACC-0012193","00:00-23:59","11"
"MER-01099","BUS-00572","Berkah Niaga - Electronics Stores","5732","GT_1B","GT_1M","2023-07-27","ACTIVE","ACC-0012565","00:00-23:59","11"
"MER-01100","BUS-01081","Mandiri Digital - Colleges and Universities","8220","LT_50M","GT_1M","2025-08-22","ACTIVE","ACC-0013227","00:00-23:59","9"
"MER-01101","BUS-01107","Sentosa Logistik - Computer Network Services","4816","250M_1B","50K_250K","2024-12-06","ACTIVE","ACC-0013258","00:00-23:59","2"
"MER-01102","BUS-00035","Sejahtera Bersama - Beauty Shops","7230","50M_250M","50K_250K","2026-02-16","ACTIVE","ACC-0011873","09:00-21:00","11"
"MER-01103","BUS-01021","Berkah Utama - Electronics Stores","5732","LT_50M","GT_1M","2026-02-09","ACTIVE","ACC-0013148","00:00-23:59","1"
"MER-01104","BUS-00852","Jaya Niaga - Cosmetic Stores","5977","LT_50M","50K_250K","2026-02-09","ACTIVE","ACC-0012932","08:00-17:00","9"
"MER-01105","BUS-00880","Mandiri Nusantara - Cosmetic Stores","5977","50M_250M","50K_250K","2025-08-08","ACTIVE","ACC-0012967","08:00-17:00","8"
"MER-01106","BUS-00150","Jaya Nusantara - Eating Places","5812","LT_50M","50K_250K","2023-01-29","CLOSED","ACC-0012019","00:00-23:59","1"
"MER-01107","BUS-00094","Sinar Niaga - Lodging","7011","LT_50M","250K_1M","2023-08-10","CLOSED","ACC-0011948","08:00-17:00","7"
"MER-01108","BUS-00463","Berkah Perkasa - Electronics Stores","5732","250M_1B","GT_1M","2024-09-22","ACTIVE","ACC-0012418","00:00-23:59","6"
"MER-01109","BUS-00452","Abadi Nusantara - Hospitals","8062","GT_1B","250K_1M","2026-02-07","ACTIVE","ACC-0012405","10:00-22:00","6"
"MER-01110","BUS-00020","Sejahtera Utama - Quasi Cash","6051","LT_50M","GT_1M","2025-01-07","ACTIVE","ACC-0011855","08:00-17:00","2"
"MER-01111","BUS-00395","Sentosa Perkasa - Book Stores","5942","LT_50M","50K_250K","2023-09-18","ACTIVE","ACC-0012327","09:00-21:00","8"
"MER-01112","BUS-00763","Abadi Perkasa - Department Stores","5311","GT_1B","250K_1M","2025-02-10","ACTIVE","ACC-0012816","08:00-17:00","3"
"MER-01113","BUS-00408","Cemerlang Bersama - Motion Picture Theatres","7832","GT_1B","50K_250K","2024-10-29","ACTIVE","ACC-0012345","09:00-21:00","8"
"MER-01114","BUS-00053","Sentosa Nusantara - Book Stores","5942","GT_1B","50K_250K","2026-01-18","ACTIVE","ACC-0011897","08:00-17:00","2"
"MER-01115","BUS-01073","Cemerlang Niaga - Hospitals","8062","LT_50M","250K_1M","2023-03-09","ACTIVE","ACC-0013217","09:00-21:00","8"
"MER-01116","BUS-00011","Sejahtera Logistik - Utilities","4900","GT_1B","250K_1M","2025-10-04","ACTIVE","ACC-0011843","09:00-21:00","2"
"MER-01117","BUS-00649","Berkah Niaga - Colleges and Universities","8220","250M_1B","GT_1M","2023-10-15","ACTIVE","ACC-0012667","10:00-22:00","4"
"MER-01118","BUS-00280","Sinar Digital - Motion Picture Theatres","7832","250M_1B","50K_250K","2026-01-31","ACTIVE","ACC-0012184","09:00-21:00","10"
"MER-01119","BUS-00971","Harapan Digital - Colleges and Universities","8220","LT_50M","GT_1M","2024-09-17","ACTIVE","ACC-0013082","09:00-21:00","1"
"MER-01120","BUS-00886","Sejahtera Niaga - Grocery Stores","5411","50M_250M","50K_250K","2023-12-31","ACTIVE","ACC-0012975","09:00-21:00","4"
"MER-01121","BUS-00812","Cemerlang Utama - Betting-adjacent (restricted)","7995","LT_50M","GT_1M","2024-12-17","ACTIVE","ACC-0012877","09:00-21:00","4"
"MER-01122","BUS-00499","Makmur Logistik - Book Stores","5942","50M_250M","50K_250K","2024-05-03","ACTIVE","ACC-0012467","08:00-17:00","8"
"MER-01123","BUS-01071","Lestari Perkasa - Precious Stones and Metals","5094","250M_1B","GT_1M","2023-06-15","ACTIVE","ACC-0013213","00:00-23:59","7"
"MER-01124","BUS-00974","Mandiri Utama - Beauty Shops","7230","250M_1B","50K_250K","2025-12-07","ACTIVE","ACC-0013086","08:00-17:00","6"
"MER-01125","BUS-00033","Jaya Niaga - Quasi Cash","6051","GT_1B","GT_1M","2024-05-16","ACTIVE","ACC-0011871","09:00-21:00","2"
"MER-01126","BUS-00133","Sentosa Digital - Hospitals","8062","250M_1B","250K_1M","2023-09-06","ACTIVE","ACC-0011996","09:00-21:00","5"
"MER-01127","BUS-00849","Lestari Perkasa - Electronics Stores","5732","50M_250M","GT_1M","2024-06-18","ACTIVE","ACC-0012927","09:00-21:00","11"
"MER-01128","BUS-00705","Jaya Niaga - Computers and Peripherals","5045","250M_1B","GT_1M","2024-10-01","ACTIVE","ACC-0012746","10:00-22:00","7"
"MER-01129","BUS-00869","Sejahtera Nusantara - Eating Places","5812","LT_50M","50K_250K","2024-02-13","ACTIVE","ACC-0012953","10:00-22:00","4"
"MER-01130","BUS-00264","Jaya Nusantara - Computers and Peripherals","5045","250M_1B","GT_1M","2025-10-17","ACTIVE","ACC-0012162","08:00-17:00","3"
"MER-01131","BUS-00569","Makmur Nusantara - Misc Retail","5999","LT_50M","50K_250K","2023-03-15","ACTIVE","ACC-0012561","10:00-22:00","2"
"MER-01132","BUS-00472","Harapan Nusantara - Lodging","7011","250M_1B","250K_1M","2023-05-27","ACTIVE","ACC-0012432","09:00-21:00","9"
"MER-01133","BUS-00369","Sinar Utama - Travel Agencies","4722","LT_50M","GT_1M","2025-03-29","ACTIVE","ACC-0012296","00:00-23:59","1"
"MER-01134","BUS-00365","Harapan Nusantara - Hospitals","8062","LT_50M","250K_1M","2023-11-23","SUSPENDED","ACC-0012289","10:00-22:00","9"
"MER-01135","BUS-01020","Lestari Bersama - Motion Picture Theatres","7832","50M_250M","50K_250K","2024-12-21","ACTIVE","ACC-0013147","00:00-23:59","5"
"MER-01136","BUS-00222","Sinar Utama - Grocery Stores","5411","250M_1B","50K_250K","2026-01-09","ACTIVE","ACC-0012110","08:00-17:00","6"
"MER-01137","BUS-00523","Lestari Niaga - Quasi Cash","6051","50M_250M","GT_1M","2025-03-19","ACTIVE","ACC-0012498","08:00-17:00","5"
"MER-01138","BUS-00120","Maju Bersama - Electronics Stores","5732","LT_50M","GT_1M","2023-10-27","ACTIVE","ACC-0011979","09:00-21:00","9"
"MER-01139","BUS-00574","Maju Digital - Computers and Peripherals","5045","250M_1B","GT_1M","2025-08-18","ACTIVE","ACC-0012568","10:00-22:00","4"
"MER-01140","BUS-01184","Lestari Nusantara - Fast Food","5814","LT_50M","LT_50K","2025-10-18","ACTIVE","ACC-0013360","09:00-21:00","1"
"MER-01141","BUS-00051","Sinar Perkasa - Cosmetic Stores","5977","250M_1B","50K_250K","2026-03-12","ACTIVE","ACC-0011895","10:00-22:00","11"
"MER-01142","BUS-00657","Sentosa Niaga - Family Clothing","5651","250M_1B","50K_250K","2024-12-05","ACTIVE","ACC-0012677","10:00-22:00","11"
"MER-01143","BUS-01121","Sentosa Bersama - Utilities","4900","GT_1B","250K_1M","2026-01-30","ACTIVE","ACC-0013275","08:00-17:00","8"
"MER-01144","BUS-00243","Sinar Utama - Precious Stones and Metals","5094","50M_250M","GT_1M","2023-09-16","ACTIVE","ACC-0012139","08:00-17:00","10"
"MER-01145","BUS-01130","Maju Bersama - Misc Retail","5999","50M_250M","50K_250K","2025-07-28","ACTIVE","ACC-0013287","00:00-23:59","7"
"MER-01146","BUS-00366","Sentosa Nusantara - Book Stores","5942","250M_1B","50K_250K","2023-01-29","ACTIVE","ACC-0012291","10:00-22:00","7"
"MER-01147","BUS-00081","Makmur Nusantara - Cosmetic Stores","5977","50M_250M","50K_250K","2023-12-11","ACTIVE","ACC-0011929","10:00-22:00","4"
"MER-01148","BUS-00092","Sinar Utama - Cosmetic Stores","5977","250M_1B","50K_250K","2025-01-26","ACTIVE","ACC-0011944","09:00-21:00","7"
"MER-01149","BUS-00602","Harapan Bersama - Eating Places","5812","50M_250M","50K_250K","2025-10-03","ACTIVE","ACC-0012608","08:00-17:00","5"
"MER-01150","BUS-00878","Cemerlang Utama - Fast Food","5814","LT_50M","LT_50K","2024-01-25","SUSPENDED","ACC-0012965","09:00-21:00","6"
"MER-01151","BUS-00215","Jaya Niaga - Taxicabs and Limousines","4121","LT_50M","LT_50K","2026-01-29","ACTIVE","ACC-0012101","09:00-21:00","9"
"MER-01152","BUS-00747","Sinar Digital - Eating Places","5812","250M_1B","50K_250K","2026-02-01","ACTIVE","ACC-0012794","09:00-21:00","9"
"MER-01153","BUS-01124","Sentosa Niaga - Taxicabs and Limousines","4121","250M_1B","LT_50K","2023-12-22","ACTIVE","ACC-0013278","10:00-22:00","6"
"MER-01154","BUS-00599","Makmur Utama - Cosmetic Stores","5977","LT_50M","50K_250K","2023-05-29","ACTIVE","ACC-0012603","10:00-22:00","2"
"MER-01155","BUS-00762","Abadi Bersama - Taxicabs and Limousines","4121","250M_1B","LT_50K","2025-04-12","ACTIVE","ACC-0012815","00:00-23:59","5"
"MER-01156","BUS-00783","Cemerlang Bersama - Quasi Cash","6051","GT_1B","GT_1M","2023-03-30","ACTIVE","ACC-0012842","09:00-21:00","10"
"MER-01157","BUS-00210","Abadi Bersama - Quasi Cash","6051","250M_1B","GT_1M","2023-06-21","ACTIVE","ACC-0012095","00:00-23:59","4"
"MER-01158","BUS-01144","Abadi Digital - Eating Places","5812","50M_250M","50K_250K","2025-05-30","ACTIVE","ACC-0013305","00:00-23:59","8"
"MER-01159","BUS-01183","Makmur Niaga - Misc Retail","5999","50M_250M","50K_250K","2022-12-31","ACTIVE","ACC-0013359","10:00-22:00","1"
"MER-01160","BUS-00422","Sejahtera Logistik - Electronics Stores","5732","LT_50M","GT_1M","2026-02-03","ACTIVE","ACC-0012364","09:00-21:00","6"
"MER-01161","BUS-00729","Jaya Utama - Betting-adjacent (restricted)","7995","GT_1B","GT_1M","2024-09-05","ACTIVE","ACC-0012773","00:00-23:59","1"
"MER-01162","BUS-01002","Lestari Perkasa - Utilities","4900","LT_50M","250K_1M","2025-12-23","ACTIVE","ACC-0013123","00:00-23:59","5"
"MER-01163","BUS-00986","Harapan Perkasa - Beauty Shops","7230","LT_50M","50K_250K","2025-10-03","ACTIVE","ACC-0013104","08:00-17:00","3"
"MER-01164","BUS-00981","Maju Digital - Lodging","7011","50M_250M","250K_1M","2024-03-05","ACTIVE","ACC-0013097","10:00-22:00","5"
"MER-01165","BUS-00634","Lestari Nusantara - Grocery Stores","5411","GT_1B","50K_250K","2024-04-03","ACTIVE","ACC-0012647","10:00-22:00","1"
"MER-01166","BUS-00662","Abadi Logistik - Family Clothing","5651","50M_250M","50K_250K","2022-12-31","ACTIVE","ACC-0012682","10:00-22:00","11"
"MER-01167","BUS-00270","Lestari Perkasa - Grocery Stores","5411","GT_1B","50K_250K","2024-04-02","SUSPENDED","ACC-0012171","00:00-23:59","10"
"MER-01168","BUS-00137","Sejahtera Bersama - Family Clothing","5651","GT_1B","50K_250K","2024-10-19","ACTIVE","ACC-0012000","09:00-21:00","3"
"MER-01169","BUS-00161","Maju Niaga - Lodging","7011","GT_1B","250K_1M","2023-08-10","ACTIVE","ACC-0012035","00:00-23:59","3"
"MER-01170","BUS-00010","Sinar Nusantara - Motion Picture Theatres","7832","LT_50M","50K_250K","2025-08-31","ACTIVE","ACC-0011842","08:00-17:00","10"
"MER-01171","BUS-00104","Jaya Bersama - Colleges and Universities","8220","50M_250M","GT_1M","2023-12-27","ACTIVE","ACC-0011961","00:00-23:59","9"
"MER-01172","BUS-00032","Mandiri Logistik - Beauty Shops","7230","LT_50M","50K_250K","2024-07-30","ACTIVE","ACC-0011870","10:00-22:00","2"
"MER-01173","BUS-00030","Jaya Nusantara - Betting-adjacent (restricted)","7995","50M_250M","GT_1M","2024-10-03","ACTIVE","ACC-0011868","10:00-22:00","3"
"MER-01174","BUS-00086","Mandiri Digital - Lodging","7011","GT_1B","250K_1M","2025-12-15","ACTIVE","ACC-0011936","10:00-22:00","11"
"MER-01175","BUS-00105","Sejahtera Nusantara - Grocery Stores","5411","250M_1B","50K_250K","2023-07-22","ACTIVE","ACC-0011962","10:00-22:00","2"
"MER-01176","BUS-00989","Jaya Perkasa - Hospitals","8062","GT_1B","250K_1M","2025-04-11","ACTIVE","ACC-0013107","09:00-21:00","9"
"MER-01177","BUS-00531","Mandiri Perkasa - Taxicabs and Limousines","4121","GT_1B","LT_50K","2025-08-14","ACTIVE","ACC-0012509","10:00-22:00","6"
"MER-01178","BUS-00097","Sinar Digital - Service Stations","5541","50M_250M","50K_250K","2024-09-11","ACTIVE","ACC-0011952","10:00-22:00","5"
"MER-01179","BUS-00196","Makmur Perkasa - Motion Picture Theatres","7832","GT_1B","50K_250K","2023-06-19","ACTIVE","ACC-0012077","08:00-17:00","1"
"MER-01180","BUS-00584","Cemerlang Utama - Travel Agencies","4722","50M_250M","GT_1M","2025-10-08","ACTIVE","ACC-0012580","08:00-17:00","8"
"MER-01181","BUS-01003","Sejahtera Logistik - Betting-adjacent (restricted)","7995","250M_1B","GT_1M","2024-02-09","ACTIVE","ACC-0013125","10:00-22:00","1"
"MER-01182","BUS-00890","Abadi Logistik - Motion Picture Theatres","7832","50M_250M","50K_250K","2023-11-23","ACTIVE","ACC-0012981","00:00-23:59","2"
"MER-01183","BUS-00514","Sentosa Logistik - Motion Picture Theatres","7832","250M_1B","50K_250K","2025-11-27","ACTIVE","ACC-0012486","10:00-22:00","10"
"MER-01184","BUS-00451","Sinar Utama - Beauty Shops","7230","GT_1B","50K_250K","2024-11-17","ACTIVE","ACC-0012404","10:00-22:00","9"
"MER-01185","BUS-00817","Makmur Perkasa - Beauty Shops","7230","GT_1B","50K_250K","2023-04-11","ACTIVE","ACC-0012883","09:00-21:00","10"
"MER-01186","BUS-00755","Jaya Logistik - Service Stations","5541","50M_250M","50K_250K","2023-03-18","ACTIVE","ACC-0012804","00:00-23:59","3"
"MER-01187","BUS-00218","Cemerlang Utama - Misc Retail","5999","250M_1B","50K_250K","2023-07-24","ACTIVE","ACC-0012105","00:00-23:59","9"
"MER-01188","BUS-00655","Jaya Niaga - Computers and Peripherals","5045","LT_50M","GT_1M","2024-09-14","ACTIVE","ACC-0012673","09:00-21:00","9"
"MER-01189","BUS-00074","Jaya Logistik - Second Hand Stores","5933","50M_250M","50K_250K","2023-02-16","ACTIVE","ACC-0011920","00:00-23:59","3"
"MER-01190","BUS-01083","Maju Nusantara - Eating Places","5812","LT_50M","50K_250K","2024-08-09","ACTIVE","ACC-0013229","00:00-23:59","4"
"MER-01191","BUS-00992","Makmur Niaga - Misc Retail","5999","LT_50M","50K_250K","2024-03-23","ACTIVE","ACC-0013110","09:00-21:00","4"
"MER-01192","BUS-01007","Berkah Nusantara - Lodging","7011","250M_1B","250K_1M","2023-02-03","ACTIVE","ACC-0013130","10:00-22:00","2"
"MER-01193","BUS-00870","Sentosa Digital - Betting-adjacent (restricted)","7995","50M_250M","GT_1M","2024-09-19","ACTIVE","ACC-0012955","08:00-17:00","9"
"MER-01194","BUS-00967","Lestari Perkasa - Lodging","7011","GT_1B","250K_1M","2025-11-07","ACTIVE","ACC-0013078","10:00-22:00","1"
"MER-01195","BUS-00771","Sejahtera Digital - Quasi Cash","6051","50M_250M","GT_1M","2025-01-21","ACTIVE","ACC-0012825","10:00-22:00","3"
"MER-01196","BUS-01140","Mandiri Utama - Utilities","4900","GT_1B","250K_1M","2025-09-10","ACTIVE","ACC-0013299","10:00-22:00","1"
"MER-01197","BUS-01185","Sejahtera Bersama - Motion Picture Theatres","7832","250M_1B","50K_250K","2025-06-24","ACTIVE","ACC-0013361","09:00-21:00","3"
"MER-01198","BUS-00340","Mandiri Logistik - Colleges and Universities","8220","LT_50M","GT_1M","2024-08-29","ACTIVE","ACC-0012258","09:00-21:00","11"
"MER-01199","BUS-00890","Abadi Logistik - Family Clothing","5651","50M_250M","50K_250K","2023-07-19","ACTIVE","ACC-0012981","08:00-17:00","7"
"MER-01200","BUS-00046","Mandiri Niaga - Misc Retail","5999","LT_50M","50K_250K","2025-07-04","ACTIVE","ACC-0011889","09:00-21:00","8"
"MER-01201","BUS-01038","Berkah Bersama - Computer Network Services","4816","LT_50M","50K_250K","2024-05-23","ACTIVE","ACC-0013167","10:00-22:00","6"
"MER-01202","BUS-00322","Jaya Digital - Misc Retail","5999","GT_1B","50K_250K","2023-05-30","ACTIVE","ACC-0012236","00:00-23:59","10"
"MER-01203","BUS-00579","Mandiri Logistik - Motion Picture Theatres","7832","250M_1B","50K_250K","2025-02-23","ACTIVE","ACC-0012574","10:00-22:00","1"
"MER-01204","BUS-00121","Makmur Digital - Fast Food","5814","GT_1B","LT_50K","2025-01-31","SUSPENDED","ACC-0011981","09:00-21:00","10"
"MER-01205","BUS-00524","Makmur Digital - Second Hand Stores","5933","LT_50M","50K_250K","2026-03-09","ACTIVE","ACC-0012499","09:00-21:00","5"
"MER-01206","BUS-00532","Lestari Utama - Hospitals","8062","50M_250M","250K_1M","2023-08-08","ACTIVE","ACC-0012510","10:00-22:00","2"
"MER-01207","BUS-00003","Berkah Digital - Cosmetic Stores","5977","LT_50M","50K_250K","2025-08-21","ACTIVE","ACC-0011832","00:00-23:59","4"
"MER-01208","BUS-00641","Harapan Digital - Betting-adjacent (restricted)","7995","250M_1B","GT_1M","2023-07-22","ACTIVE","ACC-0012656","08:00-17:00","9"
"MER-01209","BUS-00426","Makmur Niaga - Drug Stores","5912","LT_50M","50K_250K","2024-02-28","ACTIVE","ACC-0012370","10:00-22:00","8"
"MER-01210","BUS-00225","Harapan Niaga - Eating Places","5812","50M_250M","50K_250K","2024-10-20","ACTIVE","ACC-0012114","09:00-21:00","2"
"MER-01211","BUS-00085","Sejahtera Digital - Second Hand Stores","5933","50M_250M","50K_250K","2024-08-14","ACTIVE","ACC-0011935","09:00-21:00","2"
"MER-01212","BUS-00719","Maju Digital - Family Clothing","5651","50M_250M","50K_250K","2025-06-26","ACTIVE","ACC-0012761","10:00-22:00","1"
"MER-01213","BUS-00154","Harapan Nusantara - Department Stores","5311","LT_50M","250K_1M","2024-02-15","ACTIVE","ACC-0012026","08:00-17:00","10"
"MER-01214","BUS-00776","Mandiri Bersama - Betting-adjacent (restricted)","7995","LT_50M","GT_1M","2024-02-03","ACTIVE","ACC-0012831","08:00-17:00","5"
"MER-01215","BUS-00292","Cemerlang Perkasa - Drug Stores","5912","50M_250M","50K_250K","2023-10-19","SUSPENDED","ACC-0012199","10:00-22:00","6"
"MER-01216","BUS-00283","Lestari Digital - Department Stores","5311","50M_250M","250K_1M","2024-04-29","ACTIVE","ACC-0012189","08:00-17:00","1"
"MER-01217","BUS-01009","Lestari Perkasa - Fast Food","5814","GT_1B","LT_50K","2024-08-16","ACTIVE","ACC-0013133","10:00-22:00","3"
"MER-01218","BUS-00406","Cemerlang Nusantara - Betting-adjacent (restricted)","7995","GT_1B","GT_1M","2025-02-18","ACTIVE","ACC-0012341","00:00-23:59","1"
"MER-01219","BUS-00770","Maju Utama - Colleges and Universities","8220","LT_50M","GT_1M","2024-11-07","ACTIVE","ACC-0012824","09:00-21:00","2"
"MER-01220","BUS-00390","Harapan Digital - Eating Places","5812","LT_50M","50K_250K","2024-06-01","ACTIVE","ACC-0012322","10:00-22:00","11"
"MER-01221","BUS-01041","Makmur Niaga - Fast Food","5814","50M_250M","LT_50K","2025-09-24","ACTIVE","ACC-0013170","00:00-23:59","9"
"MER-01222","BUS-00725","Jaya Utama - Misc Retail","5999","LT_50M","50K_250K","2023-07-22","ACTIVE","ACC-0012768","08:00-17:00","4"
"MER-01223","BUS-00180","Sinar Perkasa - Second Hand Stores","5933","50M_250M","50K_250K","2024-02-04","ACTIVE","ACC-0012059","10:00-22:00","3"
"MER-01224","BUS-00994","Makmur Niaga - Quasi Cash","6051","50M_250M","GT_1M","2025-07-29","ACTIVE","ACC-0013112","00:00-23:59","6"
"MER-01225","BUS-00237","Harapan Bersama - Cosmetic Stores","5977","50M_250M","50K_250K","2025-05-10","ACTIVE","ACC-0012131","09:00-21:00","8"
"MER-01226","BUS-01052","Sejahtera Perkasa - Book Stores","5942","LT_50M","50K_250K","2025-08-06","ACTIVE","ACC-0013186","10:00-22:00","8"
"MER-01227","BUS-00990","Jaya Logistik - Beauty Shops","7230","250M_1B","50K_250K","2026-01-11","ACTIVE","ACC-0013108","10:00-22:00","9"
"MER-01228","BUS-00210","Abadi Bersama - Precious Stones and Metals","5094","LT_50M","GT_1M","2024-03-01","ACTIVE","ACC-0012095","09:00-21:00","6"
"MER-01229","BUS-01084","Mandiri Utama - Cosmetic Stores","5977","LT_50M","50K_250K","2024-02-27","ACTIVE","ACC-0013230","00:00-23:59","11"
"MER-01230","BUS-00737","Jaya Perkasa - Cosmetic Stores","5977","LT_50M","50K_250K","2025-06-07","ACTIVE","ACC-0012781","08:00-17:00","4"
"MER-01231","BUS-01155","Mandiri Logistik - Colleges and Universities","8220","250M_1B","GT_1M","2025-01-04","ACTIVE","ACC-0013320","09:00-21:00","1"
"MER-01232","BUS-00895","Cemerlang Digital - Utilities","4900","250M_1B","250K_1M","2024-02-09","ACTIVE","ACC-0012989","00:00-23:59","7"
"MER-01233","BUS-00008","Mandiri Nusantara - Family Clothing","5651","LT_50M","50K_250K","2023-05-16","ACTIVE","ACC-0011839","10:00-22:00","1"
"MER-01234","BUS-01041","Makmur Niaga - Electronics Stores","5732","50M_250M","GT_1M","2025-07-12","SUSPENDED","ACC-0013170","00:00-23:59","6"
"MER-01235","BUS-01039","Mandiri Logistik - Department Stores","5311","GT_1B","250K_1M","2026-01-31","SUSPENDED","ACC-0013168","08:00-17:00","11"
"MER-01236","BUS-00761","Sejahtera Bersama - Fast Food","5814","GT_1B","LT_50K","2023-01-25","ACTIVE","ACC-0012813","09:00-21:00","5"
"MER-01237","BUS-00872","Makmur Digital - Lodging","7011","250M_1B","250K_1M","2025-09-07","ACTIVE","ACC-0012957","09:00-21:00","1"
"MER-01238","BUS-00100","Mandiri Bersama - Hospitals","8062","LT_50M","250K_1M","2026-01-27","ACTIVE","ACC-0011957","10:00-22:00","1"
"MER-01239","BUS-00897","Sentosa Utama - Service Stations","5541","LT_50M","50K_250K","2024-01-15","ACTIVE","ACC-0012992","10:00-22:00","8"
"MER-01240","BUS-00671","Mandiri Perkasa - Fast Food","5814","50M_250M","LT_50K","2024-08-24","ACTIVE","ACC-0012695","00:00-23:59","6"
"MER-01241","BUS-00462","Sejahtera Niaga - Betting-adjacent (restricted)","7995","LT_50M","GT_1M","2025-12-27","ACTIVE","ACC-0012416","08:00-17:00","2"
"MER-01242","BUS-00280","Sinar Digital - Fast Food","5814","GT_1B","LT_50K","2023-05-16","ACTIVE","ACC-0012184","00:00-23:59","4"
"MER-01243","BUS-00792","Mandiri Nusantara - Grocery Stores","5411","LT_50M","50K_250K","2023-11-17","ACTIVE","ACC-0012854","08:00-17:00","10"
"MER-01244","BUS-00439","Harapan Perkasa - Colleges and Universities","8220","250M_1B","GT_1M","2023-10-29","ACTIVE","ACC-0012385","09:00-21:00","1"
"MER-01245","BUS-00898","Sejahtera Niaga - Precious Stones and Metals","5094","LT_50M","GT_1M","2024-09-30","ACTIVE","ACC-0012993","09:00-21:00","2"
"MER-01246","BUS-00930","Berkah Logistik - Beauty Shops","7230","LT_50M","50K_250K","2025-01-27","ACTIVE","ACC-0013031","09:00-21:00","7"
"MER-01247","BUS-01178","Sejahtera Utama - Hospitals","8062","GT_1B","250K_1M","2025-05-07","ACTIVE","ACC-0013353","10:00-22:00","4"
"MER-01248","BUS-01042","Maju Niaga - Colleges and Universities","8220","GT_1B","GT_1M","2026-02-25","ACTIVE","ACC-0013172","08:00-17:00","9"
"MER-01249","BUS-00572","Berkah Niaga - Department Stores","5311","50M_250M","250K_1M","2022-12-21","ACTIVE","ACC-0012565","08:00-17:00","6"
"MER-01250","BUS-00159","Sentosa Perkasa - Motion Picture Theatres","7832","LT_50M","50K_250K","2025-04-01","ACTIVE","ACC-0012033","10:00-22:00","8"
"MER-01251","BUS-00783","Cemerlang Bersama - Misc Retail","5999","LT_50M","50K_250K","2025-10-24","CLOSED","ACC-0012842","00:00-23:59","11"
"MER-01252","BUS-00562","Sentosa Perkasa - Beauty Shops","7230","GT_1B","50K_250K","2024-05-20","ACTIVE","ACC-0012551","09:00-21:00","4"
"MER-01253","BUS-00878","Cemerlang Utama - Lodging","7011","250M_1B","250K_1M","2025-08-26","ACTIVE","ACC-0012965","00:00-23:59","8"
"MER-01254","BUS-00602","Harapan Bersama - Cosmetic Stores","5977","GT_1B","50K_250K","2025-12-12","CLOSED","ACC-0012608","09:00-21:00","11"
"MER-01255","BUS-00546","Sentosa Digital - Beauty Shops","7230","250M_1B","50K_250K","2025-03-29","ACTIVE","ACC-0012530","08:00-17:00","5"
"MER-01256","BUS-00876","Lestari Logistik - Department Stores","5311","250M_1B","250K_1M","2023-06-30","ACTIVE","ACC-0012963","10:00-22:00","10"
"MER-01257","BUS-00705","Jaya Niaga - Quasi Cash","6051","50M_250M","GT_1M","2024-05-15","ACTIVE","ACC-0012746","00:00-23:59","2"
"MER-01258","BUS-00466","Harapan Nusantara - Hospitals","8062","50M_250M","250K_1M","2024-10-30","ACTIVE","ACC-0012422","08:00-17:00","7"
"MER-01259","BUS-00749","Sentosa Perkasa - Book Stores","5942","LT_50M","50K_250K","2024-03-09","ACTIVE","ACC-0012796","08:00-17:00","3"
"MER-01260","BUS-01063","Harapan Niaga - Colleges and Universities","8220","GT_1B","GT_1M","2024-06-03","ACTIVE","ACC-0013201","08:00-17:00","10"
"MER-01261","BUS-01072","Maju Perkasa - Book Stores","5942","50M_250M","50K_250K","2024-04-05","ACTIVE","ACC-0013215","10:00-22:00","8"
"MER-01262","BUS-00444","Sentosa Digital - Motion Picture Theatres","7832","LT_50M","50K_250K","2025-09-13","ACTIVE","ACC-0012392","10:00-22:00","3"
"MER-01263","BUS-00623","Makmur Perkasa - Cosmetic Stores","5977","LT_50M","50K_250K","2023-05-31","ACTIVE","ACC-0012632","10:00-22:00","7"
"MER-01264","BUS-00219","Harapan Digital - Computers and Peripherals","5045","LT_50M","GT_1M","2023-06-16","ACTIVE","ACC-0012106","00:00-23:59","11"
"MER-01265","BUS-01030","Sejahtera Digital - Computer Network Services","4816","50M_250M","50K_250K","2023-09-12","ACTIVE","ACC-0013158","00:00-23:59","6"
"MER-01266","BUS-00195","Jaya Niaga - Family Clothing","5651","250M_1B","50K_250K","2024-02-23","ACTIVE","ACC-0012076","00:00-23:59","7"
"MER-01267","BUS-00883","Mandiri Nusantara - Travel Agencies","4722","LT_50M","GT_1M","2024-06-16","ACTIVE","ACC-0012971","08:00-17:00","5"
"MER-01268","BUS-00661","Maju Niaga - Colleges and Universities","8220","250M_1B","GT_1M","2025-12-24","ACTIVE","ACC-0012681","00:00-23:59","4"
"MER-01269","BUS-00394","Maju Logistik - Hospitals","8062","GT_1B","250K_1M","2025-09-30","ACTIVE","ACC-0012326","00:00-23:59","10"
"MER-01270","BUS-00244","Harapan Bersama - Taxicabs and Limousines","4121","250M_1B","LT_50K","2023-03-22","ACTIVE","ACC-0012140","09:00-21:00","5"
"MER-01271","BUS-00302","Berkah Logistik - Motion Picture Theatres","7832","GT_1B","50K_250K","2023-02-28","ACTIVE","ACC-0012210","10:00-22:00","6"
"MER-01272","BUS-00286","Lestari Nusantara - Family Clothing","5651","GT_1B","50K_250K","2025-11-23","ACTIVE","ACC-0012193","09:00-21:00","9"
"MER-01273","BUS-01124","Sentosa Niaga - Betting-adjacent (restricted)","7995","50M_250M","GT_1M","2023-11-05","ACTIVE","ACC-0013278","08:00-17:00","3"
"MER-01274","BUS-00430","Sejahtera Digital - Lodging","7011","LT_50M","250K_1M","2024-08-29","ACTIVE","ACC-0012374","10:00-22:00","2"
"MER-01275","BUS-00328","Jaya Nusantara - Taxicabs and Limousines","4121","GT_1B","LT_50K","2023-02-18","ACTIVE","ACC-0012244","00:00-23:59","2"
"MER-01276","BUS-00356","Makmur Digital - Family Clothing","5651","250M_1B","50K_250K","2026-01-09","ACTIVE","ACC-0012277","00:00-23:59","6"
"MER-01277","BUS-00074","Jaya Logistik - Betting-adjacent (restricted)","7995","GT_1B","GT_1M","2026-02-06","ACTIVE","ACC-0011920","08:00-17:00","3"
"MER-01278","BUS-00196","Makmur Perkasa - Motion Picture Theatres","7832","250M_1B","50K_250K","2024-11-27","ACTIVE","ACC-0012077","10:00-22:00","9"
"MER-01279","BUS-00602","Harapan Bersama - Electronics Stores","5732","250M_1B","GT_1M","2025-12-01","ACTIVE","ACC-0012608","00:00-23:59","4"
"MER-01280","BUS-00022","Cemerlang Digital - Drug Stores","5912","250M_1B","50K_250K","2023-02-13","ACTIVE","ACC-0011857","00:00-23:59","9"
"MER-01281","BUS-00929","Berkah Logistik - Quasi Cash","6051","GT_1B","GT_1M","2025-11-12","ACTIVE","ACC-0013030","00:00-23:59","1"
"MER-01282","BUS-01006","Berkah Niaga - Computer Network Services","4816","250M_1B","50K_250K","2025-05-31","ACTIVE","ACC-0013128","09:00-21:00","7"
"MER-01283","BUS-01167","Mandiri Niaga - Beauty Shops","7230","250M_1B","50K_250K","2025-06-01","ACTIVE","ACC-0013338","00:00-23:59","1"
"MER-01284","BUS-01120","Sinar Niaga - Taxicabs and Limousines","4121","GT_1B","LT_50K","2023-02-21","ACTIVE","ACC-0013274","00:00-23:59","1"
"MER-01285","BUS-00256","Jaya Logistik - Family Clothing","5651","50M_250M","50K_250K","2024-06-22","ACTIVE","ACC-0012153","09:00-21:00","3"
"MER-01286","BUS-00902","Jaya Nusantara - Travel Agencies","4722","LT_50M","GT_1M","2025-08-05","ACTIVE","ACC-0012998","08:00-17:00","5"
"MER-01287","BUS-00841","Sentosa Logistik - Utilities","4900","250M_1B","250K_1M","2024-02-16","ACTIVE","ACC-0012917","09:00-21:00","7"
"MER-01288","BUS-00829","Sinar Digital - Betting-adjacent (restricted)","7995","GT_1B","GT_1M","2023-11-07","ACTIVE","ACC-0012901","09:00-21:00","2"
"MER-01289","BUS-00793","Makmur Nusantara - Fast Food","5814","50M_250M","LT_50K","2025-08-26","ACTIVE","ACC-0012855","00:00-23:59","4"
"MER-01290","BUS-00105","Sejahtera Nusantara - Precious Stones and Metals","5094","50M_250M","GT_1M","2026-01-27","ACTIVE","ACC-0011962","09:00-21:00","3"
"MER-01291","BUS-00313","Makmur Bersama - Second Hand Stores","5933","LT_50M","50K_250K","2026-01-10","ACTIVE","ACC-0012224","10:00-22:00","4"
"MER-01292","BUS-00583","Cemerlang Perkasa - Fast Food","5814","50M_250M","LT_50K","2024-04-12","ACTIVE","ACC-0012579","10:00-22:00","10"
"MER-01293","BUS-00451","Sinar Utama - Computers and Peripherals","5045","50M_250M","GT_1M","2024-11-01","ACTIVE","ACC-0012404","08:00-17:00","7"
"MER-01294","BUS-00934","Abadi Niaga - Lodging","7011","50M_250M","250K_1M","2024-03-23","ACTIVE","ACC-0013036","10:00-22:00","7"
"MER-01295","BUS-00346","Lestari Nusantara - Quasi Cash","6051","GT_1B","GT_1M","2024-02-03","ACTIVE","ACC-0012265","00:00-23:59","8"
"MER-01296","BUS-00481","Sejahtera Niaga - Travel Agencies","4722","GT_1B","GT_1M","2024-02-27","ACTIVE","ACC-0012444","10:00-22:00","2"
"MER-01297","BUS-00371","Mandiri Digital - Drug Stores","5912","LT_50M","50K_250K","2024-05-06","SUSPENDED","ACC-0012298","00:00-23:59","6"
"MER-01298","BUS-00705","Jaya Niaga - Cosmetic Stores","5977","50M_250M","50K_250K","2023-04-30","ACTIVE","ACC-0012746","00:00-23:59","4"
"MER-01299","BUS-00699","Jaya Utama - Drug Stores","5912","GT_1B","50K_250K","2025-01-29","CLOSED","ACC-0012736","10:00-22:00","10"
"MER-01300","BUS-00114","Maju Perkasa - Electronics Stores","5732","GT_1B","GT_1M","2023-01-23","ACTIVE","ACC-0011972","09:00-21:00","4"
"MER-01301","BUS-00690","Abadi Utama - Book Stores","5942","250M_1B","50K_250K","2024-01-19","ACTIVE","ACC-0012724","09:00-21:00","2"
"MER-01302","BUS-00150","Jaya Nusantara - Misc Retail","5999","50M_250M","50K_250K","2024-11-03","ACTIVE","ACC-0012019","10:00-22:00","9"
"MER-01303","BUS-00633","Mandiri Logistik - Lodging","7011","GT_1B","250K_1M","2024-07-27","ACTIVE","ACC-0012646","00:00-23:59","3"
"MER-01304","BUS-00174","Cemerlang Bersama - Motion Picture Theatres","7832","GT_1B","50K_250K","2024-10-27","ACTIVE","ACC-0012050","10:00-22:00","4"
"MER-01305","BUS-01088","Maju Nusantara - Grocery Stores","5411","50M_250M","50K_250K","2023-09-17","ACTIVE","ACC-0013234","00:00-23:59","1"
"MER-01306","BUS-00759","Mandiri Niaga - Family Clothing","5651","GT_1B","50K_250K","2025-12-05","ACTIVE","ACC-0012810","08:00-17:00","9"
"MER-01307","BUS-00508","Cemerlang Bersama - Lodging","7011","50M_250M","250K_1M","2023-06-28","CLOSED","ACC-0012479","10:00-22:00","11"
"MER-01308","BUS-00156","Sejahtera Bersama - Utilities","4900","250M_1B","250K_1M","2025-03-08","CLOSED","ACC-0012029","10:00-22:00","10"
"MER-01309","BUS-00429","Harapan Nusantara - Book Stores","5942","50M_250M","50K_250K","2024-06-30","ACTIVE","ACC-0012373","08:00-17:00","9"
"MER-01310","BUS-00980","Makmur Bersama - Betting-adjacent (restricted)","7995","LT_50M","GT_1M","2023-08-04","CLOSED","ACC-0013095","08:00-17:00","7"
"MER-01311","BUS-01086","Lestari Digital - Taxicabs and Limousines","4121","50M_250M","LT_50K","2023-04-26","ACTIVE","ACC-0013232","08:00-17:00","1"
"MER-01312","BUS-00897","Sentosa Utama - Service Stations","5541","LT_50M","50K_250K","2025-02-06","ACTIVE","ACC-0012992","09:00-21:00","8"
"MER-01313","BUS-01036","Sinar Logistik - Fast Food","5814","250M_1B","LT_50K","2025-12-12","ACTIVE","ACC-0013165","09:00-21:00","6"
"MER-01314","BUS-00032","Mandiri Logistik - Grocery Stores","5411","250M_1B","50K_250K","2024-10-26","ACTIVE","ACC-0011870","08:00-17:00","10"
"MER-01315","BUS-00675","Sinar Utama - Second Hand Stores","5933","LT_50M","50K_250K","2025-01-27","ACTIVE","ACC-0012699","10:00-22:00","8"
"MER-01316","BUS-00402","Maju Digital - Betting-adjacent (restricted)","7995","LT_50M","GT_1M","2023-04-06","ACTIVE","ACC-0012336","00:00-23:59","4"
"MER-01317","BUS-00226","Makmur Nusantara - Cosmetic Stores","5977","50M_250M","50K_250K","2023-12-29","ACTIVE","ACC-0012115","08:00-17:00","3"
"MER-01318","BUS-00092","Sinar Utama - Utilities","4900","250M_1B","250K_1M","2024-10-28","ACTIVE","ACC-0011944","09:00-21:00","9"
"MER-01319","BUS-00410","Sentosa Perkasa - Precious Stones and Metals","5094","GT_1B","GT_1M","2025-04-30","ACTIVE","ACC-0012348","08:00-17:00","3"
"MER-01320","BUS-00036","Sejahtera Perkasa - Cosmetic Stores","5977","GT_1B","50K_250K","2024-06-23","ACTIVE","ACC-0011875","00:00-23:59","3"
"MER-01321","BUS-01176","Makmur Bersama - Drug Stores","5912","GT_1B","50K_250K","2025-02-26","ACTIVE","ACC-0013351","09:00-21:00","8"
"MER-01322","BUS-00439","Harapan Perkasa - Eating Places","5812","250M_1B","50K_250K","2024-10-23","ACTIVE","ACC-0012385","09:00-21:00","10"
"MER-01323","BUS-00123","Lestari Digital - Book Stores","5942","250M_1B","50K_250K","2023-09-26","ACTIVE","ACC-0011983","00:00-23:59","7"
"MER-01324","BUS-00705","Jaya Niaga - Book Stores","5942","250M_1B","50K_250K","2025-10-15","ACTIVE","ACC-0012746","10:00-22:00","8"
"MER-01325","BUS-00391","Maju Digital - Drug Stores","5912","50M_250M","50K_250K","2025-07-26","ACTIVE","ACC-0012323","09:00-21:00","10"
"MER-01326","BUS-00277","Sentosa Niaga - Utilities","4900","GT_1B","250K_1M","2023-02-15","ACTIVE","ACC-0012180","10:00-22:00","8"
"MER-01327","BUS-00232","Harapan Logistik - Hospitals","8062","GT_1B","250K_1M","2024-01-01","ACTIVE","ACC-0012125","08:00-17:00","5"
"MER-01328","BUS-00058","Jaya Utama - Motion Picture Theatres","7832","GT_1B","50K_250K","2025-01-05","ACTIVE","ACC-0011902","09:00-21:00","10"
"MER-01329","BUS-00038","Mandiri Perkasa - Department Stores","5311","LT_50M","250K_1M","2023-07-10","ACTIVE","ACC-0011877","08:00-17:00","2"
"MER-01330","BUS-00093","Abadi Bersama - Fast Food","5814","GT_1B","LT_50K","2023-09-17","ACTIVE","ACC-0011946","00:00-23:59","8"
"MER-01331","BUS-01130","Maju Bersama - Hospitals","8062","LT_50M","250K_1M","2024-09-06","ACTIVE","ACC-0013287","09:00-21:00","7"
"MER-01332","BUS-01068","Abadi Bersama - Motion Picture Theatres","7832","LT_50M","50K_250K","2023-12-20","ACTIVE","ACC-0013209","08:00-17:00","1"
"MER-01333","BUS-01024","Berkah Perkasa - Precious Stones and Metals","5094","GT_1B","GT_1M","2025-10-25","ACTIVE","ACC-0013151","09:00-21:00","2"
"MER-01334","BUS-00111","Maju Bersama - Lodging","7011","LT_50M","250K_1M","2024-05-30","ACTIVE","ACC-0011969","00:00-23:59","6"
"MER-01335","BUS-00044","Abadi Utama - Motion Picture Theatres","7832","250M_1B","50K_250K","2024-09-10","ACTIVE","ACC-0011886","09:00-21:00","7"
"MER-01336","BUS-00867","Makmur Utama - Grocery Stores","5411","LT_50M","50K_250K","2023-09-26","ACTIVE","ACC-0012950","08:00-17:00","6"
"MER-01337","BUS-01086","Lestari Digital - Service Stations","5541","LT_50M","50K_250K","2025-06-09","ACTIVE","ACC-0013232","00:00-23:59","6"
"MER-01338","BUS-00696","Harapan Niaga - Second Hand Stores","5933","250M_1B","50K_250K","2025-12-27","CLOSED","ACC-0012731","09:00-21:00","8"
"MER-01339","BUS-00731","Lestari Digital - Family Clothing","5651","50M_250M","50K_250K","2025-05-29","ACTIVE","ACC-0012775","10:00-22:00","2"
"MER-01340","BUS-00328","Jaya Nusantara - Lodging","7011","GT_1B","250K_1M","2025-02-18","ACTIVE","ACC-0012244","10:00-22:00","5"
"MER-01341","BUS-01152","Mandiri Nusantara - Electronics Stores","5732","50M_250M","GT_1M","2024-05-05","ACTIVE","ACC-0013316","10:00-22:00","10"
"MER-01342","BUS-00079","Sinar Digital - Beauty Shops","7230","LT_50M","50K_250K","2024-07-20","ACTIVE","ACC-0011926","00:00-23:59","2"
"MER-01343","BUS-00990","Jaya Logistik - Grocery Stores","5411","GT_1B","50K_250K","2024-05-01","ACTIVE","ACC-0013108","10:00-22:00","1"
"MER-01344","BUS-00764","Abadi Digital - Computer Network Services","4816","LT_50M","50K_250K","2023-10-10","ACTIVE","ACC-0012818","10:00-22:00","6"
"MER-01345","BUS-00434","Harapan Bersama - Computers and Peripherals","5045","LT_50M","GT_1M","2025-04-09","ACTIVE","ACC-0012379","00:00-23:59","1"
"MER-01346","BUS-00336","Abadi Logistik - Travel Agencies","4722","250M_1B","GT_1M","2023-04-08","ACTIVE","ACC-0012252","09:00-21:00","4"
"MER-01347","BUS-00466","Harapan Nusantara - Electronics Stores","5732","50M_250M","GT_1M","2025-08-08","ACTIVE","ACC-0012422","10:00-22:00","11"
"MER-01348","BUS-00316","Harapan Niaga - Quasi Cash","6051","LT_50M","GT_1M","2023-03-04","ACTIVE","ACC-0012229","08:00-17:00","3"
"MER-01349","BUS-00428","Cemerlang Logistik - Quasi Cash","6051","250M_1B","GT_1M","2025-10-20","ACTIVE","ACC-0012372","00:00-23:59","5"
"MER-01350","BUS-00844","Abadi Logistik - Fast Food","5814","250M_1B","LT_50K","2023-03-30","ACTIVE","ACC-0012920","08:00-17:00","4"
"MER-01351","BUS-00337","Abadi Perkasa - Drug Stores","5912","50M_250M","50K_250K","2024-08-14","ACTIVE","ACC-0012253","08:00-17:00","5"
"MER-01352","BUS-00551","Mandiri Perkasa - Grocery Stores","5411","250M_1B","50K_250K","2025-08-26","ACTIVE","ACC-0012537","10:00-22:00","9"
"MER-01353","BUS-01195","Cemerlang Niaga - Lodging","7011","250M_1B","250K_1M","2023-03-17","ACTIVE","ACC-0013375","09:00-21:00","9"
"MER-01354","BUS-00877","Sentosa Logistik - Second Hand Stores","5933","250M_1B","50K_250K","2025-05-22","ACTIVE","ACC-0012964","00:00-23:59","2"
"MER-01355","BUS-00997","Maju Digital - Electronics Stores","5732","250M_1B","GT_1M","2023-06-29","ACTIVE","ACC-0013117","09:00-21:00","9"
"MER-01356","BUS-00342","Berkah Niaga - Lodging","7011","250M_1B","250K_1M","2025-04-28","ACTIVE","ACC-0012261","00:00-23:59","9"
"MER-01357","BUS-00544","Sentosa Bersama - Service Stations","5541","50M_250M","50K_250K","2024-09-01","ACTIVE","ACC-0012528","09:00-21:00","10"
"MER-01358","BUS-00569","Makmur Nusantara - Colleges and Universities","8220","LT_50M","GT_1M","2024-05-03","ACTIVE","ACC-0012561","00:00-23:59","3"
"MER-01359","BUS-00617","Mandiri Niaga - Lodging","7011","LT_50M","250K_1M","2023-01-15","SUSPENDED","ACC-0012626","09:00-21:00","8"
"MER-01360","BUS-00405","Makmur Bersama - Quasi Cash","6051","LT_50M","GT_1M","2024-07-30","ACTIVE","ACC-0012339","00:00-23:59","11"
"MER-01361","BUS-00365","Harapan Nusantara - Fast Food","5814","GT_1B","LT_50K","2023-05-21","ACTIVE","ACC-0012289","09:00-21:00","10"
"MER-01362","BUS-01129","Sinar Perkasa - Department Stores","5311","50M_250M","250K_1M","2025-05-02","ACTIVE","ACC-0013285","09:00-21:00","9"
"MER-01363","BUS-00665","Lestari Utama - Service Stations","5541","50M_250M","50K_250K","2026-01-20","ACTIVE","ACC-0012686","00:00-23:59","5"
"MER-01364","BUS-00581","Abadi Logistik - Motion Picture Theatres","7832","LT_50M","50K_250K","2025-01-16","ACTIVE","ACC-0012577","08:00-17:00","3"
"MER-01365","BUS-01197","Berkah Utama - Quasi Cash","6051","GT_1B","GT_1M","2023-08-15","ACTIVE","ACC-0013378","10:00-22:00","10"
"MER-01366","BUS-01037","Sejahtera Digital - Misc Retail","5999","GT_1B","50K_250K","2024-06-07","ACTIVE","ACC-0013166","09:00-21:00","7"
"MER-01367","BUS-01188","Lestari Niaga - Lodging","7011","250M_1B","250K_1M","2025-10-10","ACTIVE","ACC-0013365","00:00-23:59","10"
"MER-01368","BUS-00495","Harapan Niaga - Betting-adjacent (restricted)","7995","GT_1B","GT_1M","2023-09-13","ACTIVE","ACC-0012463","08:00-17:00","6"
"MER-01369","BUS-00913","Sinar Logistik - Misc Retail","5999","250M_1B","50K_250K","2025-10-05","ACTIVE","ACC-0013010","10:00-22:00","10"
"MER-01370","BUS-00765","Jaya Nusantara - Travel Agencies","4722","LT_50M","GT_1M","2023-09-13","ACTIVE","ACC-0012819","00:00-23:59","1"
"MER-01371","BUS-00379","Maju Nusantara - Lodging","7011","50M_250M","250K_1M","2024-04-12","ACTIVE","ACC-0012308","09:00-21:00","8"
"MER-01372","BUS-00458","Jaya Bersama - Utilities","4900","GT_1B","250K_1M","2023-06-12","ACTIVE","ACC-0012412","10:00-22:00","11"
"MER-01373","BUS-00136","Mandiri Utama - Book Stores","5942","50M_250M","50K_250K","2023-11-20","ACTIVE","ACC-0011999","08:00-17:00","1"
"MER-01374","BUS-00189","Maju Utama - Second Hand Stores","5933","LT_50M","50K_250K","2025-06-22","ACTIVE","ACC-0012069","10:00-22:00","10"
"MER-01375","BUS-00428","Cemerlang Logistik - Quasi Cash","6051","250M_1B","GT_1M","2025-10-23","ACTIVE","ACC-0012372","10:00-22:00","7"
"MER-01376","BUS-00516","Harapan Utama - Fast Food","5814","GT_1B","LT_50K","2025-05-22","ACTIVE","ACC-0012488","10:00-22:00","8"
"MER-01377","BUS-00154","Harapan Nusantara - Travel Agencies","4722","GT_1B","GT_1M","2024-01-23","ACTIVE","ACC-0012026","08:00-17:00","2"
"MER-01378","BUS-00813","Jaya Utama - Beauty Shops","7230","50M_250M","50K_250K","2024-08-30","ACTIVE","ACC-0012878","09:00-21:00","4"
"MER-01379","BUS-00067","Sentosa Bersama - Drug Stores","5912","50M_250M","50K_250K","2023-11-04","ACTIVE","ACC-0011911","10:00-22:00","4"
"MER-01380","BUS-00742","Makmur Niaga - Eating Places","5812","250M_1B","50K_250K","2023-03-19","ACTIVE","ACC-0012787","09:00-21:00","6"
"MER-01381","BUS-00369","Sinar Utama - Motion Picture Theatres","7832","LT_50M","50K_250K","2023-06-21","ACTIVE","ACC-0012296","00:00-23:59","9"
"MER-01382","BUS-00676","Sejahtera Utama - Cosmetic Stores","5977","GT_1B","50K_250K","2025-03-25","ACTIVE","ACC-0012701","09:00-21:00","3"
"MER-01383","BUS-01006","Berkah Niaga - Motion Picture Theatres","7832","LT_50M","50K_250K","2025-07-01","ACTIVE","ACC-0013128","10:00-22:00","5"
"MER-01384","BUS-00512","Maju Logistik - Second Hand Stores","5933","50M_250M","50K_250K","2024-01-19","ACTIVE","ACC-0012484","08:00-17:00","6"
"MER-01385","BUS-00384","Mandiri Perkasa - Book Stores","5942","LT_50M","50K_250K","2026-01-11","ACTIVE","ACC-0012315","09:00-21:00","4"
"MER-01386","BUS-01020","Lestari Bersama - Hospitals","8062","GT_1B","250K_1M","2024-12-30","ACTIVE","ACC-0013147","00:00-23:59","4"
"MER-01387","BUS-00420","Abadi Niaga - Eating Places","5812","LT_50M","50K_250K","2025-09-10","ACTIVE","ACC-0012361","08:00-17:00","9"
"MER-01388","BUS-00470","Jaya Bersama - Second Hand Stores","5933","50M_250M","50K_250K","2024-05-27","ACTIVE","ACC-0012429","08:00-17:00","3"
"MER-01389","BUS-00762","Abadi Bersama - Misc Retail","5999","50M_250M","50K_250K","2024-02-04","ACTIVE","ACC-0012815","08:00-17:00","1"
"MER-01390","BUS-01070","Harapan Nusantara - Service Stations","5541","LT_50M","50K_250K","2024-10-31","ACTIVE","ACC-0013212","00:00-23:59","10"
"MER-01391","BUS-00902","Jaya Nusantara - Service Stations","5541","250M_1B","50K_250K","2024-12-10","ACTIVE","ACC-0012998","10:00-22:00","10"
"MER-01392","BUS-00404","Lestari Bersama - Travel Agencies","4722","250M_1B","GT_1M","2024-08-18","ACTIVE","ACC-0012338","09:00-21:00","7"
"MER-01393","BUS-00628","Harapan Bersama - Betting-adjacent (restricted)","7995","LT_50M","GT_1M","2023-07-09","ACTIVE","ACC-0012640","10:00-22:00","8"
"MER-01394","BUS-00589","Sejahtera Logistik - Electronics Stores","5732","50M_250M","GT_1M","2025-02-07","ACTIVE","ACC-0012589","08:00-17:00","1"
"MER-01395","BUS-01055","Abadi Logistik - Beauty Shops","7230","250M_1B","50K_250K","2025-09-08","ACTIVE","ACC-0013190","09:00-21:00","10"
"MER-01396","BUS-00471","Sejahtera Nusantara - Hospitals","8062","250M_1B","250K_1M","2024-03-09","ACTIVE","ACC-0012430","08:00-17:00","9"
"MER-01397","BUS-01158","Sinar Logistik - Computer Network Services","4816","LT_50M","50K_250K","2023-10-18","ACTIVE","ACC-0013325","10:00-22:00","9"
"MER-01398","BUS-00426","Makmur Niaga - Second Hand Stores","5933","50M_250M","50K_250K","2024-09-01","ACTIVE","ACC-0012370","00:00-23:59","7"
"MER-01399","BUS-01187","Cemerlang Bersama - Drug Stores","5912","GT_1B","50K_250K","2023-04-15","ACTIVE","ACC-0013363","09:00-21:00","5"
"MER-01400","BUS-00538","Sinar Utama - Drug Stores","5912","50M_250M","50K_250K","2024-05-03","ACTIVE","ACC-0012520","10:00-22:00","9"
"MER-01401","BUS-01096","Berkah Digital - Book Stores","5942","GT_1B","50K_250K","2025-01-07","ACTIVE","ACC-0013244","00:00-23:59","10"
"MER-01402","BUS-00888","Makmur Utama - Computer Network Services","4816","250M_1B","50K_250K","2024-01-24","CLOSED","ACC-0012979","10:00-22:00","8"
"MER-01403","BUS-00978","Lestari Nusantara - Beauty Shops","7230","50M_250M","50K_250K","2025-08-02","ACTIVE","ACC-0013091","08:00-17:00","7"
"MER-01404","BUS-01120","Sinar Niaga - Grocery Stores","5411","GT_1B","50K_250K","2025-12-12","ACTIVE","ACC-0013274","10:00-22:00","7"
"MER-01405","BUS-00692","Mandiri Digital - Service Stations","5541","250M_1B","50K_250K","2024-10-03","ACTIVE","ACC-0012726","09:00-21:00","5"
"MER-01406","BUS-00822","Sejahtera Bersama - Quasi Cash","6051","50M_250M","GT_1M","2024-03-02","ACTIVE","ACC-0012891","00:00-23:59","10"
"MER-01407","BUS-00664","Jaya Bersama - Quasi Cash","6051","50M_250M","GT_1M","2025-12-31","ACTIVE","ACC-0012685","00:00-23:59","9"
"MER-01408","BUS-00501","Mandiri Niaga - Cosmetic Stores","5977","LT_50M","50K_250K","2024-03-28","SUSPENDED","ACC-0012470","00:00-23:59","2"
"MER-01409","BUS-00095","Sentosa Nusantara - Quasi Cash","6051","250M_1B","GT_1M","2024-02-18","ACTIVE","ACC-0011949","08:00-17:00","3"
"MER-01410","BUS-00859","Maju Perkasa - Electronics Stores","5732","GT_1B","GT_1M","2026-02-21","ACTIVE","ACC-0012939","08:00-17:00","4"
"MER-01411","BUS-00867","Makmur Utama - Lodging","7011","LT_50M","250K_1M","2024-07-20","ACTIVE","ACC-0012950","10:00-22:00","10"
"MER-01412","BUS-00682","Berkah Digital - Grocery Stores","5411","50M_250M","50K_250K","2023-09-23","ACTIVE","ACC-0012710","10:00-22:00","5"
"MER-01413","BUS-00838","Jaya Perkasa - Colleges and Universities","8220","250M_1B","GT_1M","2024-08-27","ACTIVE","ACC-0012914","00:00-23:59","11"
"MER-01414","BUS-00887","Sejahtera Bersama - Travel Agencies","4722","250M_1B","GT_1M","2025-12-19","ACTIVE","ACC-0012977","10:00-22:00","5"
"MER-01415","BUS-00364","Lestari Nusantara - Computer Network Services","4816","250M_1B","50K_250K","2023-05-17","ACTIVE","ACC-0012288","10:00-22:00","3"
"MER-01416","BUS-00156","Sejahtera Bersama - Grocery Stores","5411","50M_250M","50K_250K","2023-10-22","ACTIVE","ACC-0012029","10:00-22:00","4"
"MER-01417","BUS-00735","Sinar Bersama - Computers and Peripherals","5045","50M_250M","GT_1M","2026-02-03","ACTIVE","ACC-0012779","10:00-22:00","6"
"MER-01418","BUS-00048","Sentosa Utama - Second Hand Stores","5933","GT_1B","50K_250K","2024-05-08","ACTIVE","ACC-0011892","00:00-23:59","10"
"MER-01419","BUS-00995","Sinar Utama - Beauty Shops","7230","LT_50M","50K_250K","2024-07-14","ACTIVE","ACC-0013113","08:00-17:00","9"
"MER-01420","BUS-00083","Sejahtera Niaga - Misc Retail","5999","50M_250M","50K_250K","2023-12-04","ACTIVE","ACC-0011933","09:00-21:00","7"
"MER-01421","BUS-01047","Abadi Utama - Book Stores","5942","GT_1B","50K_250K","2024-06-21","ACTIVE","ACC-0013178","00:00-23:59","10"
"MER-01422","BUS-00853","Mandiri Digital - Grocery Stores","5411","LT_50M","50K_250K","2024-11-23","ACTIVE","ACC-0012933","00:00-23:59","6"
"MER-01423","BUS-00837","Berkah Nusantara - Beauty Shops","7230","GT_1B","50K_250K","2025-07-09","ACTIVE","ACC-0012912","09:00-21:00","8"
"MER-01424","BUS-01134","Maju Utama - Drug Stores","5912","GT_1B","50K_250K","2023-01-11","ACTIVE","ACC-0013293","09:00-21:00","9"
"MER-01425","BUS-00470","Jaya Bersama - Hospitals","8062","50M_250M","250K_1M","2025-11-30","ACTIVE","ACC-0012429","00:00-23:59","9"
"MER-01426","BUS-01127","Sentosa Niaga - Family Clothing","5651","50M_250M","50K_250K","2025-01-28","ACTIVE","ACC-0013282","00:00-23:59","5"
"MER-01427","BUS-00055","Cemerlang Perkasa - Taxicabs and Limousines","4121","GT_1B","LT_50K","2025-01-14","ACTIVE","ACC-0011899","09:00-21:00","1"
"MER-01428","BUS-01016","Jaya Niaga - Drug Stores","5912","GT_1B","50K_250K","2023-03-12","ACTIVE","ACC-0013142","09:00-21:00","10"
"MER-01429","BUS-01023","Jaya Perkasa - Precious Stones and Metals","5094","250M_1B","GT_1M","2024-08-29","ACTIVE","ACC-0013150","10:00-22:00","7"
"MER-01430","BUS-00447","Sentosa Utama - Family Clothing","5651","250M_1B","50K_250K","2023-10-01","ACTIVE","ACC-0012397","09:00-21:00","10"
"MER-01431","BUS-00596","Sinar Logistik - Betting-adjacent (restricted)","7995","LT_50M","GT_1M","2023-09-14","ACTIVE","ACC-0012600","09:00-21:00","9"
"MER-01432","BUS-00487","Abadi Bersama - Fast Food","5814","LT_50M","LT_50K","2024-12-19","ACTIVE","ACC-0012451","00:00-23:59","6"
"MER-01433","BUS-00471","Sejahtera Nusantara - Drug Stores","5912","250M_1B","50K_250K","2024-01-26","ACTIVE","ACC-0012430","10:00-22:00","5"
"MER-01434","BUS-00395","Sentosa Perkasa - Beauty Shops","7230","250M_1B","50K_250K","2024-04-14","ACTIVE","ACC-0012327","00:00-23:59","4"
"MER-01435","BUS-00587","Sentosa Logistik - Fast Food","5814","LT_50M","LT_50K","2026-01-28","ACTIVE","ACC-0012585","00:00-23:59","11"
"MER-01436","BUS-00179","Harapan Nusantara - Beauty Shops","7230","GT_1B","50K_250K","2024-02-01","ACTIVE","ACC-0012058","00:00-23:59","7"
"MER-01437","BUS-01000","Sinar Nusantara - Beauty Shops","7230","LT_50M","50K_250K","2025-02-28","ACTIVE","ACC-0013121","10:00-22:00","4"
"MER-01438","BUS-00885","Sejahtera Niaga - Travel Agencies","4722","GT_1B","GT_1M","2026-02-26","ACTIVE","ACC-0012974","09:00-21:00","3"
"MER-01439","BUS-00614","Abadi Digital - Family Clothing","5651","GT_1B","50K_250K","2025-08-03","ACTIVE","ACC-0012621","00:00-23:59","8"
"MER-01440","BUS-00231","Harapan Nusantara - Fast Food","5814","250M_1B","LT_50K","2023-10-12","ACTIVE","ACC-0012123","08:00-17:00","3"
"MER-01441","BUS-00515","Makmur Niaga - Precious Stones and Metals","5094","LT_50M","GT_1M","2025-06-10","ACTIVE","ACC-0012487","08:00-17:00","7"
"MER-01442","BUS-00491","Cemerlang Nusantara - Travel Agencies","4722","50M_250M","GT_1M","2025-02-20","ACTIVE","ACC-0012457","10:00-22:00","10"
"MER-01443","BUS-00882","Abadi Perkasa - Computer Network Services","4816","GT_1B","50K_250K","2023-07-22","ACTIVE","ACC-0012970","00:00-23:59","6"
"MER-01444","BUS-00279","Sentosa Logistik - Service Stations","5541","GT_1B","50K_250K","2023-05-03","ACTIVE","ACC-0012183","10:00-22:00","2"
"MER-01445","BUS-00833","Abadi Nusantara - Precious Stones and Metals","5094","250M_1B","GT_1M","2025-08-22","ACTIVE","ACC-0012906","08:00-17:00","2"
"MER-01446","BUS-00811","Harapan Logistik - Grocery Stores","5411","LT_50M","50K_250K","2026-03-08","ACTIVE","ACC-0012876","10:00-22:00","3"
"MER-01447","BUS-01096","Berkah Digital - Precious Stones and Metals","5094","50M_250M","GT_1M","2024-02-23","ACTIVE","ACC-0013244","09:00-21:00","8"
"MER-01448","BUS-01072","Maju Perkasa - Colleges and Universities","8220","250M_1B","GT_1M","2025-06-21","ACTIVE","ACC-0013215","08:00-17:00","6"
"MER-01449","BUS-00767","Lestari Perkasa - Second Hand Stores","5933","GT_1B","50K_250K","2024-03-24","ACTIVE","ACC-0012821","08:00-17:00","4"
"MER-01450","BUS-00461","Makmur Utama - Travel Agencies","4722","50M_250M","GT_1M","2025-07-31","ACTIVE","ACC-0012415","08:00-17:00","7"
"MER-01451","BUS-00098","Maju Nusantara - Electronics Stores","5732","LT_50M","GT_1M","2024-12-04","ACTIVE","ACC-0011954","08:00-17:00","3"
"MER-01452","BUS-00042","Mandiri Bersama - Fast Food","5814","LT_50M","LT_50K","2024-02-09","ACTIVE","ACC-0011882","10:00-22:00","7"
"MER-01453","BUS-00461","Makmur Utama - Colleges and Universities","8220","250M_1B","GT_1M","2024-11-11","ACTIVE","ACC-0012415","10:00-22:00","1"
"MER-01454","BUS-00432","Sejahtera Bersama - Book Stores","5942","50M_250M","50K_250K","2023-12-18","ACTIVE","ACC-0012377","00:00-23:59","7"
"MER-01455","BUS-00197","Makmur Nusantara - Electronics Stores","5732","50M_250M","GT_1M","2025-08-03","ACTIVE","ACC-0012078","00:00-23:59","8"
"MER-01456","BUS-00479","Makmur Logistik - Misc Retail","5999","50M_250M","50K_250K","2023-10-04","ACTIVE","ACC-0012441","00:00-23:59","7"
"MER-01457","BUS-01059","Sinar Logistik - Second Hand Stores","5933","50M_250M","50K_250K","2023-11-07","ACTIVE","ACC-0013196","00:00-23:59","11"
"MER-01458","BUS-00581","Abadi Logistik - Precious Stones and Metals","5094","LT_50M","GT_1M","2024-12-20","ACTIVE","ACC-0012577","08:00-17:00","8"
"MER-01459","BUS-00152","Sinar Utama - Grocery Stores","5411","LT_50M","50K_250K","2025-01-26","ACTIVE","ACC-0012022","00:00-23:59","7"
"MER-01460","BUS-00891","Sentosa Digital - Second Hand Stores","5933","GT_1B","50K_250K","2023-11-06","ACTIVE","ACC-0012982","00:00-23:59","1"
"MER-01461","BUS-00048","Sentosa Utama - Fast Food","5814","GT_1B","LT_50K","2023-06-20","ACTIVE","ACC-0011892","10:00-22:00","4"
"MER-01462","BUS-01018","Jaya Perkasa - Travel Agencies","4722","LT_50M","GT_1M","2023-04-04","ACTIVE","ACC-0013144","08:00-17:00","7"
"MER-01463","BUS-00640","Sinar Digital - Utilities","4900","250M_1B","250K_1M","2023-10-17","ACTIVE","ACC-0012655","10:00-22:00","8"
"MER-01464","BUS-00580","Abadi Digital - Family Clothing","5651","50M_250M","50K_250K","2025-09-09","ACTIVE","ACC-0012575","10:00-22:00","2"
"MER-01465","BUS-00943","Harapan Perkasa - Quasi Cash","6051","LT_50M","GT_1M","2024-09-07","ACTIVE","ACC-0013047","08:00-17:00","7"
"MER-01466","BUS-00343","Lestari Perkasa - Computers and Peripherals","5045","GT_1B","GT_1M","2025-06-11","ACTIVE","ACC-0012262","08:00-17:00","7"
"MER-01467","BUS-00308","Berkah Utama - Cosmetic Stores","5977","50M_250M","50K_250K","2023-11-11","ACTIVE","ACC-0012218","00:00-23:59","7"
"MER-01468","BUS-00173","Sentosa Perkasa - Quasi Cash","6051","GT_1B","GT_1M","2024-03-02","ACTIVE","ACC-0012049","00:00-23:59","11"
"MER-01469","BUS-00201","Lestari Niaga - Taxicabs and Limousines","4121","250M_1B","LT_50K","2024-10-21","ACTIVE","ACC-0012083","09:00-21:00","10"
"MER-01470","BUS-00741","Harapan Digital - Beauty Shops","7230","50M_250M","50K_250K","2024-10-07","CLOSED","ACC-0012786","09:00-21:00","4"
"MER-01471","BUS-00594","Harapan Niaga - Misc Retail","5999","250M_1B","50K_250K","2023-02-16","ACTIVE","ACC-0012597","00:00-23:59","2"
"MER-01472","BUS-00311","Sentosa Perkasa - Misc Retail","5999","50M_250M","50K_250K","2023-04-26","ACTIVE","ACC-0012222","09:00-21:00","3"
"MER-01473","BUS-00903","Jaya Utama - Motion Picture Theatres","7832","GT_1B","50K_250K","2023-02-10","ACTIVE","ACC-0012999","09:00-21:00","3"
"MER-01474","BUS-00651","Sentosa Logistik - Precious Stones and Metals","5094","50M_250M","GT_1M","2025-04-03","ACTIVE","ACC-0012669","10:00-22:00","5"
"MER-01475","BUS-01065","Sejahtera Logistik - Second Hand Stores","5933","LT_50M","50K_250K","2023-02-08","ACTIVE","ACC-0013205","08:00-17:00","6"
"MER-01476","BUS-00940","Berkah Nusantara - Quasi Cash","6051","LT_50M","GT_1M","2023-12-02","ACTIVE","ACC-0013043","08:00-17:00","1"
"MER-01477","BUS-00304","Sinar Utama - Department Stores","5311","250M_1B","250K_1M","2023-03-16","ACTIVE","ACC-0012213","00:00-23:59","2"
"MER-01478","BUS-00974","Mandiri Utama - Service Stations","5541","250M_1B","50K_250K","2024-10-29","ACTIVE","ACC-0013086","00:00-23:59","11"
"MER-01479","BUS-00393","Mandiri Niaga - Precious Stones and Metals","5094","GT_1B","GT_1M","2023-09-11","ACTIVE","ACC-0012325","00:00-23:59","11"
"MER-01480","BUS-00815","Mandiri Utama - Precious Stones and Metals","5094","50M_250M","GT_1M","2024-12-16","SUSPENDED","ACC-0012881","09:00-21:00","4"
"MER-01481","BUS-00332","Sentosa Utama - Service Stations","5541","LT_50M","50K_250K","2025-10-12","CLOSED","ACC-0012248","00:00-23:59","1"
"MER-01482","BUS-01037","Sejahtera Digital - Precious Stones and Metals","5094","50M_250M","GT_1M","2024-10-20","ACTIVE","ACC-0013166","00:00-23:59","5"
"MER-01483","BUS-00629","Cemerlang Nusantara - Misc Retail","5999","50M_250M","50K_250K","2023-06-17","ACTIVE","ACC-0012641","00:00-23:59","5"
"MER-01484","BUS-01059","Sinar Logistik - Taxicabs and Limousines","4121","250M_1B","LT_50K","2024-12-23","ACTIVE","ACC-0013196","00:00-23:59","6"
"MER-01485","BUS-00635","Sentosa Logistik - Betting-adjacent (restricted)","7995","GT_1B","GT_1M","2025-05-29","ACTIVE","ACC-0012648","00:00-23:59","10"
"MER-01486","BUS-00184","Sentosa Digital - Lodging","7011","50M_250M","250K_1M","2025-05-29","ACTIVE","ACC-0012063","00:00-23:59","5"
"MER-01487","BUS-00002","Harapan Bersama - Drug Stores","5912","50M_250M","50K_250K","2024-02-21","ACTIVE","ACC-0011830","09:00-21:00","8"
"MER-01488","BUS-00846","Sentosa Digital - Computer Network Services","4816","LT_50M","50K_250K","2026-03-11","ACTIVE","ACC-0012924","00:00-23:59","8"
"MER-01489","BUS-00730","Sinar Niaga - Misc Retail","5999","LT_50M","50K_250K","2024-12-14","ACTIVE","ACC-0012774","00:00-23:59","9"
"MER-01490","BUS-01157","Harapan Utama - Taxicabs and Limousines","4121","50M_250M","LT_50K","2024-07-31","ACTIVE","ACC-0013323","08:00-17:00","8"
"MER-01491","BUS-00372","Sentosa Bersama - Service Stations","5541","GT_1B","50K_250K","2025-12-06","ACTIVE","ACC-0012299","09:00-21:00","10"
"MER-01492","BUS-00806","Cemerlang Logistik - Misc Retail","5999","250M_1B","50K_250K","2025-07-22","ACTIVE","ACC-0012871","10:00-22:00","7"
"MER-01493","BUS-00310","Lestari Digital - Colleges and Universities","8220","LT_50M","GT_1M","2023-05-01","ACTIVE","ACC-0012221","08:00-17:00","9"
"MER-01494","BUS-00116","Harapan Nusantara - Travel Agencies","4722","LT_50M","GT_1M","2023-06-27","ACTIVE","ACC-0011975","09:00-21:00","2"
"MER-01495","BUS-00824","Maju Utama - Family Clothing","5651","GT_1B","50K_250K","2025-10-26","ACTIVE","ACC-0012894","09:00-21:00","4"
"MER-01496","BUS-00537","Maju Perkasa - Electronics Stores","5732","LT_50M","GT_1M","2023-10-22","ACTIVE","ACC-0012518","09:00-21:00","1"
"MER-01497","BUS-00728","Maju Bersama - Department Stores","5311","LT_50M","250K_1M","2024-10-26","ACTIVE","ACC-0012772","10:00-22:00","3"
"MER-01498","BUS-00809","Berkah Logistik - Electronics Stores","5732","250M_1B","GT_1M","2025-04-17","CLOSED","ACC-0012874","00:00-23:59","10"
"MER-01499","BUS-00692","Mandiri Digital - Precious Stones and Metals","5094","LT_50M","GT_1M","2024-02-01","ACTIVE","ACC-0012726","00:00-23:59","9"
"MER-01500","BUS-00067","Sentosa Bersama - Book Stores","5942","GT_1B","50K_250K","2025-08-27","ACTIVE","ACC-0011911","10:00-22:00","1"
