"list_record_id","list_type","primary_name","aliases","date_of_birth","nationality","country","position_or_role","note"
"WL-00001","PEP_SYNTHETIC","Iwan Maulana","","1964-10-25","MY","ID","Komisaris (sintetis)","Synthetic record; not derived from any real list."
"WL-00002","PEP_SYNTHETIC","Nanda Bayu Nugroho","","","ID","ID","Kepala Dinas (sintetis)","Synthetic record; not derived from any real list."
"WL-00003","INTERNAL_WATCH","Wulan Siti Permana","","1959-01-14","ID","ID","","Synthetic record; not derived from any real list."
"WL-00004","PEP_SYNTHETIC","Rahmat Wahyu Siregar","Rehmat Wahyu Siregar","","ID","ID","Komisaris (sintetis)","Synthetic record; not derived from any real list."
"WL-00005","PEP_SYNTHETIC","Rina Gunawan","","","ID","ID","Pejabat Daerah (sintetis)","Synthetic record; not derived from any real list."
"WL-00006","PEP_SYNTHETIC","Eka Permana","","","ID","ID","Direktur BUMD (sintetis)","Synthetic record; not derived from any real list."
"WL-00007","PEP_SYNTHETIC","Ir. Eka Maulana","","1963-07-03","ID","ID","Kepala Dinas (sintetis)","Synthetic record; not derived from any real list."
"WL-00008","PEP_SYNTHETIC","Wahyu Wijaya","","1953-11-16","ID","ID","Kepala Dinas (sintetis)","Synthetic record; not derived from any real list."
"WL-00009","SANCTIONS_SYNTHETIC","Indah Hidayat","","1993-03-08","ID","ID","","Synthetic record; not derived from any real list."
"WL-00010","INTERNAL_WATCH","Zahra Gunawan","Zehra Gunawan","1993-01-18","ID","ID","","Synthetic record; not derived from any real list."
"WL-00011","PEP_SYNTHETIC","Bayu Adi Suryadi","","1971-10-18","ID","ID","Pejabat Daerah (sintetis)","Synthetic record; not derived from any real list."
"WL-00012","SANCTIONS_SYNTHETIC","Eka Fajar Wijaya","","1997-08-18","ID","ID","","Synthetic record; not derived from any real list."
"WL-00013","SANCTIONS_SYNTHETIC","Bayu Fajar Lubis","","","AE","ID","","Synthetic record; not derived from any real list."
"WL-00014","PEP_SYNTHETIC","Drs. Gilang Simatupang","","1997-10-23","ID","ID","Kepala Dinas (sintetis)","Synthetic record; not derived from any real list."
"WL-00015","PEP_SYNTHETIC","Dra. Anggun Saputra","","1993-05-28","ID","ID","Komisaris (sintetis)","Synthetic record; not derived from any real list."
"WL-00016","PEP_SYNTHETIC","Drs. Bayu Lubis","","","ID","ID","Direktur BUMD (sintetis)","Synthetic record; not derived from any real list."
"WL-00017","PEP_SYNTHETIC","H. Joko Kusuma","H. Joko Kusume","1974-11-10","KR","ID","Direktur BUMD (sintetis)","Synthetic record; not derived from any real list."
"WL-00018","PEP_SYNTHETIC","Ir. Cahya Situmorang","Ir. Cehya Situmorang","1952-09-16","ID","ID","Kepala Dinas (sintetis)","Synthetic record; not derived from any real list."
"WL-00019","PEP_SYNTHETIC","Umi Situmorang","Umi Situmoreng","1981-11-24","ID","ID","Direktur BUMD (sintetis)","Synthetic record; not derived from any real list."
"WL-00020","SANCTIONS_SYNTHETIC","Dian Ramadhan","","1955-04-14","SA","ID","","Synthetic record; not derived from any real list."
"WL-00021","PEP_SYNTHETIC","Ir. Putri Suryadi","Ir. Putri Suryedi","","ID","ID","Anggota Dewan (sintetis)","Synthetic record; not derived from any real list."
"WL-00022","SANCTIONS_SYNTHETIC","Adi Gunawan","","1968-02-08","ID","ID","","Synthetic record; not derived from any real list."
"WL-00023","PEP_SYNTHETIC","Lestari Indah Siregar","Lesteri Indah Siregar","1983-02-28","ID","ID","Anggota Dewan (sintetis)","Synthetic record; not derived from any real list."
"WL-00024","PEP_SYNTHETIC","H. Cahya Anggraini","","","ID","ID","Komisaris (sintetis)","Synthetic record; not derived from any real list."
"WL-00025","PEP_SYNTHETIC","Zahra Mega Santoso","","","ID","ID","Komisaris (sintetis)","Synthetic record; not derived from any real list."
"WL-00026","INTERNAL_WATCH","Adi Hartono","Adi Hertono","","ID","ID","","Synthetic record; not derived from any real list."
"WL-00027","PEP_SYNTHETIC","Adi Anggraini","","","ID","ID","Pejabat Daerah (sintetis)","Synthetic record; not derived from any real list."
"WL-00028","PEP_SYNTHETIC","Yuda Kusuma","","1952-07-12","ID","ID","Anggota Dewan (sintetis)","Synthetic record; not derived from any real list."
"WL-00029","PEP_SYNTHETIC","Drs. Oki Adi Suryadi","Drs. Oki Adi Suryedi","1997-11-14","AU","ID","Direktur BUMD (sintetis)","Synthetic record; not derived from any real list."
"WL-00030","PEP_SYNTHETIC","Rahmat Hidayat","Rehmat Hidayat","1970-01-06","ID","ID","Anggota Dewan (sintetis)","Synthetic record; not derived from any real list."
"WL-00031","SANCTIONS_SYNTHETIC","Ayu Siregar","","1984-05-04","ID","ID","","Synthetic record; not derived from any real list."
"WL-00032","PEP_SYNTHETIC","Wulan Halim","","1987-01-27","ID","ID","Komisaris (sintetis)","Synthetic record; not derived from any real list."
"WL-00033","PEP_SYNTHETIC","Eka Cahya Halim","","1963-03-20","ID","ID","Direktur BUMD (sintetis)","Synthetic record; not derived from any real list."
"WL-00034","INTERNAL_WATCH","Fajar Nugroho","","1967-10-08","ID","ID","","Synthetic record; not derived from any real list."
"WL-00035","PEP_SYNTHETIC","Wahyu Setiawan","","1989-10-21","ID","ID","Pejabat Daerah (sintetis)","Synthetic record; not derived from any real list."
"WL-00036","PEP_SYNTHETIC","Citra Nugroho","Citre Nugroho","1973-01-19","HK","ID","Anggota Dewan (sintetis)","Synthetic record; not derived from any real list."
"WL-00037","PEP_SYNTHETIC","Hj. Umi Nugroho","","","ID","ID","Direktur BUMD (sintetis)","Synthetic record; not derived from any real list."
"WL-00038","PEP_SYNTHETIC","Kartika Permana","Kertika Permana","1980-10-28","ID","ID","Direktur BUMD (sintetis)","Synthetic record; not derived from any real list."
"WL-00039","PEP_SYNTHETIC","Drs. Rahmat Hartono","Drs. Rehmat Hartono","1985-07-11","NL","ID","Anggota Dewan (sintetis)","Synthetic record; not derived from any real list."
"WL-00040","SANCTIONS_SYNTHETIC","H. Joko Halim","","1964-05-20","ID","ID","","Synthetic record; not derived from any real list."
"WL-00041","PEP_SYNTHETIC","Siti Nugroho","","","ID","ID","Anggota Dewan (sintetis)","Synthetic record; not derived from any real list."
"WL-00042","PEP_SYNTHETIC","Dra. Kartika Siregar","Dre. Kartika Siregar","1978-07-11","ID","ID","Anggota Dewan (sintetis)","Synthetic record; not derived from any real list."
"WL-00043","PEP_SYNTHETIC","Adi Maulana","","1972-01-08","ID","ID","Direktur BUMD (sintetis)","Synthetic record; not derived from any real list."
"WL-00044","PEP_SYNTHETIC","Hadi Ramadhan","Hedi Ramadhan","","ID","ID","Kepala Dinas (sintetis)","Synthetic record; not derived from any real list."
"WL-00045","PEP_SYNTHETIC","Citra Anggun Maulana","","1985-06-20","ID","ID","Komisaris (sintetis)","Synthetic record; not derived from any real list."
"WL-00046","PEP_SYNTHETIC","Eka Setiawan","Eke Setiawan","","ID","ID","Komisaris (sintetis)","Synthetic record; not derived from any real list."
"WL-00047","SANCTIONS_SYNTHETIC","Drs. Cahya Halim","","","ID","ID","","Synthetic record; not derived from any real list."
"WL-00048","PEP_SYNTHETIC","Drs. Hadi Saputra","","1966-08-23","ID","ID","Direktur BUMD (sintetis)","Synthetic record; not derived from any real list."
"WL-00049","SANCTIONS_SYNTHETIC","Hj. Putri Permana","","","ID","ID","","Synthetic record; not derived from any real list."
"WL-00050","SANCTIONS_SYNTHETIC","Umi Situmorang","","","ID","ID","","Synthetic record; not derived from any real list."
"WL-00051","INTERNAL_WATCH","Hj. Indah Hartono","Hj. Indeh Hartono","1952-10-26","ID","ID","","Synthetic record; not derived from any real list."
"WL-00052","PEP_SYNTHETIC","Ir. Hadi Siregar","","1981-05-26","ID","ID","Komisaris (sintetis)","Synthetic record; not derived from any real list."
"WL-00053","SANCTIONS_SYNTHETIC","Rina Suryadi","","","SG","ID","","Synthetic record; not derived from any real list."
"WL-00054","SANCTIONS_SYNTHETIC","Dra. Gita Wijaya","Dre. Gita Wijaya","1995-02-21","ID","ID","","Synthetic record; not derived from any real list."
"WL-00055","SANCTIONS_SYNTHETIC","Hj. Siti Santoso","","1985-11-01","AU","ID","","Synthetic record; not derived from any real list."
"WL-00056","PEP_SYNTHETIC","Hj. Gita Nugroho","Hj. Gite Nugroho","1961-08-12","US","ID","Anggota Dewan (sintetis)","Synthetic record; not derived from any real list."
"WL-00057","SANCTIONS_SYNTHETIC","Putri Citra Hidayat","","","ID","ID","","Synthetic record; not derived from any real list."
"WL-00058","PEP_SYNTHETIC","Dian Permana","Dien Permana","","ID","ID","Kepala Dinas (sintetis)","Synthetic record; not derived from any real list."
"WL-00059","PEP_SYNTHETIC","Ir. Anggun Ramadhan","","","KR","ID","Anggota Dewan (sintetis)","Synthetic record; not derived from any real list."
"WL-00060","INTERNAL_WATCH","Oki Santoso","Oki Sentoso","1952-10-15","ID","ID","","Synthetic record; not derived from any real list."
"WL-00061","PEP_SYNTHETIC","Joko Saputra","","","ID","ID","Kepala Dinas (sintetis)","Synthetic record; not derived from any real list."
"WL-00062","INTERNAL_WATCH","Iwan Suryadi","","","ID","ID","","Synthetic record; not derived from any real list."
"WL-00063","SANCTIONS_SYNTHETIC","Hj. Vina Kartika Permana","Hj. Vine Kartika Permana","","ID","ID","","Synthetic record; not derived from any real list."
"WL-00064","SANCTIONS_SYNTHETIC","Ir. Kartika Gunawan","Ir. Kertika Gunawan","","ID","ID","","Synthetic record; not derived from any real list."
"WL-00065","INTERNAL_WATCH","Ir. Hadi Iwan Suryadi","","1990-02-27","ID","ID","","Synthetic record; not derived from any real list."
"WL-00066","PEP_SYNTHETIC","Bayu Saputra","","","ID","ID","Pejabat Daerah (sintetis)","Synthetic record; not derived from any real list."
"WL-00067","INTERNAL_WATCH","Ir. Ayu Pratama","","","ID","ID","","Synthetic record; not derived from any real list."
"WL-00068","PEP_SYNTHETIC","Citra Wijaya","","","ID","ID","Komisaris (sintetis)","Synthetic record; not derived from any real list."
"WL-00069","PEP_SYNTHETIC","Drs. Wahyu Cahya Hartono","","","ID","ID","Kepala Dinas (sintetis)","Synthetic record; not derived from any real list."
"WL-00070","SANCTIONS_SYNTHETIC","Hj. Indah Situmorang","","1951-09-25","ID","ID","","Synthetic record; not derived from any real list."
"WL-00071","SANCTIONS_SYNTHETIC","H. Joko Kusuma","","","ID","ID","","Synthetic record; not derived from any real list."
"WL-00072","PEP_SYNTHETIC","Yuda Anggraini","","1979-03-22","ID","ID","Komisaris (sintetis)","Synthetic record; not derived from any real list."
"WL-00073","INTERNAL_WATCH","Wahyu Siregar","Wehyu Siregar","","JP","ID","","Synthetic record; not derived from any real list."
"WL-00074","INTERNAL_WATCH","Hadi Joko Halim","","1998-08-03","MY","ID","","Synthetic record; not derived from any real list."
"WL-00075","PEP_SYNTHETIC","Umi Hidayat","Umi Hideyat","1983-08-20","ID","ID","Anggota Dewan (sintetis)","Synthetic record; not derived from any real list."
"WL-00076","SANCTIONS_SYNTHETIC","Rahmat Saputra","","","ID","ID","","Synthetic record; not derived from any real list."
"WL-00077","PEP_SYNTHETIC","Hj. Wulan Saputra","","","SA","ID","Komisaris (sintetis)","Synthetic record; not derived from any real list."
"WL-00078","INTERNAL_WATCH","Drs. Dian Wijaya","","1982-12-20","ID","ID","","Synthetic record; not derived from any real list."
"WL-00079","PEP_SYNTHETIC","Yuda Suryadi","","1998-02-18","ID","ID","Komisaris (sintetis)","Synthetic record; not derived from any real list."
"WL-00080","PEP_SYNTHETIC","Wulan Gunawan","Wulen Gunawan","1970-10-27","MY","ID","Anggota Dewan (sintetis)","Synthetic record; not derived from any real list."
"WL-00081","SANCTIONS_SYNTHETIC","Drs. Bayu Oki Lubis","Drs. Beyu Oki Lubis","1989-04-21","ID","ID","","Synthetic record; not derived from any real list."
"WL-00082","PEP_SYNTHETIC","Drs. Iwan Santoso","","1995-08-16","ID","ID","Komisaris (sintetis)","Synthetic record; not derived from any real list."
"WL-00083","SANCTIONS_SYNTHETIC","Gilang Ramadhan","Gileng Ramadhan","1967-02-01","ID","ID","","Synthetic record; not derived from any real list."
"WL-00084","SANCTIONS_SYNTHETIC","Putri Siregar","Putri Sireger","1976-02-09","ID","ID","","Synthetic record; not derived from any real list."
"WL-00085","SANCTIONS_SYNTHETIC","Ir. Siti Nugroho","Ir. Siti Nugroho","","MY","ID","","Synthetic record; not derived from any real list."
"WL-00086","PEP_SYNTHETIC","Dra. Sari Gunawan","","1973-07-28","SA","ID","Komisaris (sintetis)","Synthetic record; not derived from any real list."
"WL-00087","PEP_SYNTHETIC","Bayu Oki Halim","","","ID","ID","Komisaris (sintetis)","Synthetic record; not derived from any real list."
"WL-00088","PEP_SYNTHETIC","Wulan Halim","Wulen Halim","1984-06-05","ID","ID","Pejabat Daerah (sintetis)","Synthetic record; not derived from any real list."
"WL-00089","SANCTIONS_SYNTHETIC","Sari Anggraini","","1966-09-07","ID","ID","","Synthetic record; not derived from any real list."
"WL-00090","INTERNAL_WATCH","Fajar Halim","","1951-07-28","ID","ID","","Synthetic record; not derived from any real list."
"WL-00091","PEP_SYNTHETIC","Dra. Vina Saputra","","1977-04-06","ID","ID","Pejabat Daerah (sintetis)","Synthetic record; not derived from any real list."
"WL-00092","SANCTIONS_SYNTHETIC","Dra. Indah Anggraini","Dre. Indah Anggraini","","ID","ID","","Synthetic record; not derived from any real list."
"WL-00093","INTERNAL_WATCH","Yuda Anggraini","","","ID","ID","","Synthetic record; not derived from any real list."
"WL-00094","PEP_SYNTHETIC","Gita Suryadi","","1987-08-06","ID","ID","Komisaris (sintetis)","Synthetic record; not derived from any real list."
"WL-00095","PEP_SYNTHETIC","Ir. Oki Ramadhan","Ir. Oki Remadhan","","AU","ID","Komisaris (sintetis)","Synthetic record; not derived from any real list."
"WL-00096","PEP_SYNTHETIC","Hj. Kartika Lubis","","","US","ID","Pejabat Daerah (sintetis)","Synthetic record; not derived from any real list."
"WL-00097","PEP_SYNTHETIC","H. Wahyu Lubis","H. Wehyu Lubis","","AU","ID","Kepala Dinas (sintetis)","Synthetic record; not derived from any real list."
"WL-00098","PEP_SYNTHETIC","Bayu Hidayat","","","ID","ID","Pejabat Daerah (sintetis)","Synthetic record; not derived from any real list."
"WL-00099","SANCTIONS_SYNTHETIC","Gilang Bagus Situmorang","Gileng Bagus Situmorang","1962-10-20","KR","ID","","Synthetic record; not derived from any real list."
"WL-00100","PEP_SYNTHETIC","Dewi Nugroho","Dewi Nugroho","1953-01-13","ID","ID","Kepala Dinas (sintetis)","Synthetic record; not derived from any real list."
"WL-00101","INTERNAL_WATCH","Wulan Dewi Santoso","","1985-03-25","ID","ID","","Synthetic record; not derived from any real list."
"WL-00102","SANCTIONS_SYNTHETIC","Citra Nugroho","","","ID","ID","","Synthetic record; not derived from any real list."
"WL-00103","PEP_SYNTHETIC","Dra. Sari Santoso","","1966-07-15","ID","ID","Kepala Dinas (sintetis)","Synthetic record; not derived from any real list."
"WL-00104","SANCTIONS_SYNTHETIC","Ir. Siti Kusuma","Ir. Siti Kusume","","ID","ID","","Synthetic record; not derived from any real list."
"WL-00105","INTERNAL_WATCH","Ir. Umi Pratama","Ir. Umi Pretama","1979-08-07","ID","ID","","Synthetic record; not derived from any real list."
"WL-00106","SANCTIONS_SYNTHETIC","Hj. Siti Ramadhan","","1967-08-22","US","ID","","Synthetic record; not derived from any real list."
"WL-00107","PEP_SYNTHETIC","Ayu Siregar","Ayu Sireger","","HK","ID","Anggota Dewan (sintetis)","Synthetic record; not derived from any real list."
"WL-00108","PEP_SYNTHETIC","Hj. Ayu Wijaya","","1990-09-28","ID","ID","Komisaris (sintetis)","Synthetic record; not derived from any real list."
"WL-00109","PEP_SYNTHETIC","Lestari Santoso","","1982-08-11","ID","ID","Anggota Dewan (sintetis)","Synthetic record; not derived from any real list."
"WL-00110","PEP_SYNTHETIC","Dewi Suryadi","","1954-10-12","ID","ID","Direktur BUMD (sintetis)","Synthetic record; not derived from any real list."
"WL-00111","SANCTIONS_SYNTHETIC","Drs. Oki Nanda Hartono","Drs. Oki Nenda Hartono","1989-12-14","ID","ID","","Synthetic record; not derived from any real list."
"WL-00112","SANCTIONS_SYNTHETIC","Dra. Umi Nugroho","","1979-05-02","ID","ID","","Synthetic record; not derived from any real list."
"WL-00113","PEP_SYNTHETIC","Hj. Siti Halim","","","ID","ID","Pejabat Daerah (sintetis)","Synthetic record; not derived from any real list."
"WL-00114","PEP_SYNTHETIC","Drs. Gilang Anggraini","Drs. Gileng Anggraini","1998-07-17","ID","ID","Kepala Dinas (sintetis)","Synthetic record; not derived from any real list."
"WL-00115","SANCTIONS_SYNTHETIC","Bagus Nanda Maulana","","1961-07-24","AU","ID","","Synthetic record; not derived from any real list."
"WL-00116","SANCTIONS_SYNTHETIC","Iwan Santoso","Iwen Santoso","","ID","ID","","Synthetic record; not derived from any real list."
"WL-00117","INTERNAL_WATCH","Adi Maulana","Adi Meulana","1951-08-06","ID","ID","","Synthetic record; not derived from any real list."
"WL-00118","SANCTIONS_SYNTHETIC","Sari Anggun Situmorang","Seri Anggun Situmorang","","ID","ID","","Synthetic record; not derived from any real list."
"WL-00119","PEP_SYNTHETIC","Gilang Santoso","","1978-03-03","KR","ID","Komisaris (sintetis)","Synthetic record; not derived from any real list."
"WL-00120","SANCTIONS_SYNTHETIC","Nanda Anggraini","Nenda Anggraini","","SG","ID","","Synthetic record; not derived from any real list."
"WL-00121","PEP_SYNTHETIC","Rahmat Anggraini","Rehmat Anggraini","","ID","ID","Anggota Dewan (sintetis)","Synthetic record; not derived from any real list."
"WL-00122","SANCTIONS_SYNTHETIC","Sari Citra Hartono","Seri Citra Hartono","","ID","ID","","Synthetic record; not derived from any real list."
"WL-00123","PEP_SYNTHETIC","Ir. Dian Pratama","Ir. Dien Pratama","1967-02-01","ID","ID","Komisaris (sintetis)","Synthetic record; not derived from any real list."
"WL-00124","SANCTIONS_SYNTHETIC","Hj. Rina Gita Saputra","","","ID","ID","","Synthetic record; not derived from any real list."
"WL-00125","PEP_SYNTHETIC","Ir. Dian Yuda Permana","","1969-08-06","ID","ID","Anggota Dewan (sintetis)","Synthetic record; not derived from any real list."
"WL-00126","PEP_SYNTHETIC","Siti Santoso","","1974-09-03","ID","ID","Direktur BUMD (sintetis)","Synthetic record; not derived from any real list."
"WL-00127","PEP_SYNTHETIC","Ir. Putri Hartono","","1969-07-12","ID","ID","Direktur BUMD (sintetis)","Synthetic record; not derived from any real list."
"WL-00128","PEP_SYNTHETIC","Dra. Wulan Anggraini","","1952-03-03","ID","ID","Komisaris (sintetis)","Synthetic record; not derived from any real list."
"WL-00129","INTERNAL_WATCH","Drs. Rahmat Fajar Pratama","Drs. Rehmat Fajar Pratama","1950-04-17","KR","ID","","Synthetic record; not derived from any real list."
"WL-00130","PEP_SYNTHETIC","Gita Anggun Lubis","Gite Anggun Lubis","1976-09-23","ID","ID","Anggota Dewan (sintetis)","Synthetic record; not derived from any real list."
"WL-00131","PEP_SYNTHETIC","Hj. Putri Siti Wijaya","Hj. Putri Siti Wijeya","1994-12-20","ID","ID","Kepala Dinas (sintetis)","Synthetic record; not derived from any real list."
"WL-00132","SANCTIONS_SYNTHETIC","H. Bagus Wijaya","H. Begus Wijaya","1960-02-26","JP","ID","","Synthetic record; not derived from any real list."
"WL-00133","PEP_SYNTHETIC","Drs. Nanda Maulana","","1969-04-25","ID","ID","Anggota Dewan (sintetis)","Synthetic record; not derived from any real list."
"WL-00134","PEP_SYNTHETIC","Gilang Pratama","","1994-11-23","ID","ID","Direktur BUMD (sintetis)","Synthetic record; not derived from any real list."
"WL-00135","PEP_SYNTHETIC","Iwan Santoso","","1986-03-18","ID","ID","Kepala Dinas (sintetis)","Synthetic record; not derived from any real list."
"WL-00136","SANCTIONS_SYNTHETIC","H. Yuda Setiawan","","","ID","ID","","Synthetic record; not derived from any real list."
"WL-00137","SANCTIONS_SYNTHETIC","Gita Maulana","","","ID","ID","","Synthetic record; not derived from any real list."
"WL-00138","PEP_SYNTHETIC","Oki Anggraini","Oki Anggreini","1966-02-05","ID","ID","Pejabat Daerah (sintetis)","Synthetic record; not derived from any real list."
"WL-00139","PEP_SYNTHETIC","Ir. Oki Siregar","","","ID","ID","Komisaris (sintetis)","Synthetic record; not derived from any real list."
"WL-00140","PEP_SYNTHETIC","Ir. Yuda Setiawan","","1969-11-07","ID","ID","Pejabat Daerah (sintetis)","Synthetic record; not derived from any real list."
"WL-00141","PEP_SYNTHETIC","Kartika Maulana","Kertika Maulana","","AU","ID","Kepala Dinas (sintetis)","Synthetic record; not derived from any real list."
"WL-00142","PEP_SYNTHETIC","Umi Suryadi","Umi Suryedi","1966-09-14","ID","ID","Pejabat Daerah (sintetis)","Synthetic record; not derived from any real list."
"WL-00143","PEP_SYNTHETIC","Cahya Adi Simatupang","","1966-07-07","ID","ID","Anggota Dewan (sintetis)","Synthetic record; not derived from any real list."
"WL-00144","PEP_SYNTHETIC","Rina Kartika Hartono","","1966-03-07","ID","ID","Direktur BUMD (sintetis)","Synthetic record; not derived from any real list."
"WL-00145","PEP_SYNTHETIC","Dian Gunawan","Dien Gunawan","1992-12-07","ID","ID","Anggota Dewan (sintetis)","Synthetic record; not derived from any real list."
"WL-00146","PEP_SYNTHETIC","Iwan Kusuma","","","ID","ID","Pejabat Daerah (sintetis)","Synthetic record; not derived from any real list."
"WL-00147","PEP_SYNTHETIC","Siti Kartika Kusuma","Siti Kertika Kusuma","","AU","ID","Anggota Dewan (sintetis)","Synthetic record; not derived from any real list."
"WL-00148","PEP_SYNTHETIC","Vina Dewi Permana","","1952-06-06","ID","ID","Direktur BUMD (sintetis)","Synthetic record; not derived from any real list."
"WL-00149","PEP_SYNTHETIC","Ir. Anggun Ramadhan","Ir. Anggun Remadhan","1963-07-05","ID","ID","Direktur BUMD (sintetis)","Synthetic record; not derived from any real list."
"WL-00150","PEP_SYNTHETIC","Gita Lestari Gunawan","Gite Lestari Gunawan","1954-02-17","ID","ID","Komisaris (sintetis)","Synthetic record; not derived from any real list."
"WL-00151","PEP_SYNTHETIC","Cahya Suryadi","Cehya Suryadi","","US","ID","Pejabat Daerah (sintetis)","Synthetic record; not derived from any real list."
"WL-00152","SANCTIONS_SYNTHETIC","Zahra Permana","Zehra Permana","1959-09-25","KR","ID","","Synthetic record; not derived from any real list."
"WL-00153","PEP_SYNTHETIC","Bagus Eka Lubis","","1950-06-17","ID","ID","Kepala Dinas (sintetis)","Synthetic record; not derived from any real list."
"WL-00154","SANCTIONS_SYNTHETIC","H. Rahmat Kusuma","","1994-11-04","ID","ID","","Synthetic record; not derived from any real list."
"WL-00155","INTERNAL_WATCH","Ir. Vina Santoso","Ir. Vine Santoso","1950-09-18","ID","ID","","Synthetic record; not derived from any real list."
"WL-00156","PEP_SYNTHETIC","Dra. Kartika Simatupang","Dre. Kartika Simatupang","","ID","ID","Pejabat Daerah (sintetis)","Synthetic record; not derived from any real list."
"WL-00157","PEP_SYNTHETIC","Hj. Rina Siregar","Hj. Rine Siregar","1984-11-02","NL","ID","Komisaris (sintetis)","Synthetic record; not derived from any real list."
"WL-00158","PEP_SYNTHETIC","Kartika Gunawan","","","ID","ID","Direktur BUMD (sintetis)","Synthetic record; not derived from any real list."
"WL-00159","PEP_SYNTHETIC","Drs. Yuda Suryadi","","1961-04-10","ID","ID","Komisaris (sintetis)","Synthetic record; not derived from any real list."
"WL-00160","PEP_SYNTHETIC","Drs. Rahmat Siregar","","1964-10-20","ID","ID","Komisaris (sintetis)","Synthetic record; not derived from any real list."
"WL-00161","PEP_SYNTHETIC","Ir. Bagus Bayu Halim","","","ID","ID","Komisaris (sintetis)","Synthetic record; not derived from any real list."
"WL-00162","PEP_SYNTHETIC","H. Bagus Saputra","","1964-08-21","ID","ID","Direktur BUMD (sintetis)","Synthetic record; not derived from any real list."
"WL-00163","SANCTIONS_SYNTHETIC","Vina Maulana","","1997-09-11","ID","ID","","Synthetic record; not derived from any real list."
"WL-00164","PEP_SYNTHETIC","Lestari Anggraini","","1987-05-28","ID","ID","Anggota Dewan (sintetis)","Synthetic record; not derived from any real list."
"WL-00165","SANCTIONS_SYNTHETIC","Vina Lubis","","","ID","ID","","Synthetic record; not derived from any real list."
"WL-00166","INTERNAL_WATCH","Rahmat Iwan Pratama","Rehmat Iwan Pratama","1972-02-26","ID","ID","","Synthetic record; not derived from any real list."
"WL-00167","PEP_SYNTHETIC","Yuda Gunawan","","1982-08-14","ID","ID","Komisaris (sintetis)","Synthetic record; not derived from any real list."
"WL-00168","PEP_SYNTHETIC","Ir. Cahya Ramadhan","","1957-01-26","JP","ID","Direktur BUMD (sintetis)","Synthetic record; not derived from any real list."
"WL-00169","INTERNAL_WATCH","Ir. Adi Nanda Ramadhan","","1971-06-15","ID","ID","","Synthetic record; not derived from any real list."
"WL-00170","PEP_SYNTHETIC","Ir. Yuda Hidayat","","1971-06-16","ID","ID","Kepala Dinas (sintetis)","Synthetic record; not derived from any real list."
"WL-00171","PEP_SYNTHETIC","Hj. Ayu Kartika Situmorang","Hj. Ayu Kertika Situmorang","","ID","ID","Pejabat Daerah (sintetis)","Synthetic record; not derived from any real list."
"WL-00172","PEP_SYNTHETIC","Bagus Wijaya","","1954-10-03","ID","ID","Anggota Dewan (sintetis)","Synthetic record; not derived from any real list."
"WL-00173","INTERNAL_WATCH","Bagus Santoso","","1959-01-03","ID","ID","","Synthetic record; not derived from any real list."
"WL-00174","SANCTIONS_SYNTHETIC","Dra. Wulan Zahra Siregar","Dre. Wulan Zahra Siregar","1954-07-20","ID","ID","","Synthetic record; not derived from any real list."
"WL-00175","SANCTIONS_SYNTHETIC","Sari Wulan Siregar","","1986-08-15","ID","ID","","Synthetic record; not derived from any real list."
"WL-00176","SANCTIONS_SYNTHETIC","Indah Simatupang","","1989-09-20","ID","ID","","Synthetic record; not derived from any real list."
"WL-00177","PEP_SYNTHETIC","Adi Tono Hidayat","","1973-02-10","ID","ID","Direktur BUMD (sintetis)","Synthetic record; not derived from any real list."
"WL-00178","PEP_SYNTHETIC","Dra. Citra Hidayat","","1980-11-10","ID","ID","Pejabat Daerah (sintetis)","Synthetic record; not derived from any real list."
"WL-00179","PEP_SYNTHETIC","Drs. Nanda Siregar","Drs. Nenda Siregar","1976-10-09","ID","ID","Anggota Dewan (sintetis)","Synthetic record; not derived from any real list."
"WL-00180","PEP_SYNTHETIC","Yuda Siregar","","1978-04-23","ID","ID","Anggota Dewan (sintetis)","Synthetic record; not derived from any real list."
"WL-00181","PEP_SYNTHETIC","Umi Lestari Santoso","Umi Lesteri Santoso","1960-03-13","HK","ID","Anggota Dewan (sintetis)","Synthetic record; not derived from any real list."
"WL-00182","PEP_SYNTHETIC","Eka Oki Permana","Eke Oki Permana","","ID","ID","Direktur BUMD (sintetis)","Synthetic record; not derived from any real list."
"WL-00183","SANCTIONS_SYNTHETIC","Citra Maulana","Citre Maulana","1956-05-09","ID","ID","","Synthetic record; not derived from any real list."
"WL-00184","SANCTIONS_SYNTHETIC","Iwan Gunawan","","","MY","ID","","Synthetic record; not derived from any real list."
"WL-00185","PEP_SYNTHETIC","Hj. Anggun Halim","Hj. Anggun Helim","1953-11-21","US","ID","Pejabat Daerah (sintetis)","Synthetic record; not derived from any real list."
"WL-00186","SANCTIONS_SYNTHETIC","Sari Hidayat","Seri Hidayat","1960-09-27","ID","ID","","Synthetic record; not derived from any real list."
"WL-00187","PEP_SYNTHETIC","Ir. Ayu Umi Situmorang","","1983-10-14","ID","ID","Kepala Dinas (sintetis)","Synthetic record; not derived from any real list."
"WL-00188","PEP_SYNTHETIC","Hj. Zahra Ramadhan","","1965-02-23","ID","ID","Anggota Dewan (sintetis)","Synthetic record; not derived from any real list."
"WL-00189","PEP_SYNTHETIC","Ir. Rahmat Tono Wijaya","Ir. Rehmat Tono Wijaya","1991-11-16","ID","ID","Pejabat Daerah (sintetis)","Synthetic record; not derived from any real list."
"WL-00190","SANCTIONS_SYNTHETIC","Oki Setiawan","Oki Setiewan","","ID","ID","","Synthetic record; not derived from any real list."
"WL-00191","PEP_SYNTHETIC","Gita Gunawan","","1981-06-10","JP","ID","Kepala Dinas (sintetis)","Synthetic record; not derived from any real list."
"WL-00192","PEP_SYNTHETIC","Citra Vina Anggraini","","1950-11-10","ID","ID","Direktur BUMD (sintetis)","Synthetic record; not derived from any real list."
"WL-00193","PEP_SYNTHETIC","Dra. Lestari Citra Maulana","Dre. Lestari Citra Maulana","1987-06-13","ID","ID","Pejabat Daerah (sintetis)","Synthetic record; not derived from any real list."
"WL-00194","SANCTIONS_SYNTHETIC","Putri Indah Setiawan","Putri Indeh Setiawan","","ID","ID","","Synthetic record; not derived from any real list."
"WL-00195","PEP_SYNTHETIC","Indah Kusuma","Indeh Kusuma","1997-11-11","ID","ID","Direktur BUMD (sintetis)","Synthetic record; not derived from any real list."
"WL-00196","SANCTIONS_SYNTHETIC","Mega Situmorang","","1951-01-12","ID","ID","","Synthetic record; not derived from any real list."
"WL-00197","SANCTIONS_SYNTHETIC","Ir. Wulan Maulana","","","ID","ID","","Synthetic record; not derived from any real list."
"WL-00198","INTERNAL_WATCH","Citra Saputra","Citre Saputra","","ID","ID","","Synthetic record; not derived from any real list."
"WL-00199","SANCTIONS_SYNTHETIC","Rahmat Siregar","Rehmat Siregar","1990-05-23","ID","ID","","Synthetic record; not derived from any real list."
"WL-00200","SANCTIONS_SYNTHETIC","Iwan Halim","","","HK","ID","","Synthetic record; not derived from any real list."
"WL-00201","SANCTIONS_SYNTHETIC","Hadi Tono Pratama","","","KR","ID","","Synthetic record; not derived from any real list."
"WL-00202","INTERNAL_WATCH","Ir. Gita Gita Setiawan","Ir. Gite Gita Setiawan","1976-02-02","ID","ID","","Synthetic record; not derived from any real list."
"WL-00203","PEP_SYNTHETIC","Hj. Anggun Hidayat","Hj. Anggun Hideyat","1975-11-02","KR","ID","Komisaris (sintetis)","Synthetic record; not derived from any real list."
"WL-00204","PEP_SYNTHETIC","Oki Kusuma","","1972-11-24","ID","ID","Pejabat Daerah (sintetis)","Synthetic record; not derived from any real list."
"WL-00205","PEP_SYNTHETIC","Kartika Gita Lubis","Kertika Gita Lubis","1991-01-24","ID","ID","Komisaris (sintetis)","Synthetic record; not derived from any real list."
"WL-00206","PEP_SYNTHETIC","Indah Siregar","","1964-12-03","ID","ID","Anggota Dewan (sintetis)","Synthetic record; not derived from any real list."
"WL-00207","SANCTIONS_SYNTHETIC","H. Gilang Gunawan","","1969-03-14","SG","ID","","Synthetic record; not derived from any real list."
"WL-00208","PEP_SYNTHETIC","Putri Citra Pratama","Putri Citre Pratama","1974-06-14","ID","ID","Komisaris (sintetis)","Synthetic record; not derived from any real list."
"WL-00209","PEP_SYNTHETIC","Dian Situmorang","","1985-07-01","ID","ID","Pejabat Daerah (sintetis)","Synthetic record; not derived from any real list."
"WL-00210","PEP_SYNTHETIC","Ir. Gilang Yuda Simatupang","Ir. Gileng Yuda Simatupang","1994-09-08","ID","ID","Pejabat Daerah (sintetis)","Synthetic record; not derived from any real list."
"WL-00211","SANCTIONS_SYNTHETIC","Ir. Anggun Saputra","","1963-08-04","AE","ID","","Synthetic record; not derived from any real list."
"WL-00212","PEP_SYNTHETIC","Rina Saputra","","1980-02-14","ID","ID","Pejabat Daerah (sintetis)","Synthetic record; not derived from any real list."
"WL-00213","SANCTIONS_SYNTHETIC","Dra. Zahra Lubis","","1974-07-16","ID","ID","","Synthetic record; not derived from any real list."
"WL-00214","PEP_SYNTHETIC","H. Tono Hidayat","","1960-09-12","ID","ID","Pejabat Daerah (sintetis)","Synthetic record; not derived from any real list."
"WL-00215","SANCTIONS_SYNTHETIC","H. Dian Halim","","1961-04-21","ID","ID","","Synthetic record; not derived from any real list."
"WL-00216","SANCTIONS_SYNTHETIC","Putri Ayu Setiawan","","1996-05-02","ID","ID","","Synthetic record; not derived from any real list."
"WL-00217","SANCTIONS_SYNTHETIC","Cahya Wijaya","Cehya Wijaya","1972-01-24","ID","ID","","Synthetic record; not derived from any real list."
"WL-00218","INTERNAL_WATCH","Hj. Mega Halim","","1981-09-26","ID","ID","","Synthetic record; not derived from any real list."
"WL-00219","SANCTIONS_SYNTHETIC","Dra. Kartika Setiawan","Dre. Kartika Setiawan","1969-12-16","ID","ID","","Synthetic record; not derived from any real list."
"WL-00220","PEP_SYNTHETIC","Ir. Oki Santoso","","1998-10-09","ID","ID","Kepala Dinas (sintetis)","Synthetic record; not derived from any real list."
"WL-00221","SANCTIONS_SYNTHETIC","Wulan Setiawan","Wulen Setiawan","1954-12-03","ID","ID","","Synthetic record; not derived from any real list."
"WL-00222","PEP_SYNTHETIC","H. Cahya Ramadhan","H. Cehya Ramadhan","1964-09-19","ID","ID","Anggota Dewan (sintetis)","Synthetic record; not derived from any real list."
"WL-00223","PEP_SYNTHETIC","Putri Wijaya","","1980-06-23","ID","ID","Pejabat Daerah (sintetis)","Synthetic record; not derived from any real list."
"WL-00224","PEP_SYNTHETIC","Drs. Yuda Saputra","","1961-04-24","ID","ID","Kepala Dinas (sintetis)","Synthetic record; not derived from any real list."
"WL-00225","PEP_SYNTHETIC","H. Wahyu Suryadi","","1996-12-19","US","ID","Komisaris (sintetis)","Synthetic record; not derived from any real list."
"WL-00226","SANCTIONS_SYNTHETIC","Wahyu Kusuma","","1967-02-10","ID","ID","","Synthetic record; not derived from any real list."
"WL-00227","INTERNAL_WATCH","Cahya Maulana","","1959-05-05","ID","ID","","Synthetic record; not derived from any real list."
"WL-00228","PEP_SYNTHETIC","Oki Permana","Oki Permena","1957-09-18","ID","ID","Komisaris (sintetis)","Synthetic record; not derived from any real list."
"WL-00229","PEP_SYNTHETIC","Rina Hartono","","","ID","ID","Komisaris (sintetis)","Synthetic record; not derived from any real list."
"WL-00230","SANCTIONS_SYNTHETIC","Ir. Sari Halim","","1995-06-02","MY","ID","","Synthetic record; not derived from any real list."
"WL-00231","SANCTIONS_SYNTHETIC","Dra. Rina Sari Saputra","","1960-05-12","SA","ID","","Synthetic record; not derived from any real list."
"WL-00232","PEP_SYNTHETIC","Siti Anggraini","","1964-08-24","ID","ID","Anggota Dewan (sintetis)","Synthetic record; not derived from any real list."
"WL-00233","PEP_SYNTHETIC","Ir. Rina Gunawan","","1968-05-21","ID","ID","Pejabat Daerah (sintetis)","Synthetic record; not derived from any real list."
"WL-00234","SANCTIONS_SYNTHETIC","Gilang Halim","Gileng Halim","1991-07-10","MY","ID","","Synthetic record; not derived from any real list."
"WL-00235","PEP_SYNTHETIC","Drs. Adi Setiawan","Drs. Adi Setiewan","1953-03-23","ID","ID","Pejabat Daerah (sintetis)","Synthetic record; not derived from any real list."
"WL-00236","SANCTIONS_SYNTHETIC","Dra. Zahra Maulana","","1979-02-19","ID","ID","","Synthetic record; not derived from any real list."
"WL-00237","SANCTIONS_SYNTHETIC","Ir. Iwan Oki Pratama","","","ID","ID","","Synthetic record; not derived from any real list."
"WL-00238","PEP_SYNTHETIC","H. Eka Wijaya","","","ID","ID","Komisaris (sintetis)","Synthetic record; not derived from any real list."
"WL-00239","INTERNAL_WATCH","Ir. Eka Dian Ramadhan","Ir. Eke Dian Ramadhan","","KR","ID","","Synthetic record; not derived from any real list."
"WL-00240","PEP_SYNTHETIC","Dewi Situmorang","Dewi Situmoreng","","ID","ID","Anggota Dewan (sintetis)","Synthetic record; not derived from any real list."
"WL-00241","PEP_SYNTHETIC","Hadi Saputra","","","ID","ID","Pejabat Daerah (sintetis)","Synthetic record; not derived from any real list."
"WL-00242","SANCTIONS_SYNTHETIC","Umi Hidayat","Umi Hideyat","1969-12-20","ID","ID","","Synthetic record; not derived from any real list."
"WL-00243","PEP_SYNTHETIC","Ir. Cahya Wahyu Permana","","1975-02-08","ID","ID","Komisaris (sintetis)","Synthetic record; not derived from any real list."
"WL-00244","PEP_SYNTHETIC","Nanda Gunawan","","1988-07-10","MY","ID","Anggota Dewan (sintetis)","Synthetic record; not derived from any real list."
"WL-00245","SANCTIONS_SYNTHETIC","Gilang Lubis","Gileng Lubis","","SA","ID","","Synthetic record; not derived from any real list."
"WL-00246","SANCTIONS_SYNTHETIC","Vina Hartono","Vine Hartono","1984-01-14","ID","ID","","Synthetic record; not derived from any real list."
"WL-00247","SANCTIONS_SYNTHETIC","Dra. Putri Saputra","","1997-02-09","ID","ID","","Synthetic record; not derived from any real list."
"WL-00248","PEP_SYNTHETIC","Indah Hartono","Indeh Hartono","1979-06-28","ID","ID","Kepala Dinas (sintetis)","Synthetic record; not derived from any real list."
"WL-00249","PEP_SYNTHETIC","Ir. Anggun Anggraini","","","HK","ID","Komisaris (sintetis)","Synthetic record; not derived from any real list."
"WL-00250","PEP_SYNTHETIC","H. Tono Anggraini","","1955-08-15","ID","ID","Kepala Dinas (sintetis)","Synthetic record; not derived from any real list."
"WL-00251","PEP_SYNTHETIC","Kartika Lubis","","","ID","ID","Pejabat Daerah (sintetis)","Synthetic record; not derived from any real list."
"WL-00252","PEP_SYNTHETIC","Dra. Gita Wijaya","","","ID","ID","Direktur BUMD (sintetis)","Synthetic record; not derived from any real list."
"WL-00253","PEP_SYNTHETIC","Hj. Wulan Setiawan","Hj. Wulen Setiawan","1969-03-12","ID","ID","Pejabat Daerah (sintetis)","Synthetic record; not derived from any real list."
"WL-00254","PEP_SYNTHETIC","Dra. Lestari Ramadhan","","","US","ID","Kepala Dinas (sintetis)","Synthetic record; not derived from any real list."
"WL-00255","SANCTIONS_SYNTHETIC","Tono Situmorang","Tono Situmoreng","1952-12-21","ID","ID","","Synthetic record; not derived from any real list."
"WL-00256","INTERNAL_WATCH","Ir. Iwan Maulana","","1964-12-03","ID","ID","","Synthetic record; not derived from any real list."
"WL-00257","PEP_SYNTHETIC","Putri Saputra","","1958-05-20","US","ID","Pejabat Daerah (sintetis)","Synthetic record; not derived from any real list."
"WL-00258","PEP_SYNTHETIC","Citra Sari Setiawan","","","ID","ID","Kepala Dinas (sintetis)","Synthetic record; not derived from any real list."
"WL-00259","SANCTIONS_SYNTHETIC","Hj. Siti Halim","","1998-09-28","ID","ID","","Synthetic record; not derived from any real list."
"WL-00260","PEP_SYNTHETIC","Hadi Anggraini","","1991-06-17","HK","ID","Kepala Dinas (sintetis)","Synthetic record; not derived from any real list."
"WL-00261","SANCTIONS_SYNTHETIC","Dra. Dewi Ramadhan","","1996-10-12","ID","ID","","Synthetic record; not derived from any real list."
"WL-00262","PEP_SYNTHETIC","Siti Situmorang","","","ID","ID","Pejabat Daerah (sintetis)","Synthetic record; not derived from any real list."
"WL-00263","PEP_SYNTHETIC","Dewi Nugroho","","1971-09-14","ID","ID","Pejabat Daerah (sintetis)","Synthetic record; not derived from any real list."
"WL-00264","SANCTIONS_SYNTHETIC","Ayu Nugroho","Ayu Nugroho","","ID","ID","","Synthetic record; not derived from any real list."
"WL-00265","PEP_SYNTHETIC","Siti Pratama","","1978-10-18","ID","ID","Pejabat Daerah (sintetis)","Synthetic record; not derived from any real list."
"WL-00266","PEP_SYNTHETIC","Umi Vina Situmorang","","","ID","ID","Anggota Dewan (sintetis)","Synthetic record; not derived from any real list."
"WL-00267","PEP_SYNTHETIC","Sari Kusuma","","1979-12-21","AU","ID","Pejabat Daerah (sintetis)","Synthetic record; not derived from any real list."
"WL-00268","SANCTIONS_SYNTHETIC","Kartika Siti Maulana","","1950-08-11","ID","ID","","Synthetic record; not derived from any real list."
"WL-00269","SANCTIONS_SYNTHETIC","Dra. Anggun Simatupang","Dre. Anggun Simatupang","","SA","ID","","Synthetic record; not derived from any real list."
"WL-00270","SANCTIONS_SYNTHETIC","Dian Dian Anggraini","Dien Dian Anggraini","1993-09-24","ID","ID","","Synthetic record; not derived from any real list."
"WL-00271","PEP_SYNTHETIC","H. Hadi Suryadi","","1981-04-16","ID","ID","Anggota Dewan (sintetis)","Synthetic record; not derived from any real list."
"WL-00272","SANCTIONS_SYNTHETIC","Yuda Tono Nugroho","","1975-11-12","ID","ID","","Synthetic record; not derived from any real list."
"WL-00273","PEP_SYNTHETIC","Adi Lubis","","","SA","ID","Pejabat Daerah (sintetis)","Synthetic record; not derived from any real list."
"WL-00274","INTERNAL_WATCH","Drs. Nanda Setiawan","Drs. Nenda Setiawan","1978-11-14","ID","ID","","Synthetic record; not derived from any real list."
"WL-00275","INTERNAL_WATCH","Drs. Adi Yuda Lubis","Drs. Adi Yude Lubis","1988-03-27","ID","ID","","Synthetic record; not derived from any real list."
"WL-00276","PEP_SYNTHETIC","Nanda Siregar","","1953-11-08","ID","ID","Kepala Dinas (sintetis)","Synthetic record; not derived from any real list."
"WL-00277","PEP_SYNTHETIC","Umi Indah Suryadi","","1992-08-22","ID","ID","Komisaris (sintetis)","Synthetic record; not derived from any real list."
"WL-00278","PEP_SYNTHETIC","Hj. Rina Situmorang","","1965-12-28","ID","ID","Anggota Dewan (sintetis)","Synthetic record; not derived from any real list."
"WL-00279","SANCTIONS_SYNTHETIC","Drs. Bagus Santoso","","","ID","ID","","Synthetic record; not derived from any real list."
"WL-00280","SANCTIONS_SYNTHETIC","Dra. Umi Sari Santoso","Dre. Umi Sari Santoso","1977-12-25","ID","ID","","Synthetic record; not derived from any real list."
"WL-00281","PEP_SYNTHETIC","Ir. Bayu Dian Santoso","","1955-01-13","ID","ID","Pejabat Daerah (sintetis)","Synthetic record; not derived from any real list."
"WL-00282","INTERNAL_WATCH","Yuda Setiawan","","1984-08-23","ID","ID","","Synthetic record; not derived from any real list."
"WL-00283","PEP_SYNTHETIC","Ir. Bayu Setiawan","","1955-04-06","ID","ID","Pejabat Daerah (sintetis)","Synthetic record; not derived from any real list."
"WL-00284","PEP_SYNTHETIC","Dewi Indah Lubis","","1973-01-02","ID","ID","Anggota Dewan (sintetis)","Synthetic record; not derived from any real list."
"WL-00285","SANCTIONS_SYNTHETIC","H. Fajar Ramadhan","H. Fejar Ramadhan","","ID","ID","","Synthetic record; not derived from any real list."
"WL-00286","PEP_SYNTHETIC","Ir. Nanda Rahmat Situmorang","","1962-07-09","ID","ID","Anggota Dewan (sintetis)","Synthetic record; not derived from any real list."
"WL-00287","PEP_SYNTHETIC","Sari Siregar","","1982-09-22","ID","ID","Direktur BUMD (sintetis)","Synthetic record; not derived from any real list."
"WL-00288","PEP_SYNTHETIC","Dian Maulana","","","ID","ID","Anggota Dewan (sintetis)","Synthetic record; not derived from any real list."
"WL-00289","SANCTIONS_SYNTHETIC","Drs. Adi Maulana","","1968-06-15","ID","ID","","Synthetic record; not derived from any real list."
"WL-00290","PEP_SYNTHETIC","Bagus Simatupang","","1995-03-10","ID","ID","Direktur BUMD (sintetis)","Synthetic record; not derived from any real list."
"WL-00291","PEP_SYNTHETIC","Dra. Vina Suryadi","Dre. Vina Suryadi","1952-11-26","ID","ID","Direktur BUMD (sintetis)","Synthetic record; not derived from any real list."
"WL-00292","SANCTIONS_SYNTHETIC","Gilang Setiawan","","1952-10-07","AU","ID","","Synthetic record; not derived from any real list."
"WL-00293","PEP_SYNTHETIC","Yuda Hartono","Yude Hartono","","HK","ID","Pejabat Daerah (sintetis)","Synthetic record; not derived from any real list."
"WL-00294","PEP_SYNTHETIC","Wahyu Pratama","Wehyu Pratama","","ID","ID","Anggota Dewan (sintetis)","Synthetic record; not derived from any real list."
"WL-00295","PEP_SYNTHETIC","Ayu Santoso","","1982-05-04","ID","ID","Anggota Dewan (sintetis)","Synthetic record; not derived from any real list."
"WL-00296","SANCTIONS_SYNTHETIC","Iwan Situmorang","Iwen Situmorang","1982-02-10","ID","ID","","Synthetic record; not derived from any real list."
"WL-00297","PEP_SYNTHETIC","Kartika Suryadi","","","ID","ID","Anggota Dewan (sintetis)","Synthetic record; not derived from any real list."
"WL-00298","PEP_SYNTHETIC","Umi Simatupang","","1977-02-07","ID","ID","Pejabat Daerah (sintetis)","Synthetic record; not derived from any real list."
"WL-00299","PEP_SYNTHETIC","Putri Rina Santoso","","1980-08-12","ID","ID","Direktur BUMD (sintetis)","Synthetic record; not derived from any real list."
"WL-00300","INTERNAL_WATCH","Ir. Tono Gunawan","","1971-05-17","ID","ID","","Synthetic record; not derived from any real list."
"WL-00301","PEP_SYNTHETIC","Dra. Ayu Halim","","1950-03-26","HK","ID","Pejabat Daerah (sintetis)","Synthetic record; not derived from any real list."
"WL-00302","SANCTIONS_SYNTHETIC","Ir. Citra Wijaya","Ir. Citre Wijaya","1963-06-25","ID","ID","","Synthetic record; not derived from any real list."
"WL-00303","PEP_SYNTHETIC","Hj. Indah Kusuma","","1993-03-12","ID","ID","Kepala Dinas (sintetis)","Synthetic record; not derived from any real list."
"WL-00304","SANCTIONS_SYNTHETIC","Tono Gilang Wijaya","Tono Gileng Wijaya","1981-09-22","ID","ID","","Synthetic record; not derived from any real list."
"WL-00305","PEP_SYNTHETIC","Hj. Rina Siregar","","","ID","ID","Anggota Dewan (sintetis)","Synthetic record; not derived from any real list."
"WL-00306","PEP_SYNTHETIC","Indah Mega Permana","","1993-10-17","KR","ID","Anggota Dewan (sintetis)","Synthetic record; not derived from any real list."
"WL-00307","PEP_SYNTHETIC","Adi Rahmat Setiawan","","1976-12-05","ID","ID","Anggota Dewan (sintetis)","Synthetic record; not derived from any real list."
"WL-00308","PEP_SYNTHETIC","Yuda Fajar Pratama","","1993-04-12","ID","ID","Komisaris (sintetis)","Synthetic record; not derived from any real list."
"WL-00309","PEP_SYNTHETIC","Anggun Simatupang","","1974-04-20","HK","ID","Direktur BUMD (sintetis)","Synthetic record; not derived from any real list."
"WL-00310","PEP_SYNTHETIC","H. Dian Yuda Nugroho","","","HK","ID","Komisaris (sintetis)","Synthetic record; not derived from any real list."
"WL-00311","PEP_SYNTHETIC","Dra. Siti Anggraini","","1977-12-15","ID","ID","Kepala Dinas (sintetis)","Synthetic record; not derived from any real list."
"WL-00312","PEP_SYNTHETIC","Wulan Anggraini","Wulen Anggraini","1954-05-28","ID","ID","Komisaris (sintetis)","Synthetic record; not derived from any real list."
"WL-00313","SANCTIONS_SYNTHETIC","Gita Anggun Permana","Gite Anggun Permana","","ID","ID","","Synthetic record; not derived from any real list."
"WL-00314","PEP_SYNTHETIC","Eka Cahya Setiawan","Eke Cahya Setiawan","","ID","ID","Pejabat Daerah (sintetis)","Synthetic record; not derived from any real list."
"WL-00315","PEP_SYNTHETIC","Rina Nugroho","Rine Nugroho","1961-04-24","ID","ID","Direktur BUMD (sintetis)","Synthetic record; not derived from any real list."
"WL-00316","PEP_SYNTHETIC","Dra. Kartika Ramadhan","Dre. Kartika Ramadhan","1972-02-17","ID","ID","Anggota Dewan (sintetis)","Synthetic record; not derived from any real list."
"WL-00317","PEP_SYNTHETIC","Umi Situmorang","","1957-08-10","ID","ID","Pejabat Daerah (sintetis)","Synthetic record; not derived from any real list."
"WL-00318","PEP_SYNTHETIC","Dian Permana","Dien Permana","1968-05-12","SG","ID","Anggota Dewan (sintetis)","Synthetic record; not derived from any real list."
"WL-00319","PEP_SYNTHETIC","Ir. Dewi Simatupang","","1963-11-06","ID","ID","Kepala Dinas (sintetis)","Synthetic record; not derived from any real list."
"WL-00320","SANCTIONS_SYNTHETIC","Dra. Indah Simatupang","Dre. Indah Simatupang","1967-03-17","HK","ID","","Synthetic record; not derived from any real list."
"WL-00321","SANCTIONS_SYNTHETIC","Dra. Gita Hartono","","1966-03-08","ID","ID","","Synthetic record; not derived from any real list."
"WL-00322","PEP_SYNTHETIC","Citra Permana","","1963-03-23","ID","ID","Anggota Dewan (sintetis)","Synthetic record; not derived from any real list."
"WL-00323","PEP_SYNTHETIC","Kartika Setiawan","","","NL","ID","Kepala Dinas (sintetis)","Synthetic record; not derived from any real list."
"WL-00324","PEP_SYNTHETIC","Eka Situmorang","Eke Situmorang","","ID","ID","Anggota Dewan (sintetis)","Synthetic record; not derived from any real list."
"WL-00325","SANCTIONS_SYNTHETIC","Nanda Oki Saputra","Nenda Oki Saputra","1987-12-14","KR","ID","","Synthetic record; not derived from any real list."
"WL-00326","PEP_SYNTHETIC","H. Wahyu Cahya Santoso","","","ID","ID","Komisaris (sintetis)","Synthetic record; not derived from any real list."
"WL-00327","PEP_SYNTHETIC","Ir. Rina Kartika Ramadhan","Ir. Rine Kartika Ramadhan","1995-09-25","ID","ID","Komisaris (sintetis)","Synthetic record; not derived from any real list."
"WL-00328","SANCTIONS_SYNTHETIC","Ir. Kartika Sari Siregar","","1961-05-25","US","ID","","Synthetic record; not derived from any real list."
"WL-00329","SANCTIONS_SYNTHETIC","Joko Eka Anggraini","","1990-07-13","MY","ID","","Synthetic record; not derived from any real list."
"WL-00330","PEP_SYNTHETIC","Joko Nanda Situmorang","","1968-02-02","SG","ID","Anggota Dewan (sintetis)","Synthetic record; not derived from any real list."
"WL-00331","SANCTIONS_SYNTHETIC","Ir. Gita Saputra","Ir. Gite Saputra","1962-09-17","ID","ID","","Synthetic record; not derived from any real list."
"WL-00332","PEP_SYNTHETIC","Hj. Lestari Umi Simatupang","","1977-02-11","AU","ID","Kepala Dinas (sintetis)","Synthetic record; not derived from any real list."
"WL-00333","SANCTIONS_SYNTHETIC","Siti Hidayat","","","ID","ID","","Synthetic record; not derived from any real list."
"WL-00334","PEP_SYNTHETIC","Iwan Permana","","","ID","ID","Kepala Dinas (sintetis)","Synthetic record; not derived from any real list."
"WL-00335","PEP_SYNTHETIC","Anggun Nugroho","Anggun Nugroho","1959-06-11","ID","ID","Komisaris (sintetis)","Synthetic record; not derived from any real list."
"WL-00336","PEP_SYNTHETIC","Drs. Bayu Nugroho","","1954-04-26","ID","ID","Kepala Dinas (sintetis)","Synthetic record; not derived from any real list."
"WL-00337","INTERNAL_WATCH","Hj. Mega Siregar","Hj. Mege Siregar","1973-06-08","ID","ID","","Synthetic record; not derived from any real list."
"WL-00338","PEP_SYNTHETIC","Dewi Sari Ramadhan","Dewi Seri Ramadhan","1958-05-07","US","ID","Direktur BUMD (sintetis)","Synthetic record; not derived from any real list."
"WL-00339","SANCTIONS_SYNTHETIC","Yuda Lubis","Yude Lubis","1967-10-14","ID","ID","","Synthetic record; not derived from any real list."
"WL-00340","PEP_SYNTHETIC","Rina Pratama","","1954-09-21","ID","ID","Komisaris (sintetis)","Synthetic record; not derived from any real list."
"WL-00341","PEP_SYNTHETIC","Nanda Santoso","Nenda Santoso","1968-08-15","MY","ID","Pejabat Daerah (sintetis)","Synthetic record; not derived from any real list."
"WL-00342","INTERNAL_WATCH","Putri Maulana","","1973-03-02","ID","ID","","Synthetic record; not derived from any real list."
"WL-00343","SANCTIONS_SYNTHETIC","Ir. Bagus Nugroho","","","ID","ID","","Synthetic record; not derived from any real list."
"WL-00344","PEP_SYNTHETIC","Iwan Suryadi","Iwen Suryadi","1961-09-11","ID","ID","Kepala Dinas (sintetis)","Synthetic record; not derived from any real list."
"WL-00345","PEP_SYNTHETIC","H. Hadi Situmorang","H. Hedi Situmorang","","ID","ID","Direktur BUMD (sintetis)","Synthetic record; not derived from any real list."
"WL-00346","INTERNAL_WATCH","Oki Hadi Gunawan","Oki Hedi Gunawan","1985-12-17","JP","ID","","Synthetic record; not derived from any real list."
"WL-00347","SANCTIONS_SYNTHETIC","Bagus Kusuma","Begus Kusuma","1996-06-12","SG","ID","","Synthetic record; not derived from any real list."
"WL-00348","SANCTIONS_SYNTHETIC","Wahyu Anggraini","","","HK","ID","","Synthetic record; not derived from any real list."
"WL-00349","PEP_SYNTHETIC","Zahra Kusuma","","1961-05-11","ID","ID","Kepala Dinas (sintetis)","Synthetic record; not derived from any real list."
"WL-00350","INTERNAL_WATCH","Drs. Joko Saputra","Drs. Joko Seputra","1985-03-03","ID","ID","","Synthetic record; not derived from any real list."
"WL-00351","PEP_SYNTHETIC","Siti Nugroho","","","ID","ID","Anggota Dewan (sintetis)","Synthetic record; not derived from any real list."
"WL-00352","SANCTIONS_SYNTHETIC","Iwan Hadi Siregar","Iwen Hadi Siregar","","ID","ID","","Synthetic record; not derived from any real list."
"WL-00353","PEP_SYNTHETIC","Wulan Saputra","Wulen Saputra","1997-04-23","ID","ID","Pejabat Daerah (sintetis)","Synthetic record; not derived from any real list."
"WL-00354","PEP_SYNTHETIC","Ayu Maulana","","1953-07-26","ID","ID","Anggota Dewan (sintetis)","Synthetic record; not derived from any real list."
"WL-00355","SANCTIONS_SYNTHETIC","Ir. Umi Nugroho","","1962-12-01","ID","ID","","Synthetic record; not derived from any real list."
"WL-00356","INTERNAL_WATCH","Gilang Tono Permana","","","ID","ID","","Synthetic record; not derived from any real list."
"WL-00357","SANCTIONS_SYNTHETIC","Citra Ramadhan","Citre Ramadhan","","ID","ID","","Synthetic record; not derived from any real list."
"WL-00358","PEP_SYNTHETIC","Drs. Bagus Maulana","","","ID","ID","Pejabat Daerah (sintetis)","Synthetic record; not derived from any real list."
"WL-00359","PEP_SYNTHETIC","Dra. Ayu Siregar","","1954-05-12","ID","ID","Direktur BUMD (sintetis)","Synthetic record; not derived from any real list."
"WL-00360","PEP_SYNTHETIC","Iwan Pratama","","1970-03-10","ID","ID","Anggota Dewan (sintetis)","Synthetic record; not derived from any real list."
"WL-00361","SANCTIONS_SYNTHETIC","Dra. Sari Lubis","","1963-11-01","ID","ID","","Synthetic record; not derived from any real list."
"WL-00362","PEP_SYNTHETIC","Drs. Iwan Santoso","Drs. Iwen Santoso","","ID","ID","Kepala Dinas (sintetis)","Synthetic record; not derived from any real list."
"WL-00363","PEP_SYNTHETIC","Hj. Siti Anggun Kusuma","","","ID","ID","Komisaris (sintetis)","Synthetic record; not derived from any real list."
"WL-00364","SANCTIONS_SYNTHETIC","Bagus Maulana","","1993-05-08","ID","ID","","Synthetic record; not derived from any real list."
"WL-00365","PEP_SYNTHETIC","Citra Situmorang","Citre Situmorang","","ID","ID","Komisaris (sintetis)","Synthetic record; not derived from any real list."
"WL-00366","INTERNAL_WATCH","Dra. Zahra Hartono","Dre. Zahra Hartono","1998-02-03","ID","ID","","Synthetic record; not derived from any real list."
"WL-00367","SANCTIONS_SYNTHETIC","Hj. Rina Pratama","","","ID","ID","","Synthetic record; not derived from any real list."
"WL-00368","PEP_SYNTHETIC","Ir. Citra Sari Maulana","","1970-02-02","ID","ID","Anggota Dewan (sintetis)","Synthetic record; not derived from any real list."
"WL-00369","PEP_SYNTHETIC","Dra. Lestari Gunawan","","","ID","ID","Kepala Dinas (sintetis)","Synthetic record; not derived from any real list."
"WL-00370","SANCTIONS_SYNTHETIC","Nanda Gunawan","","1982-10-04","ID","ID","","Synthetic record; not derived from any real list."
"WL-00371","PEP_SYNTHETIC","Ir. Fajar Permana","","1950-06-01","ID","ID","Pejabat Daerah (sintetis)","Synthetic record; not derived from any real list."
"WL-00372","SANCTIONS_SYNTHETIC","Cahya Hidayat","Cehya Hidayat","1990-09-07","ID","ID","","Synthetic record; not derived from any real list."
"WL-00373","SANCTIONS_SYNTHETIC","Wahyu Hidayat","Wehyu Hidayat","","ID","ID","","Synthetic record; not derived from any real list."
"WL-00374","PEP_SYNTHETIC","Hj. Gita Umi Pratama","Hj. Gite Umi Pratama","","ID","ID","Pejabat Daerah (sintetis)","Synthetic record; not derived from any real list."
"WL-00375","PEP_SYNTHETIC","Hadi Situmorang","","1968-08-06","ID","ID","Pejabat Daerah (sintetis)","Synthetic record; not derived from any real list."
"WL-00376","INTERNAL_WATCH","Ir. Gilang Lubis","","","ID","ID","","Synthetic record; not derived from any real list."
"WL-00377","PEP_SYNTHETIC","Iwan Simatupang","","1969-12-08","ID","ID","Direktur BUMD (sintetis)","Synthetic record; not derived from any real list."
"WL-00378","INTERNAL_WATCH","Dian Situmorang","","1990-11-19","ID","ID","","Synthetic record; not derived from any real list."
"WL-00379","PEP_SYNTHETIC","Ir. Cahya Lubis","","1983-02-04","ID","ID","Direktur BUMD (sintetis)","Synthetic record; not derived from any real list."
"WL-00380","SANCTIONS_SYNTHETIC","Hj. Kartika Anggraini","Hj. Kertika Anggraini","1989-07-28","JP","ID","","Synthetic record; not derived from any real list."
"WL-00381","PEP_SYNTHETIC","Hj. Rina Putri Gunawan","","1960-04-11","ID","ID","Anggota Dewan (sintetis)","Synthetic record; not derived from any real list."
"WL-00382","PEP_SYNTHETIC","Hj. Ayu Kusuma","Hj. Ayu Kusume","1964-12-09","JP","ID","Anggota Dewan (sintetis)","Synthetic record; not derived from any real list."
"WL-00383","PEP_SYNTHETIC","Vina Hidayat","","","ID","ID","Kepala Dinas (sintetis)","Synthetic record; not derived from any real list."
"WL-00384","SANCTIONS_SYNTHETIC","Nanda Setiawan","","1956-03-03","MY","ID","","Synthetic record; not derived from any real list."
"WL-00385","PEP_SYNTHETIC","Fajar Adi Setiawan","","1969-12-01","ID","ID","Direktur BUMD (sintetis)","Synthetic record; not derived from any real list."
"WL-00386","SANCTIONS_SYNTHETIC","Ir. Putri Hartono","","1950-02-01","ID","ID","","Synthetic record; not derived from any real list."
"WL-00387","PEP_SYNTHETIC","Cahya Simatupang","Cehya Simatupang","1952-07-20","ID","ID","Komisaris (sintetis)","Synthetic record; not derived from any real list."
"WL-00388","PEP_SYNTHETIC","Dra. Indah Kusuma","","1986-05-07","ID","ID","Anggota Dewan (sintetis)","Synthetic record; not derived from any real list."
"WL-00389","PEP_SYNTHETIC","Ir. Oki Nanda Simatupang","Ir. Oki Nenda Simatupang","","ID","ID","Kepala Dinas (sintetis)","Synthetic record; not derived from any real list."
"WL-00390","PEP_SYNTHETIC","Tono Oki Setiawan","","","AE","ID","Direktur BUMD (sintetis)","Synthetic record; not derived from any real list."
"WL-00391","SANCTIONS_SYNTHETIC","Gita Setiawan","","1998-09-21","ID","ID","","Synthetic record; not derived from any real list."
"WL-00392","PEP_SYNTHETIC","Dra. Kartika Hidayat","Dre. Kartika Hidayat","1997-10-06","ID","ID","Komisaris (sintetis)","Synthetic record; not derived from any real list."
"WL-00393","SANCTIONS_SYNTHETIC","Ir. Putri Putri Santoso","","1997-08-15","HK","ID","","Synthetic record; not derived from any real list."
"WL-00394","PEP_SYNTHETIC","Ir. Fajar Simatupang","","1966-10-14","ID","ID","Pejabat Daerah (sintetis)","Synthetic record; not derived from any real list."
"WL-00395","PEP_SYNTHETIC","Zahra Zahra Halim","Zehra Zahra Halim","","ID","ID","Kepala Dinas (sintetis)","Synthetic record; not derived from any real list."
"WL-00396","SANCTIONS_SYNTHETIC","Ir. Sari Maulana","Ir. Seri Maulana","","ID","ID","","Synthetic record; not derived from any real list."
"WL-00397","PEP_SYNTHETIC","Ir. Gilang Setiawan","","1952-04-06","ID","ID","Direktur BUMD (sintetis)","Synthetic record; not derived from any real list."
"WL-00398","SANCTIONS_SYNTHETIC","Putri Gunawan","","","ID","ID","","Synthetic record; not derived from any real list."
"WL-00399","PEP_SYNTHETIC","Fajar Maulana","","1970-08-22","ID","ID","Pejabat Daerah (sintetis)","Synthetic record; not derived from any real list."
"WL-00400","PEP_SYNTHETIC","Lestari Rina Kusuma","","1962-07-05","ID","ID","Direktur BUMD (sintetis)","Synthetic record; not derived from any real list."
"WL-00401","PEP_SYNTHETIC","Ir. Hadi Maulana","Ir. Hedi Maulana","1966-05-08","ID","ID","Pejabat Daerah (sintetis)","Synthetic record; not derived from any real list."
"WL-00402","SANCTIONS_SYNTHETIC","Ayu Hidayat","","1994-06-15","KR","ID","","Synthetic record; not derived from any real list."
"WL-00403","INTERNAL_WATCH","Drs. Cahya Pratama","","1964-10-12","KR","ID","","Synthetic record; not derived from any real list."
"WL-00404","SANCTIONS_SYNTHETIC","H. Tono Hidayat","","","ID","ID","","Synthetic record; not derived from any real list."
"WL-00405","SANCTIONS_SYNTHETIC","Wahyu Bayu Suryadi","","1951-08-13","ID","ID","","Synthetic record; not derived from any real list."
"WL-00406","PEP_SYNTHETIC","Ir. Oki Gunawan","","1977-12-22","KR","ID","Pejabat Daerah (sintetis)","Synthetic record; not derived from any real list."
"WL-00407","PEP_SYNTHETIC","Siti Maulana","","1997-09-06","ID","ID","Kepala Dinas (sintetis)","Synthetic record; not derived from any real list."
"WL-00408","PEP_SYNTHETIC","Dewi Maulana","Dewi Meulana","1997-07-20","ID","ID","Kepala Dinas (sintetis)","Synthetic record; not derived from any real list."
"WL-00409","INTERNAL_WATCH","Drs. Bagus Permana","","","ID","ID","","Synthetic record; not derived from any real list."
"WL-00410","PEP_SYNTHETIC","Bayu Pratama","Beyu Pratama","","ID","ID","Komisaris (sintetis)","Synthetic record; not derived from any real list."
"WL-00411","PEP_SYNTHETIC","Gita Citra Setiawan","","","ID","ID","Kepala Dinas (sintetis)","Synthetic record; not derived from any real list."
"WL-00412","PEP_SYNTHETIC","H. Gilang Gunawan","","1954-01-01","SG","ID","Direktur BUMD (sintetis)","Synthetic record; not derived from any real list."
"WL-00413","PEP_SYNTHETIC","Bayu Bagus Setiawan","","1950-07-20","SG","ID","Kepala Dinas (sintetis)","Synthetic record; not derived from any real list."
"WL-00414","PEP_SYNTHETIC","Dian Permana","Dien Permana","","ID","ID","Kepala Dinas (sintetis)","Synthetic record; not derived from any real list."
"WL-00415","PEP_SYNTHETIC","Wahyu Suryadi","","","ID","ID","Kepala Dinas (sintetis)","Synthetic record; not derived from any real list."
"WL-00416","PEP_SYNTHETIC","Lestari Santoso","Lesteri Santoso","1987-11-28","KR","ID","Kepala Dinas (sintetis)","Synthetic record; not derived from any real list."
"WL-00417","PEP_SYNTHETIC","Indah Hartono","Indeh Hartono","1964-01-04","ID","ID","Direktur BUMD (sintetis)","Synthetic record; not derived from any real list."
"WL-00418","SANCTIONS_SYNTHETIC","Oki Halim","","1951-07-21","HK","ID","","Synthetic record; not derived from any real list."
"WL-00419","SANCTIONS_SYNTHETIC","Vina Lestari Suryadi","Vine Lestari Suryadi","","AE","ID","","Synthetic record; not derived from any real list."
"WL-00420","PEP_SYNTHETIC","Gilang Cahya Anggraini","Gileng Cahya Anggraini","","SG","ID","Komisaris (sintetis)","Synthetic record; not derived from any real list."
"WL-00421","SANCTIONS_SYNTHETIC","Dewi Halim","","","ID","ID","","Synthetic record; not derived from any real list."
"WL-00422","PEP_SYNTHETIC","Dra. Putri Ayu Halim","Dre. Putri Ayu Halim","1970-11-01","ID","ID","Pejabat Daerah (sintetis)","Synthetic record; not derived from any real list."
"WL-00423","PEP_SYNTHETIC","Ir. Nanda Situmorang","","","ID","ID","Direktur BUMD (sintetis)","Synthetic record; not derived from any real list."
"WL-00424","SANCTIONS_SYNTHETIC","Gita Wijaya","Gite Wijaya","","MY","ID","","Synthetic record; not derived from any real list."
"WL-00425","PEP_SYNTHETIC","H. Wahyu Pratama","H. Wehyu Pratama","1982-11-06","ID","ID","Komisaris (sintetis)","Synthetic record; not derived from any real list."
"WL-00426","PEP_SYNTHETIC","H. Bagus Hidayat","H. Begus Hidayat","1994-12-17","ID","ID","Komisaris (sintetis)","Synthetic record; not derived from any real list."
"WL-00427","SANCTIONS_SYNTHETIC","Ir. Mega Indah Wijaya","Ir. Mege Indah Wijaya","1956-04-01","ID","ID","","Synthetic record; not derived from any real list."
"WL-00428","PEP_SYNTHETIC","Gita Kartika Maulana","Gite Kartika Maulana","","ID","ID","Kepala Dinas (sintetis)","Synthetic record; not derived from any real list."
"WL-00429","PEP_SYNTHETIC","Tono Simatupang","Tono Simetupang","1991-11-18","ID","ID","Pejabat Daerah (sintetis)","Synthetic record; not derived from any real list."
"WL-00430","SANCTIONS_SYNTHETIC","Hj. Mega Anggraini","","1986-09-28","ID","ID","","Synthetic record; not derived from any real list."
"WL-00431","PEP_SYNTHETIC","Drs. Adi Maulana","","","ID","ID","Direktur BUMD (sintetis)","Synthetic record; not derived from any real list."
"WL-00432","PEP_SYNTHETIC","Indah Dewi Nugroho","Indeh Dewi Nugroho","","NL","ID","Kepala Dinas (sintetis)","Synthetic record; not derived from any real list."
"WL-00433","PEP_SYNTHETIC","H. Bayu Hartono","","1972-02-23","ID","ID","Komisaris (sintetis)","Synthetic record; not derived from any real list."
"WL-00434","PEP_SYNTHETIC","Joko Wahyu Setiawan","","1995-01-13","ID","ID","Anggota Dewan (sintetis)","Synthetic record; not derived from any real list."
"WL-00435","PEP_SYNTHETIC","Tono Lubis","","1954-12-06","ID","ID","Kepala Dinas (sintetis)","Synthetic record; not derived from any real list."
"WL-00436","PEP_SYNTHETIC","Rahmat Joko Setiawan","Rehmat Joko Setiawan","1974-05-24","ID","ID","Komisaris (sintetis)","Synthetic record; not derived from any real list."
"WL-00437","SANCTIONS_SYNTHETIC","Joko Situmorang","","1987-10-21","ID","ID","","Synthetic record; not derived from any real list."
"WL-00438","PEP_SYNTHETIC","Dra. Dewi Maulana","Dre. Dewi Maulana","1987-04-27","ID","ID","Direktur BUMD (sintetis)","Synthetic record; not derived from any real list."
"WL-00439","PEP_SYNTHETIC","Ir. Zahra Vina Setiawan","","","ID","ID","Pejabat Daerah (sintetis)","Synthetic record; not derived from any real list."
"WL-00440","PEP_SYNTHETIC","H. Bayu Rahmat Halim","","","ID","ID","Direktur BUMD (sintetis)","Synthetic record; not derived from any real list."
"WL-00441","PEP_SYNTHETIC","Kartika Ramadhan","","1980-03-19","ID","ID","Pejabat Daerah (sintetis)","Synthetic record; not derived from any real list."
"WL-00442","PEP_SYNTHETIC","H. Yuda Kusuma","","1956-11-05","ID","ID","Pejabat Daerah (sintetis)","Synthetic record; not derived from any real list."
"WL-00443","PEP_SYNTHETIC","Citra Kusuma","","1989-01-03","MY","ID","Kepala Dinas (sintetis)","Synthetic record; not derived from any real list."
"WL-00444","PEP_SYNTHETIC","Adi Permana","Adi Permena","1992-01-03","ID","ID","Pejabat Daerah (sintetis)","Synthetic record; not derived from any real list."
"WL-00445","PEP_SYNTHETIC","Oki Joko Santoso","","1973-06-04","ID","ID","Pejabat Daerah (sintetis)","Synthetic record; not derived from any real list."
"WL-00446","PEP_SYNTHETIC","Yuda Permana","","1968-01-19","KR","ID","Kepala Dinas (sintetis)","Synthetic record; not derived from any real list."
"WL-00447","PEP_SYNTHETIC","Gilang Hidayat","","1964-11-11","SG","ID","Direktur BUMD (sintetis)","Synthetic record; not derived from any real list."
"WL-00448","PEP_SYNTHETIC","Hj. Dewi Setiawan","","1952-12-05","JP","ID","Komisaris (sintetis)","Synthetic record; not derived from any real list."
"WL-00449","SANCTIONS_SYNTHETIC","H. Nanda Ramadhan","H. Nenda Ramadhan","1969-01-18","HK","ID","","Synthetic record; not derived from any real list."
"WL-00450","PEP_SYNTHETIC","Gita Lubis","","","ID","ID","Kepala Dinas (sintetis)","Synthetic record; not derived from any real list."
"WL-00451","PEP_SYNTHETIC","Wulan Gunawan","","1982-06-15","ID","ID","Kepala Dinas (sintetis)","Synthetic record; not derived from any real list."
"WL-00452","PEP_SYNTHETIC","Ir. Dewi Lubis","","1962-11-01","ID","ID","Direktur BUMD (sintetis)","Synthetic record; not derived from any real list."
"WL-00453","PEP_SYNTHETIC","Dian Santoso","","1995-05-22","ID","ID","Anggota Dewan (sintetis)","Synthetic record; not derived from any real list."
"WL-00454","SANCTIONS_SYNTHETIC","Hadi Hidayat","","1969-10-04","ID","ID","","Synthetic record; not derived from any real list."
"WL-00455","PEP_SYNTHETIC","Zahra Siregar","Zehra Siregar","","ID","ID","Pejabat Daerah (sintetis)","Synthetic record; not derived from any real list."
"WL-00456","PEP_SYNTHETIC","Putri Setiawan","Putri Setiewan","1972-12-20","ID","ID","Pejabat Daerah (sintetis)","Synthetic record; not derived from any real list."
"WL-00457","PEP_SYNTHETIC","Gilang Joko Situmorang","Gileng Joko Situmorang","1965-12-09","ID","ID","Direktur BUMD (sintetis)","Synthetic record; not derived from any real list."
"WL-00458","SANCTIONS_SYNTHETIC","Drs. Iwan Cahya Santoso","","","ID","ID","","Synthetic record; not derived from any real list."
"WL-00459","SANCTIONS_SYNTHETIC","H. Rahmat Kusuma","","","AE","ID","","Synthetic record; not derived from any real list."
"WL-00460","PEP_SYNTHETIC","Citra Ramadhan","Citre Ramadhan","","ID","ID","Kepala Dinas (sintetis)","Synthetic record; not derived from any real list."
"WL-00461","PEP_SYNTHETIC","Oki Adi Situmorang","","1990-03-11","ID","ID","Anggota Dewan (sintetis)","Synthetic record; not derived from any real list."
"WL-00462","PEP_SYNTHETIC","Putri Wijaya","","1978-08-12","ID","ID","Anggota Dewan (sintetis)","Synthetic record; not derived from any real list."
"WL-00463","PEP_SYNTHETIC","Hj. Putri Wulan Gunawan","Hj. Putri Wulen Gunawan","","ID","ID","Kepala Dinas (sintetis)","Synthetic record; not derived from any real list."
"WL-00464","SANCTIONS_SYNTHETIC","Ir. Bayu Anggraini","Ir. Beyu Anggraini","","ID","ID","","Synthetic record; not derived from any real list."
"WL-00465","SANCTIONS_SYNTHETIC","Cahya Pratama","","1992-03-20","ID","ID","","Synthetic record; not derived from any real list."
"WL-00466","PEP_SYNTHETIC","Wulan Saputra","","","ID","ID","Direktur BUMD (sintetis)","Synthetic record; not derived from any real list."
"WL-00467","SANCTIONS_SYNTHETIC","Anggun Ayu Situmorang","","","ID","ID","","Synthetic record; not derived from any real list."
"WL-00468","PEP_SYNTHETIC","H. Gilang Setiawan","H. Gileng Setiawan","1954-07-03","ID","ID","Kepala Dinas (sintetis)","Synthetic record; not derived from any real list."
"WL-00469","PEP_SYNTHETIC","Ir. Joko Maulana","","","ID","ID","Pejabat Daerah (sintetis)","Synthetic record; not derived from any real list."
"WL-00470","PEP_SYNTHETIC","Drs. Bagus Wijaya","","1988-10-27","ID","ID","Komisaris (sintetis)","Synthetic record; not derived from any real list."
"WL-00471","INTERNAL_WATCH","Ir. Wahyu Situmorang","Ir. Wehyu Situmorang","1994-11-15","ID","ID","","Synthetic record; not derived from any real list."
"WL-00472","PEP_SYNTHETIC","Wulan Wijaya","","1962-03-15","ID","ID","Kepala Dinas (sintetis)","Synthetic record; not derived from any real list."
"WL-00473","SANCTIONS_SYNTHETIC","Ir. Sari Siti Siregar","Ir. Seri Siti Siregar","1985-11-28","ID","ID","","Synthetic record; not derived from any real list."
"WL-00474","INTERNAL_WATCH","H. Gilang Hidayat","","1957-03-04","ID","ID","","Synthetic record; not derived from any real list."
"WL-00475","PEP_SYNTHETIC","Eka Permana","","1983-05-25","ID","ID","Kepala Dinas (sintetis)","Synthetic record; not derived from any real list."
"WL-00476","PEP_SYNTHETIC","Dian Rahmat Simatupang","","1954-07-08","ID","ID","Anggota Dewan (sintetis)","Synthetic record; not derived from any real list."
"WL-00477","PEP_SYNTHETIC","Tono Lubis","","1989-10-01","ID","ID","Komisaris (sintetis)","Synthetic record; not derived from any real list."
"WL-00478","PEP_SYNTHETIC","Sari Zahra Saputra","","1990-10-01","ID","ID","Anggota Dewan (sintetis)","Synthetic record; not derived from any real list."
"WL-00479","PEP_SYNTHETIC","Sari Anggraini","","","ID","ID","Direktur BUMD (sintetis)","Synthetic record; not derived from any real list."
"WL-00480","SANCTIONS_SYNTHETIC","Bayu Hartono","Beyu Hartono","1969-06-22","AU","ID","","Synthetic record; not derived from any real list."
"WL-00481","SANCTIONS_SYNTHETIC","Kartika Anggraini","Kertika Anggraini","1976-07-19","SG","ID","","Synthetic record; not derived from any real list."
"WL-00482","PEP_SYNTHETIC","Bagus Dian Setiawan","","1966-11-20","ID","ID","Anggota Dewan (sintetis)","Synthetic record; not derived from any real list."
"WL-00483","PEP_SYNTHETIC","Rahmat Eka Gunawan","","","ID","ID","Pejabat Daerah (sintetis)","Synthetic record; not derived from any real list."
"WL-00484","PEP_SYNTHETIC","H. Hadi Bagus Hartono","","1989-02-19","ID","ID","Pejabat Daerah (sintetis)","Synthetic record; not derived from any real list."
"WL-00485","PEP_SYNTHETIC","Ir. Siti Situmorang","Ir. Siti Situmoreng","1983-12-17","KR","ID","Komisaris (sintetis)","Synthetic record; not derived from any real list."
"WL-00486","SANCTIONS_SYNTHETIC","Adi Kusuma","Adi Kusume","1998-10-08","ID","ID","","Synthetic record; not derived from any real list."
"WL-00487","PEP_SYNTHETIC","Tono Pratama","","1978-05-18","ID","ID","Kepala Dinas (sintetis)","Synthetic record; not derived from any real list."
"WL-00488","PEP_SYNTHETIC","Hj. Zahra Pratama","","","ID","ID","Anggota Dewan (sintetis)","Synthetic record; not derived from any real list."
"WL-00489","PEP_SYNTHETIC","Ir. Rina Ramadhan","","1976-01-12","HK","ID","Komisaris (sintetis)","Synthetic record; not derived from any real list."
"WL-00490","PEP_SYNTHETIC","Dra. Ayu Setiawan","","1987-05-05","ID","ID","Anggota Dewan (sintetis)","Synthetic record; not derived from any real list."
"WL-00491","INTERNAL_WATCH","H. Rahmat Joko Lubis","H. Rehmat Joko Lubis","1971-08-26","ID","ID","","Synthetic record; not derived from any real list."
"WL-00492","PEP_SYNTHETIC","Bayu Nanda Halim","","1994-08-10","ID","ID","Pejabat Daerah (sintetis)","Synthetic record; not derived from any real list."
"WL-00493","PEP_SYNTHETIC","H. Wahyu Santoso","","1953-10-16","ID","ID","Pejabat Daerah (sintetis)","Synthetic record; not derived from any real list."
"WL-00494","INTERNAL_WATCH","Ir. Tono Iwan Situmorang","","","ID","ID","","Synthetic record; not derived from any real list."
"WL-00495","PEP_SYNTHETIC","Hj. Zahra Setiawan","Hj. Zehra Setiawan","1993-06-17","ID","ID","Direktur BUMD (sintetis)","Synthetic record; not derived from any real list."
"WL-00496","SANCTIONS_SYNTHETIC","Ir. Vina Halim","","1993-10-06","ID","ID","","Synthetic record; not derived from any real list."
"WL-00497","PEP_SYNTHETIC","Fajar Situmorang","Fejar Situmorang","","ID","ID","Direktur BUMD (sintetis)","Synthetic record; not derived from any real list."
"WL-00498","PEP_SYNTHETIC","Wulan Zahra Suryadi","","","JP","ID","Pejabat Daerah (sintetis)","Synthetic record; not derived from any real list."
"WL-00499","PEP_SYNTHETIC","Adi Saputra","Adi Seputra","1980-03-03","ID","ID","Komisaris (sintetis)","Synthetic record; not derived from any real list."
"WL-00500","PEP_SYNTHETIC","Dra. Ayu Maulana","","1992-06-24","ID","ID","Pejabat Daerah (sintetis)","Synthetic record; not derived from any real list."
"WL-00501","PEP_SYNTHETIC","H. Bagus Oki Permana","","","ID","ID","Komisaris (sintetis)","Synthetic record; not derived from any real list."
"WL-00502","PEP_SYNTHETIC","Ir. Yuda Hidayat","Ir. Yude Hidayat","","ID","ID","Anggota Dewan (sintetis)","Synthetic record; not derived from any real list."
"WL-00503","SANCTIONS_SYNTHETIC","Ir. Putri Setiawan","Ir. Putri Setiewan","1983-02-27","ID","ID","","Synthetic record; not derived from any real list."
"WL-00504","PEP_SYNTHETIC","Hj. Wulan Maulana","","1983-02-18","ID","ID","Kepala Dinas (sintetis)","Synthetic record; not derived from any real list."
"WL-00505","SANCTIONS_SYNTHETIC","Vina Kartika Setiawan","Vine Kartika Setiawan","1993-12-06","NL","ID","","Synthetic record; not derived from any real list."
"WL-00506","PEP_SYNTHETIC","Nanda Halim","","1950-08-14","ID","ID","Anggota Dewan (sintetis)","Synthetic record; not derived from any real list."
"WL-00507","PEP_SYNTHETIC","Lestari Halim","","1975-07-06","ID","ID","Pejabat Daerah (sintetis)","Synthetic record; not derived from any real list."
"WL-00508","SANCTIONS_SYNTHETIC","Umi Nugroho","","","ID","ID","","Synthetic record; not derived from any real list."
"WL-00509","SANCTIONS_SYNTHETIC","Wahyu Nugroho","","1984-02-17","ID","ID","","Synthetic record; not derived from any real list."
"WL-00510","PEP_SYNTHETIC","Ir. Kartika Suryadi","Ir. Kertika Suryadi","1951-03-27","ID","ID","Pejabat Daerah (sintetis)","Synthetic record; not derived from any real list."
"WL-00511","PEP_SYNTHETIC","Ir. Citra Kusuma","Ir. Citre Kusuma","1954-02-21","ID","ID","Kepala Dinas (sintetis)","Synthetic record; not derived from any real list."
"WL-00512","PEP_SYNTHETIC","Bagus Iwan Simatupang","","1994-01-18","ID","ID","Direktur BUMD (sintetis)","Synthetic record; not derived from any real list."
"WL-00513","PEP_SYNTHETIC","Fajar Permana","","","ID","ID","Anggota Dewan (sintetis)","Synthetic record; not derived from any real list."
"WL-00514","PEP_SYNTHETIC","Hadi Santoso","Hedi Santoso","1968-10-20","ID","ID","Anggota Dewan (sintetis)","Synthetic record; not derived from any real list."
"WL-00515","PEP_SYNTHETIC","Citra Wijaya","","1993-12-25","ID","ID","Direktur BUMD (sintetis)","Synthetic record; not derived from any real list."
"WL-00516","INTERNAL_WATCH","Ir. Nanda Eka Gunawan","Ir. Nenda Eka Gunawan","1982-10-04","ID","ID","","Synthetic record; not derived from any real list."
"WL-00517","PEP_SYNTHETIC","Vina Permana","Vine Permana","","ID","ID","Pejabat Daerah (sintetis)","Synthetic record; not derived from any real list."
"WL-00518","SANCTIONS_SYNTHETIC","Ir. Rina Ramadhan","","1967-11-15","ID","ID","","Synthetic record; not derived from any real list."
"WL-00519","PEP_SYNTHETIC","Ayu Citra Gunawan","","","ID","ID","Direktur BUMD (sintetis)","Synthetic record; not derived from any real list."
"WL-00520","PEP_SYNTHETIC","Joko Wahyu Saputra","Joko Wehyu Saputra","1987-09-17","ID","ID","Pejabat Daerah (sintetis)","Synthetic record; not derived from any real list."
"WL-00521","PEP_SYNTHETIC","Gita Gunawan","","1971-04-05","ID","ID","Anggota Dewan (sintetis)","Synthetic record; not derived from any real list."
"WL-00522","PEP_SYNTHETIC","Ir. Vina Santoso","","1961-12-24","ID","ID","Komisaris (sintetis)","Synthetic record; not derived from any real list."
"WL-00523","SANCTIONS_SYNTHETIC","Gita Sari Nugroho","Gite Sari Nugroho","","ID","ID","","Synthetic record; not derived from any real list."
"WL-00524","INTERNAL_WATCH","Bayu Santoso","","1957-09-18","JP","ID","","Synthetic record; not derived from any real list."
"WL-00525","PEP_SYNTHETIC","Hj. Ayu Anggraini","","1988-11-20","NL","ID","Direktur BUMD (sintetis)","Synthetic record; not derived from any real list."
"WL-00526","PEP_SYNTHETIC","Putri Setiawan","","1976-02-05","ID","ID","Pejabat Daerah (sintetis)","Synthetic record; not derived from any real list."
"WL-00527","SANCTIONS_SYNTHETIC","Adi Bagus Situmorang","Adi Begus Situmorang","","ID","ID","","Synthetic record; not derived from any real list."
"WL-00528","PEP_SYNTHETIC","Dewi Hartono","","1991-11-14","US","ID","Kepala Dinas (sintetis)","Synthetic record; not derived from any real list."
"WL-00529","SANCTIONS_SYNTHETIC","Putri Situmorang","","1967-11-05","ID","ID","","Synthetic record; not derived from any real list."
"WL-00530","INTERNAL_WATCH","Dra. Vina Anggraini","","1987-02-28","AE","ID","","Synthetic record; not derived from any real list."
"WL-00531","SANCTIONS_SYNTHETIC","Zahra Nugroho","","","HK","ID","","Synthetic record; not derived from any real list."
"WL-00532","SANCTIONS_SYNTHETIC","H. Fajar Hidayat","","1972-08-08","ID","ID","","Synthetic record; not derived from any real list."
"WL-00533","PEP_SYNTHETIC","Rina Halim","","1975-02-15","ID","ID","Direktur BUMD (sintetis)","Synthetic record; not derived from any real list."
"WL-00534","SANCTIONS_SYNTHETIC","Dra. Anggun Gunawan","","1997-03-23","ID","ID","","Synthetic record; not derived from any real list."
"WL-00535","INTERNAL_WATCH","Drs. Tono Joko Suryadi","Drs. Tono Joko Suryedi","1995-04-28","ID","ID","","Synthetic record; not derived from any real list."
"WL-00536","PEP_SYNTHETIC","Ir. Anggun Santoso","Ir. Anggun Sentoso","","ID","ID","Direktur BUMD (sintetis)","Synthetic record; not derived from any real list."
"WL-00537","SANCTIONS_SYNTHETIC","Indah Pratama","","1988-08-18","ID","ID","","Synthetic record; not derived from any real list."
"WL-00538","PEP_SYNTHETIC","Adi Simatupang","","1962-12-21","ID","ID","Direktur BUMD (sintetis)","Synthetic record; not derived from any real list."
"WL-00539","SANCTIONS_SYNTHETIC","Tono Hartono","","1959-10-10","SA","ID","","Synthetic record; not derived from any real list."
"WL-00540","SANCTIONS_SYNTHETIC","Bagus Saputra","Begus Saputra","","ID","ID","","Synthetic record; not derived from any real list."
"WL-00541","SANCTIONS_SYNTHETIC","Wulan Dewi Kusuma","","1953-01-12","JP","ID","","Synthetic record; not derived from any real list."
"WL-00542","PEP_SYNTHETIC","Lestari Suryadi","Lesteri Suryadi","1961-02-06","ID","ID","Kepala Dinas (sintetis)","Synthetic record; not derived from any real list."
"WL-00543","SANCTIONS_SYNTHETIC","Hj. Dewi Simatupang","","","KR","ID","","Synthetic record; not derived from any real list."
"WL-00544","SANCTIONS_SYNTHETIC","Hj. Dewi Gunawan","Hj. Dewi Gunewan","1984-03-25","ID","ID","","Synthetic record; not derived from any real list."
"WL-00545","SANCTIONS_SYNTHETIC","H. Tono Santoso","","","ID","ID","","Synthetic record; not derived from any real list."
"WL-00546","PEP_SYNTHETIC","Dra. Siti Hartono","Dre. Siti Hartono","1998-09-14","ID","ID","Komisaris (sintetis)","Synthetic record; not derived from any real list."
"WL-00547","PEP_SYNTHETIC","Umi Lubis","Umi Lubis","1954-04-18","ID","ID","Kepala Dinas (sintetis)","Synthetic record; not derived from any real list."
"WL-00548","PEP_SYNTHETIC","Cahya Wijaya","","1997-09-10","US","ID","Pejabat Daerah (sintetis)","Synthetic record; not derived from any real list."
"WL-00549","SANCTIONS_SYNTHETIC","Drs. Wahyu Pratama","Drs. Wehyu Pratama","1961-09-07","ID","ID","","Synthetic record; not derived from any real list."
"WL-00550","SANCTIONS_SYNTHETIC","Ir. Anggun Indah Gunawan","Ir. Anggun Indeh Gunawan","1976-08-25","ID","ID","","Synthetic record; not derived from any real list."
"WL-00551","SANCTIONS_SYNTHETIC","Hadi Setiawan","","1976-05-10","ID","ID","","Synthetic record; not derived from any real list."
"WL-00552","PEP_SYNTHETIC","Ir. Nanda Pratama","Ir. Nenda Pratama","1997-03-20","ID","ID","Pejabat Daerah (sintetis)","Synthetic record; not derived from any real list."
"WL-00553","PEP_SYNTHETIC","Adi Ramadhan","Adi Remadhan","1960-04-03","ID","ID","Pejabat Daerah (sintetis)","Synthetic record; not derived from any real list."
"WL-00554","PEP_SYNTHETIC","Hadi Permana","","1991-06-14","ID","ID","Pejabat Daerah (sintetis)","Synthetic record; not derived from any real list."
"WL-00555","PEP_SYNTHETIC","Fajar Suryadi","Fejar Suryadi","1996-01-11","ID","ID","Komisaris (sintetis)","Synthetic record; not derived from any real list."
"WL-00556","PEP_SYNTHETIC","Umi Umi Gunawan","","","ID","ID","Anggota Dewan (sintetis)","Synthetic record; not derived from any real list."
"WL-00557","PEP_SYNTHETIC","Drs. Joko Iwan Maulana","Drs. Joko Iwen Maulana","1978-10-28","US","ID","Pejabat Daerah (sintetis)","Synthetic record; not derived from any real list."
"WL-00558","PEP_SYNTHETIC","Drs. Yuda Anggraini","","1986-04-20","KR","ID","Kepala Dinas (sintetis)","Synthetic record; not derived from any real list."
"WL-00559","SANCTIONS_SYNTHETIC","Dra. Wulan Santoso","","1980-06-11","ID","ID","","Synthetic record; not derived from any real list."
"WL-00560","PEP_SYNTHETIC","Ir. Rina Wijaya","Ir. Rine Wijaya","1972-11-18","ID","ID","Komisaris (sintetis)","Synthetic record; not derived from any real list."
"WL-00561","PEP_SYNTHETIC","Dra. Siti Maulana","Dre. Siti Maulana","1960-06-08","ID","ID","Komisaris (sintetis)","Synthetic record; not derived from any real list."
"WL-00562","SANCTIONS_SYNTHETIC","Lestari Hartono","Lesteri Hartono","1963-10-18","MY","ID","","Synthetic record; not derived from any real list."
"WL-00563","PEP_SYNTHETIC","Cahya Santoso","Cehya Santoso","1975-04-04","ID","ID","Kepala Dinas (sintetis)","Synthetic record; not derived from any real list."
"WL-00564","SANCTIONS_SYNTHETIC","Indah Permana","","1974-10-28","ID","ID","","Synthetic record; not derived from any real list."
"WL-00565","PEP_SYNTHETIC","Citra Santoso","","1964-09-03","ID","ID","Pejabat Daerah (sintetis)","Synthetic record; not derived from any real list."
"WL-00566","PEP_SYNTHETIC","Hj. Ayu Simatupang","","","ID","ID","Kepala Dinas (sintetis)","Synthetic record; not derived from any real list."
"WL-00567","INTERNAL_WATCH","Dra. Zahra Permana","Dre. Zahra Permana","1961-05-01","ID","ID","","Synthetic record; not derived from any real list."
"WL-00568","SANCTIONS_SYNTHETIC","Ir. Bayu Dian Pratama","","1997-04-06","SG","ID","","Synthetic record; not derived from any real list."
"WL-00569","PEP_SYNTHETIC","Rahmat Nanda Saputra","","","HK","ID","Direktur BUMD (sintetis)","Synthetic record; not derived from any real list."
"WL-00570","PEP_SYNTHETIC","Indah Maulana","","","ID","ID","Pejabat Daerah (sintetis)","Synthetic record; not derived from any real list."
"WL-00571","PEP_SYNTHETIC","Nanda Permana","","1964-01-13","ID","ID","Komisaris (sintetis)","Synthetic record; not derived from any real list."
"WL-00572","PEP_SYNTHETIC","Ir. Hadi Lubis","Ir. Hedi Lubis","1961-12-23","ID","ID","Komisaris (sintetis)","Synthetic record; not derived from any real list."
"WL-00573","PEP_SYNTHETIC","Ir. Vina Hidayat","Ir. Vine Hidayat","1985-06-27","SA","ID","Kepala Dinas (sintetis)","Synthetic record; not derived from any real list."
"WL-00574","INTERNAL_WATCH","Drs. Dian Nugroho","Drs. Dien Nugroho","","ID","ID","","Synthetic record; not derived from any real list."
"WL-00575","SANCTIONS_SYNTHETIC","Putri Saputra","","1950-01-12","ID","ID","","Synthetic record; not derived from any real list."
"WL-00576","PEP_SYNTHETIC","Ir. Sari Umi Permana","Ir. Seri Umi Permana","","ID","ID","Kepala Dinas (sintetis)","Synthetic record; not derived from any real list."
"WL-00577","PEP_SYNTHETIC","Fajar Siregar","","","ID","ID","Anggota Dewan (sintetis)","Synthetic record; not derived from any real list."
"WL-00578","SANCTIONS_SYNTHETIC","Ir. Anggun Simatupang","Ir. Anggun Simetupang","1967-11-11","AU","ID","","Synthetic record; not derived from any real list."
"WL-00579","PEP_SYNTHETIC","H. Bayu Halim","","","ID","ID","Direktur BUMD (sintetis)","Synthetic record; not derived from any real list."
"WL-00580","PEP_SYNTHETIC","Ir. Putri Halim","","1977-02-28","ID","ID","Pejabat Daerah (sintetis)","Synthetic record; not derived from any real list."
"WL-00581","PEP_SYNTHETIC","Hadi Situmorang","Hedi Situmorang","","HK","ID","Kepala Dinas (sintetis)","Synthetic record; not derived from any real list."
"WL-00582","PEP_SYNTHETIC","Drs. Nanda Maulana","Drs. Nenda Maulana","1983-03-06","ID","ID","Kepala Dinas (sintetis)","Synthetic record; not derived from any real list."
"WL-00583","SANCTIONS_SYNTHETIC","Oki Fajar Pratama","Oki Fejar Pratama","1987-02-02","ID","ID","","Synthetic record; not derived from any real list."
"WL-00584","SANCTIONS_SYNTHETIC","Dra. Vina Ramadhan","Dre. Vina Ramadhan","1988-08-18","ID","ID","","Synthetic record; not derived from any real list."
"WL-00585","PEP_SYNTHETIC","H. Adi Saputra","H. Adi Seputra","1964-08-01","ID","ID","Pejabat Daerah (sintetis)","Synthetic record; not derived from any real list."
"WL-00586","PEP_SYNTHETIC","Adi Nugroho","Adi Nugroho","1955-08-15","ID","ID","Kepala Dinas (sintetis)","Synthetic record; not derived from any real list."
"WL-00587","PEP_SYNTHETIC","Dra. Putri Situmorang","","1981-12-20","ID","ID","Komisaris (sintetis)","Synthetic record; not derived from any real list."
"WL-00588","PEP_SYNTHETIC","Drs. Iwan Setiawan","","1952-05-03","ID","ID","Anggota Dewan (sintetis)","Synthetic record; not derived from any real list."
"WL-00589","PEP_SYNTHETIC","Ir. Bayu Setiawan","","1974-11-17","ID","ID","Kepala Dinas (sintetis)","Synthetic record; not derived from any real list."
"WL-00590","SANCTIONS_SYNTHETIC","Adi Gunawan","","","ID","ID","","Synthetic record; not derived from any real list."
"WL-00591","SANCTIONS_SYNTHETIC","Cahya Wijaya","","1981-01-07","ID","ID","","Synthetic record; not derived from any real list."
"WL-00592","PEP_SYNTHETIC","Drs. Wahyu Siregar","","","AU","ID","Direktur BUMD (sintetis)","Synthetic record; not derived from any real list."
"WL-00593","SANCTIONS_SYNTHETIC","Rahmat Setiawan","","","HK","ID","","Synthetic record; not derived from any real list."
"WL-00594","SANCTIONS_SYNTHETIC","Citra Lestari Maulana","","","ID","ID","","Synthetic record; not derived from any real list."
"WL-00595","SANCTIONS_SYNTHETIC","Drs. Wahyu Siregar","Drs. Wehyu Siregar","1973-01-23","ID","ID","","Synthetic record; not derived from any real list."
"WL-00596","PEP_SYNTHETIC","Drs. Hadi Situmorang","","1957-11-11","ID","ID","Anggota Dewan (sintetis)","Synthetic record; not derived from any real list."
"WL-00597","PEP_SYNTHETIC","Ir. Siti Sari Siregar","Ir. Siti Seri Siregar","1964-08-22","ID","ID","Direktur BUMD (sintetis)","Synthetic record; not derived from any real list."
"WL-00598","PEP_SYNTHETIC","Drs. Dian Adi Hidayat","Drs. Dien Adi Hidayat","1964-05-01","ID","ID","Pejabat Daerah (sintetis)","Synthetic record; not derived from any real list."
"WL-00599","INTERNAL_WATCH","Ir. Wahyu Maulana","Ir. Wehyu Maulana","1991-04-19","ID","ID","","Synthetic record; not derived from any real list."
"WL-00600","PEP_SYNTHETIC","Indah Pratama","","1952-04-20","ID","ID","Anggota Dewan (sintetis)","Synthetic record; not derived from any real list."
"WL-00601","PEP_SYNTHETIC","Ayu Wulan Situmorang","","","ID","ID","Direktur BUMD (sintetis)","Synthetic record; not derived from any real list."
"WL-00602","PEP_SYNTHETIC","Ir. Tono Wijaya","","","ID","ID","Komisaris (sintetis)","Synthetic record; not derived from any real list."
"WL-00603","SANCTIONS_SYNTHETIC","Nanda Maulana","Nenda Maulana","1990-01-03","SG","ID","","Synthetic record; not derived from any real list."
"WL-00604","SANCTIONS_SYNTHETIC","Adi Saputra","Adi Seputra","1983-01-16","SA","ID","","Synthetic record; not derived from any real list."
"WL-00605","PEP_SYNTHETIC","Mega Sari Hidayat","","1962-09-17","ID","ID","Pejabat Daerah (sintetis)","Synthetic record; not derived from any real list."
"WL-00606","SANCTIONS_SYNTHETIC","Adi Hartono","","1998-04-24","ID","ID","","Synthetic record; not derived from any real list."
"WL-00607","SANCTIONS_SYNTHETIC","Dra. Gita Ramadhan","","1985-05-14","ID","ID","","Synthetic record; not derived from any real list."
"WL-00608","PEP_SYNTHETIC","Drs. Adi Setiawan","Drs. Adi Setiewan","1980-03-05","ID","ID","Kepala Dinas (sintetis)","Synthetic record; not derived from any real list."
"WL-00609","PEP_SYNTHETIC","Wulan Siregar","","1958-02-02","ID","ID","Pejabat Daerah (sintetis)","Synthetic record; not derived from any real list."
"WL-00610","PEP_SYNTHETIC","Bayu Tono Maulana","Beyu Tono Maulana","1988-06-03","ID","ID","Pejabat Daerah (sintetis)","Synthetic record; not derived from any real list."
"WL-00611","PEP_SYNTHETIC","Ir. Fajar Simatupang","Ir. Fejar Simatupang","1957-10-25","ID","ID","Pejabat Daerah (sintetis)","Synthetic record; not derived from any real list."
"WL-00612","SANCTIONS_SYNTHETIC","Oki Nanda Lubis","","1998-11-15","ID","ID","","Synthetic record; not derived from any real list."
"WL-00613","INTERNAL_WATCH","Fajar Permana","","1965-06-06","ID","ID","","Synthetic record; not derived from any real list."
"WL-00614","PEP_SYNTHETIC","Drs. Adi Nugroho","","1972-08-20","ID","ID","Pejabat Daerah (sintetis)","Synthetic record; not derived from any real list."
"WL-00615","PEP_SYNTHETIC","Hj. Putri Halim","Hj. Putri Helim","1977-02-17","HK","ID","Komisaris (sintetis)","Synthetic record; not derived from any real list."
"WL-00616","SANCTIONS_SYNTHETIC","Drs. Rahmat Lubis","","1955-10-18","ID","ID","","Synthetic record; not derived from any real list."
"WL-00617","SANCTIONS_SYNTHETIC","Bagus Ramadhan","","","ID","ID","","Synthetic record; not derived from any real list."
"WL-00618","PEP_SYNTHETIC","Lestari Wulan Hidayat","","1978-05-24","ID","ID","Komisaris (sintetis)","Synthetic record; not derived from any real list."
"WL-00619","SANCTIONS_SYNTHETIC","Ir. Oki Lubis","Ir. Oki Lubis","1951-10-08","ID","ID","","Synthetic record; not derived from any real list."
"WL-00620","INTERNAL_WATCH","Drs. Hadi Wijaya","Drs. Hedi Wijaya","1952-11-15","HK","ID","","Synthetic record; not derived from any real list."
"WL-00621","SANCTIONS_SYNTHETIC","Drs. Fajar Hidayat","","1969-05-17","ID","ID","","Synthetic record; not derived from any real list."
"WL-00622","SANCTIONS_SYNTHETIC","Putri Sari Saputra","","","ID","ID","","Synthetic record; not derived from any real list."
"WL-00623","PEP_SYNTHETIC","Wulan Santoso","","","ID","ID","Direktur BUMD (sintetis)","Synthetic record; not derived from any real list."
"WL-00624","PEP_SYNTHETIC","Dewi Zahra Setiawan","Dewi Zehra Setiawan","1984-10-16","ID","ID","Anggota Dewan (sintetis)","Synthetic record; not derived from any real list."
"WL-00625","PEP_SYNTHETIC","Putri Hartono","","","ID","ID","Pejabat Daerah (sintetis)","Synthetic record; not derived from any real list."
"WL-00626","SANCTIONS_SYNTHETIC","Dra. Lestari Suryadi","Dre. Lestari Suryadi","1972-03-01","ID","ID","","Synthetic record; not derived from any real list."
"WL-00627","PEP_SYNTHETIC","Drs. Iwan Eka Anggraini","","1961-09-03","ID","ID","Anggota Dewan (sintetis)","Synthetic record; not derived from any real list."
"WL-00628","INTERNAL_WATCH","Dra. Mega Saputra","Dre. Mega Saputra","1965-12-05","AE","ID","","Synthetic record; not derived from any real list."
"WL-00629","PEP_SYNTHETIC","Dian Santoso","Dien Santoso","1998-01-06","ID","ID","Komisaris (sintetis)","Synthetic record; not derived from any real list."
"WL-00630","PEP_SYNTHETIC","Nanda Saputra","Nenda Saputra","1980-08-11","SG","ID","Pejabat Daerah (sintetis)","Synthetic record; not derived from any real list."
"WL-00631","PEP_SYNTHETIC","Gita Mega Kusuma","Gite Mega Kusuma","1992-04-16","ID","ID","Direktur BUMD (sintetis)","Synthetic record; not derived from any real list."
"WL-00632","PEP_SYNTHETIC","Joko Wahyu Pratama","","1953-06-05","ID","ID","Kepala Dinas (sintetis)","Synthetic record; not derived from any real list."
"WL-00633","PEP_SYNTHETIC","Ir. Vina Gita Permana","Ir. Vine Gita Permana","","ID","ID","Direktur BUMD (sintetis)","Synthetic record; not derived from any real list."
"WL-00634","INTERNAL_WATCH","H. Tono Nugroho","","","JP","ID","","Synthetic record; not derived from any real list."
"WL-00635","SANCTIONS_SYNTHETIC","Zahra Kusuma","Zehra Kusuma","1985-02-18","ID","ID","","Synthetic record; not derived from any real list."
"WL-00636","SANCTIONS_SYNTHETIC","Wahyu Lubis","","","ID","ID","","Synthetic record; not derived from any real list."
"WL-00637","PEP_SYNTHETIC","H. Rahmat Situmorang","","1959-09-07","ID","ID","Kepala Dinas (sintetis)","Synthetic record; not derived from any real list."
"WL-00638","PEP_SYNTHETIC","H. Tono Fajar Suryadi","H. Tono Fejar Suryadi","","ID","ID","Komisaris (sintetis)","Synthetic record; not derived from any real list."
"WL-00639","PEP_SYNTHETIC","Ir. Adi Setiawan","Ir. Adi Setiewan","1986-05-12","ID","ID","Pejabat Daerah (sintetis)","Synthetic record; not derived from any real list."
"WL-00640","PEP_SYNTHETIC","Eka Simatupang","Eke Simatupang","1959-07-16","ID","ID","Kepala Dinas (sintetis)","Synthetic record; not derived from any real list."
"WL-00641","PEP_SYNTHETIC","Zahra Gita Ramadhan","Zehra Gita Ramadhan","1969-11-02","US","ID","Anggota Dewan (sintetis)","Synthetic record; not derived from any real list."
"WL-00642","PEP_SYNTHETIC","Iwan Situmorang","","1997-06-17","ID","ID","Direktur BUMD (sintetis)","Synthetic record; not derived from any real list."
"WL-00643","PEP_SYNTHETIC","Ir. Tono Hartono","Ir. Tono Hertono","1962-07-14","ID","ID","Direktur BUMD (sintetis)","Synthetic record; not derived from any real list."
"WL-00644","INTERNAL_WATCH","Rahmat Ramadhan","","","ID","ID","","Synthetic record; not derived from any real list."
"WL-00645","PEP_SYNTHETIC","Oki Situmorang","","","ID","ID","Anggota Dewan (sintetis)","Synthetic record; not derived from any real list."
"WL-00646","SANCTIONS_SYNTHETIC","Hj. Dewi Vina Saputra","","1952-07-24","ID","ID","","Synthetic record; not derived from any real list."
"WL-00647","PEP_SYNTHETIC","Anggun Wijaya","Anggun Wijeya","1967-10-23","ID","ID","Anggota Dewan (sintetis)","Synthetic record; not derived from any real list."
"WL-00648","PEP_SYNTHETIC","Dian Maulana","","","ID","ID","Direktur BUMD (sintetis)","Synthetic record; not derived from any real list."
"WL-00649","SANCTIONS_SYNTHETIC","Wulan Lubis","","1985-08-02","ID","ID","","Synthetic record; not derived from any real list."
"WL-00650","PEP_SYNTHETIC","Wulan Wulan Setiawan","","","HK","ID","Anggota Dewan (sintetis)","Synthetic record; not derived from any real list."
"WL-00651","PEP_SYNTHETIC","Ir. Cahya Wijaya","","","ID","ID","Anggota Dewan (sintetis)","Synthetic record; not derived from any real list."
"WL-00652","PEP_SYNTHETIC","Oki Tono Saputra","Oki Tono Seputra","1979-12-20","ID","ID","Komisaris (sintetis)","Synthetic record; not derived from any real list."
"WL-00653","PEP_SYNTHETIC","Nanda Tono Maulana","","1992-09-19","ID","ID","Komisaris (sintetis)","Synthetic record; not derived from any real list."
"WL-00654","PEP_SYNTHETIC","Dra. Lestari Setiawan","Dre. Lestari Setiawan","1972-09-22","AE","ID","Kepala Dinas (sintetis)","Synthetic record; not derived from any real list."
"WL-00655","SANCTIONS_SYNTHETIC","Drs. Adi Hidayat","","","KR","ID","","Synthetic record; not derived from any real list."
"WL-00656","PEP_SYNTHETIC","Bagus Hidayat","","1956-08-19","ID","ID","Kepala Dinas (sintetis)","Synthetic record; not derived from any real list."
"WL-00657","PEP_SYNTHETIC","Umi Ramadhan","Umi Remadhan","","ID","ID","Kepala Dinas (sintetis)","Synthetic record; not derived from any real list."
"WL-00658","INTERNAL_WATCH","Adi Adi Kusuma","","1981-11-14","ID","ID","","Synthetic record; not derived from any real list."
"WL-00659","SANCTIONS_SYNTHETIC","Drs. Bayu Situmorang","","","ID","ID","","Synthetic record; not derived from any real list."
"WL-00660","SANCTIONS_SYNTHETIC","Drs. Fajar Ramadhan","","1970-04-14","ID","ID","","Synthetic record; not derived from any real list."
"WL-00661","PEP_SYNTHETIC","Ir. Anggun Anggraini","","1963-02-07","US","ID","Direktur BUMD (sintetis)","Synthetic record; not derived from any real list."
"WL-00662","PEP_SYNTHETIC","Ir. Joko Permana","Ir. Joko Permena","1985-04-12","ID","ID","Direktur BUMD (sintetis)","Synthetic record; not derived from any real list."
"WL-00663","PEP_SYNTHETIC","Oki Situmorang","","1998-05-03","ID","ID","Direktur BUMD (sintetis)","Synthetic record; not derived from any real list."
"WL-00664","SANCTIONS_SYNTHETIC","Gilang Cahya Ramadhan","Gileng Cahya Ramadhan","1981-03-08","ID","ID","","Synthetic record; not derived from any real list."
"WL-00665","SANCTIONS_SYNTHETIC","Siti Hidayat","","1980-09-04","ID","ID","","Synthetic record; not derived from any real list."
"WL-00666","PEP_SYNTHETIC","Mega Suryadi","","1989-10-14","MY","ID","Direktur BUMD (sintetis)","Synthetic record; not derived from any real list."
"WL-00667","PEP_SYNTHETIC","H. Cahya Anggraini","H. Cehya Anggraini","1994-08-08","ID","ID","Kepala Dinas (sintetis)","Synthetic record; not derived from any real list."
"WL-00668","SANCTIONS_SYNTHETIC","H. Rahmat Lubis","","","ID","ID","","Synthetic record; not derived from any real list."
"WL-00669","PEP_SYNTHETIC","Ir. Citra Lestari Setiawan","","1973-11-05","ID","ID","Anggota Dewan (sintetis)","Synthetic record; not derived from any real list."
"WL-00670","PEP_SYNTHETIC","Iwan Santoso","","","ID","ID","Pejabat Daerah (sintetis)","Synthetic record; not derived from any real list."
"WL-00671","PEP_SYNTHETIC","Nanda Saputra","","1991-09-20","ID","ID","Pejabat Daerah (sintetis)","Synthetic record; not derived from any real list."
"WL-00672","PEP_SYNTHETIC","Dra. Kartika Dewi Saputra","","","ID","ID","Direktur BUMD (sintetis)","Synthetic record; not derived from any real list."
"WL-00673","SANCTIONS_SYNTHETIC","Joko Ramadhan","","1951-10-02","ID","ID","","Synthetic record; not derived from any real list."
"WL-00674","PEP_SYNTHETIC","Dra. Umi Situmorang","Dre. Umi Situmorang","1968-02-11","ID","ID","Pejabat Daerah (sintetis)","Synthetic record; not derived from any real list."
"WL-00675","INTERNAL_WATCH","Drs. Tono Kusuma","","","ID","ID","","Synthetic record; not derived from any real list."
"WL-00676","SANCTIONS_SYNTHETIC","Dewi Simatupang","","1965-06-08","ID","ID","","Synthetic record; not derived from any real list."
"WL-00677","SANCTIONS_SYNTHETIC","Ir. Gita Hartono","","1993-03-23","ID","ID","","Synthetic record; not derived from any real list."
"WL-00678","PEP_SYNTHETIC","Joko Saputra","","","ID","ID","Pejabat Daerah (sintetis)","Synthetic record; not derived from any real list."
"WL-00679","SANCTIONS_SYNTHETIC","H. Dian Maulana","","1980-10-24","ID","ID","","Synthetic record; not derived from any real list."
"WL-00680","PEP_SYNTHETIC","Dian Maulana","","","ID","ID","Pejabat Daerah (sintetis)","Synthetic record; not derived from any real list."
"WL-00681","PEP_SYNTHETIC","Mega Maulana","Mege Maulana","1965-03-11","ID","ID","Kepala Dinas (sintetis)","Synthetic record; not derived from any real list."
"WL-00682","INTERNAL_WATCH","Drs. Yuda Nanda Simatupang","","1957-09-21","ID","ID","","Synthetic record; not derived from any real list."
"WL-00683","PEP_SYNTHETIC","Indah Santoso","Indeh Santoso","1977-05-19","ID","ID","Pejabat Daerah (sintetis)","Synthetic record; not derived from any real list."
"WL-00684","PEP_SYNTHETIC","Wahyu Setiawan","","","ID","ID","Kepala Dinas (sintetis)","Synthetic record; not derived from any real list."
"WL-00685","SANCTIONS_SYNTHETIC","Dra. Zahra Simatupang","","","ID","ID","","Synthetic record; not derived from any real list."
"WL-00686","PEP_SYNTHETIC","Drs. Gilang Setiawan","","1966-10-23","ID","ID","Pejabat Daerah (sintetis)","Synthetic record; not derived from any real list."
"WL-00687","PEP_SYNTHETIC","Mega Permana","","","SA","ID","Pejabat Daerah (sintetis)","Synthetic record; not derived from any real list."
"WL-00688","PEP_SYNTHETIC","Joko Siregar","Joko Sireger","","ID","ID","Komisaris (sintetis)","Synthetic record; not derived from any real list."
"WL-00689","PEP_SYNTHETIC","Yuda Lubis","","","MY","ID","Komisaris (sintetis)","Synthetic record; not derived from any real list."
"WL-00690","PEP_SYNTHETIC","Wulan Maulana","","1991-02-11","ID","ID","Direktur BUMD (sintetis)","Synthetic record; not derived from any real list."
"WL-00691","INTERNAL_WATCH","Vina Dewi Nugroho","","1996-12-15","JP","ID","","Synthetic record; not derived from any real list."
"WL-00692","PEP_SYNTHETIC","Ir. Hadi Siregar","Ir. Hedi Siregar","1972-06-20","ID","ID","Anggota Dewan (sintetis)","Synthetic record; not derived from any real list."
"WL-00693","PEP_SYNTHETIC","Ir. Bayu Saputra","","","ID","ID","Direktur BUMD (sintetis)","Synthetic record; not derived from any real list."
"WL-00694","PEP_SYNTHETIC","H. Bayu Santoso","","1992-07-03","ID","ID","Komisaris (sintetis)","Synthetic record; not derived from any real list."
"WL-00695","PEP_SYNTHETIC","H. Dian Hidayat","","1958-10-17","SG","ID","Pejabat Daerah (sintetis)","Synthetic record; not derived from any real list."
"WL-00696","PEP_SYNTHETIC","Ir. Dian Wijaya","","1991-09-16","SG","ID","Direktur BUMD (sintetis)","Synthetic record; not derived from any real list."
"WL-00697","SANCTIONS_SYNTHETIC","Eka Joko Setiawan","Eke Joko Setiawan","1994-08-15","ID","ID","","Synthetic record; not derived from any real list."
"WL-00698","PEP_SYNTHETIC","Dra. Lestari Gunawan","Dre. Lestari Gunawan","1992-05-24","SG","ID","Anggota Dewan (sintetis)","Synthetic record; not derived from any real list."
"WL-00699","PEP_SYNTHETIC","Ir. Eka Wijaya","Ir. Eke Wijaya","1996-09-25","ID","ID","Anggota Dewan (sintetis)","Synthetic record; not derived from any real list."
"WL-00700","PEP_SYNTHETIC","Umi Lubis","","1961-07-19","ID","ID","Anggota Dewan (sintetis)","Synthetic record; not derived from any real list."
"WL-00701","SANCTIONS_SYNTHETIC","Ayu Gunawan","","1976-02-23","MY","ID","","Synthetic record; not derived from any real list."
"WL-00702","PEP_SYNTHETIC","Fajar Oki Permana","","1975-12-06","ID","ID","Pejabat Daerah (sintetis)","Synthetic record; not derived from any real list."
"WL-00703","SANCTIONS_SYNTHETIC","Hj. Putri Situmorang","Hj. Putri Situmoreng","1998-05-14","ID","ID","","Synthetic record; not derived from any real list."
"WL-00704","SANCTIONS_SYNTHETIC","Eka Simatupang","","","ID","ID","","Synthetic record; not derived from any real list."
"WL-00705","SANCTIONS_SYNTHETIC","H. Nanda Permana","","1963-09-09","ID","ID","","Synthetic record; not derived from any real list."
"WL-00706","INTERNAL_WATCH","H. Gilang Hidayat","H. Gileng Hidayat","1966-11-15","ID","ID","","Synthetic record; not derived from any real list."
"WL-00707","SANCTIONS_SYNTHETIC","Bagus Joko Permana","Begus Joko Permana","1951-06-07","ID","ID","","Synthetic record; not derived from any real list."
"WL-00708","PEP_SYNTHETIC","H. Bayu Gunawan","H. Beyu Gunawan","","SA","ID","Pejabat Daerah (sintetis)","Synthetic record; not derived from any real list."
"WL-00709","PEP_SYNTHETIC","Ir. Cahya Tono Hartono","","","JP","ID","Direktur BUMD (sintetis)","Synthetic record; not derived from any real list."
"WL-00710","PEP_SYNTHETIC","Drs. Eka Gilang Wijaya","","1985-12-06","AE","ID","Anggota Dewan (sintetis)","Synthetic record; not derived from any real list."
"WL-00711","PEP_SYNTHETIC","Ir. Gita Nugroho","","","ID","ID","Pejabat Daerah (sintetis)","Synthetic record; not derived from any real list."
"WL-00712","PEP_SYNTHETIC","Wulan Setiawan","","1972-10-21","ID","ID","Kepala Dinas (sintetis)","Synthetic record; not derived from any real list."
"WL-00713","PEP_SYNTHETIC","Zahra Kartika Siregar","","","SA","ID","Direktur BUMD (sintetis)","Synthetic record; not derived from any real list."
"WL-00714","PEP_SYNTHETIC","Zahra Nugroho","","","ID","ID","Direktur BUMD (sintetis)","Synthetic record; not derived from any real list."
"WL-00715","PEP_SYNTHETIC","Ir. Umi Hartono","","1988-09-09","NL","ID","Komisaris (sintetis)","Synthetic record; not derived from any real list."
"WL-00716","PEP_SYNTHETIC","Wahyu Oki Nugroho","Wehyu Oki Nugroho","1984-03-05","ID","ID","Direktur BUMD (sintetis)","Synthetic record; not derived from any real list."
"WL-00717","PEP_SYNTHETIC","Umi Anggraini","Umi Anggreini","1957-12-16","ID","ID","Direktur BUMD (sintetis)","Synthetic record; not derived from any real list."
"WL-00718","SANCTIONS_SYNTHETIC","Gilang Pratama","","","ID","ID","","Synthetic record; not derived from any real list."
"WL-00719","PEP_SYNTHETIC","Lestari Umi Lubis","","1985-07-14","ID","ID","Kepala Dinas (sintetis)","Synthetic record; not derived from any real list."
"WL-00720","PEP_SYNTHETIC","Sari Putri Siregar","","","AU","ID","Komisaris (sintetis)","Synthetic record; not derived from any real list."
"WL-00721","SANCTIONS_SYNTHETIC","Dra. Gita Siregar","Dre. Gita Siregar","1976-07-07","ID","ID","","Synthetic record; not derived from any real list."
"WL-00722","SANCTIONS_SYNTHETIC","Hj. Sari Siregar","Hj. Seri Siregar","1957-04-20","ID","ID","","Synthetic record; not derived from any real list."
"WL-00723","SANCTIONS_SYNTHETIC","Ir. Hadi Siregar","","1984-03-28","ID","ID","","Synthetic record; not derived from any real list."
"WL-00724","PEP_SYNTHETIC","Hj. Wulan Wijaya","","1956-12-25","ID","ID","Pejabat Daerah (sintetis)","Synthetic record; not derived from any real list."
"WL-00725","PEP_SYNTHETIC","Hj. Mega Situmorang","Hj. Mege Situmorang","","ID","ID","Anggota Dewan (sintetis)","Synthetic record; not derived from any real list."
"WL-00726","PEP_SYNTHETIC","Umi Nugroho","","1991-03-07","ID","ID","Direktur BUMD (sintetis)","Synthetic record; not derived from any real list."
"WL-00727","PEP_SYNTHETIC","Ir. Oki Dian Ramadhan","","","ID","ID","Kepala Dinas (sintetis)","Synthetic record; not derived from any real list."
"WL-00728","INTERNAL_WATCH","Joko Iwan Saputra","","1952-07-08","AU","ID","","Synthetic record; not derived from any real list."
"WL-00729","PEP_SYNTHETIC","H. Bayu Siregar","H. Beyu Siregar","","ID","ID","Kepala Dinas (sintetis)","Synthetic record; not derived from any real list."
"WL-00730","PEP_SYNTHETIC","Dra. Zahra Siregar","","1977-03-05","ID","ID","Kepala Dinas (sintetis)","Synthetic record; not derived from any real list."
"WL-00731","PEP_SYNTHETIC","Cahya Yuda Setiawan","","1952-08-24","US","ID","Komisaris (sintetis)","Synthetic record; not derived from any real list."
"WL-00732","PEP_SYNTHETIC","Drs. Adi Fajar Simatupang","","1991-10-15","ID","ID","Pejabat Daerah (sintetis)","Synthetic record; not derived from any real list."
"WL-00733","PEP_SYNTHETIC","Tono Gunawan","","","ID","ID","Kepala Dinas (sintetis)","Synthetic record; not derived from any real list."
"WL-00734","PEP_SYNTHETIC","Iwan Eka Maulana","Iwen Eka Maulana","1954-09-09","ID","ID","Komisaris (sintetis)","Synthetic record; not derived from any real list."
"WL-00735","PEP_SYNTHETIC","Ir. Citra Kusuma","Ir. Citre Kusuma","","ID","ID","Pejabat Daerah (sintetis)","Synthetic record; not derived from any real list."
"WL-00736","PEP_SYNTHETIC","Fajar Wijaya","Fejar Wijaya","","HK","ID","Anggota Dewan (sintetis)","Synthetic record; not derived from any real list."
"WL-00737","PEP_SYNTHETIC","Citra Santoso","","","NL","ID","Pejabat Daerah (sintetis)","Synthetic record; not derived from any real list."
"WL-00738","PEP_SYNTHETIC","Joko Halim","","1960-05-05","SG","ID","Kepala Dinas (sintetis)","Synthetic record; not derived from any real list."
"WL-00739","PEP_SYNTHETIC","Dra. Indah Permana","Dre. Indah Permana","1974-11-20","ID","ID","Pejabat Daerah (sintetis)","Synthetic record; not derived from any real list."
"WL-00740","SANCTIONS_SYNTHETIC","Nanda Situmorang","Nenda Situmorang","1950-04-15","AU","ID","","Synthetic record; not derived from any real list."
"WL-00741","PEP_SYNTHETIC","Cahya Cahya Ramadhan","","1963-04-23","ID","ID","Komisaris (sintetis)","Synthetic record; not derived from any real list."
"WL-00742","PEP_SYNTHETIC","Lestari Putri Ramadhan","","1965-05-21","ID","ID","Kepala Dinas (sintetis)","Synthetic record; not derived from any real list."
"WL-00743","SANCTIONS_SYNTHETIC","Umi Anggun Maulana","","","NL","ID","","Synthetic record; not derived from any real list."
"WL-00744","PEP_SYNTHETIC","Ir. Oki Ramadhan","","1977-03-20","JP","ID","Kepala Dinas (sintetis)","Synthetic record; not derived from any real list."
"WL-00745","SANCTIONS_SYNTHETIC","Hj. Zahra Maulana","","","US","ID","","Synthetic record; not derived from any real list."
"WL-00746","SANCTIONS_SYNTHETIC","Drs. Adi Siregar","Drs. Adi Sireger","1994-12-02","ID","ID","","Synthetic record; not derived from any real list."
"WL-00747","PEP_SYNTHETIC","Putri Permana","Putri Permena","1995-09-19","ID","ID","Anggota Dewan (sintetis)","Synthetic record; not derived from any real list."
"WL-00748","PEP_SYNTHETIC","Ir. Wahyu Rahmat Halim","Ir. Wehyu Rahmat Halim","1989-06-13","AE","ID","Direktur BUMD (sintetis)","Synthetic record; not derived from any real list."
"WL-00749","PEP_SYNTHETIC","Ir. Gilang Situmorang","","","ID","ID","Direktur BUMD (sintetis)","Synthetic record; not derived from any real list."
"WL-00750","PEP_SYNTHETIC","Ir. Dian Rahmat Simatupang","","1991-02-25","ID","ID","Pejabat Daerah (sintetis)","Synthetic record; not derived from any real list."
"WL-00751","SANCTIONS_SYNTHETIC","Fajar Siregar","Fejar Siregar","1980-06-11","US","ID","","Synthetic record; not derived from any real list."
"WL-00752","PEP_SYNTHETIC","Hj. Sari Umi Hartono","","1978-06-06","ID","ID","Komisaris (sintetis)","Synthetic record; not derived from any real list."
"WL-00753","INTERNAL_WATCH","Wulan Lestari Suryadi","Wulen Lestari Suryadi","1990-08-11","SG","ID","","Synthetic record; not derived from any real list."
"WL-00754","PEP_SYNTHETIC","Gita Lubis","","1962-07-12","ID","ID","Anggota Dewan (sintetis)","Synthetic record; not derived from any real list."
"WL-00755","PEP_SYNTHETIC","Ir. Bayu Suryadi","Ir. Beyu Suryadi","1973-12-23","SG","ID","Kepala Dinas (sintetis)","Synthetic record; not derived from any real list."
"WL-00756","INTERNAL_WATCH","Zahra Gunawan","","1968-07-24","ID","ID","","Synthetic record; not derived from any real list."
"WL-00757","SANCTIONS_SYNTHETIC","Siti Mega Simatupang","Siti Mege Simatupang","1961-10-14","ID","ID","","Synthetic record; not derived from any real list."
"WL-00758","SANCTIONS_SYNTHETIC","Rina Gunawan","","1978-08-03","MY","ID","","Synthetic record; not derived from any real list."
"WL-00759","SANCTIONS_SYNTHETIC","Mega Lubis","","1967-05-19","ID","ID","","Synthetic record; not derived from any real list."
"WL-00760","SANCTIONS_SYNTHETIC","Gilang Saputra","Gileng Saputra","1973-05-25","ID","ID","","Synthetic record; not derived from any real list."
"WL-00761","SANCTIONS_SYNTHETIC","Joko Saputra","","1953-08-22","ID","ID","","Synthetic record; not derived from any real list."
"WL-00762","PEP_SYNTHETIC","Sari Gunawan","","","JP","ID","Kepala Dinas (sintetis)","Synthetic record; not derived from any real list."
"WL-00763","PEP_SYNTHETIC","Tono Dian Nugroho","","1963-08-08","ID","ID","Anggota Dewan (sintetis)","Synthetic record; not derived from any real list."
"WL-00764","SANCTIONS_SYNTHETIC","Iwan Suryadi","","1968-11-12","HK","ID","","Synthetic record; not derived from any real list."
"WL-00765","INTERNAL_WATCH","H. Yuda Fajar Setiawan","","1982-09-08","ID","ID","","Synthetic record; not derived from any real list."
"WL-00766","PEP_SYNTHETIC","Hadi Lubis","","1992-03-08","ID","ID","Direktur BUMD (sintetis)","Synthetic record; not derived from any real list."
"WL-00767","PEP_SYNTHETIC","Dra. Wulan Saputra","Dre. Wulan Saputra","1981-08-06","ID","ID","Direktur BUMD (sintetis)","Synthetic record; not derived from any real list."
"WL-00768","PEP_SYNTHETIC","Lestari Ayu Kusuma","Lesteri Ayu Kusuma","1984-07-01","ID","ID","Kepala Dinas (sintetis)","Synthetic record; not derived from any real list."
"WL-00769","PEP_SYNTHETIC","Bagus Ramadhan","Begus Ramadhan","1955-03-21","ID","ID","Komisaris (sintetis)","Synthetic record; not derived from any real list."
"WL-00770","SANCTIONS_SYNTHETIC","Rahmat Siregar","","","ID","ID","","Synthetic record; not derived from any real list."
"WL-00771","SANCTIONS_SYNTHETIC","Drs. Tono Gunawan","","1967-12-20","ID","ID","","Synthetic record; not derived from any real list."
"WL-00772","PEP_SYNTHETIC","Zahra Siti Kusuma","Zehra Siti Kusuma","1990-10-25","ID","ID","Komisaris (sintetis)","Synthetic record; not derived from any real list."
"WL-00773","PEP_SYNTHETIC","Ir. Joko Situmorang","","","ID","ID","Pejabat Daerah (sintetis)","Synthetic record; not derived from any real list."
"WL-00774","PEP_SYNTHETIC","Fajar Siregar","","1967-08-02","ID","ID","Kepala Dinas (sintetis)","Synthetic record; not derived from any real list."
"WL-00775","PEP_SYNTHETIC","Joko Hidayat","","1984-12-03","ID","ID","Anggota Dewan (sintetis)","Synthetic record; not derived from any real list."
"WL-00776","PEP_SYNTHETIC","Dewi Putri Gunawan","","1972-01-15","SG","ID","Kepala Dinas (sintetis)","Synthetic record; not derived from any real list."
"WL-00777","SANCTIONS_SYNTHETIC","Mega Mega Saputra","Mege Mega Saputra","1982-08-11","ID","ID","","Synthetic record; not derived from any real list."
"WL-00778","SANCTIONS_SYNTHETIC","Wahyu Hidayat","Wehyu Hidayat","1987-09-06","ID","ID","","Synthetic record; not derived from any real list."
"WL-00779","PEP_SYNTHETIC","Cahya Siregar","Cehya Siregar","","ID","ID","Direktur BUMD (sintetis)","Synthetic record; not derived from any real list."
"WL-00780","PEP_SYNTHETIC","Umi Hidayat","Umi Hideyat","1997-01-23","ID","ID","Anggota Dewan (sintetis)","Synthetic record; not derived from any real list."
"WL-00781","PEP_SYNTHETIC","Ayu Hidayat","","1994-11-10","ID","ID","Kepala Dinas (sintetis)","Synthetic record; not derived from any real list."
"WL-00782","SANCTIONS_SYNTHETIC","H. Wahyu Wijaya","","1982-01-22","JP","ID","","Synthetic record; not derived from any real list."
"WL-00783","SANCTIONS_SYNTHETIC","Ir. Hadi Suryadi","","","ID","ID","","Synthetic record; not derived from any real list."
"WL-00784","SANCTIONS_SYNTHETIC","Drs. Tono Rahmat Kusuma","Drs. Tono Rehmat Kusuma","1969-06-05","ID","ID","","Synthetic record; not derived from any real list."
"WL-00785","PEP_SYNTHETIC","Wahyu Iwan Saputra","","1952-07-16","HK","ID","Komisaris (sintetis)","Synthetic record; not derived from any real list."
"WL-00786","PEP_SYNTHETIC","Bayu Setiawan","","1982-05-06","JP","ID","Pejabat Daerah (sintetis)","Synthetic record; not derived from any real list."
"WL-00787","INTERNAL_WATCH","Ir. Rahmat Oki Santoso","","1980-08-09","ID","ID","","Synthetic record; not derived from any real list."
"WL-00788","PEP_SYNTHETIC","H. Eka Iwan Gunawan","","1972-04-25","ID","ID","Pejabat Daerah (sintetis)","Synthetic record; not derived from any real list."
"WL-00789","SANCTIONS_SYNTHETIC","Adi Hidayat","","","SA","ID","","Synthetic record; not derived from any real list."
"WL-00790","PEP_SYNTHETIC","Ir. Gilang Hartono","Ir. Gileng Hartono","1981-03-25","ID","ID","Direktur BUMD (sintetis)","Synthetic record; not derived from any real list."
"WL-00791","PEP_SYNTHETIC","Ir. Dian Ramadhan","","","ID","ID","Anggota Dewan (sintetis)","Synthetic record; not derived from any real list."
"WL-00792","PEP_SYNTHETIC","Ir. Adi Kusuma","Ir. Adi Kusume","","ID","ID","Komisaris (sintetis)","Synthetic record; not derived from any real list."
"WL-00793","SANCTIONS_SYNTHETIC","Drs. Dian Maulana","","1976-10-19","AU","ID","","Synthetic record; not derived from any real list."
"WL-00794","PEP_SYNTHETIC","Dra. Kartika Pratama","","","ID","ID","Pejabat Daerah (sintetis)","Synthetic record; not derived from any real list."
"WL-00795","PEP_SYNTHETIC","Bagus Kusuma","Begus Kusuma","1983-05-16","KR","ID","Kepala Dinas (sintetis)","Synthetic record; not derived from any real list."
"WL-00796","PEP_SYNTHETIC","Wahyu Wahyu Hidayat","Wehyu Wahyu Hidayat","1998-03-18","AU","ID","Anggota Dewan (sintetis)","Synthetic record; not derived from any real list."
"WL-00797","PEP_SYNTHETIC","Dewi Wijaya","","","ID","ID","Direktur BUMD (sintetis)","Synthetic record; not derived from any real list."
"WL-00798","PEP_SYNTHETIC","Kartika Hartono","Kertika Hartono","","ID","ID","Direktur BUMD (sintetis)","Synthetic record; not derived from any real list."
"WL-00799","SANCTIONS_SYNTHETIC","Hj. Siti Nugroho","","1982-10-20","ID","ID","","Synthetic record; not derived from any real list."
"WL-00800","SANCTIONS_SYNTHETIC","Hj. Anggun Kusuma","","1974-01-22","ID","ID","","Synthetic record; not derived from any real list."
"WL-00801","SANCTIONS_SYNTHETIC","Ir. Cahya Simatupang","","","ID","ID","","Synthetic record; not derived from any real list."
"WL-00802","PEP_SYNTHETIC","Rahmat Setiawan","Rehmat Setiawan","1985-08-12","ID","ID","Direktur BUMD (sintetis)","Synthetic record; not derived from any real list."
"WL-00803","INTERNAL_WATCH","Citra Gunawan","Citre Gunawan","1970-11-01","ID","ID","","Synthetic record; not derived from any real list."
"WL-00804","PEP_SYNTHETIC","Drs. Bagus Gilang Santoso","Drs. Begus Gilang Santoso","","ID","ID","Anggota Dewan (sintetis)","Synthetic record; not derived from any real list."
"WL-00805","INTERNAL_WATCH","Joko Anggraini","","","AE","ID","","Synthetic record; not derived from any real list."
"WL-00806","PEP_SYNTHETIC","Drs. Eka Nanda Ramadhan","","","ID","ID","Komisaris (sintetis)","Synthetic record; not derived from any real list."
"WL-00807","SANCTIONS_SYNTHETIC","Rina Situmorang","Rine Situmorang","1954-12-16","ID","ID","","Synthetic record; not derived from any real list."
"WL-00808","PEP_SYNTHETIC","Fajar Anggraini","","","ID","ID","Pejabat Daerah (sintetis)","Synthetic record; not derived from any real list."
"WL-00809","PEP_SYNTHETIC","Oki Wahyu Santoso","Oki Wehyu Santoso","1984-06-14","ID","ID","Pejabat Daerah (sintetis)","Synthetic record; not derived from any real list."
"WL-00810","PEP_SYNTHETIC","Drs. Iwan Maulana","","1966-05-24","ID","ID","Pejabat Daerah (sintetis)","Synthetic record; not derived from any real list."
"WL-00811","SANCTIONS_SYNTHETIC","H. Yuda Saputra","","1952-08-26","ID","ID","","Synthetic record; not derived from any real list."
"WL-00812","SANCTIONS_SYNTHETIC","Ir. Indah Setiawan","Ir. Indeh Setiawan","1984-08-02","ID","ID","","Synthetic record; not derived from any real list."
"WL-00813","PEP_SYNTHETIC","Eka Iwan Santoso","","","ID","ID","Anggota Dewan (sintetis)","Synthetic record; not derived from any real list."
"WL-00814","SANCTIONS_SYNTHETIC","Hj. Kartika Suryadi","Hj. Kertika Suryadi","1988-06-24","ID","ID","","Synthetic record; not derived from any real list."
"WL-00815","SANCTIONS_SYNTHETIC","Bayu Anggraini","","1975-12-02","ID","ID","","Synthetic record; not derived from any real list."
"WL-00816","PEP_SYNTHETIC","Ir. Dian Hartono","Ir. Dien Hartono","1975-04-03","ID","ID","Kepala Dinas (sintetis)","Synthetic record; not derived from any real list."
"WL-00817","SANCTIONS_SYNTHETIC","Hadi Permana","","1971-09-18","ID","ID","","Synthetic record; not derived from any real list."
"WL-00818","PEP_SYNTHETIC","Eka Maulana","","1967-07-25","ID","ID","Anggota Dewan (sintetis)","Synthetic record; not derived from any real list."
"WL-00819","INTERNAL_WATCH","Adi Simatupang","Adi Simetupang","","ID","ID","","Synthetic record; not derived from any real list."
"WL-00820","PEP_SYNTHETIC","Hadi Hartono","","1963-07-05","ID","ID","Pejabat Daerah (sintetis)","Synthetic record; not derived from any real list."
"WL-00821","PEP_SYNTHETIC","Vina Suryadi","","1971-02-21","ID","ID","Direktur BUMD (sintetis)","Synthetic record; not derived from any real list."
"WL-00822","PEP_SYNTHETIC","H. Joko Hidayat","","1956-09-09","ID","ID","Kepala Dinas (sintetis)","Synthetic record; not derived from any real list."
"WL-00823","PEP_SYNTHETIC","Gilang Suryadi","","","ID","ID","Kepala Dinas (sintetis)","Synthetic record; not derived from any real list."
"WL-00824","SANCTIONS_SYNTHETIC","H. Joko Situmorang","","","ID","ID","","Synthetic record; not derived from any real list."
"WL-00825","PEP_SYNTHETIC","Zahra Kartika Gunawan","","1963-05-07","SA","ID","Direktur BUMD (sintetis)","Synthetic record; not derived from any real list."
"WL-00826","INTERNAL_WATCH","Wulan Halim","","1954-07-26","HK","ID","","Synthetic record; not derived from any real list."
"WL-00827","PEP_SYNTHETIC","Dian Eka Ramadhan","","1977-10-23","SA","ID","Anggota Dewan (sintetis)","Synthetic record; not derived from any real list."
"WL-00828","SANCTIONS_SYNTHETIC","Ir. Dewi Kusuma","","1956-09-16","ID","ID","","Synthetic record; not derived from any real list."
"WL-00829","PEP_SYNTHETIC","Eka Lubis","","1974-04-04","ID","ID","Direktur BUMD (sintetis)","Synthetic record; not derived from any real list."
"WL-00830","SANCTIONS_SYNTHETIC","Wahyu Joko Setiawan","","","ID","ID","","Synthetic record; not derived from any real list."
"WL-00831","PEP_SYNTHETIC","Drs. Yuda Maulana","","1984-11-25","ID","ID","Direktur BUMD (sintetis)","Synthetic record; not derived from any real list."
"WL-00832","PEP_SYNTHETIC","Drs. Tono Santoso","","1973-03-10","ID","ID","Pejabat Daerah (sintetis)","Synthetic record; not derived from any real list."
"WL-00833","PEP_SYNTHETIC","Ir. Joko Hartono","","1973-09-24","SG","ID","Komisaris (sintetis)","Synthetic record; not derived from any real list."
"WL-00834","PEP_SYNTHETIC","Dewi Wijaya","","1977-10-26","ID","ID","Komisaris (sintetis)","Synthetic record; not derived from any real list."
"WL-00835","PEP_SYNTHETIC","Hadi Ramadhan","Hedi Ramadhan","1975-05-02","ID","ID","Komisaris (sintetis)","Synthetic record; not derived from any real list."
"WL-00836","PEP_SYNTHETIC","Anggun Santoso","","1974-08-02","ID","ID","Komisaris (sintetis)","Synthetic record; not derived from any real list."
"WL-00837","PEP_SYNTHETIC","H. Nanda Fajar Setiawan","H. Nenda Fajar Setiawan","","ID","ID","Pejabat Daerah (sintetis)","Synthetic record; not derived from any real list."
"WL-00838","SANCTIONS_SYNTHETIC","Dra. Indah Halim","","1965-06-17","ID","ID","","Synthetic record; not derived from any real list."
"WL-00839","PEP_SYNTHETIC","Ir. Hadi Halim","Ir. Hedi Halim","1956-02-27","ID","ID","Komisaris (sintetis)","Synthetic record; not derived from any real list."
"WL-00840","PEP_SYNTHETIC","Hadi Adi Saputra","Hedi Adi Saputra","1986-11-14","NL","ID","Pejabat Daerah (sintetis)","Synthetic record; not derived from any real list."
"WL-00841","INTERNAL_WATCH","Gita Maulana","Gite Maulana","1967-12-22","SA","ID","","Synthetic record; not derived from any real list."
"WL-00842","PEP_SYNTHETIC","Dra. Putri Situmorang","Dre. Putri Situmorang","","ID","ID","Komisaris (sintetis)","Synthetic record; not derived from any real list."
"WL-00843","SANCTIONS_SYNTHETIC","Rina Santoso","Rine Santoso","1971-05-06","SG","ID","","Synthetic record; not derived from any real list."
"WL-00844","PEP_SYNTHETIC","Hj. Dewi Santoso","","1952-05-27","AE","ID","Direktur BUMD (sintetis)","Synthetic record; not derived from any real list."
"WL-00845","PEP_SYNTHETIC","Nanda Tono Wijaya","","","ID","ID","Anggota Dewan (sintetis)","Synthetic record; not derived from any real list."
"WL-00846","PEP_SYNTHETIC","Yuda Situmorang","","1995-09-14","ID","ID","Komisaris (sintetis)","Synthetic record; not derived from any real list."
"WL-00847","SANCTIONS_SYNTHETIC","Sari Saputra","","1963-07-07","ID","ID","","Synthetic record; not derived from any real list."
"WL-00848","PEP_SYNTHETIC","Umi Situmorang","Umi Situmoreng","","ID","ID","Direktur BUMD (sintetis)","Synthetic record; not derived from any real list."
"WL-00849","SANCTIONS_SYNTHETIC","H. Rahmat Pratama","H. Rehmat Pratama","1955-11-28","ID","ID","","Synthetic record; not derived from any real list."
"WL-00850","PEP_SYNTHETIC","Kartika Situmorang","","","ID","ID","Direktur BUMD (sintetis)","Synthetic record; not derived from any real list."
"WL-00851","SANCTIONS_SYNTHETIC","Drs. Hadi Siregar","Drs. Hedi Siregar","1952-08-04","ID","ID","","Synthetic record; not derived from any real list."
"WL-00852","SANCTIONS_SYNTHETIC","Ir. Dewi Nugroho","Ir. Dewi Nugroho","1964-08-14","ID","ID","","Synthetic record; not derived from any real list."
"WL-00853","PEP_SYNTHETIC","Rahmat Gunawan","","1980-06-02","ID","ID","Direktur BUMD (sintetis)","Synthetic record; not derived from any real list."
"WL-00854","PEP_SYNTHETIC","Mega Suryadi","","1986-10-21","ID","ID","Komisaris (sintetis)","Synthetic record; not derived from any real list."
"WL-00855","PEP_SYNTHETIC","H. Dian Maulana","","1987-03-02","ID","ID","Direktur BUMD (sintetis)","Synthetic record; not derived from any real list."
"WL-00856","PEP_SYNTHETIC","Drs. Fajar Setiawan","Drs. Fejar Setiawan","","ID","ID","Komisaris (sintetis)","Synthetic record; not derived from any real list."
"WL-00857","PEP_SYNTHETIC","Kartika Hidayat","Kertika Hidayat","1980-10-03","AE","ID","Direktur BUMD (sintetis)","Synthetic record; not derived from any real list."
"WL-00858","PEP_SYNTHETIC","Hj. Wulan Pratama","Hj. Wulen Pratama","1985-11-05","ID","ID","Anggota Dewan (sintetis)","Synthetic record; not derived from any real list."
"WL-00859","PEP_SYNTHETIC","Ir. Bagus Anggraini","","1982-09-12","ID","ID","Komisaris (sintetis)","Synthetic record; not derived from any real list."
"WL-00860","PEP_SYNTHETIC","H. Fajar Santoso","H. Fejar Santoso","1982-08-11","ID","ID","Direktur BUMD (sintetis)","Synthetic record; not derived from any real list."
"WL-00861","PEP_SYNTHETIC","Bagus Suryadi","Begus Suryadi","1991-06-04","ID","ID","Pejabat Daerah (sintetis)","Synthetic record; not derived from any real list."
"WL-00862","PEP_SYNTHETIC","Anggun Wijaya","","","ID","ID","Komisaris (sintetis)","Synthetic record; not derived from any real list."
"WL-00863","PEP_SYNTHETIC","Anggun Halim","","","ID","ID","Direktur BUMD (sintetis)","Synthetic record; not derived from any real list."
"WL-00864","PEP_SYNTHETIC","Mega Halim","Mege Halim","1953-07-15","ID","ID","Anggota Dewan (sintetis)","Synthetic record; not derived from any real list."
"WL-00865","SANCTIONS_SYNTHETIC","Adi Permana","","","ID","ID","","Synthetic record; not derived from any real list."
"WL-00866","PEP_SYNTHETIC","Oki Halim","","1962-03-14","ID","ID","Kepala Dinas (sintetis)","Synthetic record; not derived from any real list."
"WL-00867","PEP_SYNTHETIC","Umi Umi Anggraini","Umi Umi Anggreini","","ID","ID","Anggota Dewan (sintetis)","Synthetic record; not derived from any real list."
"WL-00868","PEP_SYNTHETIC","Kartika Permana","Kertika Permana","","ID","ID","Kepala Dinas (sintetis)","Synthetic record; not derived from any real list."
"WL-00869","PEP_SYNTHETIC","Sari Halim","Seri Halim","1968-04-23","ID","ID","Komisaris (sintetis)","Synthetic record; not derived from any real list."
"WL-00870","SANCTIONS_SYNTHETIC","H. Adi Yuda Lubis","","1998-10-22","KR","ID","","Synthetic record; not derived from any real list."
"WL-00871","INTERNAL_WATCH","H. Eka Kusuma","H. Eke Kusuma","1981-08-12","MY","ID","","Synthetic record; not derived from any real list."
"WL-00872","SANCTIONS_SYNTHETIC","Putri Suryadi","Putri Suryedi","","ID","ID","","Synthetic record; not derived from any real list."
"WL-00873","PEP_SYNTHETIC","Sari Siregar","","1995-06-02","ID","ID","Anggota Dewan (sintetis)","Synthetic record; not derived from any real list."
"WL-00874","SANCTIONS_SYNTHETIC","Mega Suryadi","","","ID","ID","","Synthetic record; not derived from any real list."
"WL-00875","PEP_SYNTHETIC","Wulan Saputra","Wulen Saputra","1984-06-21","AU","ID","Komisaris (sintetis)","Synthetic record; not derived from any real list."
"WL-00876","PEP_SYNTHETIC","Yuda Maulana","","1987-08-14","ID","ID","Pejabat Daerah (sintetis)","Synthetic record; not derived from any real list."
"WL-00877","PEP_SYNTHETIC","Sari Hidayat","Seri Hidayat","1987-06-06","ID","ID","Kepala Dinas (sintetis)","Synthetic record; not derived from any real list."
"WL-00878","SANCTIONS_SYNTHETIC","Rahmat Lubis","","1950-09-28","ID","ID","","Synthetic record; not derived from any real list."
"WL-00879","PEP_SYNTHETIC","Cahya Gunawan","Cehya Gunawan","","ID","ID","Pejabat Daerah (sintetis)","Synthetic record; not derived from any real list."
"WL-00880","PEP_SYNTHETIC","Adi Anggraini","Adi Anggreini","1989-07-18","ID","ID","Kepala Dinas (sintetis)","Synthetic record; not derived from any real list."
"WL-00881","PEP_SYNTHETIC","Dra. Anggun Gunawan","","","ID","ID","Direktur BUMD (sintetis)","Synthetic record; not derived from any real list."
"WL-00882","SANCTIONS_SYNTHETIC","Lestari Anggraini","","","ID","ID","","Synthetic record; not derived from any real list."
"WL-00883","SANCTIONS_SYNTHETIC","Dra. Gita Setiawan","","1951-04-15","ID","ID","","Synthetic record; not derived from any real list."
"WL-00884","PEP_SYNTHETIC","Hj. Zahra Kusuma","","1952-03-20","NL","ID","Komisaris (sintetis)","Synthetic record; not derived from any real list."
"WL-00885","PEP_SYNTHETIC","Hj. Dewi Lestari Pratama","Hj. Dewi Lesteri Pratama","1968-01-23","ID","ID","Komisaris (sintetis)","Synthetic record; not derived from any real list."
"WL-00886","INTERNAL_WATCH","Rahmat Siregar","","1983-02-11","ID","ID","","Synthetic record; not derived from any real list."
"WL-00887","PEP_SYNTHETIC","Ir. Anggun Umi Simatupang","Ir. Anggun Umi Simetupang","1965-12-16","ID","ID","Anggota Dewan (sintetis)","Synthetic record; not derived from any real list."
"WL-00888","PEP_SYNTHETIC","H. Fajar Dian Santoso","H. Fejar Dian Santoso","","JP","ID","Direktur BUMD (sintetis)","Synthetic record; not derived from any real list."
"WL-00889","SANCTIONS_SYNTHETIC","H. Dian Gunawan","H. Dien Gunawan","1953-08-16","ID","ID","","Synthetic record; not derived from any real list."
"WL-00890","SANCTIONS_SYNTHETIC","Ir. Dewi Suryadi","Ir. Dewi Suryedi","","ID","ID","","Synthetic record; not derived from any real list."
"WL-00891","INTERNAL_WATCH","Drs. Tono Saputra","Drs. Tono Seputra","1992-03-25","ID","ID","","Synthetic record; not derived from any real list."
"WL-00892","PEP_SYNTHETIC","Bagus Hadi Wijaya","Begus Hadi Wijaya","1986-04-02","ID","ID","Pejabat Daerah (sintetis)","Synthetic record; not derived from any real list."
"WL-00893","PEP_SYNTHETIC","Anggun Setiawan","","1962-02-26","JP","ID","Kepala Dinas (sintetis)","Synthetic record; not derived from any real list."
"WL-00894","PEP_SYNTHETIC","Tono Hartono","","1965-07-11","ID","ID","Komisaris (sintetis)","Synthetic record; not derived from any real list."
"WL-00895","PEP_SYNTHETIC","Drs. Wahyu Hartono","Drs. Wehyu Hartono","1962-07-25","ID","ID","Komisaris (sintetis)","Synthetic record; not derived from any real list."
"WL-00896","PEP_SYNTHETIC","Ir. Iwan Maulana","","1992-04-01","ID","ID","Pejabat Daerah (sintetis)","Synthetic record; not derived from any real list."
"WL-00897","PEP_SYNTHETIC","Cahya Permana","Cehya Permana","","SA","ID","Anggota Dewan (sintetis)","Synthetic record; not derived from any real list."
"WL-00898","PEP_SYNTHETIC","Lestari Vina Maulana","","","ID","ID","Komisaris (sintetis)","Synthetic record; not derived from any real list."
"WL-00899","PEP_SYNTHETIC","Drs. Wahyu Saputra","","1956-02-12","ID","ID","Direktur BUMD (sintetis)","Synthetic record; not derived from any real list."
"WL-00900","SANCTIONS_SYNTHETIC","Dra. Umi Umi Permana","","","ID","ID","","Synthetic record; not derived from any real list."
"WL-00901","PEP_SYNTHETIC","Dra. Siti Permana","","","ID","ID","Direktur BUMD (sintetis)","Synthetic record; not derived from any real list."
"WL-00902","PEP_SYNTHETIC","Rina Putri Pratama","","1964-06-22","ID","ID","Direktur BUMD (sintetis)","Synthetic record; not derived from any real list."
"WL-00903","INTERNAL_WATCH","Drs. Yuda Permana","Drs. Yude Permana","1954-01-26","ID","ID","","Synthetic record; not derived from any real list."
"WL-00904","PEP_SYNTHETIC","H. Adi Pratama","H. Adi Pretama","1992-11-03","AE","ID","Kepala Dinas (sintetis)","Synthetic record; not derived from any real list."
"WL-00905","PEP_SYNTHETIC","Dra. Indah Anggraini","","1986-08-12","ID","ID","Komisaris (sintetis)","Synthetic record; not derived from any real list."
"WL-00906","SANCTIONS_SYNTHETIC","Ir. Gilang Oki Wijaya","","1985-03-24","ID","ID","","Synthetic record; not derived from any real list."
"WL-00907","SANCTIONS_SYNTHETIC","Ir. Putri Nugroho","","","ID","ID","","Synthetic record; not derived from any real list."
"WL-00908","PEP_SYNTHETIC","Drs. Adi Yuda Saputra","Drs. Adi Yude Saputra","","ID","ID","Anggota Dewan (sintetis)","Synthetic record; not derived from any real list."
"WL-00909","PEP_SYNTHETIC","Umi Situmorang","","1989-03-19","KR","ID","Anggota Dewan (sintetis)","Synthetic record; not derived from any real list."
"WL-00910","PEP_SYNTHETIC","Mega Gita Gunawan","","1969-03-20","ID","ID","Anggota Dewan (sintetis)","Synthetic record; not derived from any real list."
"WL-00911","PEP_SYNTHETIC","Cahya Nugroho","","1957-01-17","AE","ID","Kepala Dinas (sintetis)","Synthetic record; not derived from any real list."
"WL-00912","PEP_SYNTHETIC","Zahra Anggraini","Zehra Anggraini","1978-12-27","ID","ID","Anggota Dewan (sintetis)","Synthetic record; not derived from any real list."
"WL-00913","INTERNAL_WATCH","Wulan Permana","Wulen Permana","1957-12-20","ID","ID","","Synthetic record; not derived from any real list."
"WL-00914","PEP_SYNTHETIC","Rina Lubis","Rine Lubis","1962-09-15","ID","ID","Komisaris (sintetis)","Synthetic record; not derived from any real list."
"WL-00915","SANCTIONS_SYNTHETIC","Dewi Pratama","Dewi Pretama","1987-06-26","ID","ID","","Synthetic record; not derived from any real list."
"WL-00916","SANCTIONS_SYNTHETIC","Ir. Siti Santoso","Ir. Siti Sentoso","1991-02-04","ID","ID","","Synthetic record; not derived from any real list."
"WL-00917","SANCTIONS_SYNTHETIC","Yuda Wijaya","","1950-07-19","ID","ID","","Synthetic record; not derived from any real list."
"WL-00918","INTERNAL_WATCH","Anggun Lubis","Anggun Lubis","1961-11-23","ID","ID","","Synthetic record; not derived from any real list."
"WL-00919","INTERNAL_WATCH","Nanda Suryadi","","1998-08-07","ID","ID","","Synthetic record; not derived from any real list."
"WL-00920","PEP_SYNTHETIC","Nanda Wijaya","","1998-10-03","ID","ID","Direktur BUMD (sintetis)","Synthetic record; not derived from any real list."
"WL-00921","PEP_SYNTHETIC","Anggun Suryadi","","1998-07-13","ID","ID","Pejabat Daerah (sintetis)","Synthetic record; not derived from any real list."
"WL-00922","PEP_SYNTHETIC","Dian Fajar Lubis","","1957-11-14","ID","ID","Anggota Dewan (sintetis)","Synthetic record; not derived from any real list."
"WL-00923","SANCTIONS_SYNTHETIC","H. Fajar Hidayat","","1952-10-26","MY","ID","","Synthetic record; not derived from any real list."
"WL-00924","SANCTIONS_SYNTHETIC","Gilang Oki Siregar","","","ID","ID","","Synthetic record; not derived from any real list."
"WL-00925","PEP_SYNTHETIC","Mega Rina Maulana","","","ID","ID","Anggota Dewan (sintetis)","Synthetic record; not derived from any real list."
"WL-00926","PEP_SYNTHETIC","Adi Suryadi","Adi Suryedi","1950-11-20","ID","ID","Komisaris (sintetis)","Synthetic record; not derived from any real list."
"WL-00927","INTERNAL_WATCH","Adi Nanda Suryadi","","","ID","ID","","Synthetic record; not derived from any real list."
"WL-00928","PEP_SYNTHETIC","Iwan Santoso","Iwen Santoso","1996-09-01","ID","ID","Kepala Dinas (sintetis)","Synthetic record; not derived from any real list."
"WL-00929","PEP_SYNTHETIC","Sari Vina Pratama","Seri Vina Pratama","","ID","ID","Direktur BUMD (sintetis)","Synthetic record; not derived from any real list."
"WL-00930","PEP_SYNTHETIC","Ir. Rahmat Rahmat Simatupang","Ir. Rehmat Rahmat Simatupang","1954-04-15","ID","ID","Komisaris (sintetis)","Synthetic record; not derived from any real list."
"WL-00931","PEP_SYNTHETIC","Rina Saputra","Rine Saputra","1966-06-12","HK","ID","Komisaris (sintetis)","Synthetic record; not derived from any real list."
"WL-00932","SANCTIONS_SYNTHETIC","Zahra Lestari Gunawan","","","ID","ID","","Synthetic record; not derived from any real list."
"WL-00933","INTERNAL_WATCH","Hj. Indah Anggraini","Hj. Indeh Anggraini","1989-10-11","ID","ID","","Synthetic record; not derived from any real list."
"WL-00934","PEP_SYNTHETIC","Iwan Siregar","Iwen Siregar","1973-12-27","KR","ID","Pejabat Daerah (sintetis)","Synthetic record; not derived from any real list."
"WL-00935","SANCTIONS_SYNTHETIC","Ir. Dian Ramadhan","","1961-09-09","NL","ID","","Synthetic record; not derived from any real list."
"WL-00936","PEP_SYNTHETIC","Anggun Halim","","1974-10-05","ID","ID","Anggota Dewan (sintetis)","Synthetic record; not derived from any real list."
"WL-00937","PEP_SYNTHETIC","Ayu Halim","","1986-01-18","ID","ID","Komisaris (sintetis)","Synthetic record; not derived from any real list."
"WL-00938","INTERNAL_WATCH","Hj. Mega Wijaya","","1980-05-13","ID","ID","","Synthetic record; not derived from any real list."
"WL-00939","PEP_SYNTHETIC","Ir. Putri Kartika Maulana","Ir. Putri Kertika Maulana","1992-02-05","ID","ID","Kepala Dinas (sintetis)","Synthetic record; not derived from any real list."
"WL-00940","PEP_SYNTHETIC","Nanda Santoso","","1983-04-04","AE","ID","Pejabat Daerah (sintetis)","Synthetic record; not derived from any real list."
"WL-00941","SANCTIONS_SYNTHETIC","Rahmat Siregar","","1996-05-04","ID","ID","","Synthetic record; not derived from any real list."
"WL-00942","PEP_SYNTHETIC","Mega Nugroho","","1952-05-11","ID","ID","Komisaris (sintetis)","Synthetic record; not derived from any real list."
"WL-00943","SANCTIONS_SYNTHETIC","Gita Indah Suryadi","","","AE","ID","","Synthetic record; not derived from any real list."
"WL-00944","SANCTIONS_SYNTHETIC","Dra. Wulan Suryadi","","1954-08-16","SG","ID","","Synthetic record; not derived from any real list."
"WL-00945","PEP_SYNTHETIC","Ir. Lestari Nugroho","","","AE","ID","Pejabat Daerah (sintetis)","Synthetic record; not derived from any real list."
"WL-00946","PEP_SYNTHETIC","Dra. Siti Hidayat","","1970-08-19","ID","ID","Pejabat Daerah (sintetis)","Synthetic record; not derived from any real list."
"WL-00947","PEP_SYNTHETIC","H. Wahyu Halim","H. Wehyu Halim","1987-12-06","ID","ID","Pejabat Daerah (sintetis)","Synthetic record; not derived from any real list."
"WL-00948","PEP_SYNTHETIC","Zahra Anggun Halim","","1992-02-24","ID","ID","Direktur BUMD (sintetis)","Synthetic record; not derived from any real list."
"WL-00949","PEP_SYNTHETIC","Ir. Cahya Permana","","","ID","ID","Kepala Dinas (sintetis)","Synthetic record; not derived from any real list."
"WL-00950","SANCTIONS_SYNTHETIC","Citra Nugroho","","1976-07-27","ID","ID","","Synthetic record; not derived from any real list."
"WL-00951","SANCTIONS_SYNTHETIC","Drs. Joko Fajar Halim","","1968-09-28","ID","ID","","Synthetic record; not derived from any real list."
"WL-00952","SANCTIONS_SYNTHETIC","Gilang Santoso","Gileng Santoso","1964-11-05","AU","ID","","Synthetic record; not derived from any real list."
"WL-00953","INTERNAL_WATCH","Putri Indah Nugroho","","","HK","ID","","Synthetic record; not derived from any real list."
"WL-00954","SANCTIONS_SYNTHETIC","Cahya Pratama","Cehya Pratama","1961-04-21","ID","ID","","Synthetic record; not derived from any real list."
"WL-00955","PEP_SYNTHETIC","Cahya Wijaya","","1982-04-06","ID","ID","Anggota Dewan (sintetis)","Synthetic record; not derived from any real list."
"WL-00956","PEP_SYNTHETIC","Vina Situmorang","","1965-03-14","ID","ID","Komisaris (sintetis)","Synthetic record; not derived from any real list."
"WL-00957","PEP_SYNTHETIC","Hj. Zahra Siregar","Hj. Zehra Siregar","","ID","ID","Direktur BUMD (sintetis)","Synthetic record; not derived from any real list."
"WL-00958","INTERNAL_WATCH","Kartika Simatupang","","1993-12-27","ID","ID","","Synthetic record; not derived from any real list."
"WL-00959","PEP_SYNTHETIC","Nanda Permana","","1958-02-26","ID","ID","Komisaris (sintetis)","Synthetic record; not derived from any real list."
"WL-00960","PEP_SYNTHETIC","Rahmat Santoso","Rehmat Santoso","1952-12-17","ID","ID","Komisaris (sintetis)","Synthetic record; not derived from any real list."
"WL-00961","INTERNAL_WATCH","Oki Pratama","Oki Pretama","1967-05-13","ID","ID","","Synthetic record; not derived from any real list."
"WL-00962","SANCTIONS_SYNTHETIC","Drs. Rahmat Gilang Saputra","","1951-01-26","ID","ID","","Synthetic record; not derived from any real list."
"WL-00963","PEP_SYNTHETIC","Ir. Nanda Lubis","Ir. Nenda Lubis","1951-02-01","ID","ID","Direktur BUMD (sintetis)","Synthetic record; not derived from any real list."
"WL-00964","SANCTIONS_SYNTHETIC","Iwan Pratama","Iwen Pratama","1951-07-28","US","ID","","Synthetic record; not derived from any real list."
"WL-00965","INTERNAL_WATCH","Wahyu Wijaya","Wehyu Wijaya","1968-04-10","ID","ID","","Synthetic record; not derived from any real list."
"WL-00966","PEP_SYNTHETIC","Oki Fajar Situmorang","","1967-10-04","ID","ID","Direktur BUMD (sintetis)","Synthetic record; not derived from any real list."
"WL-00967","SANCTIONS_SYNTHETIC","H. Fajar Adi Hartono","","1969-11-04","ID","ID","","Synthetic record; not derived from any real list."
"WL-00968","PEP_SYNTHETIC","Wulan Indah Saputra","","","ID","ID","Pejabat Daerah (sintetis)","Synthetic record; not derived from any real list."
"WL-00969","SANCTIONS_SYNTHETIC","Siti Simatupang","Siti Simetupang","1986-05-10","ID","ID","","Synthetic record; not derived from any real list."
"WL-00970","INTERNAL_WATCH","Ir. Citra Siregar","","1990-01-01","SA","ID","","Synthetic record; not derived from any real list."
"WL-00971","PEP_SYNTHETIC","Ir. Dewi Rina Saputra","","","ID","ID","Anggota Dewan (sintetis)","Synthetic record; not derived from any real list."
"WL-00972","SANCTIONS_SYNTHETIC","Dra. Kartika Suryadi","Dre. Kartika Suryadi","1972-06-18","ID","ID","","Synthetic record; not derived from any real list."
"WL-00973","PEP_SYNTHETIC","Sari Saputra","","","ID","ID","Pejabat Daerah (sintetis)","Synthetic record; not derived from any real list."
"WL-00974","SANCTIONS_SYNTHETIC","Drs. Tono Saputra","","","ID","ID","","Synthetic record; not derived from any real list."
"WL-00975","PEP_SYNTHETIC","H. Bagus Siregar","H. Begus Siregar","1951-11-18","ID","ID","Anggota Dewan (sintetis)","Synthetic record; not derived from any real list."
"WL-00976","SANCTIONS_SYNTHETIC","Ir. Lestari Ramadhan","Ir. Lesteri Ramadhan","1990-01-05","KR","ID","","Synthetic record; not derived from any real list."
"WL-00977","SANCTIONS_SYNTHETIC","Gita Setiawan","","1961-10-15","ID","ID","","Synthetic record; not derived from any real list."
"WL-00978","SANCTIONS_SYNTHETIC","Zahra Siti Situmorang","","1961-01-20","ID","ID","","Synthetic record; not derived from any real list."
"WL-00979","INTERNAL_WATCH","Iwan Ramadhan","Iwen Ramadhan","","ID","ID","","Synthetic record; not derived from any real list."
"WL-00980","INTERNAL_WATCH","Wahyu Gunawan","","","ID","ID","","Synthetic record; not derived from any real list."
"WL-00981","PEP_SYNTHETIC","Putri Anggraini","","","ID","ID","Anggota Dewan (sintetis)","Synthetic record; not derived from any real list."
"WL-00982","PEP_SYNTHETIC","H. Hadi Iwan Siregar","","","ID","ID","Anggota Dewan (sintetis)","Synthetic record; not derived from any real list."
"WL-00983","SANCTIONS_SYNTHETIC","Joko Simatupang","","1975-11-12","ID","ID","","Synthetic record; not derived from any real list."
"WL-00984","PEP_SYNTHETIC","Indah Nugroho","Indeh Nugroho","1951-11-13","ID","ID","Pejabat Daerah (sintetis)","Synthetic record; not derived from any real list."
"WL-00985","PEP_SYNTHETIC","Ir. Dian Maulana","","1981-12-21","ID","ID","Direktur BUMD (sintetis)","Synthetic record; not derived from any real list."
"WL-00986","PEP_SYNTHETIC","H. Dian Adi Hidayat","","","ID","ID","Kepala Dinas (sintetis)","Synthetic record; not derived from any real list."
"WL-00987","PEP_SYNTHETIC","Hj. Dewi Wulan Situmorang","Hj. Dewi Wulen Situmorang","","ID","ID","Kepala Dinas (sintetis)","Synthetic record; not derived from any real list."
"WL-00988","SANCTIONS_SYNTHETIC","H. Hadi Iwan Permana","","1987-03-21","ID","ID","","Synthetic record; not derived from any real list."
"WL-00989","PEP_SYNTHETIC","Dra. Dewi Santoso","Dre. Dewi Santoso","1971-12-20","ID","ID","Direktur BUMD (sintetis)","Synthetic record; not derived from any real list."
"WL-00990","PEP_SYNTHETIC","Wahyu Siregar","","","HK","ID","Direktur BUMD (sintetis)","Synthetic record; not derived from any real list."
"WL-00991","PEP_SYNTHETIC","Fajar Saputra","Fejar Saputra","1966-12-25","ID","ID","Pejabat Daerah (sintetis)","Synthetic record; not derived from any real list."
"WL-00992","SANCTIONS_SYNTHETIC","Bayu Pratama","Beyu Pratama","1967-03-14","JP","ID","","Synthetic record; not derived from any real list."
"WL-00993","PEP_SYNTHETIC","Joko Santoso","","1968-05-23","ID","ID","Kepala Dinas (sintetis)","Synthetic record; not derived from any real list."
"WL-00994","SANCTIONS_SYNTHETIC","Ir. Fajar Hidayat","Ir. Fejar Hidayat","1958-10-02","ID","ID","","Synthetic record; not derived from any real list."
"WL-00995","PEP_SYNTHETIC","H. Gilang Halim","","1953-01-07","ID","ID","Kepala Dinas (sintetis)","Synthetic record; not derived from any real list."
"WL-00996","SANCTIONS_SYNTHETIC","Gilang Santoso","","1986-12-21","ID","ID","","Synthetic record; not derived from any real list."
"WL-00997","SANCTIONS_SYNTHETIC","Umi Hidayat","Umi Hideyat","","AE","ID","","Synthetic record; not derived from any real list."
"WL-00998","PEP_SYNTHETIC","Ir. Anggun Nugroho","","1958-07-13","ID","ID","Komisaris (sintetis)","Synthetic record; not derived from any real list."
"WL-00999","PEP_SYNTHETIC","Citra Setiawan","","","ID","ID","Pejabat Daerah (sintetis)","Synthetic record; not derived from any real list."
"WL-01000","PEP_SYNTHETIC","Ir. Ayu Setiawan","","1991-01-07","ID","ID","Komisaris (sintetis)","Synthetic record; not derived from any real list."
"WL-01001","PEP_SYNTHETIC","Umi Siregar","","","ID","ID","Kepala Dinas (sintetis)","Synthetic record; not derived from any real list."
"WL-01002","PEP_SYNTHETIC","Bagus Permana","Begus Permana","","ID","ID","Anggota Dewan (sintetis)","Synthetic record; not derived from any real list."
"WL-01003","SANCTIONS_SYNTHETIC","Rina Lestari Siregar","Rine Lestari Siregar","1971-03-10","ID","ID","","Synthetic record; not derived from any real list."
"WL-01004","PEP_SYNTHETIC","Drs. Eka Tono Simatupang","","","ID","ID","Anggota Dewan (sintetis)","Synthetic record; not derived from any real list."
"WL-01005","PEP_SYNTHETIC","Adi Hadi Saputra","","","JP","ID","Kepala Dinas (sintetis)","Synthetic record; not derived from any real list."
"WL-01006","SANCTIONS_SYNTHETIC","Ir. Wahyu Yuda Simatupang","Ir. Wehyu Yuda Simatupang","1975-10-12","ID","ID","","Synthetic record; not derived from any real list."
"WL-01007","SANCTIONS_SYNTHETIC","Siti Vina Saputra","","1978-01-17","ID","ID","","Synthetic record; not derived from any real list."
"WL-01008","INTERNAL_WATCH","Ir. Umi Setiawan","Ir. Umi Setiewan","","ID","ID","","Synthetic record; not derived from any real list."
"WL-01009","PEP_SYNTHETIC","Dra. Dewi Ramadhan","Dre. Dewi Ramadhan","","ID","ID","Direktur BUMD (sintetis)","Synthetic record; not derived from any real list."
"WL-01010","SANCTIONS_SYNTHETIC","Ir. Ayu Setiawan","Ir. Ayu Setiewan","","ID","ID","","Synthetic record; not derived from any real list."
"WL-01011","SANCTIONS_SYNTHETIC","Mega Rina Santoso","Mege Rina Santoso","1987-12-08","SG","ID","","Synthetic record; not derived from any real list."
"WL-01012","PEP_SYNTHETIC","Wulan Saputra","","1979-01-27","ID","ID","Direktur BUMD (sintetis)","Synthetic record; not derived from any real list."
"WL-01013","PEP_SYNTHETIC","Hj. Sari Pratama","Hj. Seri Pratama","","ID","ID","Komisaris (sintetis)","Synthetic record; not derived from any real list."
"WL-01014","INTERNAL_WATCH","Ir. Eka Situmorang","Ir. Eke Situmorang","1988-11-24","ID","ID","","Synthetic record; not derived from any real list."
"WL-01015","SANCTIONS_SYNTHETIC","Umi Ramadhan","","1963-09-10","ID","ID","","Synthetic record; not derived from any real list."
"WL-01016","PEP_SYNTHETIC","Siti Situmorang","","1954-02-28","NL","ID","Direktur BUMD (sintetis)","Synthetic record; not derived from any real list."
"WL-01017","SANCTIONS_SYNTHETIC","Citra Setiawan","Citre Setiawan","1983-12-03","ID","ID","","Synthetic record; not derived from any real list."
"WL-01018","PEP_SYNTHETIC","Ir. Nanda Ramadhan","Ir. Nenda Ramadhan","1965-12-03","ID","ID","Pejabat Daerah (sintetis)","Synthetic record; not derived from any real list."
"WL-01019","PEP_SYNTHETIC","Drs. Bayu Kusuma","Drs. Beyu Kusuma","1985-01-13","ID","ID","Komisaris (sintetis)","Synthetic record; not derived from any real list."
"WL-01020","PEP_SYNTHETIC","Drs. Bayu Hidayat","","1951-04-08","ID","ID","Direktur BUMD (sintetis)","Synthetic record; not derived from any real list."
"WL-01021","PEP_SYNTHETIC","Drs. Cahya Kusuma","Drs. Cehya Kusuma","","SA","ID","Komisaris (sintetis)","Synthetic record; not derived from any real list."
"WL-01022","PEP_SYNTHETIC","Wahyu Hartono","","1952-01-26","ID","ID","Direktur BUMD (sintetis)","Synthetic record; not derived from any real list."
"WL-01023","INTERNAL_WATCH","Kartika Simatupang","Kertika Simatupang","1977-12-04","ID","ID","","Synthetic record; not derived from any real list."
"WL-01024","PEP_SYNTHETIC","Hj. Lestari Siregar","Hj. Lesteri Siregar","1959-11-18","ID","ID","Komisaris (sintetis)","Synthetic record; not derived from any real list."
"WL-01025","PEP_SYNTHETIC","Hj. Wulan Citra Wijaya","","","ID","ID","Direktur BUMD (sintetis)","Synthetic record; not derived from any real list."
"WL-01026","SANCTIONS_SYNTHETIC","Drs. Tono Hidayat","","1974-03-02","ID","ID","","Synthetic record; not derived from any real list."
"WL-01027","PEP_SYNTHETIC","Dra. Putri Anggraini","","1960-09-03","ID","ID","Direktur BUMD (sintetis)","Synthetic record; not derived from any real list."
"WL-01028","PEP_SYNTHETIC","Ir. Dewi Setiawan","","","ID","ID","Anggota Dewan (sintetis)","Synthetic record; not derived from any real list."
"WL-01029","PEP_SYNTHETIC","Hadi Anggraini","","1959-12-06","ID","ID","Pejabat Daerah (sintetis)","Synthetic record; not derived from any real list."
"WL-01030","SANCTIONS_SYNTHETIC","Hadi Wijaya","","1974-01-10","ID","ID","","Synthetic record; not derived from any real list."
"WL-01031","PEP_SYNTHETIC","Umi Halim","","1974-04-24","ID","ID","Pejabat Daerah (sintetis)","Synthetic record; not derived from any real list."
"WL-01032","PEP_SYNTHETIC","Ir. Wulan Umi Situmorang","Ir. Wulen Umi Situmorang","1992-12-17","ID","ID","Anggota Dewan (sintetis)","Synthetic record; not derived from any real list."
"WL-01033","SANCTIONS_SYNTHETIC","Ir. Nanda Situmorang","","1964-01-27","ID","ID","","Synthetic record; not derived from any real list."
"WL-01034","PEP_SYNTHETIC","Dra. Zahra Sari Permana","","","ID","ID","Anggota Dewan (sintetis)","Synthetic record; not derived from any real list."
"WL-01035","PEP_SYNTHETIC","Yuda Fajar Simatupang","","1980-07-11","ID","ID","Kepala Dinas (sintetis)","Synthetic record; not derived from any real list."
"WL-01036","SANCTIONS_SYNTHETIC","Dra. Gita Kartika Gunawan","","","ID","ID","","Synthetic record; not derived from any real list."
"WL-01037","PEP_SYNTHETIC","Dewi Hidayat","Dewi Hideyat","1960-11-28","ID","ID","Pejabat Daerah (sintetis)","Synthetic record; not derived from any real list."
"WL-01038","PEP_SYNTHETIC","Kartika Rina Hartono","","1986-09-21","ID","ID","Anggota Dewan (sintetis)","Synthetic record; not derived from any real list."
"WL-01039","PEP_SYNTHETIC","Adi Simatupang","","","ID","ID","Pejabat Daerah (sintetis)","Synthetic record; not derived from any real list."
"WL-01040","PEP_SYNTHETIC","H. Bagus Maulana","H. Begus Maulana","1968-02-01","ID","ID","Anggota Dewan (sintetis)","Synthetic record; not derived from any real list."
"WL-01041","SANCTIONS_SYNTHETIC","Ir. Dian Cahya Suryadi","Ir. Dien Cahya Suryadi","1956-05-21","ID","ID","","Synthetic record; not derived from any real list."
"WL-01042","SANCTIONS_SYNTHETIC","Lestari Kusuma","","1968-04-07","ID","ID","","Synthetic record; not derived from any real list."
"WL-01043","PEP_SYNTHETIC","Citra Santoso","Citre Santoso","1958-07-04","ID","ID","Pejabat Daerah (sintetis)","Synthetic record; not derived from any real list."
"WL-01044","PEP_SYNTHETIC","H. Adi Setiawan","H. Adi Setiewan","","ID","ID","Pejabat Daerah (sintetis)","Synthetic record; not derived from any real list."
"WL-01045","PEP_SYNTHETIC","Anggun Hartono","Anggun Hertono","1950-04-26","NL","ID","Komisaris (sintetis)","Synthetic record; not derived from any real list."
"WL-01046","SANCTIONS_SYNTHETIC","Gita Situmorang","","1993-06-02","ID","ID","","Synthetic record; not derived from any real list."
"WL-01047","PEP_SYNTHETIC","Citra Pratama","","1958-07-07","ID","ID","Direktur BUMD (sintetis)","Synthetic record; not derived from any real list."
"WL-01048","PEP_SYNTHETIC","Mega Siregar","Mege Siregar","1997-11-22","ID","ID","Kepala Dinas (sintetis)","Synthetic record; not derived from any real list."
"WL-01049","PEP_SYNTHETIC","Indah Saputra","Indeh Saputra","1966-11-12","JP","ID","Kepala Dinas (sintetis)","Synthetic record; not derived from any real list."
"WL-01050","PEP_SYNTHETIC","Sari Setiawan","","","SA","ID","Anggota Dewan (sintetis)","Synthetic record; not derived from any real list."
"WL-01051","PEP_SYNTHETIC","Hadi Anggraini","","1988-07-05","ID","ID","Kepala Dinas (sintetis)","Synthetic record; not derived from any real list."
"WL-01052","PEP_SYNTHETIC","Joko Anggraini","Joko Anggreini","1995-09-19","ID","ID","Kepala Dinas (sintetis)","Synthetic record; not derived from any real list."
"WL-01053","SANCTIONS_SYNTHETIC","Ir. Eka Santoso","","","ID","ID","","Synthetic record; not derived from any real list."
"WL-01054","PEP_SYNTHETIC","Putri Zahra Ramadhan","","1982-02-18","ID","ID","Direktur BUMD (sintetis)","Synthetic record; not derived from any real list."
"WL-01055","PEP_SYNTHETIC","Zahra Ramadhan","","1967-10-05","ID","ID","Pejabat Daerah (sintetis)","Synthetic record; not derived from any real list."
"WL-01056","PEP_SYNTHETIC","Drs. Cahya Yuda Pratama","Drs. Cehya Yuda Pratama","1982-07-28","ID","ID","Komisaris (sintetis)","Synthetic record; not derived from any real list."
"WL-01057","PEP_SYNTHETIC","Bagus Lubis","","1996-07-07","ID","ID","Kepala Dinas (sintetis)","Synthetic record; not derived from any real list."
"WL-01058","PEP_SYNTHETIC","Wulan Santoso","Wulen Santoso","1965-11-02","AE","ID","Komisaris (sintetis)","Synthetic record; not derived from any real list."
"WL-01059","PEP_SYNTHETIC","Ir. Iwan Kusuma","","1985-01-11","ID","ID","Komisaris (sintetis)","Synthetic record; not derived from any real list."
"WL-01060","PEP_SYNTHETIC","H. Joko Bayu Pratama","","","ID","ID","Komisaris (sintetis)","Synthetic record; not derived from any real list."
"WL-01061","PEP_SYNTHETIC","Yuda Lubis","","1975-11-25","US","ID","Anggota Dewan (sintetis)","Synthetic record; not derived from any real list."
"WL-01062","PEP_SYNTHETIC","Dra. Citra Gunawan","","","ID","ID","Direktur BUMD (sintetis)","Synthetic record; not derived from any real list."
"WL-01063","PEP_SYNTHETIC","H. Fajar Anggraini","","1998-09-17","ID","ID","Komisaris (sintetis)","Synthetic record; not derived from any real list."
"WL-01064","SANCTIONS_SYNTHETIC","Putri Suryadi","Putri Suryedi","","ID","ID","","Synthetic record; not derived from any real list."
"WL-01065","PEP_SYNTHETIC","Oki Joko Siregar","Oki Joko Sireger","","ID","ID","Pejabat Daerah (sintetis)","Synthetic record; not derived from any real list."
"WL-01066","SANCTIONS_SYNTHETIC","Rina Halim","","","ID","ID","","Synthetic record; not derived from any real list."
"WL-01067","SANCTIONS_SYNTHETIC","Sari Simatupang","Seri Simatupang","1974-09-20","ID","ID","","Synthetic record; not derived from any real list."
"WL-01068","PEP_SYNTHETIC","Zahra Santoso","Zehra Santoso","1984-05-26","ID","ID","Anggota Dewan (sintetis)","Synthetic record; not derived from any real list."
"WL-01069","PEP_SYNTHETIC","Oki Wijaya","Oki Wijeya","1973-05-01","ID","ID","Pejabat Daerah (sintetis)","Synthetic record; not derived from any real list."
"WL-01070","PEP_SYNTHETIC","Tono Wahyu Kusuma","","1958-05-10","ID","ID","Direktur BUMD (sintetis)","Synthetic record; not derived from any real list."
"WL-01071","SANCTIONS_SYNTHETIC","H. Iwan Pratama","","1956-04-18","HK","ID","","Synthetic record; not derived from any real list."
"WL-01072","PEP_SYNTHETIC","Drs. Adi Joko Hidayat","","1959-12-06","ID","ID","Komisaris (sintetis)","Synthetic record; not derived from any real list."
"WL-01073","PEP_SYNTHETIC","Ir. Sari Lestari Nugroho","Ir. Seri Lestari Nugroho","1955-05-16","ID","ID","Kepala Dinas (sintetis)","Synthetic record; not derived from any real list."
"WL-01074","PEP_SYNTHETIC","Ir. Cahya Bayu Saputra","","1991-09-06","ID","ID","Anggota Dewan (sintetis)","Synthetic record; not derived from any real list."
"WL-01075","SANCTIONS_SYNTHETIC","Bagus Pratama","","","ID","ID","","Synthetic record; not derived from any real list."
"WL-01076","PEP_SYNTHETIC","Putri Lestari Simatupang","","1950-05-27","ID","ID","Direktur BUMD (sintetis)","Synthetic record; not derived from any real list."
"WL-01077","PEP_SYNTHETIC","Bagus Eka Lubis","","1968-01-25","ID","ID","Anggota Dewan (sintetis)","Synthetic record; not derived from any real list."
"WL-01078","PEP_SYNTHETIC","Ir. Dian Bagus Lubis","Ir. Dien Bagus Lubis","1989-09-27","ID","ID","Direktur BUMD (sintetis)","Synthetic record; not derived from any real list."
"WL-01079","PEP_SYNTHETIC","Drs. Cahya Saputra","","1973-10-07","ID","ID","Komisaris (sintetis)","Synthetic record; not derived from any real list."
"WL-01080","SANCTIONS_SYNTHETIC","Putri Wijaya","Putri Wijeya","","MY","ID","","Synthetic record; not derived from any real list."
"WL-01081","PEP_SYNTHETIC","H. Yuda Hidayat","","1985-12-11","ID","ID","Direktur BUMD (sintetis)","Synthetic record; not derived from any real list."
"WL-01082","PEP_SYNTHETIC","Drs. Bayu Saputra","","1969-05-12","ID","ID","Anggota Dewan (sintetis)","Synthetic record; not derived from any real list."
"WL-01083","PEP_SYNTHETIC","Dra. Putri Gunawan","Dre. Putri Gunawan","1986-04-20","ID","ID","Komisaris (sintetis)","Synthetic record; not derived from any real list."
"WL-01084","PEP_SYNTHETIC","Drs. Tono Wijaya","Drs. Tono Wijeya","1977-12-13","ID","ID","Pejabat Daerah (sintetis)","Synthetic record; not derived from any real list."
"WL-01085","PEP_SYNTHETIC","Gita Wijaya","Gite Wijaya","1959-04-20","ID","ID","Pejabat Daerah (sintetis)","Synthetic record; not derived from any real list."
"WL-01086","PEP_SYNTHETIC","Bagus Pratama","","1971-07-20","NL","ID","Anggota Dewan (sintetis)","Synthetic record; not derived from any real list."
"WL-01087","SANCTIONS_SYNTHETIC","Wahyu Iwan Maulana","","1966-01-16","ID","ID","","Synthetic record; not derived from any real list."
"WL-01088","PEP_SYNTHETIC","Ir. Putri Nugroho","Ir. Putri Nugroho","1995-02-20","ID","ID","Kepala Dinas (sintetis)","Synthetic record; not derived from any real list."
"WL-01089","INTERNAL_WATCH","H. Yuda Bayu Wijaya","H. Yude Bayu Wijaya","1951-11-27","JP","ID","","Synthetic record; not derived from any real list."
"WL-01090","SANCTIONS_SYNTHETIC","Ayu Ramadhan","","1979-01-06","ID","ID","","Synthetic record; not derived from any real list."
"WL-01091","INTERNAL_WATCH","Dra. Vina Ramadhan","","1960-04-27","ID","ID","","Synthetic record; not derived from any real list."
"WL-01092","PEP_SYNTHETIC","Kartika Hidayat","Kertika Hidayat","","ID","ID","Pejabat Daerah (sintetis)","Synthetic record; not derived from any real list."
"WL-01093","PEP_SYNTHETIC","Oki Setiawan","","1983-04-23","MY","ID","Direktur BUMD (sintetis)","Synthetic record; not derived from any real list."
"WL-01094","INTERNAL_WATCH","Hj. Anggun Halim","","1975-11-12","ID","ID","","Synthetic record; not derived from any real list."
"WL-01095","PEP_SYNTHETIC","Indah Hartono","","1983-02-18","ID","ID","Direktur BUMD (sintetis)","Synthetic record; not derived from any real list."
"WL-01096","SANCTIONS_SYNTHETIC","H. Dian Cahya Suryadi","","1963-07-04","ID","ID","","Synthetic record; not derived from any real list."
"WL-01097","SANCTIONS_SYNTHETIC","Hadi Kusuma","Hedi Kusuma","1983-08-12","ID","ID","","Synthetic record; not derived from any real list."
"WL-01098","SANCTIONS_SYNTHETIC","Rahmat Hartono","Rehmat Hartono","1973-12-14","ID","ID","","Synthetic record; not derived from any real list."
"WL-01099","INTERNAL_WATCH","Hj. Putri Santoso","","","ID","ID","","Synthetic record; not derived from any real list."
"WL-01100","PEP_SYNTHETIC","Ir. Wulan Hidayat","","1977-06-21","ID","ID","Komisaris (sintetis)","Synthetic record; not derived from any real list."
"WL-01101","SANCTIONS_SYNTHETIC","Ir. Tono Dian Anggraini","","1971-03-27","ID","ID","","Synthetic record; not derived from any real list."
"WL-01102","PEP_SYNTHETIC","Umi Saputra","","1958-05-22","ID","ID","Anggota Dewan (sintetis)","Synthetic record; not derived from any real list."
"WL-01103","PEP_SYNTHETIC","Ir. Joko Siregar","Ir. Joko Sireger","1951-03-21","ID","ID","Pejabat Daerah (sintetis)","Synthetic record; not derived from any real list."
"WL-01104","SANCTIONS_SYNTHETIC","Drs. Bayu Permana","Drs. Beyu Permana","","MY","ID","","Synthetic record; not derived from any real list."
"WL-01105","PEP_SYNTHETIC","Dra. Rina Wijaya","Dre. Rina Wijaya","1967-06-04","ID","ID","Komisaris (sintetis)","Synthetic record; not derived from any real list."
"WL-01106","PEP_SYNTHETIC","Drs. Eka Gunawan","","1955-04-09","ID","ID","Pejabat Daerah (sintetis)","Synthetic record; not derived from any real list."
"WL-01107","INTERNAL_WATCH","Dra. Wulan Nugroho","","1961-09-18","SA","ID","","Synthetic record; not derived from any real list."
"WL-01108","PEP_SYNTHETIC","Hj. Putri Suryadi","Hj. Putri Suryedi","","ID","ID","Direktur BUMD (sintetis)","Synthetic record; not derived from any real list."
"WL-01109","PEP_SYNTHETIC","Rina Hidayat","","","ID","ID","Pejabat Daerah (sintetis)","Synthetic record; not derived from any real list."
"WL-01110","PEP_SYNTHETIC","H. Cahya Gunawan","","1954-06-20","ID","ID","Direktur BUMD (sintetis)","Synthetic record; not derived from any real list."
"WL-01111","PEP_SYNTHETIC","Citra Permana","","1995-06-01","ID","ID","Anggota Dewan (sintetis)","Synthetic record; not derived from any real list."
"WL-01112","SANCTIONS_SYNTHETIC","Rina Putri Wijaya","","1969-07-09","ID","ID","","Synthetic record; not derived from any real list."
"WL-01113","PEP_SYNTHETIC","Dian Anggraini","Dien Anggraini","1951-02-08","ID","ID","Anggota Dewan (sintetis)","Synthetic record; not derived from any real list."
"WL-01114","PEP_SYNTHETIC","Dra. Vina Ramadhan","","1997-08-19","KR","ID","Komisaris (sintetis)","Synthetic record; not derived from any real list."
"WL-01115","SANCTIONS_SYNTHETIC","Drs. Rahmat Gilang Hidayat","Drs. Rehmat Gilang Hidayat","1965-11-02","ID","ID","","Synthetic record; not derived from any real list."
"WL-01116","PEP_SYNTHETIC","Ir. Sari Anggraini","","","ID","ID","Anggota Dewan (sintetis)","Synthetic record; not derived from any real list."
"WL-01117","SANCTIONS_SYNTHETIC","Ir. Ayu Gita Lubis","","1995-04-09","ID","ID","","Synthetic record; not derived from any real list."
"WL-01118","PEP_SYNTHETIC","Drs. Iwan Kusuma","","","ID","ID","Anggota Dewan (sintetis)","Synthetic record; not derived from any real list."
"WL-01119","PEP_SYNTHETIC","Oki Bayu Kusuma","","1988-03-28","ID","ID","Kepala Dinas (sintetis)","Synthetic record; not derived from any real list."
"WL-01120","SANCTIONS_SYNTHETIC","Bayu Setiawan","","1976-05-08","ID","ID","","Synthetic record; not derived from any real list."
"WL-01121","PEP_SYNTHETIC","Drs. Nanda Iwan Maulana","Drs. Nenda Iwan Maulana","1988-05-15","ID","ID","Direktur BUMD (sintetis)","Synthetic record; not derived from any real list."
"WL-01122","PEP_SYNTHETIC","Ir. Fajar Nugroho","","1991-01-04","ID","ID","Komisaris (sintetis)","Synthetic record; not derived from any real list."
"WL-01123","INTERNAL_WATCH","Ir. Fajar Bayu Siregar","Ir. Fejar Bayu Siregar","1952-11-19","ID","ID","","Synthetic record; not derived from any real list."
"WL-01124","PEP_SYNTHETIC","Cahya Gilang Wijaya","","1978-04-25","ID","ID","Pejabat Daerah (sintetis)","Synthetic record; not derived from any real list."
"WL-01125","PEP_SYNTHETIC","Mega Ayu Setiawan","","1972-11-11","ID","ID","Direktur BUMD (sintetis)","Synthetic record; not derived from any real list."
"WL-01126","PEP_SYNTHETIC","Anggun Permana","Anggun Permena","1975-12-04","ID","ID","Pejabat Daerah (sintetis)","Synthetic record; not derived from any real list."
"WL-01127","SANCTIONS_SYNTHETIC","Ir. Siti Setiawan","","1979-04-21","ID","ID","","Synthetic record; not derived from any real list."
"WL-01128","PEP_SYNTHETIC","Wulan Simatupang","","","ID","ID","Direktur BUMD (sintetis)","Synthetic record; not derived from any real list."
"WL-01129","SANCTIONS_SYNTHETIC","Yuda Tono Maulana","Yude Tono Maulana","1993-08-12","ID","ID","","Synthetic record; not derived from any real list."
"WL-01130","PEP_SYNTHETIC","Hj. Vina Suryadi","Hj. Vine Suryadi","","ID","ID","Kepala Dinas (sintetis)","Synthetic record; not derived from any real list."
"WL-01131","SANCTIONS_SYNTHETIC","Wulan Anggraini","Wulen Anggraini","1961-03-18","ID","ID","","Synthetic record; not derived from any real list."
"WL-01132","INTERNAL_WATCH","Drs. Dian Ramadhan","","1987-12-10","ID","ID","","Synthetic record; not derived from any real list."
"WL-01133","SANCTIONS_SYNTHETIC","H. Nanda Eka Hartono","H. Nenda Eka Hartono","","ID","ID","","Synthetic record; not derived from any real list."
"WL-01134","PEP_SYNTHETIC","Dra. Umi Nugroho","","","ID","ID","Direktur BUMD (sintetis)","Synthetic record; not derived from any real list."
"WL-01135","PEP_SYNTHETIC","Dewi Permana","","1991-08-04","ID","ID","Kepala Dinas (sintetis)","Synthetic record; not derived from any real list."
"WL-01136","SANCTIONS_SYNTHETIC","Drs. Bagus Pratama","","1968-11-15","ID","ID","","Synthetic record; not derived from any real list."
"WL-01137","PEP_SYNTHETIC","Hj. Ayu Wijaya","","","ID","ID","Anggota Dewan (sintetis)","Synthetic record; not derived from any real list."
"WL-01138","PEP_SYNTHETIC","Nanda Wijaya","","1952-12-10","ID","ID","Direktur BUMD (sintetis)","Synthetic record; not derived from any real list."
"WL-01139","SANCTIONS_SYNTHETIC","Gita Ramadhan","","1994-12-12","ID","ID","","Synthetic record; not derived from any real list."
"WL-01140","PEP_SYNTHETIC","Joko Siregar","","","ID","ID","Komisaris (sintetis)","Synthetic record; not derived from any real list."
"WL-01141","SANCTIONS_SYNTHETIC","Rahmat Bayu Saputra","","1982-08-08","ID","ID","","Synthetic record; not derived from any real list."
"WL-01142","SANCTIONS_SYNTHETIC","Wahyu Yuda Kusuma","","","ID","ID","","Synthetic record; not derived from any real list."
"WL-01143","INTERNAL_WATCH","Drs. Iwan Hidayat","","","ID","ID","","Synthetic record; not derived from any real list."
"WL-01144","PEP_SYNTHETIC","Drs. Tono Dian Anggraini","","1990-06-01","ID","ID","Komisaris (sintetis)","Synthetic record; not derived from any real list."
"WL-01145","PEP_SYNTHETIC","Kartika Lestari Lubis","","1989-11-19","ID","ID","Komisaris (sintetis)","Synthetic record; not derived from any real list."
"WL-01146","INTERNAL_WATCH","Ir. Citra Permana","","","ID","ID","","Synthetic record; not derived from any real list."
"WL-01147","SANCTIONS_SYNTHETIC","Bayu Suryadi","","1958-05-04","ID","ID","","Synthetic record; not derived from any real list."
"WL-01148","INTERNAL_WATCH","Eka Hidayat","","1963-11-19","ID","ID","","Synthetic record; not derived from any real list."
"WL-01149","PEP_SYNTHETIC","Dian Halim","","","ID","ID","Direktur BUMD (sintetis)","Synthetic record; not derived from any real list."
"WL-01150","PEP_SYNTHETIC","Gita Ramadhan","Gite Ramadhan","1951-04-08","ID","ID","Direktur BUMD (sintetis)","Synthetic record; not derived from any real list."
"WL-01151","SANCTIONS_SYNTHETIC","Dra. Gita Gunawan","Dre. Gita Gunawan","1982-06-20","ID","ID","","Synthetic record; not derived from any real list."
"WL-01152","PEP_SYNTHETIC","H. Joko Siregar","H. Joko Sireger","1997-10-08","ID","ID","Anggota Dewan (sintetis)","Synthetic record; not derived from any real list."
"WL-01153","SANCTIONS_SYNTHETIC","Zahra Wijaya","","","US","ID","","Synthetic record; not derived from any real list."
"WL-01154","PEP_SYNTHETIC","Eka Maulana","Eke Maulana","1996-06-03","ID","ID","Pejabat Daerah (sintetis)","Synthetic record; not derived from any real list."
"WL-01155","SANCTIONS_SYNTHETIC","Gita Lestari Santoso","","1991-02-05","ID","ID","","Synthetic record; not derived from any real list."
"WL-01156","PEP_SYNTHETIC","Dian Halim","","","ID","ID","Pejabat Daerah (sintetis)","Synthetic record; not derived from any real list."
"WL-01157","PEP_SYNTHETIC","Iwan Maulana","Iwen Maulana","","ID","ID","Direktur BUMD (sintetis)","Synthetic record; not derived from any real list."
"WL-01158","PEP_SYNTHETIC","Hj. Lestari Citra Setiawan","","1973-11-21","ID","ID","Direktur BUMD (sintetis)","Synthetic record; not derived from any real list."
"WL-01159","INTERNAL_WATCH","Dra. Anggun Nugroho","","","ID","ID","","Synthetic record; not derived from any real list."
"WL-01160","PEP_SYNTHETIC","Ir. Bagus Suryadi","Ir. Begus Suryadi","1956-09-20","ID","ID","Direktur BUMD (sintetis)","Synthetic record; not derived from any real list."
"WL-01161","SANCTIONS_SYNTHETIC","Gilang Suryadi","","1982-04-02","ID","ID","","Synthetic record; not derived from any real list."
"WL-01162","PEP_SYNTHETIC","Drs. Nanda Wijaya","Drs. Nenda Wijaya","1970-01-08","ID","ID","Anggota Dewan (sintetis)","Synthetic record; not derived from any real list."
"WL-01163","SANCTIONS_SYNTHETIC","Hj. Citra Santoso","Hj. Citre Santoso","1982-05-08","ID","ID","","Synthetic record; not derived from any real list."
"WL-01164","PEP_SYNTHETIC","Joko Fajar Situmorang","","","KR","ID","Komisaris (sintetis)","Synthetic record; not derived from any real list."
"WL-01165","PEP_SYNTHETIC","Cahya Wahyu Halim","Cehya Wahyu Halim","1979-12-16","ID","ID","Pejabat Daerah (sintetis)","Synthetic record; not derived from any real list."
"WL-01166","SANCTIONS_SYNTHETIC","Ir. Rahmat Maulana","Ir. Rehmat Maulana","1958-10-07","JP","ID","","Synthetic record; not derived from any real list."
"WL-01167","PEP_SYNTHETIC","Ayu Anggun Setiawan","","","ID","ID","Direktur BUMD (sintetis)","Synthetic record; not derived from any real list."
"WL-01168","PEP_SYNTHETIC","Dra. Vina Putri Anggraini","Dre. Vina Putri Anggraini","","ID","ID","Anggota Dewan (sintetis)","Synthetic record; not derived from any real list."
"WL-01169","PEP_SYNTHETIC","Drs. Dian Hidayat","","","ID","ID","Direktur BUMD (sintetis)","Synthetic record; not derived from any real list."
"WL-01170","PEP_SYNTHETIC","Dra. Lestari Anggun Gunawan","","1967-04-16","ID","ID","Direktur BUMD (sintetis)","Synthetic record; not derived from any real list."
"WL-01171","SANCTIONS_SYNTHETIC","Iwan Hidayat","","1973-07-21","ID","ID","","Synthetic record; not derived from any real list."
"WL-01172","INTERNAL_WATCH","Ir. Nanda Wijaya","","1958-08-18","ID","ID","","Synthetic record; not derived from any real list."
"WL-01173","PEP_SYNTHETIC","Ir. Gilang Situmorang","","1990-01-26","ID","ID","Pejabat Daerah (sintetis)","Synthetic record; not derived from any real list."
"WL-01174","PEP_SYNTHETIC","Wahyu Permana","Wehyu Permana","1980-03-05","ID","ID","Anggota Dewan (sintetis)","Synthetic record; not derived from any real list."
"WL-01175","PEP_SYNTHETIC","Drs. Bagus Suryadi","","","ID","ID","Kepala Dinas (sintetis)","Synthetic record; not derived from any real list."
"WL-01176","INTERNAL_WATCH","Dra. Putri Saputra","","1972-12-10","ID","ID","","Synthetic record; not derived from any real list."
"WL-01177","PEP_SYNTHETIC","Dra. Siti Umi Kusuma","Dre. Siti Umi Kusuma","1996-05-27","ID","ID","Komisaris (sintetis)","Synthetic record; not derived from any real list."
"WL-01178","INTERNAL_WATCH","Drs. Fajar Simatupang","","1954-09-26","ID","ID","","Synthetic record; not derived from any real list."
"WL-01179","PEP_SYNTHETIC","H. Rahmat Iwan Situmorang","H. Rehmat Iwan Situmorang","1980-03-19","JP","ID","Anggota Dewan (sintetis)","Synthetic record; not derived from any real list."
"WL-01180","PEP_SYNTHETIC","Ir. Cahya Gunawan","Ir. Cehya Gunawan","1964-12-04","US","ID","Direktur BUMD (sintetis)","Synthetic record; not derived from any real list."
"WL-01181","PEP_SYNTHETIC","Adi Pratama","","","ID","ID","Kepala Dinas (sintetis)","Synthetic record; not derived from any real list."
"WL-01182","INTERNAL_WATCH","Sari Maulana","","1998-02-12","ID","ID","","Synthetic record; not derived from any real list."
"WL-01183","SANCTIONS_SYNTHETIC","Nanda Ramadhan","Nenda Ramadhan","1979-11-02","ID","ID","","Synthetic record; not derived from any real list."
"WL-01184","SANCTIONS_SYNTHETIC","Umi Suryadi","","1968-07-16","ID","ID","","Synthetic record; not derived from any real list."
"WL-01185","PEP_SYNTHETIC","Tono Nugroho","","1961-06-17","ID","ID","Pejabat Daerah (sintetis)","Synthetic record; not derived from any real list."
"WL-01186","SANCTIONS_SYNTHETIC","Hj. Ayu Kusuma","","1964-08-20","ID","ID","","Synthetic record; not derived from any real list."
"WL-01187","PEP_SYNTHETIC","Umi Hidayat","","1984-10-12","ID","ID","Kepala Dinas (sintetis)","Synthetic record; not derived from any real list."
"WL-01188","SANCTIONS_SYNTHETIC","Dian Hidayat","","1995-12-23","ID","ID","","Synthetic record; not derived from any real list."
"WL-01189","PEP_SYNTHETIC","Dra. Mega Gunawan","","1977-11-28","ID","ID","Komisaris (sintetis)","Synthetic record; not derived from any real list."
"WL-01190","SANCTIONS_SYNTHETIC","Tono Wijaya","","1956-01-20","ID","ID","","Synthetic record; not derived from any real list."
"WL-01191","PEP_SYNTHETIC","Mega Lestari Simatupang","","1963-04-01","ID","ID","Pejabat Daerah (sintetis)","Synthetic record; not derived from any real list."
"WL-01192","PEP_SYNTHETIC","Gita Siregar","","1985-09-02","ID","ID","Anggota Dewan (sintetis)","Synthetic record; not derived from any real list."
"WL-01193","PEP_SYNTHETIC","Citra Rina Santoso","","1973-09-05","ID","ID","Direktur BUMD (sintetis)","Synthetic record; not derived from any real list."
"WL-01194","SANCTIONS_SYNTHETIC","Yuda Eka Saputra","","","ID","ID","","Synthetic record; not derived from any real list."
"WL-01195","PEP_SYNTHETIC","Cahya Oki Anggraini","","1968-08-16","ID","ID","Kepala Dinas (sintetis)","Synthetic record; not derived from any real list."
"WL-01196","SANCTIONS_SYNTHETIC","Drs. Bagus Bayu Permana","Drs. Begus Bayu Permana","","ID","ID","","Synthetic record; not derived from any real list."
"WL-01197","PEP_SYNTHETIC","Hj. Ayu Anggraini","","1992-09-26","ID","ID","Pejabat Daerah (sintetis)","Synthetic record; not derived from any real list."
"WL-01198","INTERNAL_WATCH","Citra Saputra","Citre Saputra","1997-04-07","ID","ID","","Synthetic record; not derived from any real list."
"WL-01199","PEP_SYNTHETIC","Tono Fajar Pratama","","1991-08-22","ID","ID","Komisaris (sintetis)","Synthetic record; not derived from any real list."
"WL-01200","SANCTIONS_SYNTHETIC","Umi Hidayat","Umi Hideyat","1972-08-28","ID","ID","","Synthetic record; not derived from any real list."
"WL-01201","SANCTIONS_SYNTHETIC","Rahmat Simatupang","","1978-04-23","ID","ID","","Synthetic record; not derived from any real list."
"WL-01202","PEP_SYNTHETIC","Zahra Nugroho","Zehra Nugroho","1955-08-19","ID","ID","Anggota Dewan (sintetis)","Synthetic record; not derived from any real list."
"WL-01203","PEP_SYNTHETIC","Dian Nanda Ramadhan","","1995-10-01","ID","ID","Anggota Dewan (sintetis)","Synthetic record; not derived from any real list."
"WL-01204","PEP_SYNTHETIC","Oki Hartono","Oki Hertono","1965-08-19","ID","ID","Anggota Dewan (sintetis)","Synthetic record; not derived from any real list."
"WL-01205","PEP_SYNTHETIC","Hadi Halim","","","ID","ID","Direktur BUMD (sintetis)","Synthetic record; not derived from any real list."
"WL-01206","SANCTIONS_SYNTHETIC","Fajar Eka Suryadi","","1958-02-28","ID","ID","","Synthetic record; not derived from any real list."
"WL-01207","PEP_SYNTHETIC","Drs. Iwan Siregar","","1985-03-03","ID","ID","Komisaris (sintetis)","Synthetic record; not derived from any real list."
"WL-01208","SANCTIONS_SYNTHETIC","Dra. Zahra Anggraini","","1986-02-11","HK","ID","","Synthetic record; not derived from any real list."
"WL-01209","SANCTIONS_SYNTHETIC","Rina Permana","Rine Permana","1963-06-08","MY","ID","","Synthetic record; not derived from any real list."
"WL-01210","PEP_SYNTHETIC","Putri Putri Suryadi","Putri Putri Suryedi","","ID","ID","Kepala Dinas (sintetis)","Synthetic record; not derived from any real list."
"WL-01211","INTERNAL_WATCH","Umi Kartika Saputra","Umi Kertika Saputra","1950-04-24","ID","ID","","Synthetic record; not derived from any real list."
"WL-01212","PEP_SYNTHETIC","Eka Setiawan","","","ID","ID","Direktur BUMD (sintetis)","Synthetic record; not derived from any real list."
"WL-01213","PEP_SYNTHETIC","Hj. Ayu Kusuma","Hj. Ayu Kusume","1976-12-04","ID","ID","Direktur BUMD (sintetis)","Synthetic record; not derived from any real list."
"WL-01214","PEP_SYNTHETIC","Dian Bayu Ramadhan","","","ID","ID","Pejabat Daerah (sintetis)","Synthetic record; not derived from any real list."
"WL-01215","PEP_SYNTHETIC","Ir. Hadi Setiawan","Ir. Hedi Setiawan","1989-04-05","ID","ID","Anggota Dewan (sintetis)","Synthetic record; not derived from any real list."
"WL-01216","INTERNAL_WATCH","H. Yuda Situmorang","","","ID","ID","","Synthetic record; not derived from any real list."
"WL-01217","SANCTIONS_SYNTHETIC","Dra. Sari Putri Ramadhan","","1976-10-28","AU","ID","","Synthetic record; not derived from any real list."
"WL-01218","PEP_SYNTHETIC","Vina Citra Suryadi","","1979-12-28","ID","ID","Direktur BUMD (sintetis)","Synthetic record; not derived from any real list."
"WL-01219","PEP_SYNTHETIC","Dra. Putri Wijaya","Dre. Putri Wijaya","1952-03-14","US","ID","Pejabat Daerah (sintetis)","Synthetic record; not derived from any real list."
"WL-01220","PEP_SYNTHETIC","Hj. Umi Anggraini","Hj. Umi Anggreini","","ID","ID","Kepala Dinas (sintetis)","Synthetic record; not derived from any real list."
"WL-01221","PEP_SYNTHETIC","Hadi Situmorang","","1991-08-22","ID","ID","Pejabat Daerah (sintetis)","Synthetic record; not derived from any real list."
"WL-01222","PEP_SYNTHETIC","Eka Hartono","","1990-11-07","ID","ID","Kepala Dinas (sintetis)","Synthetic record; not derived from any real list."
"WL-01223","PEP_SYNTHETIC","Siti Wijaya","","1974-08-17","ID","ID","Komisaris (sintetis)","Synthetic record; not derived from any real list."
"WL-01224","SANCTIONS_SYNTHETIC","Ir. Wahyu Bagus Ramadhan","Ir. Wehyu Bagus Ramadhan","","ID","ID","","Synthetic record; not derived from any real list."
"WL-01225","PEP_SYNTHETIC","H. Gilang Anggraini","","1993-01-10","ID","ID","Komisaris (sintetis)","Synthetic record; not derived from any real list."
"WL-01226","PEP_SYNTHETIC","Dra. Dewi Zahra Hidayat","Dre. Dewi Zahra Hidayat","","JP","ID","Anggota Dewan (sintetis)","Synthetic record; not derived from any real list."
"WL-01227","PEP_SYNTHETIC","Hj. Umi Hartono","Hj. Umi Hertono","","ID","ID","Kepala Dinas (sintetis)","Synthetic record; not derived from any real list."
"WL-01228","PEP_SYNTHETIC","Drs. Adi Ramadhan","","1954-10-04","ID","ID","Pejabat Daerah (sintetis)","Synthetic record; not derived from any real list."
"WL-01229","SANCTIONS_SYNTHETIC","H. Bayu Situmorang","","1963-10-04","ID","ID","","Synthetic record; not derived from any real list."
"WL-01230","SANCTIONS_SYNTHETIC","Cahya Cahya Hartono","Cehya Cahya Hartono","1955-04-28","ID","ID","","Synthetic record; not derived from any real list."
"WL-01231","SANCTIONS_SYNTHETIC","Adi Hidayat","","1968-04-28","AU","ID","","Synthetic record; not derived from any real list."
"WL-01232","PEP_SYNTHETIC","H. Gilang Nugroho","H. Gileng Nugroho","1977-02-03","ID","ID","Pejabat Daerah (sintetis)","Synthetic record; not derived from any real list."
"WL-01233","SANCTIONS_SYNTHETIC","Dewi Rina Hartono","Dewi Rine Hartono","1994-10-01","ID","ID","","Synthetic record; not derived from any real list."
"WL-01234","PEP_SYNTHETIC","Anggun Setiawan","","1963-01-21","ID","ID","Kepala Dinas (sintetis)","Synthetic record; not derived from any real list."
"WL-01235","SANCTIONS_SYNTHETIC","Siti Anggraini","","","ID","ID","","Synthetic record; not derived from any real list."
"WL-01236","SANCTIONS_SYNTHETIC","Oki Setiawan","","1974-02-16","ID","ID","","Synthetic record; not derived from any real list."
"WL-01237","PEP_SYNTHETIC","Ir. Lestari Kartika Siregar","","1985-01-26","SG","ID","Kepala Dinas (sintetis)","Synthetic record; not derived from any real list."
"WL-01238","PEP_SYNTHETIC","H. Bayu Oki Hartono","","","ID","ID","Komisaris (sintetis)","Synthetic record; not derived from any real list."
"WL-01239","PEP_SYNTHETIC","Ir. Ayu Maulana","","1952-02-07","ID","ID","Anggota Dewan (sintetis)","Synthetic record; not derived from any real list."
"WL-01240","PEP_SYNTHETIC","Ayu Setiawan","Ayu Setiewan","1950-07-10","ID","ID","Pejabat Daerah (sintetis)","Synthetic record; not derived from any real list."
"WL-01241","PEP_SYNTHETIC","Ir. Bagus Nanda Kusuma","Ir. Begus Nanda Kusuma","","ID","ID","Anggota Dewan (sintetis)","Synthetic record; not derived from any real list."
"WL-01242","INTERNAL_WATCH","Hj. Umi Pratama","","1958-03-15","ID","ID","","Synthetic record; not derived from any real list."
"WL-01243","SANCTIONS_SYNTHETIC","Adi Hartono","","1984-12-23","ID","ID","","Synthetic record; not derived from any real list."
"WL-01244","PEP_SYNTHETIC","Gita Siti Suryadi","","1980-10-08","ID","ID","Komisaris (sintetis)","Synthetic record; not derived from any real list."
"WL-01245","PEP_SYNTHETIC","Oki Nanda Wijaya","Oki Nenda Wijaya","1973-07-20","ID","ID","Komisaris (sintetis)","Synthetic record; not derived from any real list."
"WL-01246","INTERNAL_WATCH","Dewi Santoso","","","AU","ID","","Synthetic record; not derived from any real list."
"WL-01247","PEP_SYNTHETIC","Dra. Wulan Hidayat","","1965-09-23","KR","ID","Direktur BUMD (sintetis)","Synthetic record; not derived from any real list."
"WL-01248","PEP_SYNTHETIC","Drs. Bagus Santoso","","1988-01-02","AU","ID","Kepala Dinas (sintetis)","Synthetic record; not derived from any real list."
"WL-01249","PEP_SYNTHETIC","Dewi Gunawan","","","HK","ID","Direktur BUMD (sintetis)","Synthetic record; not derived from any real list."
"WL-01250","SANCTIONS_SYNTHETIC","Eka Fajar Nugroho","Eke Fajar Nugroho","","ID","ID","","Synthetic record; not derived from any real list."
"WL-01251","INTERNAL_WATCH","Lestari Vina Santoso","","1982-05-02","ID","ID","","Synthetic record; not derived from any real list."
"WL-01252","INTERNAL_WATCH","Kartika Saputra","","","ID","ID","","Synthetic record; not derived from any real list."
"WL-01253","PEP_SYNTHETIC","Hj. Ayu Setiawan","Hj. Ayu Setiewan","1973-10-05","ID","ID","Komisaris (sintetis)","Synthetic record; not derived from any real list."
"WL-01254","PEP_SYNTHETIC","Gilang Situmorang","","","ID","ID","Direktur BUMD (sintetis)","Synthetic record; not derived from any real list."
"WL-01255","PEP_SYNTHETIC","Dra. Rina Hidayat","Dre. Rina Hidayat","1988-02-22","ID","ID","Komisaris (sintetis)","Synthetic record; not derived from any real list."
"WL-01256","PEP_SYNTHETIC","Kartika Lubis","Kertika Lubis","1970-12-26","ID","ID","Kepala Dinas (sintetis)","Synthetic record; not derived from any real list."
"WL-01257","PEP_SYNTHETIC","Dra. Vina Saputra","","1971-03-27","ID","ID","Kepala Dinas (sintetis)","Synthetic record; not derived from any real list."
"WL-01258","SANCTIONS_SYNTHETIC","Ir. Bayu Adi Setiawan","Ir. Beyu Adi Setiawan","","JP","ID","","Synthetic record; not derived from any real list."
"WL-01259","PEP_SYNTHETIC","Rina Ramadhan","Rine Ramadhan","1980-04-01","ID","ID","Anggota Dewan (sintetis)","Synthetic record; not derived from any real list."
"WL-01260","PEP_SYNTHETIC","Wahyu Wijaya","Wehyu Wijaya","","ID","ID","Kepala Dinas (sintetis)","Synthetic record; not derived from any real list."
"WL-01261","PEP_SYNTHETIC","Ir. Anggun Suryadi","Ir. Anggun Suryedi","1959-11-14","ID","ID","Kepala Dinas (sintetis)","Synthetic record; not derived from any real list."
"WL-01262","PEP_SYNTHETIC","Wulan Setiawan","Wulen Setiawan","1967-07-10","ID","ID","Pejabat Daerah (sintetis)","Synthetic record; not derived from any real list."
"WL-01263","SANCTIONS_SYNTHETIC","Drs. Hadi Hidayat","","1982-03-09","ID","ID","","Synthetic record; not derived from any real list."
"WL-01264","PEP_SYNTHETIC","H. Eka Anggraini","","1975-05-23","ID","ID","Anggota Dewan (sintetis)","Synthetic record; not derived from any real list."
"WL-01265","PEP_SYNTHETIC","Hadi Hartono","","","ID","ID","Kepala Dinas (sintetis)","Synthetic record; not derived from any real list."
"WL-01266","PEP_SYNTHETIC","Dian Saputra","Dien Saputra","","ID","ID","Komisaris (sintetis)","Synthetic record; not derived from any real list."
"WL-01267","PEP_SYNTHETIC","Ir. Yuda Nugroho","","","ID","ID","Anggota Dewan (sintetis)","Synthetic record; not derived from any real list."
"WL-01268","SANCTIONS_SYNTHETIC","Drs. Tono Suryadi","","1970-08-20","ID","ID","","Synthetic record; not derived from any real list."
"WL-01269","PEP_SYNTHETIC","Rahmat Lubis","","1961-09-14","ID","ID","Pejabat Daerah (sintetis)","Synthetic record; not derived from any real list."
"WL-01270","SANCTIONS_SYNTHETIC","H. Yuda Simatupang","H. Yude Simatupang","1968-02-10","ID","ID","","Synthetic record; not derived from any real list."
"WL-01271","SANCTIONS_SYNTHETIC","Dra. Citra Kartika Permana","Dre. Citra Kartika Permana","1963-03-26","MY","ID","","Synthetic record; not derived from any real list."
"WL-01272","SANCTIONS_SYNTHETIC","Drs. Nanda Setiawan","","","ID","ID","","Synthetic record; not derived from any real list."
"WL-01273","SANCTIONS_SYNTHETIC","Umi Zahra Lubis","Umi Zehra Lubis","1962-01-09","ID","ID","","Synthetic record; not derived from any real list."
"WL-01274","PEP_SYNTHETIC","Anggun Sari Simatupang","Anggun Seri Simatupang","1963-09-20","ID","ID","Anggota Dewan (sintetis)","Synthetic record; not derived from any real list."
"WL-01275","PEP_SYNTHETIC","Drs. Joko Gunawan","Drs. Joko Gunewan","1990-12-06","ID","ID","Komisaris (sintetis)","Synthetic record; not derived from any real list."
"WL-01276","PEP_SYNTHETIC","Hadi Nugroho","","","ID","ID","Direktur BUMD (sintetis)","Synthetic record; not derived from any real list."
"WL-01277","SANCTIONS_SYNTHETIC","Joko Yuda Nugroho","","","ID","ID","","Synthetic record; not derived from any real list."
"WL-01278","PEP_SYNTHETIC","Oki Hidayat","","1975-05-18","ID","ID","Kepala Dinas (sintetis)","Synthetic record; not derived from any real list."
"WL-01279","PEP_SYNTHETIC","Dewi Siti Permana","Dewi Siti Permena","1983-10-26","ID","ID","Anggota Dewan (sintetis)","Synthetic record; not derived from any real list."
"WL-01280","SANCTIONS_SYNTHETIC","Adi Hadi Pratama","","1969-02-10","ID","ID","","Synthetic record; not derived from any real list."
"WL-01281","PEP_SYNTHETIC","Lestari Setiawan","","1980-02-08","ID","ID","Anggota Dewan (sintetis)","Synthetic record; not derived from any real list."
"WL-01282","PEP_SYNTHETIC","Rina Setiawan","Rine Setiawan","1951-09-03","ID","ID","Direktur BUMD (sintetis)","Synthetic record; not derived from any real list."
"WL-01283","SANCTIONS_SYNTHETIC","Ayu Kartika Anggraini","","","ID","ID","","Synthetic record; not derived from any real list."
"WL-01284","PEP_SYNTHETIC","Mega Simatupang","","1954-12-23","ID","ID","Pejabat Daerah (sintetis)","Synthetic record; not derived from any real list."
"WL-01285","SANCTIONS_SYNTHETIC","Sari Anggraini","Seri Anggraini","1951-03-10","ID","ID","","Synthetic record; not derived from any real list."
"WL-01286","PEP_SYNTHETIC","Citra Hidayat","","","ID","ID","Kepala Dinas (sintetis)","Synthetic record; not derived from any real list."
"WL-01287","INTERNAL_WATCH","Umi Permana","","1998-05-16","ID","ID","","Synthetic record; not derived from any real list."
"WL-01288","PEP_SYNTHETIC","Drs. Gilang Oki Ramadhan","Drs. Gileng Oki Ramadhan","1998-07-17","ID","ID","Komisaris (sintetis)","Synthetic record; not derived from any real list."
"WL-01289","PEP_SYNTHETIC","Drs. Bayu Suryadi","Drs. Beyu Suryadi","1974-01-13","ID","ID","Anggota Dewan (sintetis)","Synthetic record; not derived from any real list."
"WL-01290","PEP_SYNTHETIC","Cahya Setiawan","","1994-02-12","ID","ID","Direktur BUMD (sintetis)","Synthetic record; not derived from any real list."
"WL-01291","SANCTIONS_SYNTHETIC","Hj. Gita Wijaya","","1989-07-17","ID","ID","","Synthetic record; not derived from any real list."
"WL-01292","PEP_SYNTHETIC","Vina Hidayat","Vine Hidayat","1957-05-02","ID","ID","Anggota Dewan (sintetis)","Synthetic record; not derived from any real list."
"WL-01293","PEP_SYNTHETIC","Bayu Cahya Situmorang","","1995-01-21","ID","ID","Pejabat Daerah (sintetis)","Synthetic record; not derived from any real list."
"WL-01294","SANCTIONS_SYNTHETIC","H. Oki Nugroho","H. Oki Nugroho","1981-08-16","JP","ID","","Synthetic record; not derived from any real list."
"WL-01295","SANCTIONS_SYNTHETIC","Ir. Kartika Citra Simatupang","","1997-07-14","MY","ID","","Synthetic record; not derived from any real list."
"WL-01296","PEP_SYNTHETIC","Dra. Sari Wijaya","","1955-06-16","ID","ID","Kepala Dinas (sintetis)","Synthetic record; not derived from any real list."
"WL-01297","SANCTIONS_SYNTHETIC","Dra. Kartika Setiawan","Dre. Kartika Setiawan","1955-07-12","ID","ID","","Synthetic record; not derived from any real list."
"WL-01298","SANCTIONS_SYNTHETIC","Mega Siregar","","","ID","ID","","Synthetic record; not derived from any real list."
"WL-01299","INTERNAL_WATCH","Dra. Umi Anggraini","Dre. Umi Anggraini","1959-07-17","ID","ID","","Synthetic record; not derived from any real list."
"WL-01300","SANCTIONS_SYNTHETIC","Mega Maulana","","1964-05-11","ID","ID","","Synthetic record; not derived from any real list."
"WL-01301","PEP_SYNTHETIC","Ir. Siti Siregar","Ir. Siti Sireger","","ID","ID","Pejabat Daerah (sintetis)","Synthetic record; not derived from any real list."
"WL-01302","PEP_SYNTHETIC","Ayu Simatupang","Ayu Simetupang","1962-01-26","ID","ID","Kepala Dinas (sintetis)","Synthetic record; not derived from any real list."
"WL-01303","PEP_SYNTHETIC","Drs. Wahyu Fajar Kusuma","Drs. Wehyu Fajar Kusuma","1986-10-10","AU","ID","Komisaris (sintetis)","Synthetic record; not derived from any real list."
"WL-01304","PEP_SYNTHETIC","Yuda Ramadhan","Yude Ramadhan","","ID","ID","Kepala Dinas (sintetis)","Synthetic record; not derived from any real list."
"WL-01305","PEP_SYNTHETIC","Ir. Putri Nugroho","Ir. Putri Nugroho","1985-07-26","ID","ID","Kepala Dinas (sintetis)","Synthetic record; not derived from any real list."
"WL-01306","SANCTIONS_SYNTHETIC","Ir. Lestari Siti Kusuma","Ir. Lesteri Siti Kusuma","1951-03-17","KR","ID","","Synthetic record; not derived from any real list."
"WL-01307","PEP_SYNTHETIC","Umi Suryadi","Umi Suryedi","1995-04-26","ID","ID","Direktur BUMD (sintetis)","Synthetic record; not derived from any real list."
"WL-01308","PEP_SYNTHETIC","Ir. Dewi Pratama","Ir. Dewi Pretama","1956-07-21","ID","ID","Komisaris (sintetis)","Synthetic record; not derived from any real list."
"WL-01309","PEP_SYNTHETIC","Dian Eka Nugroho","","1986-03-05","ID","ID","Anggota Dewan (sintetis)","Synthetic record; not derived from any real list."
"WL-01310","PEP_SYNTHETIC","Siti Ramadhan","Siti Remadhan","","JP","ID","Direktur BUMD (sintetis)","Synthetic record; not derived from any real list."
"WL-01311","PEP_SYNTHETIC","Ir. Mega Santoso","Ir. Mege Santoso","1996-11-04","ID","ID","Direktur BUMD (sintetis)","Synthetic record; not derived from any real list."
"WL-01312","SANCTIONS_SYNTHETIC","Ir. Iwan Permana","Ir. Iwen Permana","","ID","ID","","Synthetic record; not derived from any real list."
"WL-01313","SANCTIONS_SYNTHETIC","Iwan Situmorang","","1991-05-22","NL","ID","","Synthetic record; not derived from any real list."
"WL-01314","SANCTIONS_SYNTHETIC","Rahmat Santoso","","1989-07-20","ID","ID","","Synthetic record; not derived from any real list."
"WL-01315","SANCTIONS_SYNTHETIC","Dra. Kartika Kartika Gunawan","Dre. Kartika Kartika Gunawan","","ID","ID","","Synthetic record; not derived from any real list."
"WL-01316","SANCTIONS_SYNTHETIC","H. Fajar Lubis","","1959-09-24","ID","ID","","Synthetic record; not derived from any real list."
"WL-01317","PEP_SYNTHETIC","Ayu Pratama","","","ID","ID","Kepala Dinas (sintetis)","Synthetic record; not derived from any real list."
"WL-01318","SANCTIONS_SYNTHETIC","Sari Simatupang","","1966-05-15","ID","ID","","Synthetic record; not derived from any real list."
"WL-01319","PEP_SYNTHETIC","Ayu Kusuma","","1981-03-13","ID","ID","Direktur BUMD (sintetis)","Synthetic record; not derived from any real list."
"WL-01320","PEP_SYNTHETIC","Adi Hidayat","Adi Hideyat","1994-05-20","ID","ID","Kepala Dinas (sintetis)","Synthetic record; not derived from any real list."
"WL-01321","PEP_SYNTHETIC","Dra. Wulan Umi Permana","Dre. Wulan Umi Permana","1992-03-18","ID","ID","Komisaris (sintetis)","Synthetic record; not derived from any real list."
"WL-01322","PEP_SYNTHETIC","Hj. Zahra Wijaya","Hj. Zehra Wijaya","1963-07-07","ID","ID","Anggota Dewan (sintetis)","Synthetic record; not derived from any real list."
"WL-01323","PEP_SYNTHETIC","Dian Ramadhan","Dien Ramadhan","","ID","ID","Komisaris (sintetis)","Synthetic record; not derived from any real list."
"WL-01324","PEP_SYNTHETIC","H. Joko Nanda Hartono","H. Joko Nenda Hartono","1989-07-05","HK","ID","Kepala Dinas (sintetis)","Synthetic record; not derived from any real list."
"WL-01325","PEP_SYNTHETIC","Ir. Vina Lubis","","1991-12-09","ID","ID","Anggota Dewan (sintetis)","Synthetic record; not derived from any real list."
"WL-01326","SANCTIONS_SYNTHETIC","Rina Ramadhan","","1974-06-23","ID","ID","","Synthetic record; not derived from any real list."
"WL-01327","PEP_SYNTHETIC","Hj. Vina Santoso","","1991-07-25","SG","ID","Direktur BUMD (sintetis)","Synthetic record; not derived from any real list."
"WL-01328","PEP_SYNTHETIC","Umi Wulan Anggraini","Umi Wulen Anggraini","1974-06-24","ID","ID","Direktur BUMD (sintetis)","Synthetic record; not derived from any real list."
"WL-01329","PEP_SYNTHETIC","Anggun Zahra Anggraini","","1955-09-25","ID","ID","Anggota Dewan (sintetis)","Synthetic record; not derived from any real list."
"WL-01330","SANCTIONS_SYNTHETIC","Dra. Citra Anggraini","Dre. Citra Anggraini","","MY","ID","","Synthetic record; not derived from any real list."
"WL-01331","PEP_SYNTHETIC","Fajar Hidayat","Fejar Hidayat","1990-06-07","JP","ID","Kepala Dinas (sintetis)","Synthetic record; not derived from any real list."
"WL-01332","INTERNAL_WATCH","Dra. Zahra Santoso","","","US","ID","","Synthetic record; not derived from any real list."
"WL-01333","PEP_SYNTHETIC","Drs. Adi Santoso","Drs. Adi Sentoso","1966-10-09","ID","ID","Direktur BUMD (sintetis)","Synthetic record; not derived from any real list."
"WL-01334","PEP_SYNTHETIC","H. Tono Wijaya","","1966-10-24","ID","ID","Kepala Dinas (sintetis)","Synthetic record; not derived from any real list."
"WL-01335","PEP_SYNTHETIC","H. Oki Pratama","","1970-09-07","ID","ID","Komisaris (sintetis)","Synthetic record; not derived from any real list."
"WL-01336","SANCTIONS_SYNTHETIC","Anggun Dewi Ramadhan","","","KR","ID","","Synthetic record; not derived from any real list."
"WL-01337","PEP_SYNTHETIC","Ir. Oki Nanda Kusuma","","","ID","ID","Kepala Dinas (sintetis)","Synthetic record; not derived from any real list."
"WL-01338","PEP_SYNTHETIC","H. Bayu Wijaya","","1977-07-12","ID","ID","Komisaris (sintetis)","Synthetic record; not derived from any real list."
"WL-01339","SANCTIONS_SYNTHETIC","Putri Kusuma","","","ID","ID","","Synthetic record; not derived from any real list."
"WL-01340","INTERNAL_WATCH","Wahyu Dian Siregar","","1968-11-06","ID","ID","","Synthetic record; not derived from any real list."
"WL-01341","PEP_SYNTHETIC","Rina Hidayat","Rine Hidayat","","ID","ID","Pejabat Daerah (sintetis)","Synthetic record; not derived from any real list."
"WL-01342","PEP_SYNTHETIC","Citra Nugroho","","","ID","ID","Pejabat Daerah (sintetis)","Synthetic record; not derived from any real list."
"WL-01343","SANCTIONS_SYNTHETIC","Siti Gunawan","","1963-06-04","ID","ID","","Synthetic record; not derived from any real list."
"WL-01344","PEP_SYNTHETIC","Iwan Suryadi","","1973-12-08","AE","ID","Anggota Dewan (sintetis)","Synthetic record; not derived from any real list."
"WL-01345","SANCTIONS_SYNTHETIC","Hj. Rina Putri Siregar","Hj. Rine Putri Siregar","1962-09-24","JP","ID","","Synthetic record; not derived from any real list."
"WL-01346","SANCTIONS_SYNTHETIC","Anggun Zahra Gunawan","","","ID","ID","","Synthetic record; not derived from any real list."
"WL-01347","PEP_SYNTHETIC","Ir. Oki Adi Maulana","","","ID","ID","Komisaris (sintetis)","Synthetic record; not derived from any real list."
"WL-01348","PEP_SYNTHETIC","Dra. Kartika Suryadi","Dre. Kartika Suryadi","","HK","ID","Kepala Dinas (sintetis)","Synthetic record; not derived from any real list."
"WL-01349","PEP_SYNTHETIC","Oki Adi Siregar","","1978-09-18","ID","ID","Komisaris (sintetis)","Synthetic record; not derived from any real list."
"WL-01350","PEP_SYNTHETIC","Ir. Dewi Maulana","Ir. Dewi Meulana","1963-05-17","ID","ID","Kepala Dinas (sintetis)","Synthetic record; not derived from any real list."
"WL-01351","INTERNAL_WATCH","Nanda Saputra","Nenda Saputra","1961-12-24","ID","ID","","Synthetic record; not derived from any real list."
"WL-01352","PEP_SYNTHETIC","Eka Siregar","Eke Siregar","1953-06-28","ID","ID","Pejabat Daerah (sintetis)","Synthetic record; not derived from any real list."
"WL-01353","SANCTIONS_SYNTHETIC","Wulan Lubis","","1971-02-21","ID","ID","","Synthetic record; not derived from any real list."
"WL-01354","PEP_SYNTHETIC","Drs. Wahyu Nugroho","","1981-08-27","KR","ID","Komisaris (sintetis)","Synthetic record; not derived from any real list."
"WL-01355","INTERNAL_WATCH","Wahyu Simatupang","Wehyu Simatupang","1966-03-04","ID","ID","","Synthetic record; not derived from any real list."
"WL-01356","SANCTIONS_SYNTHETIC","Hj. Rina Kusuma","","1966-04-27","ID","ID","","Synthetic record; not derived from any real list."
"WL-01357","PEP_SYNTHETIC","Wahyu Saputra","","1968-08-26","ID","ID","Komisaris (sintetis)","Synthetic record; not derived from any real list."
"WL-01358","PEP_SYNTHETIC","Gilang Suryadi","","1976-06-20","ID","ID","Anggota Dewan (sintetis)","Synthetic record; not derived from any real list."
"WL-01359","PEP_SYNTHETIC","Ir. Wulan Santoso","","","ID","ID","Komisaris (sintetis)","Synthetic record; not derived from any real list."
"WL-01360","PEP_SYNTHETIC","Umi Gunawan","","1985-10-17","ID","ID","Direktur BUMD (sintetis)","Synthetic record; not derived from any real list."
"WL-01361","SANCTIONS_SYNTHETIC","Tono Hartono","","","ID","ID","","Synthetic record; not derived from any real list."
"WL-01362","SANCTIONS_SYNTHETIC","Ir. Nanda Setiawan","Ir. Nenda Setiawan","1962-05-06","ID","ID","","Synthetic record; not derived from any real list."
"WL-01363","PEP_SYNTHETIC","Ir. Zahra Situmorang","Ir. Zehra Situmorang","","NL","ID","Direktur BUMD (sintetis)","Synthetic record; not derived from any real list."
"WL-01364","PEP_SYNTHETIC","Indah Siregar","","1976-01-14","ID","ID","Direktur BUMD (sintetis)","Synthetic record; not derived from any real list."
"WL-01365","INTERNAL_WATCH","Ir. Gilang Gilang Halim","","1989-06-12","ID","ID","","Synthetic record; not derived from any real list."
"WL-01366","INTERNAL_WATCH","Rina Suryadi","","1982-01-06","US","ID","","Synthetic record; not derived from any real list."
"WL-01367","PEP_SYNTHETIC","Hj. Siti Nugroho","Hj. Siti Nugroho","","ID","ID","Komisaris (sintetis)","Synthetic record; not derived from any real list."
"WL-01368","PEP_SYNTHETIC","Hj. Dewi Indah Anggraini","","1994-06-09","ID","ID","Direktur BUMD (sintetis)","Synthetic record; not derived from any real list."
"WL-01369","PEP_SYNTHETIC","Ir. Wahyu Siregar","Ir. Wehyu Siregar","1962-11-25","ID","ID","Kepala Dinas (sintetis)","Synthetic record; not derived from any real list."
"WL-01370","PEP_SYNTHETIC","Yuda Situmorang","Yude Situmorang","1989-01-23","ID","ID","Direktur BUMD (sintetis)","Synthetic record; not derived from any real list."
"WL-01371","SANCTIONS_SYNTHETIC","Fajar Eka Halim","Fejar Eka Halim","1971-12-08","ID","ID","","Synthetic record; not derived from any real list."
"WL-01372","PEP_SYNTHETIC","Fajar Wijaya","","1957-09-03","ID","ID","Anggota Dewan (sintetis)","Synthetic record; not derived from any real list."
"WL-01373","SANCTIONS_SYNTHETIC","Cahya Lubis","Cehya Lubis","1979-04-07","ID","ID","","Synthetic record; not derived from any real list."
"WL-01374","PEP_SYNTHETIC","Dewi Kusuma","","1987-01-16","NL","ID","Komisaris (sintetis)","Synthetic record; not derived from any real list."
"WL-01375","PEP_SYNTHETIC","Ir. Hadi Wijaya","Ir. Hedi Wijaya","1969-11-14","ID","ID","Direktur BUMD (sintetis)","Synthetic record; not derived from any real list."
"WL-01376","PEP_SYNTHETIC","Umi Setiawan","","1979-07-26","ID","ID","Komisaris (sintetis)","Synthetic record; not derived from any real list."
"WL-01377","PEP_SYNTHETIC","Oki Saputra","","","ID","ID","Direktur BUMD (sintetis)","Synthetic record; not derived from any real list."
"WL-01378","PEP_SYNTHETIC","Lestari Hartono","","1974-05-14","ID","ID","Pejabat Daerah (sintetis)","Synthetic record; not derived from any real list."
"WL-01379","INTERNAL_WATCH","H. Iwan Kusuma","H. Iwen Kusuma","1987-09-03","ID","ID","","Synthetic record; not derived from any real list."
"WL-01380","PEP_SYNTHETIC","Hj. Mega Suryadi","","1984-09-27","HK","ID","Anggota Dewan (sintetis)","Synthetic record; not derived from any real list."
"WL-01381","PEP_SYNTHETIC","Ir. Bagus Ramadhan","Ir. Begus Ramadhan","1997-06-10","ID","ID","Anggota Dewan (sintetis)","Synthetic record; not derived from any real list."
"WL-01382","SANCTIONS_SYNTHETIC","Dian Ramadhan","","1992-03-09","ID","ID","","Synthetic record; not derived from any real list."
"WL-01383","PEP_SYNTHETIC","Umi Suryadi","","1961-10-18","NL","ID","Direktur BUMD (sintetis)","Synthetic record; not derived from any real list."
"WL-01384","PEP_SYNTHETIC","Dian Maulana","Dien Maulana","","ID","ID","Kepala Dinas (sintetis)","Synthetic record; not derived from any real list."
"WL-01385","PEP_SYNTHETIC","Hadi Nugroho","","1980-12-25","ID","ID","Komisaris (sintetis)","Synthetic record; not derived from any real list."
"WL-01386","PEP_SYNTHETIC","Oki Situmorang","","1996-06-12","KR","ID","Pejabat Daerah (sintetis)","Synthetic record; not derived from any real list."
"WL-01387","PEP_SYNTHETIC","Bagus Simatupang","Begus Simatupang","1977-05-16","ID","ID","Pejabat Daerah (sintetis)","Synthetic record; not derived from any real list."
"WL-01388","PEP_SYNTHETIC","Ir. Dewi Gunawan","","1960-02-21","ID","ID","Direktur BUMD (sintetis)","Synthetic record; not derived from any real list."
"WL-01389","PEP_SYNTHETIC","Lestari Anggraini","","","ID","ID","Kepala Dinas (sintetis)","Synthetic record; not derived from any real list."
"WL-01390","PEP_SYNTHETIC","Mega Sari Siregar","","1992-05-19","US","ID","Komisaris (sintetis)","Synthetic record; not derived from any real list."
"WL-01391","PEP_SYNTHETIC","Lestari Anggraini","Lesteri Anggraini","","ID","ID","Direktur BUMD (sintetis)","Synthetic record; not derived from any real list."
"WL-01392","PEP_SYNTHETIC","Putri Hidayat","Putri Hideyat","1998-11-27","ID","ID","Anggota Dewan (sintetis)","Synthetic record; not derived from any real list."
"WL-01393","PEP_SYNTHETIC","Bagus Kusuma","","1981-02-25","ID","ID","Pejabat Daerah (sintetis)","Synthetic record; not derived from any real list."
"WL-01394","PEP_SYNTHETIC","Nanda Hidayat","","","ID","ID","Kepala Dinas (sintetis)","Synthetic record; not derived from any real list."
"WL-01395","SANCTIONS_SYNTHETIC","Drs. Yuda Dian Halim","","1993-06-01","ID","ID","","Synthetic record; not derived from any real list."
"WL-01396","PEP_SYNTHETIC","Tono Pratama","Tono Pretama","1960-10-11","ID","ID","Pejabat Daerah (sintetis)","Synthetic record; not derived from any real list."
"WL-01397","PEP_SYNTHETIC","Rahmat Tono Hartono","Rehmat Tono Hartono","1981-02-11","ID","ID","Direktur BUMD (sintetis)","Synthetic record; not derived from any real list."
"WL-01398","PEP_SYNTHETIC","Ir. Indah Santoso","","1993-08-17","ID","ID","Direktur BUMD (sintetis)","Synthetic record; not derived from any real list."
"WL-01399","SANCTIONS_SYNTHETIC","H. Joko Rahmat Lubis","H. Joko Rehmat Lubis","","ID","ID","","Synthetic record; not derived from any real list."
"WL-01400","SANCTIONS_SYNTHETIC","Sari Wijaya","Seri Wijaya","1962-01-19","ID","ID","","Synthetic record; not derived from any real list."
"WL-01401","INTERNAL_WATCH","Adi Bayu Siregar","","1985-02-16","ID","ID","","Synthetic record; not derived from any real list."
"WL-01402","INTERNAL_WATCH","Ir. Eka Santoso","","1982-05-02","ID","ID","","Synthetic record; not derived from any real list."
"WL-01403","PEP_SYNTHETIC","Anggun Situmorang","Anggun Situmoreng","1978-09-12","ID","ID","Kepala Dinas (sintetis)","Synthetic record; not derived from any real list."
"WL-01404","PEP_SYNTHETIC","Wahyu Adi Maulana","Wehyu Adi Maulana","","ID","ID","Komisaris (sintetis)","Synthetic record; not derived from any real list."
"WL-01405","PEP_SYNTHETIC","Dian Lubis","","","ID","ID","Direktur BUMD (sintetis)","Synthetic record; not derived from any real list."
"WL-01406","PEP_SYNTHETIC","H. Gilang Siregar","","1970-09-21","NL","ID","Kepala Dinas (sintetis)","Synthetic record; not derived from any real list."
"WL-01407","PEP_SYNTHETIC","Adi Pratama","","1991-08-09","ID","ID","Pejabat Daerah (sintetis)","Synthetic record; not derived from any real list."
"WL-01408","SANCTIONS_SYNTHETIC","Ir. Rahmat Siregar","","1971-05-22","ID","ID","","Synthetic record; not derived from any real list."
"WL-01409","PEP_SYNTHETIC","Dewi Pratama","","1973-09-04","NL","ID","Pejabat Daerah (sintetis)","Synthetic record; not derived from any real list."
"WL-01410","INTERNAL_WATCH","Ir. Cahya Rahmat Saputra","","","ID","ID","","Synthetic record; not derived from any real list."
"WL-01411","PEP_SYNTHETIC","Hj. Sari Saputra","Hj. Seri Saputra","","ID","ID","Komisaris (sintetis)","Synthetic record; not derived from any real list."
"WL-01412","PEP_SYNTHETIC","Indah Siti Setiawan","","","HK","ID","Direktur BUMD (sintetis)","Synthetic record; not derived from any real list."
"WL-01413","SANCTIONS_SYNTHETIC","Ir. Gilang Suryadi","","1990-08-17","ID","ID","","Synthetic record; not derived from any real list."
"WL-01414","INTERNAL_WATCH","Fajar Siregar","","1954-03-26","ID","ID","","Synthetic record; not derived from any real list."
"WL-01415","SANCTIONS_SYNTHETIC","Umi Nugroho","","","ID","ID","","Synthetic record; not derived from any real list."
"WL-01416","PEP_SYNTHETIC","Hj. Dewi Saputra","Hj. Dewi Seputra","","MY","ID","Komisaris (sintetis)","Synthetic record; not derived from any real list."
"WL-01417","PEP_SYNTHETIC","Anggun Anggraini","","1966-02-12","ID","ID","Komisaris (sintetis)","Synthetic record; not derived from any real list."
"WL-01418","SANCTIONS_SYNTHETIC","Hadi Ramadhan","","1993-11-19","ID","ID","","Synthetic record; not derived from any real list."
"WL-01419","PEP_SYNTHETIC","Rahmat Iwan Hartono","Rehmat Iwan Hartono","1989-03-04","SA","ID","Anggota Dewan (sintetis)","Synthetic record; not derived from any real list."
"WL-01420","SANCTIONS_SYNTHETIC","H. Wahyu Situmorang","","1980-03-15","ID","ID","","Synthetic record; not derived from any real list."
"WL-01421","SANCTIONS_SYNTHETIC","H. Nanda Nugroho","H. Nenda Nugroho","1950-04-16","SG","ID","","Synthetic record; not derived from any real list."
"WL-01422","PEP_SYNTHETIC","Dra. Kartika Maulana","","1964-08-22","ID","ID","Pejabat Daerah (sintetis)","Synthetic record; not derived from any real list."
"WL-01423","PEP_SYNTHETIC","Ir. Wulan Suryadi","","1978-12-12","ID","ID","Pejabat Daerah (sintetis)","Synthetic record; not derived from any real list."
"WL-01424","PEP_SYNTHETIC","Drs. Adi Fajar Santoso","Drs. Adi Fejar Santoso","1976-10-12","ID","ID","Pejabat Daerah (sintetis)","Synthetic record; not derived from any real list."
"WL-01425","SANCTIONS_SYNTHETIC","Ir. Ayu Halim","","1983-04-19","ID","ID","","Synthetic record; not derived from any real list."
"WL-01426","SANCTIONS_SYNTHETIC","Ir. Wulan Hidayat","Ir. Wulen Hidayat","","ID","ID","","Synthetic record; not derived from any real list."
"WL-01427","PEP_SYNTHETIC","Dra. Indah Citra Hidayat","Dre. Indah Citra Hidayat","","ID","ID","Komisaris (sintetis)","Synthetic record; not derived from any real list."
"WL-01428","PEP_SYNTHETIC","Yuda Situmorang","Yude Situmorang","1992-12-23","ID","ID","Pejabat Daerah (sintetis)","Synthetic record; not derived from any real list."
"WL-01429","SANCTIONS_SYNTHETIC","Siti Simatupang","","","ID","ID","","Synthetic record; not derived from any real list."
"WL-01430","PEP_SYNTHETIC","Tono Gunawan","Tono Gunewan","1969-03-24","ID","ID","Direktur BUMD (sintetis)","Synthetic record; not derived from any real list."
"WL-01431","PEP_SYNTHETIC","Gilang Yuda Suryadi","","1974-01-28","ID","ID","Kepala Dinas (sintetis)","Synthetic record; not derived from any real list."
"WL-01432","PEP_SYNTHETIC","Ayu Hartono","Ayu Hertono","1960-10-23","ID","ID","Anggota Dewan (sintetis)","Synthetic record; not derived from any real list."
"WL-01433","INTERNAL_WATCH","Citra Halim","Citre Halim","1982-02-16","ID","ID","","Synthetic record; not derived from any real list."
"WL-01434","PEP_SYNTHETIC","Adi Permana","Adi Permena","","AE","ID","Anggota Dewan (sintetis)","Synthetic record; not derived from any real list."
"WL-01435","PEP_SYNTHETIC","Hj. Citra Indah Permana","","","ID","ID","Pejabat Daerah (sintetis)","Synthetic record; not derived from any real list."
"WL-01436","PEP_SYNTHETIC","H. Wahyu Saputra","","","HK","ID","Direktur BUMD (sintetis)","Synthetic record; not derived from any real list."
"WL-01437","PEP_SYNTHETIC","Wulan Hartono","","","ID","ID","Anggota Dewan (sintetis)","Synthetic record; not derived from any real list."
"WL-01438","PEP_SYNTHETIC","Dra. Kartika Pratama","","","ID","ID","Kepala Dinas (sintetis)","Synthetic record; not derived from any real list."
"WL-01439","PEP_SYNTHETIC","H. Tono Simatupang","H. Tono Simetupang","1968-10-03","ID","ID","Anggota Dewan (sintetis)","Synthetic record; not derived from any real list."
"WL-01440","SANCTIONS_SYNTHETIC","Ir. Anggun Vina Hidayat","","1968-11-10","ID","ID","","Synthetic record; not derived from any real list."
"WL-01441","PEP_SYNTHETIC","Tono Hartono","","","ID","ID","Anggota Dewan (sintetis)","Synthetic record; not derived from any real list."
"WL-01442","PEP_SYNTHETIC","H. Hadi Setiawan","","1980-08-11","ID","ID","Pejabat Daerah (sintetis)","Synthetic record; not derived from any real list."
"WL-01443","SANCTIONS_SYNTHETIC","Tono Permana","Tono Permena","1997-11-16","ID","ID","","Synthetic record; not derived from any real list."
"WL-01444","SANCTIONS_SYNTHETIC","Ir. Oki Maulana","","","AE","ID","","Synthetic record; not derived from any real list."
"WL-01445","PEP_SYNTHETIC","Dra. Rina Lubis","","1975-09-18","ID","ID","Komisaris (sintetis)","Synthetic record; not derived from any real list."
"WL-01446","INTERNAL_WATCH","Iwan Setiawan","Iwen Setiawan","","SG","ID","","Synthetic record; not derived from any real list."
"WL-01447","PEP_SYNTHETIC","Hj. Umi Wulan Permana","Hj. Umi Wulen Permana","","ID","ID","Pejabat Daerah (sintetis)","Synthetic record; not derived from any real list."
"WL-01448","SANCTIONS_SYNTHETIC","Ir. Adi Gunawan","Ir. Adi Gunewan","1977-11-24","US","ID","","Synthetic record; not derived from any real list."
"WL-01449","SANCTIONS_SYNTHETIC","Sari Hidayat","","1964-01-03","AU","ID","","Synthetic record; not derived from any real list."
"WL-01450","SANCTIONS_SYNTHETIC","Cahya Suryadi","","1963-07-28","ID","ID","","Synthetic record; not derived from any real list."
"WL-01451","SANCTIONS_SYNTHETIC","Sari Maulana","","1959-03-12","ID","ID","","Synthetic record; not derived from any real list."
"WL-01452","SANCTIONS_SYNTHETIC","Hj. Dewi Permana","Hj. Dewi Permena","","ID","ID","","Synthetic record; not derived from any real list."
"WL-01453","PEP_SYNTHETIC","Drs. Hadi Santoso","Drs. Hedi Santoso","1966-08-04","US","ID","Pejabat Daerah (sintetis)","Synthetic record; not derived from any real list."
"WL-01454","SANCTIONS_SYNTHETIC","Lestari Nugroho","","","NL","ID","","Synthetic record; not derived from any real list."
"WL-01455","SANCTIONS_SYNTHETIC","Cahya Simatupang","","","SA","ID","","Synthetic record; not derived from any real list."
"WL-01456","PEP_SYNTHETIC","Vina Anggun Setiawan","","1973-06-19","ID","ID","Anggota Dewan (sintetis)","Synthetic record; not derived from any real list."
"WL-01457","PEP_SYNTHETIC","Dra. Wulan Kusuma","","1998-07-16","ID","ID","Pejabat Daerah (sintetis)","Synthetic record; not derived from any real list."
"WL-01458","SANCTIONS_SYNTHETIC","Citra Zahra Gunawan","Citre Zahra Gunawan","1954-02-05","ID","ID","","Synthetic record; not derived from any real list."
"WL-01459","PEP_SYNTHETIC","Hj. Dewi Setiawan","","1981-10-28","ID","ID","Komisaris (sintetis)","Synthetic record; not derived from any real list."
"WL-01460","PEP_SYNTHETIC","Hj. Kartika Siregar","","1985-04-26","ID","ID","Komisaris (sintetis)","Synthetic record; not derived from any real list."
"WL-01461","SANCTIONS_SYNTHETIC","Dra. Ayu Anggraini","Dre. Ayu Anggraini","1974-09-21","ID","ID","","Synthetic record; not derived from any real list."
"WL-01462","SANCTIONS_SYNTHETIC","Wahyu Halim","","1970-04-27","ID","ID","","Synthetic record; not derived from any real list."
"WL-01463","SANCTIONS_SYNTHETIC","Hj. Mega Permana","","1977-11-28","ID","ID","","Synthetic record; not derived from any real list."
"WL-01464","SANCTIONS_SYNTHETIC","Anggun Hidayat","","","ID","ID","","Synthetic record; not derived from any real list."
"WL-01465","SANCTIONS_SYNTHETIC","H. Wahyu Maulana","","1995-12-04","ID","ID","","Synthetic record; not derived from any real list."
"WL-01466","SANCTIONS_SYNTHETIC","Bayu Simatupang","","","ID","ID","","Synthetic record; not derived from any real list."
"WL-01467","PEP_SYNTHETIC","Bayu Kusuma","","","KR","ID","Komisaris (sintetis)","Synthetic record; not derived from any real list."
"WL-01468","PEP_SYNTHETIC","Citra Ramadhan","","1957-03-18","ID","ID","Anggota Dewan (sintetis)","Synthetic record; not derived from any real list."
"WL-01469","PEP_SYNTHETIC","Drs. Bayu Hidayat","Drs. Beyu Hidayat","1974-12-18","ID","ID","Pejabat Daerah (sintetis)","Synthetic record; not derived from any real list."
"WL-01470","SANCTIONS_SYNTHETIC","Yuda Wijaya","","","ID","ID","","Synthetic record; not derived from any real list."
"WL-01471","PEP_SYNTHETIC","Ir. Oki Halim","","1973-01-11","ID","ID","Pejabat Daerah (sintetis)","Synthetic record; not derived from any real list."
"WL-01472","PEP_SYNTHETIC","Indah Permana","","","ID","ID","Kepala Dinas (sintetis)","Synthetic record; not derived from any real list."
"WL-01473","PEP_SYNTHETIC","Hj. Citra Wijaya","","1955-02-14","ID","ID","Pejabat Daerah (sintetis)","Synthetic record; not derived from any real list."
"WL-01474","INTERNAL_WATCH","Ir. Cahya Hidayat","","1975-09-12","ID","ID","","Synthetic record; not derived from any real list."
"WL-01475","SANCTIONS_SYNTHETIC","Cahya Nugroho","","1988-09-22","JP","ID","","Synthetic record; not derived from any real list."
"WL-01476","PEP_SYNTHETIC","Hj. Putri Pratama","","1997-07-02","ID","ID","Anggota Dewan (sintetis)","Synthetic record; not derived from any real list."
"WL-01477","PEP_SYNTHETIC","Siti Hartono","","","ID","ID","Anggota Dewan (sintetis)","Synthetic record; not derived from any real list."
"WL-01478","INTERNAL_WATCH","Fajar Situmorang","Fejar Situmorang","1954-03-07","ID","ID","","Synthetic record; not derived from any real list."
"WL-01479","PEP_SYNTHETIC","Putri Saputra","","","ID","ID","Kepala Dinas (sintetis)","Synthetic record; not derived from any real list."
"WL-01480","PEP_SYNTHETIC","Gita Gita Kusuma","Gite Gita Kusuma","1962-02-12","SG","ID","Kepala Dinas (sintetis)","Synthetic record; not derived from any real list."
"WL-01481","SANCTIONS_SYNTHETIC","Lestari Kusuma","Lesteri Kusuma","","ID","ID","","Synthetic record; not derived from any real list."
"WL-01482","PEP_SYNTHETIC","Gita Anggraini","Gite Anggraini","1953-04-22","ID","ID","Direktur BUMD (sintetis)","Synthetic record; not derived from any real list."
"WL-01483","PEP_SYNTHETIC","Dewi Halim","Dewi Helim","","ID","ID","Pejabat Daerah (sintetis)","Synthetic record; not derived from any real list."
"WL-01484","PEP_SYNTHETIC","Rina Putri Halim","Rine Putri Halim","1950-09-12","ID","ID","Komisaris (sintetis)","Synthetic record; not derived from any real list."
"WL-01485","SANCTIONS_SYNTHETIC","Fajar Iwan Hidayat","Fejar Iwan Hidayat","1955-07-13","ID","ID","","Synthetic record; not derived from any real list."
"WL-01486","PEP_SYNTHETIC","Citra Situmorang","","","ID","ID","Komisaris (sintetis)","Synthetic record; not derived from any real list."
"WL-01487","PEP_SYNTHETIC","Ir. Adi Pratama","","","ID","ID","Anggota Dewan (sintetis)","Synthetic record; not derived from any real list."
"WL-01488","PEP_SYNTHETIC","Hj. Citra Situmorang","","1958-03-23","ID","ID","Anggota Dewan (sintetis)","Synthetic record; not derived from any real list."
"WL-01489","PEP_SYNTHETIC","Nanda Eka Gunawan","Nenda Eka Gunawan","1982-03-12","AU","ID","Kepala Dinas (sintetis)","Synthetic record; not derived from any real list."
"WL-01490","PEP_SYNTHETIC","H. Gilang Lubis","","1987-12-27","ID","ID","Direktur BUMD (sintetis)","Synthetic record; not derived from any real list."
"WL-01491","PEP_SYNTHETIC","Indah Wijaya","Indeh Wijaya","1992-09-28","ID","ID","Kepala Dinas (sintetis)","Synthetic record; not derived from any real list."
"WL-01492","INTERNAL_WATCH","Hj. Siti Pratama","","1970-06-17","ID","ID","","Synthetic record; not derived from any real list."
"WL-01493","PEP_SYNTHETIC","Wulan Gunawan","Wulen Gunawan","","ID","ID","Direktur BUMD (sintetis)","Synthetic record; not derived from any real list."
"WL-01494","SANCTIONS_SYNTHETIC","Ir. Vina Wulan Halim","","","SG","ID","","Synthetic record; not derived from any real list."
"WL-01495","PEP_SYNTHETIC","Tono Hartono","Tono Hertono","","ID","ID","Komisaris (sintetis)","Synthetic record; not derived from any real list."
"WL-01496","PEP_SYNTHETIC","Drs. Yuda Gunawan","","","ID","ID","Pejabat Daerah (sintetis)","Synthetic record; not derived from any real list."
"WL-01497","PEP_SYNTHETIC","Fajar Suryadi","","","ID","ID","Kepala Dinas (sintetis)","Synthetic record; not derived from any real list."
"WL-01498","PEP_SYNTHETIC","Drs. Wahyu Nugroho","","1988-10-08","ID","ID","Pejabat Daerah (sintetis)","Synthetic record; not derived from any real list."
"WL-01499","PEP_SYNTHETIC","Indah Suryadi","","","ID","ID","Direktur BUMD (sintetis)","Synthetic record; not derived from any real list."
"WL-01500","PEP_SYNTHETIC","Hj. Siti Anggraini","","1968-12-10","ID","ID","Direktur BUMD (sintetis)","Synthetic record; not derived from any real list."
"WL-01501","SANCTIONS_SYNTHETIC","Sari Wijaya","Seri Wijaya","1996-11-23","ID","ID","","Synthetic record; not derived from any real list."
"WL-01502","PEP_SYNTHETIC","Wulan Anggun Setiawan","","1998-07-19","ID","ID","Anggota Dewan (sintetis)","Synthetic record; not derived from any real list."
"WL-01503","SANCTIONS_SYNTHETIC","Zahra Saputra","","1993-05-27","ID","ID","","Synthetic record; not derived from any real list."
"WL-01504","PEP_SYNTHETIC","Ir. Bagus Siregar","Ir. Begus Siregar","","JP","ID","Direktur BUMD (sintetis)","Synthetic record; not derived from any real list."
"WL-01505","PEP_SYNTHETIC","Bayu Nanda Hidayat","","","ID","ID","Komisaris (sintetis)","Synthetic record; not derived from any real list."
"WL-01506","PEP_SYNTHETIC","H. Tono Kusuma","","1954-06-21","AU","ID","Komisaris (sintetis)","Synthetic record; not derived from any real list."
"WL-01507","PEP_SYNTHETIC","Vina Vina Ramadhan","Vine Vina Ramadhan","1973-12-04","ID","ID","Anggota Dewan (sintetis)","Synthetic record; not derived from any real list."
"WL-01508","PEP_SYNTHETIC","Vina Santoso","Vine Santoso","1960-03-05","ID","ID","Kepala Dinas (sintetis)","Synthetic record; not derived from any real list."
"WL-01509","INTERNAL_WATCH","Bayu Yuda Hidayat","","1967-07-03","ID","ID","","Synthetic record; not derived from any real list."
"WL-01510","PEP_SYNTHETIC","Iwan Setiawan","Iwen Setiawan","1957-03-23","ID","ID","Pejabat Daerah (sintetis)","Synthetic record; not derived from any real list."
"WL-01511","INTERNAL_WATCH","Drs. Oki Wijaya","Drs. Oki Wijeya","","ID","ID","","Synthetic record; not derived from any real list."
"WL-01512","SANCTIONS_SYNTHETIC","Zahra Kusuma","Zehra Kusuma","1954-10-24","ID","ID","","Synthetic record; not derived from any real list."
"WL-01513","SANCTIONS_SYNTHETIC","Drs. Joko Santoso","","","ID","ID","","Synthetic record; not derived from any real list."
"WL-01514","PEP_SYNTHETIC","Mega Hartono","Mege Hartono","1985-02-27","ID","ID","Direktur BUMD (sintetis)","Synthetic record; not derived from any real list."
"WL-01515","SANCTIONS_SYNTHETIC","Siti Permana","Siti Permena","1957-03-16","ID","ID","","Synthetic record; not derived from any real list."
"WL-01516","PEP_SYNTHETIC","Wahyu Maulana","","1952-06-24","KR","ID","Anggota Dewan (sintetis)","Synthetic record; not derived from any real list."
"WL-01517","PEP_SYNTHETIC","Hadi Ramadhan","","1956-09-05","ID","ID","Kepala Dinas (sintetis)","Synthetic record; not derived from any real list."
"WL-01518","INTERNAL_WATCH","Ir. Hadi Lubis","","1976-09-02","ID","ID","","Synthetic record; not derived from any real list."
"WL-01519","PEP_SYNTHETIC","Hj. Umi Umi Wijaya","","","ID","ID","Komisaris (sintetis)","Synthetic record; not derived from any real list."
"WL-01520","PEP_SYNTHETIC","Hj. Zahra Lubis","Hj. Zehra Lubis","1951-09-13","ID","ID","Direktur BUMD (sintetis)","Synthetic record; not derived from any real list."
"WL-01521","SANCTIONS_SYNTHETIC","Indah Anggraini","","","AU","ID","","Synthetic record; not derived from any real list."
"WL-01522","PEP_SYNTHETIC","Cahya Bayu Gunawan","Cehya Bayu Gunawan","1998-04-21","ID","ID","Pejabat Daerah (sintetis)","Synthetic record; not derived from any real list."
"WL-01523","PEP_SYNTHETIC","Dra. Gita Kartika Maulana","","","ID","ID","Kepala Dinas (sintetis)","Synthetic record; not derived from any real list."
"WL-01524","SANCTIONS_SYNTHETIC","Adi Gunawan","","1970-05-08","ID","ID","","Synthetic record; not derived from any real list."
"WL-01525","PEP_SYNTHETIC","Joko Kusuma","Joko Kusume","","ID","ID","Direktur BUMD (sintetis)","Synthetic record; not derived from any real list."
"WL-01526","PEP_SYNTHETIC","Fajar Hadi Setiawan","","1957-06-24","ID","ID","Anggota Dewan (sintetis)","Synthetic record; not derived from any real list."
"WL-01527","PEP_SYNTHETIC","Dra. Siti Suryadi","","","ID","ID","Anggota Dewan (sintetis)","Synthetic record; not derived from any real list."
"WL-01528","PEP_SYNTHETIC","Nanda Gunawan","","1954-08-09","ID","ID","Kepala Dinas (sintetis)","Synthetic record; not derived from any real list."
"WL-01529","INTERNAL_WATCH","Bagus Permana","Begus Permana","","ID","ID","","Synthetic record; not derived from any real list."
"WL-01530","INTERNAL_WATCH","Ir. Cahya Permana","","","ID","ID","","Synthetic record; not derived from any real list."
"WL-01531","INTERNAL_WATCH","Eka Cahya Kusuma","","1952-06-27","ID","ID","","Synthetic record; not derived from any real list."
"WL-01532","PEP_SYNTHETIC","Nanda Siregar","","1956-11-10","ID","ID","Pejabat Daerah (sintetis)","Synthetic record; not derived from any real list."
"WL-01533","SANCTIONS_SYNTHETIC","H. Bagus Wijaya","H. Begus Wijaya","1990-09-16","ID","ID","","Synthetic record; not derived from any real list."
"WL-01534","PEP_SYNTHETIC","Ir. Sari Nugroho","","","ID","ID","Direktur BUMD (sintetis)","Synthetic record; not derived from any real list."
"WL-01535","PEP_SYNTHETIC","Ir. Mega Nugroho","","1992-08-15","ID","ID","Anggota Dewan (sintetis)","Synthetic record; not derived from any real list."
"WL-01536","PEP_SYNTHETIC","Ir. Sari Saputra","","1956-04-10","ID","ID","Anggota Dewan (sintetis)","Synthetic record; not derived from any real list."
"WL-01537","INTERNAL_WATCH","Adi Setiawan","","1950-01-07","ID","ID","","Synthetic record; not derived from any real list."
"WL-01538","PEP_SYNTHETIC","Hj. Citra Wulan Saputra","","","ID","ID","Pejabat Daerah (sintetis)","Synthetic record; not derived from any real list."
"WL-01539","PEP_SYNTHETIC","Sari Santoso","Seri Santoso","1997-01-18","HK","ID","Direktur BUMD (sintetis)","Synthetic record; not derived from any real list."
"WL-01540","SANCTIONS_SYNTHETIC","Hj. Dewi Pratama","","","ID","ID","","Synthetic record; not derived from any real list."
"WL-01541","PEP_SYNTHETIC","Drs. Dian Wijaya","Drs. Dien Wijaya","1980-05-28","ID","ID","Kepala Dinas (sintetis)","Synthetic record; not derived from any real list."
"WL-01542","PEP_SYNTHETIC","Gita Citra Anggraini","","1989-05-23","ID","ID","Kepala Dinas (sintetis)","Synthetic record; not derived from any real list."
"WL-01543","SANCTIONS_SYNTHETIC","Hj. Rina Lubis","Hj. Rine Lubis","1984-03-18","ID","ID","","Synthetic record; not derived from any real list."
"WL-01544","PEP_SYNTHETIC","Cahya Santoso","","1981-03-14","ID","ID","Direktur BUMD (sintetis)","Synthetic record; not derived from any real list."
"WL-01545","PEP_SYNTHETIC","Hj. Sari Umi Nugroho","Hj. Seri Umi Nugroho","1967-11-01","HK","ID","Anggota Dewan (sintetis)","Synthetic record; not derived from any real list."
"WL-01546","PEP_SYNTHETIC","Ir. Rina Citra Setiawan","","1984-03-12","ID","ID","Pejabat Daerah (sintetis)","Synthetic record; not derived from any real list."
"WL-01547","PEP_SYNTHETIC","Dian Permana","","","HK","ID","Anggota Dewan (sintetis)","Synthetic record; not derived from any real list."
"WL-01548","INTERNAL_WATCH","Siti Lestari Hidayat","","","ID","ID","","Synthetic record; not derived from any real list."
"WL-01549","PEP_SYNTHETIC","Dra. Wulan Sari Lubis","Dre. Wulan Sari Lubis","1952-12-01","ID","ID","Pejabat Daerah (sintetis)","Synthetic record; not derived from any real list."
"WL-01550","SANCTIONS_SYNTHETIC","Indah Maulana","","1958-03-21","ID","ID","","Synthetic record; not derived from any real list."
"WL-01551","PEP_SYNTHETIC","Hj. Ayu Sari Siregar","Hj. Ayu Seri Siregar","","ID","ID","Pejabat Daerah (sintetis)","Synthetic record; not derived from any real list."
"WL-01552","PEP_SYNTHETIC","Adi Siregar","","","ID","ID","Anggota Dewan (sintetis)","Synthetic record; not derived from any real list."
"WL-01553","SANCTIONS_SYNTHETIC","Wulan Simatupang","","1988-12-20","ID","ID","","Synthetic record; not derived from any real list."
"WL-01554","PEP_SYNTHETIC","Rahmat Setiawan","","1975-01-20","ID","ID","Direktur BUMD (sintetis)","Synthetic record; not derived from any real list."
"WL-01555","PEP_SYNTHETIC","Hj. Citra Setiawan","","1989-11-13","ID","ID","Komisaris (sintetis)","Synthetic record; not derived from any real list."
"WL-01556","PEP_SYNTHETIC","Bagus Maulana","Begus Maulana","","ID","ID","Komisaris (sintetis)","Synthetic record; not derived from any real list."
"WL-01557","SANCTIONS_SYNTHETIC","Gilang Kusuma","","1958-07-12","ID","ID","","Synthetic record; not derived from any real list."
"WL-01558","INTERNAL_WATCH","Ir. Iwan Wahyu Gunawan","Ir. Iwen Wahyu Gunawan","1980-09-07","ID","ID","","Synthetic record; not derived from any real list."
"WL-01559","SANCTIONS_SYNTHETIC","H. Gilang Wijaya","H. Gileng Wijaya","1969-02-24","US","ID","","Synthetic record; not derived from any real list."
"WL-01560","PEP_SYNTHETIC","H. Joko Tono Halim","","1977-09-18","ID","ID","Kepala Dinas (sintetis)","Synthetic record; not derived from any real list."
"WL-01561","PEP_SYNTHETIC","Ir. Rina Siregar","","","AU","ID","Anggota Dewan (sintetis)","Synthetic record; not derived from any real list."
"WL-01562","SANCTIONS_SYNTHETIC","Hj. Rina Siti Nugroho","","1962-06-28","ID","ID","","Synthetic record; not derived from any real list."
"WL-01563","PEP_SYNTHETIC","Zahra Pratama","","1972-01-08","HK","ID","Komisaris (sintetis)","Synthetic record; not derived from any real list."
"WL-01564","PEP_SYNTHETIC","Ir. Hadi Kusuma","","1958-10-14","SG","ID","Pejabat Daerah (sintetis)","Synthetic record; not derived from any real list."
"WL-01565","PEP_SYNTHETIC","Citra Sari Pratama","","1967-06-05","ID","ID","Anggota Dewan (sintetis)","Synthetic record; not derived from any real list."
"WL-01566","PEP_SYNTHETIC","Drs. Oki Gunawan","","","ID","ID","Komisaris (sintetis)","Synthetic record; not derived from any real list."
"WL-01567","PEP_SYNTHETIC","Eka Maulana","","1962-05-13","KR","ID","Komisaris (sintetis)","Synthetic record; not derived from any real list."
"WL-01568","PEP_SYNTHETIC","Gita Maulana","","1988-04-19","ID","ID","Kepala Dinas (sintetis)","Synthetic record; not derived from any real list."
"WL-01569","PEP_SYNTHETIC","Joko Wijaya","Joko Wijeya","","ID","ID","Komisaris (sintetis)","Synthetic record; not derived from any real list."
"WL-01570","SANCTIONS_SYNTHETIC","Siti Rina Kusuma","Siti Rine Kusuma","","ID","ID","","Synthetic record; not derived from any real list."
"WL-01571","SANCTIONS_SYNTHETIC","Ir. Lestari Siti Setiawan","","1997-03-19","AE","ID","","Synthetic record; not derived from any real list."
"WL-01572","PEP_SYNTHETIC","Dra. Umi Hartono","Dre. Umi Hartono","1992-09-10","KR","ID","Pejabat Daerah (sintetis)","Synthetic record; not derived from any real list."
"WL-01573","SANCTIONS_SYNTHETIC","Zahra Siregar","","1998-07-07","ID","ID","","Synthetic record; not derived from any real list."
"WL-01574","PEP_SYNTHETIC","Lestari Halim","Lesteri Halim","1979-12-26","MY","ID","Pejabat Daerah (sintetis)","Synthetic record; not derived from any real list."
"WL-01575","INTERNAL_WATCH","Ir. Bayu Pratama","","","ID","ID","","Synthetic record; not derived from any real list."
"WL-01576","PEP_SYNTHETIC","Dian Pratama","Dien Pratama","1984-03-05","SG","ID","Pejabat Daerah (sintetis)","Synthetic record; not derived from any real list."
"WL-01577","PEP_SYNTHETIC","Dra. Kartika Hidayat","Dre. Kartika Hidayat","1994-12-20","ID","ID","Anggota Dewan (sintetis)","Synthetic record; not derived from any real list."
"WL-01578","SANCTIONS_SYNTHETIC","Tono Dian Kusuma","Tono Dien Kusuma","1992-05-04","ID","ID","","Synthetic record; not derived from any real list."
"WL-01579","PEP_SYNTHETIC","Zahra Gunawan","Zehra Gunawan","1998-07-22","ID","ID","Direktur BUMD (sintetis)","Synthetic record; not derived from any real list."
"WL-01580","PEP_SYNTHETIC","Hj. Ayu Setiawan","","","ID","ID","Direktur BUMD (sintetis)","Synthetic record; not derived from any real list."
"WL-01581","SANCTIONS_SYNTHETIC","Eka Santoso","Eke Santoso","1966-02-25","ID","ID","","Synthetic record; not derived from any real list."
"WL-01582","PEP_SYNTHETIC","Drs. Wahyu Adi Wijaya","","","ID","ID","Komisaris (sintetis)","Synthetic record; not derived from any real list."
"WL-01583","PEP_SYNTHETIC","Vina Saputra","Vine Saputra","1962-01-18","ID","ID","Direktur BUMD (sintetis)","Synthetic record; not derived from any real list."
"WL-01584","PEP_SYNTHETIC","Hj. Zahra Nugroho","Hj. Zehra Nugroho","1965-03-13","HK","ID","Komisaris (sintetis)","Synthetic record; not derived from any real list."
"WL-01585","SANCTIONS_SYNTHETIC","Lestari Situmorang","Lesteri Situmorang","","ID","ID","","Synthetic record; not derived from any real list."
"WL-01586","PEP_SYNTHETIC","Iwan Suryadi","","1973-05-21","ID","ID","Pejabat Daerah (sintetis)","Synthetic record; not derived from any real list."
"WL-01587","PEP_SYNTHETIC","Gilang Bayu Anggraini","","1971-05-03","AU","ID","Anggota Dewan (sintetis)","Synthetic record; not derived from any real list."
"WL-01588","SANCTIONS_SYNTHETIC","Putri Kusuma","Putri Kusume","1991-11-15","ID","ID","","Synthetic record; not derived from any real list."
"WL-01589","PEP_SYNTHETIC","Anggun Lubis","Anggun Lubis","","ID","ID","Kepala Dinas (sintetis)","Synthetic record; not derived from any real list."
"WL-01590","PEP_SYNTHETIC","Ir. Rahmat Setiawan","Ir. Rehmat Setiawan","1991-07-03","ID","ID","Anggota Dewan (sintetis)","Synthetic record; not derived from any real list."
"WL-01591","PEP_SYNTHETIC","H. Dian Saputra","H. Dien Saputra","1951-06-26","KR","ID","Anggota Dewan (sintetis)","Synthetic record; not derived from any real list."
"WL-01592","PEP_SYNTHETIC","Ayu Mega Ramadhan","Ayu Mege Ramadhan","","ID","ID","Pejabat Daerah (sintetis)","Synthetic record; not derived from any real list."
"WL-01593","PEP_SYNTHETIC","Ir. Mega Nugroho","","1961-04-18","ID","ID","Komisaris (sintetis)","Synthetic record; not derived from any real list."
"WL-01594","SANCTIONS_SYNTHETIC","Ir. Rina Gunawan","Ir. Rine Gunawan","1997-12-21","MY","ID","","Synthetic record; not derived from any real list."
"WL-01595","SANCTIONS_SYNTHETIC","Citra Anggun Siregar","","1964-09-09","US","ID","","Synthetic record; not derived from any real list."
"WL-01596","PEP_SYNTHETIC","Joko Maulana","","1989-04-01","ID","ID","Direktur BUMD (sintetis)","Synthetic record; not derived from any real list."
"WL-01597","SANCTIONS_SYNTHETIC","Oki Siregar","","1978-07-26","ID","ID","","Synthetic record; not derived from any real list."
"WL-01598","PEP_SYNTHETIC","Hadi Maulana","Hedi Maulana","","ID","ID","Direktur BUMD (sintetis)","Synthetic record; not derived from any real list."
"WL-01599","PEP_SYNTHETIC","Joko Adi Suryadi","Joko Adi Suryedi","1975-02-17","ID","ID","Anggota Dewan (sintetis)","Synthetic record; not derived from any real list."
"WL-01600","PEP_SYNTHETIC","Umi Permana","","1972-11-02","KR","ID","Anggota Dewan (sintetis)","Synthetic record; not derived from any real list."
"WL-01601","SANCTIONS_SYNTHETIC","Ir. Rahmat Lubis","","1957-04-22","ID","ID","","Synthetic record; not derived from any real list."
"WL-01602","SANCTIONS_SYNTHETIC","Gilang Nanda Siregar","","1981-09-11","ID","ID","","Synthetic record; not derived from any real list."
"WL-01603","INTERNAL_WATCH","Ir. Vina Anggraini","Ir. Vine Anggraini","1979-05-01","ID","ID","","Synthetic record; not derived from any real list."
"WL-01604","PEP_SYNTHETIC","Dewi Hartono","Dewi Hertono","1966-08-09","SG","ID","Direktur BUMD (sintetis)","Synthetic record; not derived from any real list."
"WL-01605","INTERNAL_WATCH","Joko Hartono","","1992-05-04","ID","ID","","Synthetic record; not derived from any real list."
"WL-01606","PEP_SYNTHETIC","Rina Santoso","","1991-09-23","ID","ID","Direktur BUMD (sintetis)","Synthetic record; not derived from any real list."
"WL-01607","PEP_SYNTHETIC","Wahyu Saputra","","1957-06-02","ID","ID","Pejabat Daerah (sintetis)","Synthetic record; not derived from any real list."
"WL-01608","PEP_SYNTHETIC","Oki Lubis","","","ID","ID","Anggota Dewan (sintetis)","Synthetic record; not derived from any real list."
"WL-01609","PEP_SYNTHETIC","H. Bayu Suryadi","","1985-03-09","ID","ID","Anggota Dewan (sintetis)","Synthetic record; not derived from any real list."
"WL-01610","PEP_SYNTHETIC","Cahya Fajar Suryadi","","1993-11-20","ID","ID","Kepala Dinas (sintetis)","Synthetic record; not derived from any real list."
"WL-01611","PEP_SYNTHETIC","Oki Joko Permana","","","JP","ID","Anggota Dewan (sintetis)","Synthetic record; not derived from any real list."
"WL-01612","PEP_SYNTHETIC","Hj. Lestari Lubis","","","ID","ID","Direktur BUMD (sintetis)","Synthetic record; not derived from any real list."
"WL-01613","PEP_SYNTHETIC","Ir. Cahya Halim","","1973-06-16","JP","ID","Direktur BUMD (sintetis)","Synthetic record; not derived from any real list."
"WL-01614","SANCTIONS_SYNTHETIC","Siti Saputra","Siti Seputra","1961-10-18","ID","ID","","Synthetic record; not derived from any real list."
"WL-01615","SANCTIONS_SYNTHETIC","Iwan Iwan Kusuma","Iwen Iwan Kusuma","","ID","ID","","Synthetic record; not derived from any real list."
"WL-01616","PEP_SYNTHETIC","Drs. Joko Kusuma","Drs. Joko Kusume","1983-04-06","ID","ID","Anggota Dewan (sintetis)","Synthetic record; not derived from any real list."
"WL-01617","PEP_SYNTHETIC","Hj. Zahra Gita Situmorang","","1978-12-08","ID","ID","Komisaris (sintetis)","Synthetic record; not derived from any real list."
"WL-01618","PEP_SYNTHETIC","Cahya Setiawan","","","ID","ID","Pejabat Daerah (sintetis)","Synthetic record; not derived from any real list."
"WL-01619","SANCTIONS_SYNTHETIC","Ir. Gita Hartono","","1987-11-04","ID","ID","","Synthetic record; not derived from any real list."
"WL-01620","PEP_SYNTHETIC","Dra. Citra Hidayat","","1962-07-19","ID","ID","Pejabat Daerah (sintetis)","Synthetic record; not derived from any real list."
"WL-01621","PEP_SYNTHETIC","Ayu Wijaya","Ayu Wijeya","1961-05-10","ID","ID","Pejabat Daerah (sintetis)","Synthetic record; not derived from any real list."
"WL-01622","PEP_SYNTHETIC","Ir. Eka Wahyu Situmorang","","1963-07-05","ID","ID","Komisaris (sintetis)","Synthetic record; not derived from any real list."
"WL-01623","PEP_SYNTHETIC","Joko Setiawan","","1966-07-04","ID","ID","Pejabat Daerah (sintetis)","Synthetic record; not derived from any real list."
"WL-01624","PEP_SYNTHETIC","Vina Maulana","","","ID","ID","Kepala Dinas (sintetis)","Synthetic record; not derived from any real list."
"WL-01625","INTERNAL_WATCH","Hj. Rina Hartono","","1984-10-08","ID","ID","","Synthetic record; not derived from any real list."
"WL-01626","INTERNAL_WATCH","Wulan Umi Pratama","","1983-08-18","JP","ID","","Synthetic record; not derived from any real list."
"WL-01627","PEP_SYNTHETIC","Hj. Kartika Saputra","Hj. Kertika Saputra","","ID","ID","Anggota Dewan (sintetis)","Synthetic record; not derived from any real list."
"WL-01628","INTERNAL_WATCH","Bagus Kusuma","Begus Kusuma","1971-02-05","ID","ID","","Synthetic record; not derived from any real list."
"WL-01629","PEP_SYNTHETIC","Drs. Tono Ramadhan","Drs. Tono Remadhan","1978-08-12","NL","ID","Komisaris (sintetis)","Synthetic record; not derived from any real list."
"WL-01630","PEP_SYNTHETIC","Ir. Dewi Saputra","","","ID","ID","Direktur BUMD (sintetis)","Synthetic record; not derived from any real list."
"WL-01631","SANCTIONS_SYNTHETIC","Vina Putri Wijaya","","1986-03-12","ID","ID","","Synthetic record; not derived from any real list."
"WL-01632","PEP_SYNTHETIC","Iwan Situmorang","Iwen Situmorang","1971-02-22","ID","ID","Direktur BUMD (sintetis)","Synthetic record; not derived from any real list."
"WL-01633","INTERNAL_WATCH","Hadi Adi Siregar","Hedi Adi Siregar","","JP","ID","","Synthetic record; not derived from any real list."
"WL-01634","SANCTIONS_SYNTHETIC","H. Iwan Pratama","H. Iwen Pratama","1963-12-19","ID","ID","","Synthetic record; not derived from any real list."
"WL-01635","INTERNAL_WATCH","Nanda Saputra","","","ID","ID","","Synthetic record; not derived from any real list."
"WL-01636","PEP_SYNTHETIC","Cahya Setiawan","Cehya Setiawan","","ID","ID","Direktur BUMD (sintetis)","Synthetic record; not derived from any real list."
"WL-01637","PEP_SYNTHETIC","Oki Anggraini","Oki Anggreini","","ID","ID","Komisaris (sintetis)","Synthetic record; not derived from any real list."
"WL-01638","SANCTIONS_SYNTHETIC","Citra Gunawan","","1998-05-18","US","ID","","Synthetic record; not derived from any real list."
"WL-01639","PEP_SYNTHETIC","Joko Situmorang","","1983-02-11","ID","ID","Anggota Dewan (sintetis)","Synthetic record; not derived from any real list."
"WL-01640","PEP_SYNTHETIC","H. Hadi Wijaya","H. Hedi Wijaya","1986-05-20","AE","ID","Kepala Dinas (sintetis)","Synthetic record; not derived from any real list."
"WL-01641","PEP_SYNTHETIC","Ir. Umi Kusuma","Ir. Umi Kusume","","ID","ID","Kepala Dinas (sintetis)","Synthetic record; not derived from any real list."
"WL-01642","PEP_SYNTHETIC","Drs. Rahmat Dian Hidayat","","","AU","ID","Komisaris (sintetis)","Synthetic record; not derived from any real list."
"WL-01643","INTERNAL_WATCH","H. Iwan Joko Pratama","","1959-10-01","ID","ID","","Synthetic record; not derived from any real list."
"WL-01644","SANCTIONS_SYNTHETIC","Zahra Halim","","1964-05-20","ID","ID","","Synthetic record; not derived from any real list."
"WL-01645","PEP_SYNTHETIC","Drs. Rahmat Tono Setiawan","Drs. Rehmat Tono Setiawan","1970-08-05","ID","ID","Kepala Dinas (sintetis)","Synthetic record; not derived from any real list."
"WL-01646","INTERNAL_WATCH","Dra. Ayu Wulan Hidayat","Dre. Ayu Wulan Hidayat","","ID","ID","","Synthetic record; not derived from any real list."
"WL-01647","PEP_SYNTHETIC","Hj. Umi Pratama","Hj. Umi Pretama","","ID","ID","Anggota Dewan (sintetis)","Synthetic record; not derived from any real list."
"WL-01648","PEP_SYNTHETIC","H. Dian Kusuma","H. Dien Kusuma","1982-06-12","ID","ID","Kepala Dinas (sintetis)","Synthetic record; not derived from any real list."
"WL-01649","SANCTIONS_SYNTHETIC","Ir. Adi Rahmat Wijaya","","1960-06-22","JP","ID","","Synthetic record; not derived from any real list."
"WL-01650","PEP_SYNTHETIC","Ir. Wulan Wulan Wijaya","Ir. Wulen Wulan Wijaya","1997-09-07","ID","ID","Anggota Dewan (sintetis)","Synthetic record; not derived from any real list."
"WL-01651","SANCTIONS_SYNTHETIC","Joko Lubis","Joko Lubis","1951-05-02","ID","ID","","Synthetic record; not derived from any real list."
"WL-01652","PEP_SYNTHETIC","Putri Gunawan","","1961-06-24","ID","ID","Komisaris (sintetis)","Synthetic record; not derived from any real list."
"WL-01653","PEP_SYNTHETIC","Citra Sari Maulana","","1968-04-12","ID","ID","Kepala Dinas (sintetis)","Synthetic record; not derived from any real list."
"WL-01654","SANCTIONS_SYNTHETIC","Ir. Nanda Rahmat Ramadhan","","1987-11-06","ID","ID","","Synthetic record; not derived from any real list."
"WL-01655","PEP_SYNTHETIC","Ir. Anggun Gunawan","Ir. Anggun Gunewan","1965-06-04","ID","ID","Direktur BUMD (sintetis)","Synthetic record; not derived from any real list."
"WL-01656","PEP_SYNTHETIC","Putri Simatupang","Putri Simetupang","1964-02-11","ID","ID","Anggota Dewan (sintetis)","Synthetic record; not derived from any real list."
"WL-01657","SANCTIONS_SYNTHETIC","Ir. Adi Maulana","","1972-08-24","ID","ID","","Synthetic record; not derived from any real list."
"WL-01658","SANCTIONS_SYNTHETIC","Siti Suryadi","","1992-03-22","ID","ID","","Synthetic record; not derived from any real list."
"WL-01659","PEP_SYNTHETIC","Dra. Kartika Ramadhan","Dre. Kartika Ramadhan","1986-11-23","ID","ID","Kepala Dinas (sintetis)","Synthetic record; not derived from any real list."
"WL-01660","SANCTIONS_SYNTHETIC","Mega Gunawan","","1958-02-26","NL","ID","","Synthetic record; not derived from any real list."
"WL-01661","PEP_SYNTHETIC","Gita Gita Wijaya","","1959-09-03","ID","ID","Komisaris (sintetis)","Synthetic record; not derived from any real list."
"WL-01662","PEP_SYNTHETIC","Cahya Gunawan","Cehya Gunawan","1996-02-19","ID","ID","Komisaris (sintetis)","Synthetic record; not derived from any real list."
"WL-01663","SANCTIONS_SYNTHETIC","Kartika Permana","","","HK","ID","","Synthetic record; not derived from any real list."
"WL-01664","PEP_SYNTHETIC","Putri Citra Nugroho","Putri Citre Nugroho","","ID","ID","Kepala Dinas (sintetis)","Synthetic record; not derived from any real list."
"WL-01665","PEP_SYNTHETIC","Eka Iwan Saputra","","1963-06-01","ID","ID","Anggota Dewan (sintetis)","Synthetic record; not derived from any real list."
"WL-01666","SANCTIONS_SYNTHETIC","Adi Adi Simatupang","","1956-10-08","ID","ID","","Synthetic record; not derived from any real list."
"WL-01667","PEP_SYNTHETIC","Eka Suryadi","Eke Suryadi","1954-06-07","ID","ID","Kepala Dinas (sintetis)","Synthetic record; not derived from any real list."
"WL-01668","PEP_SYNTHETIC","Sari Simatupang","","1998-08-22","US","ID","Kepala Dinas (sintetis)","Synthetic record; not derived from any real list."
"WL-01669","SANCTIONS_SYNTHETIC","Oki Maulana","","1997-09-12","ID","ID","","Synthetic record; not derived from any real list."
"WL-01670","PEP_SYNTHETIC","Ir. Wahyu Anggraini","Ir. Wehyu Anggraini","1987-03-16","ID","ID","Komisaris (sintetis)","Synthetic record; not derived from any real list."
"WL-01671","PEP_SYNTHETIC","Anggun Indah Kusuma","","1991-05-13","ID","ID","Kepala Dinas (sintetis)","Synthetic record; not derived from any real list."
"WL-01672","SANCTIONS_SYNTHETIC","Hj. Zahra Siregar","","1996-12-06","ID","ID","","Synthetic record; not derived from any real list."
"WL-01673","INTERNAL_WATCH","Joko Hartono","Joko Hertono","1952-03-24","ID","ID","","Synthetic record; not derived from any real list."
"WL-01674","PEP_SYNTHETIC","Yuda Situmorang","","1977-01-04","ID","ID","Pejabat Daerah (sintetis)","Synthetic record; not derived from any real list."
"WL-01675","PEP_SYNTHETIC","Dewi Simatupang","","","ID","ID","Direktur BUMD (sintetis)","Synthetic record; not derived from any real list."
"WL-01676","INTERNAL_WATCH","Iwan Hidayat","","1952-07-22","ID","ID","","Synthetic record; not derived from any real list."
"WL-01677","SANCTIONS_SYNTHETIC","Citra Maulana","Citre Maulana","1958-08-20","SA","ID","","Synthetic record; not derived from any real list."
"WL-01678","SANCTIONS_SYNTHETIC","Zahra Nugroho","","","ID","ID","","Synthetic record; not derived from any real list."
"WL-01679","PEP_SYNTHETIC","Gita Putri Pratama","Gite Putri Pratama","1951-01-13","ID","ID","Pejabat Daerah (sintetis)","Synthetic record; not derived from any real list."
"WL-01680","PEP_SYNTHETIC","H. Eka Kusuma","","","ID","ID","Direktur BUMD (sintetis)","Synthetic record; not derived from any real list."
"WL-01681","PEP_SYNTHETIC","Eka Ramadhan","","","ID","ID","Anggota Dewan (sintetis)","Synthetic record; not derived from any real list."
"WL-01682","INTERNAL_WATCH","Ir. Tono Yuda Kusuma","","1959-04-13","ID","ID","","Synthetic record; not derived from any real list."
"WL-01683","SANCTIONS_SYNTHETIC","Siti Dewi Nugroho","","1980-05-13","SG","ID","","Synthetic record; not derived from any real list."
"WL-01684","PEP_SYNTHETIC","Drs. Tono Ramadhan","","","KR","ID","Direktur BUMD (sintetis)","Synthetic record; not derived from any real list."
"WL-01685","PEP_SYNTHETIC","Drs. Cahya Ramadhan","","1970-07-17","ID","ID","Anggota Dewan (sintetis)","Synthetic record; not derived from any real list."
"WL-01686","PEP_SYNTHETIC","Indah Anggraini","","1983-05-22","ID","ID","Pejabat Daerah (sintetis)","Synthetic record; not derived from any real list."
"WL-01687","SANCTIONS_SYNTHETIC","Hadi Nugroho","","1995-07-07","ID","ID","","Synthetic record; not derived from any real list."
"WL-01688","SANCTIONS_SYNTHETIC","Fajar Pratama","","1967-05-04","ID","ID","","Synthetic record; not derived from any real list."
"WL-01689","PEP_SYNTHETIC","Yuda Ramadhan","Yude Ramadhan","","ID","ID","Direktur BUMD (sintetis)","Synthetic record; not derived from any real list."
"WL-01690","INTERNAL_WATCH","Eka Bayu Suryadi","Eke Bayu Suryadi","1960-06-01","ID","ID","","Synthetic record; not derived from any real list."
"WL-01691","PEP_SYNTHETIC","Dra. Mega Vina Anggraini","","1961-11-09","ID","ID","Anggota Dewan (sintetis)","Synthetic record; not derived from any real list."
"WL-01692","PEP_SYNTHETIC","Hj. Dewi Hartono","","","ID","ID","Kepala Dinas (sintetis)","Synthetic record; not derived from any real list."
"WL-01693","PEP_SYNTHETIC","Eka Permana","","","ID","ID","Anggota Dewan (sintetis)","Synthetic record; not derived from any real list."
"WL-01694","INTERNAL_WATCH","Siti Siregar","Siti Sireger","1969-08-20","ID","ID","","Synthetic record; not derived from any real list."
"WL-01695","PEP_SYNTHETIC","Yuda Iwan Lubis","","","AE","ID","Pejabat Daerah (sintetis)","Synthetic record; not derived from any real list."
"WL-01696","PEP_SYNTHETIC","Dra. Vina Ramadhan","","","ID","ID","Anggota Dewan (sintetis)","Synthetic record; not derived from any real list."
"WL-01697","PEP_SYNTHETIC","Ir. Rahmat Situmorang","","1979-03-01","ID","ID","Kepala Dinas (sintetis)","Synthetic record; not derived from any real list."
"WL-01698","PEP_SYNTHETIC","Ayu Suryadi","","1977-08-02","ID","ID","Komisaris (sintetis)","Synthetic record; not derived from any real list."
"WL-01699","SANCTIONS_SYNTHETIC","Ir. Dian Permana","Ir. Dien Permana","1981-11-05","ID","ID","","Synthetic record; not derived from any real list."
"WL-01700","PEP_SYNTHETIC","Ir. Kartika Mega Gunawan","Ir. Kertika Mega Gunawan","1961-02-16","ID","ID","Kepala Dinas (sintetis)","Synthetic record; not derived from any real list."
"WL-01701","SANCTIONS_SYNTHETIC","Cahya Saputra","","","ID","ID","","Synthetic record; not derived from any real list."
"WL-01702","PEP_SYNTHETIC","Indah Pratama","","1953-03-13","ID","ID","Komisaris (sintetis)","Synthetic record; not derived from any real list."
"WL-01703","PEP_SYNTHETIC","H. Dian Tono Setiawan","","","JP","ID","Kepala Dinas (sintetis)","Synthetic record; not derived from any real list."
"WL-01704","SANCTIONS_SYNTHETIC","Hj. Rina Lestari Simatupang","Hj. Rine Lestari Simatupang","1988-07-15","ID","ID","","Synthetic record; not derived from any real list."
"WL-01705","SANCTIONS_SYNTHETIC","Hadi Setiawan","","1978-06-28","ID","ID","","Synthetic record; not derived from any real list."
"WL-01706","PEP_SYNTHETIC","Hadi Kusuma","Hedi Kusuma","","NL","ID","Kepala Dinas (sintetis)","Synthetic record; not derived from any real list."
"WL-01707","SANCTIONS_SYNTHETIC","Dewi Lubis","","1990-03-09","ID","ID","","Synthetic record; not derived from any real list."
"WL-01708","PEP_SYNTHETIC","Wahyu Hidayat","Wehyu Hidayat","1985-07-05","ID","ID","Komisaris (sintetis)","Synthetic record; not derived from any real list."
"WL-01709","SANCTIONS_SYNTHETIC","Ir. Bayu Anggraini","","1963-08-23","ID","ID","","Synthetic record; not derived from any real list."
"WL-01710","SANCTIONS_SYNTHETIC","Dian Kusuma","","1971-07-23","AU","ID","","Synthetic record; not derived from any real list."
"WL-01711","PEP_SYNTHETIC","Umi Situmorang","","","ID","ID","Pejabat Daerah (sintetis)","Synthetic record; not derived from any real list."
"WL-01712","PEP_SYNTHETIC","Ayu Kartika Suryadi","","","US","ID","Pejabat Daerah (sintetis)","Synthetic record; not derived from any real list."
"WL-01713","SANCTIONS_SYNTHETIC","Bayu Simatupang","Beyu Simatupang","1964-01-14","ID","ID","","Synthetic record; not derived from any real list."
"WL-01714","PEP_SYNTHETIC","Hj. Umi Lestari Situmorang","","","ID","ID","Direktur BUMD (sintetis)","Synthetic record; not derived from any real list."
"WL-01715","SANCTIONS_SYNTHETIC","Drs. Fajar Kusuma","","1957-02-07","ID","ID","","Synthetic record; not derived from any real list."
"WL-01716","PEP_SYNTHETIC","Dewi Simatupang","","1988-09-02","ID","ID","Anggota Dewan (sintetis)","Synthetic record; not derived from any real list."
"WL-01717","PEP_SYNTHETIC","Cahya Kusuma","Cehya Kusuma","1956-01-11","MY","ID","Kepala Dinas (sintetis)","Synthetic record; not derived from any real list."
"WL-01718","INTERNAL_WATCH","Ir. Wahyu Ramadhan","","1978-05-02","ID","ID","","Synthetic record; not derived from any real list."
"WL-01719","PEP_SYNTHETIC","Gita Pratama","Gite Pratama","1957-03-14","ID","ID","Anggota Dewan (sintetis)","Synthetic record; not derived from any real list."
"WL-01720","SANCTIONS_SYNTHETIC","Hj. Siti Umi Maulana","Hj. Siti Umi Meulana","1994-10-04","ID","ID","","Synthetic record; not derived from any real list."
"WL-01721","SANCTIONS_SYNTHETIC","Rahmat Permana","Rehmat Permana","1980-11-26","ID","ID","","Synthetic record; not derived from any real list."
"WL-01722","SANCTIONS_SYNTHETIC","Ir. Nanda Anggraini","","1950-12-14","ID","ID","","Synthetic record; not derived from any real list."
"WL-01723","SANCTIONS_SYNTHETIC","Ir. Iwan Cahya Anggraini","","1962-09-03","NL","ID","","Synthetic record; not derived from any real list."
"WL-01724","PEP_SYNTHETIC","Dewi Lubis","","","ID","ID","Komisaris (sintetis)","Synthetic record; not derived from any real list."
"WL-01725","PEP_SYNTHETIC","Ir. Anggun Permana","Ir. Anggun Permena","1963-12-09","ID","ID","Kepala Dinas (sintetis)","Synthetic record; not derived from any real list."
"WL-01726","SANCTIONS_SYNTHETIC","Joko Yuda Ramadhan","Joko Yude Ramadhan","1975-02-28","HK","ID","","Synthetic record; not derived from any real list."
"WL-01727","PEP_SYNTHETIC","H. Rahmat Santoso","","1984-01-21","ID","ID","Pejabat Daerah (sintetis)","Synthetic record; not derived from any real list."
"WL-01728","PEP_SYNTHETIC","Oki Fajar Maulana","","","ID","ID","Kepala Dinas (sintetis)","Synthetic record; not derived from any real list."
"WL-01729","PEP_SYNTHETIC","Drs. Bagus Anggraini","Drs. Begus Anggraini","","ID","ID","Kepala Dinas (sintetis)","Synthetic record; not derived from any real list."
"WL-01730","PEP_SYNTHETIC","Vina Nugroho","","","ID","ID","Direktur BUMD (sintetis)","Synthetic record; not derived from any real list."
"WL-01731","PEP_SYNTHETIC","Oki Suryadi","","","AE","ID","Anggota Dewan (sintetis)","Synthetic record; not derived from any real list."
"WL-01732","PEP_SYNTHETIC","Dra. Sari Ramadhan","","1985-04-09","ID","ID","Anggota Dewan (sintetis)","Synthetic record; not derived from any real list."
"WL-01733","PEP_SYNTHETIC","Dra. Sari Santoso","","","ID","ID","Anggota Dewan (sintetis)","Synthetic record; not derived from any real list."
"WL-01734","PEP_SYNTHETIC","Drs. Wahyu Anggraini","Drs. Wehyu Anggraini","1953-03-10","ID","ID","Anggota Dewan (sintetis)","Synthetic record; not derived from any real list."
"WL-01735","SANCTIONS_SYNTHETIC","Lestari Ramadhan","","","ID","ID","","Synthetic record; not derived from any real list."
"WL-01736","PEP_SYNTHETIC","Ir. Lestari Kusuma","","1975-11-07","US","ID","Direktur BUMD (sintetis)","Synthetic record; not derived from any real list."
"WL-01737","INTERNAL_WATCH","Ir. Adi Yuda Maulana","","","ID","ID","","Synthetic record; not derived from any real list."
"WL-01738","PEP_SYNTHETIC","Kartika Lubis","","1964-07-17","ID","ID","Komisaris (sintetis)","Synthetic record; not derived from any real list."
"WL-01739","INTERNAL_WATCH","Tono Gunawan","Tono Gunewan","1955-03-12","ID","ID","","Synthetic record; not derived from any real list."
"WL-01740","PEP_SYNTHETIC","Drs. Nanda Hartono","Drs. Nenda Hartono","1972-01-07","KR","ID","Anggota Dewan (sintetis)","Synthetic record; not derived from any real list."
"WL-01741","PEP_SYNTHETIC","Mega Kartika Siregar","Mege Kartika Siregar","","ID","ID","Komisaris (sintetis)","Synthetic record; not derived from any real list."
"WL-01742","INTERNAL_WATCH","Adi Nugroho","","1975-07-10","ID","ID","","Synthetic record; not derived from any real list."
"WL-01743","PEP_SYNTHETIC","Ir. Indah Putri Permana","Ir. Indeh Putri Permana","","ID","ID","Anggota Dewan (sintetis)","Synthetic record; not derived from any real list."
"WL-01744","PEP_SYNTHETIC","Cahya Hidayat","Cehya Hidayat","1980-04-17","SA","ID","Komisaris (sintetis)","Synthetic record; not derived from any real list."
"WL-01745","INTERNAL_WATCH","Ir. Dian Fajar Hartono","Ir. Dien Fajar Hartono","","ID","ID","","Synthetic record; not derived from any real list."
"WL-01746","SANCTIONS_SYNTHETIC","Dian Nugroho","Dien Nugroho","1950-10-13","ID","ID","","Synthetic record; not derived from any real list."
"WL-01747","SANCTIONS_SYNTHETIC","H. Hadi Situmorang","H. Hedi Situmorang","1991-09-11","ID","ID","","Synthetic record; not derived from any real list."
"WL-01748","SANCTIONS_SYNTHETIC","Adi Suryadi","","1978-09-21","ID","ID","","Synthetic record; not derived from any real list."
"WL-01749","INTERNAL_WATCH","H. Rahmat Hartono","","1986-01-26","KR","ID","","Synthetic record; not derived from any real list."
"WL-01750","SANCTIONS_SYNTHETIC","Rahmat Hartono","","","SG","ID","","Synthetic record; not derived from any real list."
"WL-01751","PEP_SYNTHETIC","Ir. Fajar Anggraini","Ir. Fejar Anggraini","","ID","ID","Komisaris (sintetis)","Synthetic record; not derived from any real list."
"WL-01752","SANCTIONS_SYNTHETIC","Siti Permana","","","ID","ID","","Synthetic record; not derived from any real list."
"WL-01753","PEP_SYNTHETIC","Bayu Lubis","","","ID","ID","Pejabat Daerah (sintetis)","Synthetic record; not derived from any real list."
"WL-01754","PEP_SYNTHETIC","Drs. Dian Wijaya","","","ID","ID","Kepala Dinas (sintetis)","Synthetic record; not derived from any real list."
"WL-01755","SANCTIONS_SYNTHETIC","H. Rahmat Gilang Siregar","H. Rehmat Gilang Siregar","1989-01-08","ID","ID","","Synthetic record; not derived from any real list."
"WL-01756","SANCTIONS_SYNTHETIC","Kartika Setiawan","","1960-12-15","ID","ID","","Synthetic record; not derived from any real list."
"WL-01757","PEP_SYNTHETIC","Mega Hidayat","","","ID","ID","Kepala Dinas (sintetis)","Synthetic record; not derived from any real list."
"WL-01758","PEP_SYNTHETIC","H. Adi Anggraini","H. Adi Anggreini","1988-10-07","ID","ID","Anggota Dewan (sintetis)","Synthetic record; not derived from any real list."
"WL-01759","PEP_SYNTHETIC","H. Yuda Gunawan","H. Yude Gunawan","1992-06-01","ID","ID","Anggota Dewan (sintetis)","Synthetic record; not derived from any real list."
"WL-01760","SANCTIONS_SYNTHETIC","Ir. Nanda Oki Kusuma","","1981-02-09","ID","ID","","Synthetic record; not derived from any real list."
"WL-01761","PEP_SYNTHETIC","Ir. Putri Gunawan","Ir. Putri Gunewan","1963-06-25","ID","ID","Komisaris (sintetis)","Synthetic record; not derived from any real list."
"WL-01762","PEP_SYNTHETIC","Yuda Setiawan","","1965-05-25","ID","ID","Pejabat Daerah (sintetis)","Synthetic record; not derived from any real list."
"WL-01763","INTERNAL_WATCH","H. Eka Santoso","H. Eke Santoso","","KR","ID","","Synthetic record; not derived from any real list."
"WL-01764","SANCTIONS_SYNTHETIC","Dewi Wijaya","Dewi Wijeya","","ID","ID","","Synthetic record; not derived from any real list."
"WL-01765","INTERNAL_WATCH","Nanda Kusuma","Nenda Kusuma","1983-07-19","ID","ID","","Synthetic record; not derived from any real list."
"WL-01766","PEP_SYNTHETIC","Yuda Kusuma","Yude Kusuma","1963-12-20","ID","ID","Kepala Dinas (sintetis)","Synthetic record; not derived from any real list."
"WL-01767","SANCTIONS_SYNTHETIC","Nanda Adi Ramadhan","","1962-07-08","SA","ID","","Synthetic record; not derived from any real list."
"WL-01768","INTERNAL_WATCH","Anggun Dewi Saputra","","1974-01-02","ID","ID","","Synthetic record; not derived from any real list."
"WL-01769","INTERNAL_WATCH","Hj. Siti Hartono","","1963-06-06","ID","ID","","Synthetic record; not derived from any real list."
"WL-01770","INTERNAL_WATCH","Wulan Halim","","","ID","ID","","Synthetic record; not derived from any real list."
"WL-01771","PEP_SYNTHETIC","Hj. Gita Anggraini","","1960-02-10","ID","ID","Anggota Dewan (sintetis)","Synthetic record; not derived from any real list."
"WL-01772","SANCTIONS_SYNTHETIC","Ir. Dewi Maulana","","1958-01-02","ID","ID","","Synthetic record; not derived from any real list."
"WL-01773","PEP_SYNTHETIC","Dian Pratama","Dien Pratama","1953-06-27","ID","ID","Anggota Dewan (sintetis)","Synthetic record; not derived from any real list."
"WL-01774","PEP_SYNTHETIC","H. Bayu Iwan Maulana","","1974-04-13","ID","ID","Pejabat Daerah (sintetis)","Synthetic record; not derived from any real list."
"WL-01775","PEP_SYNTHETIC","Kartika Wijaya","","","ID","ID","Anggota Dewan (sintetis)","Synthetic record; not derived from any real list."
"WL-01776","SANCTIONS_SYNTHETIC","Rina Citra Anggraini","","","AE","ID","","Synthetic record; not derived from any real list."
"WL-01777","PEP_SYNTHETIC","Ir. Wulan Kartika Ramadhan","","1952-04-14","ID","ID","Komisaris (sintetis)","Synthetic record; not derived from any real list."
"WL-01778","PEP_SYNTHETIC","Drs. Adi Setiawan","Drs. Adi Setiewan","","ID","ID","Direktur BUMD (sintetis)","Synthetic record; not derived from any real list."
"WL-01779","PEP_SYNTHETIC","Ir. Ayu Maulana","","","ID","ID","Direktur BUMD (sintetis)","Synthetic record; not derived from any real list."
"WL-01780","SANCTIONS_SYNTHETIC","Hj. Mega Ayu Santoso","","","ID","ID","","Synthetic record; not derived from any real list."
"WL-01781","PEP_SYNTHETIC","Hadi Gilang Situmorang","Hedi Gilang Situmorang","","SA","ID","Anggota Dewan (sintetis)","Synthetic record; not derived from any real list."
"WL-01782","INTERNAL_WATCH","Hj. Anggun Dewi Hartono","Hj. Anggun Dewi Hertono","1969-12-24","ID","ID","","Synthetic record; not derived from any real list."
"WL-01783","SANCTIONS_SYNTHETIC","Siti Anggun Lubis","Siti Anggun Lubis","","ID","ID","","Synthetic record; not derived from any real list."
"WL-01784","PEP_SYNTHETIC","Dian Bagus Simatupang","Dien Bagus Simatupang","1952-09-28","ID","ID","Kepala Dinas (sintetis)","Synthetic record; not derived from any real list."
"WL-01785","SANCTIONS_SYNTHETIC","Wahyu Nanda Situmorang","Wehyu Nanda Situmorang","1979-08-27","ID","ID","","Synthetic record; not derived from any real list."
"WL-01786","PEP_SYNTHETIC","Anggun Permana","","","ID","ID","Kepala Dinas (sintetis)","Synthetic record; not derived from any real list."
"WL-01787","PEP_SYNTHETIC","Fajar Suryadi","Fejar Suryadi","1987-02-15","SG","ID","Direktur BUMD (sintetis)","Synthetic record; not derived from any real list."
"WL-01788","PEP_SYNTHETIC","Wulan Hartono","","1993-10-07","ID","ID","Pejabat Daerah (sintetis)","Synthetic record; not derived from any real list."
"WL-01789","PEP_SYNTHETIC","Rina Siregar","","1953-02-08","SA","ID","Anggota Dewan (sintetis)","Synthetic record; not derived from any real list."
"WL-01790","SANCTIONS_SYNTHETIC","Putri Setiawan","","1950-07-19","ID","ID","","Synthetic record; not derived from any real list."
"WL-01791","PEP_SYNTHETIC","Siti Umi Nugroho","","1979-09-06","ID","ID","Kepala Dinas (sintetis)","Synthetic record; not derived from any real list."
"WL-01792","PEP_SYNTHETIC","Ayu Putri Gunawan","","1960-04-08","ID","ID","Kepala Dinas (sintetis)","Synthetic record; not derived from any real list."
"WL-01793","SANCTIONS_SYNTHETIC","Rahmat Saputra","","1969-05-24","ID","ID","","Synthetic record; not derived from any real list."
"WL-01794","PEP_SYNTHETIC","Lestari Santoso","","1972-03-07","KR","ID","Komisaris (sintetis)","Synthetic record; not derived from any real list."
"WL-01795","PEP_SYNTHETIC","Hj. Anggun Gunawan","","1983-02-22","ID","ID","Kepala Dinas (sintetis)","Synthetic record; not derived from any real list."
"WL-01796","PEP_SYNTHETIC","Ir. Zahra Vina Siregar","Ir. Zehra Vina Siregar","1996-02-23","ID","ID","Anggota Dewan (sintetis)","Synthetic record; not derived from any real list."
"WL-01797","SANCTIONS_SYNTHETIC","Umi Situmorang","Umi Situmoreng","1973-07-26","ID","ID","","Synthetic record; not derived from any real list."
"WL-01798","PEP_SYNTHETIC","H. Dian Gunawan","H. Dien Gunawan","1973-01-03","AU","ID","Komisaris (sintetis)","Synthetic record; not derived from any real list."
"WL-01799","SANCTIONS_SYNTHETIC","Ir. Eka Setiawan","","1984-06-14","ID","ID","","Synthetic record; not derived from any real list."
"WL-01800","PEP_SYNTHETIC","Tono Permana","Tono Permena","1958-04-01","ID","ID","Kepala Dinas (sintetis)","Synthetic record; not derived from any real list."
"WL-01801","SANCTIONS_SYNTHETIC","Wulan Zahra Pratama","Wulen Zahra Pratama","1957-05-02","ID","ID","","Synthetic record; not derived from any real list."
"WL-01802","PEP_SYNTHETIC","Kartika Mega Wijaya","","1980-10-11","ID","ID","Kepala Dinas (sintetis)","Synthetic record; not derived from any real list."
"WL-01803","SANCTIONS_SYNTHETIC","H. Fajar Eka Anggraini","H. Fejar Eka Anggraini","1986-12-20","ID","ID","","Synthetic record; not derived from any real list."
"WL-01804","SANCTIONS_SYNTHETIC","Anggun Saputra","Anggun Seputra","","ID","ID","","Synthetic record; not derived from any real list."
"WL-01805","PEP_SYNTHETIC","Ir. Sari Indah Hartono","Ir. Seri Indah Hartono","","ID","ID","Anggota Dewan (sintetis)","Synthetic record; not derived from any real list."
"WL-01806","PEP_SYNTHETIC","Iwan Saputra","","1979-11-02","ID","ID","Kepala Dinas (sintetis)","Synthetic record; not derived from any real list."
"WL-01807","PEP_SYNTHETIC","Drs. Bagus Suryadi","","","ID","ID","Komisaris (sintetis)","Synthetic record; not derived from any real list."
"WL-01808","SANCTIONS_SYNTHETIC","Drs. Iwan Permana","Drs. Iwen Permana","1996-05-22","ID","ID","","Synthetic record; not derived from any real list."
"WL-01809","PEP_SYNTHETIC","Sari Santoso","","1998-11-03","ID","ID","Anggota Dewan (sintetis)","Synthetic record; not derived from any real list."
"WL-01810","PEP_SYNTHETIC","Joko Dian Gunawan","Joko Dien Gunawan","","ID","ID","Direktur BUMD (sintetis)","Synthetic record; not derived from any real list."
"WL-01811","PEP_SYNTHETIC","Iwan Suryadi","Iwen Suryadi","1965-10-08","ID","ID","Anggota Dewan (sintetis)","Synthetic record; not derived from any real list."
"WL-01812","SANCTIONS_SYNTHETIC","Hj. Siti Suryadi","","1992-01-06","AE","ID","","Synthetic record; not derived from any real list."
"WL-01813","PEP_SYNTHETIC","Hj. Gita Sari Anggraini","","1976-07-09","ID","ID","Pejabat Daerah (sintetis)","Synthetic record; not derived from any real list."
"WL-01814","PEP_SYNTHETIC","Gita Wijaya","Gite Wijaya","1984-12-15","ID","ID","Kepala Dinas (sintetis)","Synthetic record; not derived from any real list."
"WL-01815","SANCTIONS_SYNTHETIC","Siti Gunawan","Siti Gunewan","","HK","ID","","Synthetic record; not derived from any real list."
"WL-01816","SANCTIONS_SYNTHETIC","H. Tono Joko Lubis","","1989-08-28","ID","ID","","Synthetic record; not derived from any real list."
"WL-01817","PEP_SYNTHETIC","Ayu Gita Nugroho","","1996-01-21","SG","ID","Pejabat Daerah (sintetis)","Synthetic record; not derived from any real list."
"WL-01818","SANCTIONS_SYNTHETIC","H. Rahmat Yuda Hartono","","1964-09-03","ID","ID","","Synthetic record; not derived from any real list."
"WL-01819","PEP_SYNTHETIC","Citra Simatupang","Citre Simatupang","1973-08-15","ID","ID","Komisaris (sintetis)","Synthetic record; not derived from any real list."
"WL-01820","PEP_SYNTHETIC","Nanda Wijaya","","1965-04-01","ID","ID","Kepala Dinas (sintetis)","Synthetic record; not derived from any real list."
"WL-01821","PEP_SYNTHETIC","Hj. Sari Putri Hidayat","","","ID","ID","Direktur BUMD (sintetis)","Synthetic record; not derived from any real list."
"WL-01822","PEP_SYNTHETIC","Indah Siregar","Indeh Siregar","","ID","ID","Pejabat Daerah (sintetis)","Synthetic record; not derived from any real list."
"WL-01823","INTERNAL_WATCH","Iwan Nugroho","","1960-04-15","ID","ID","","Synthetic record; not derived from any real list."
"WL-01824","INTERNAL_WATCH","Adi Iwan Maulana","","1987-07-11","ID","ID","","Synthetic record; not derived from any real list."
"WL-01825","PEP_SYNTHETIC","Sari Saputra","Seri Saputra","1967-01-14","ID","ID","Kepala Dinas (sintetis)","Synthetic record; not derived from any real list."
"WL-01826","INTERNAL_WATCH","H. Wahyu Siregar","","1951-05-20","ID","ID","","Synthetic record; not derived from any real list."
"WL-01827","INTERNAL_WATCH","Rina Putri Hartono","","1968-03-02","ID","ID","","Synthetic record; not derived from any real list."
"WL-01828","PEP_SYNTHETIC","Drs. Cahya Santoso","","1961-10-22","US","ID","Anggota Dewan (sintetis)","Synthetic record; not derived from any real list."
"WL-01829","PEP_SYNTHETIC","Dra. Siti Putri Lubis","","1952-07-12","ID","ID","Pejabat Daerah (sintetis)","Synthetic record; not derived from any real list."
"WL-01830","PEP_SYNTHETIC","Ir. Wahyu Eka Santoso","","","ID","ID","Komisaris (sintetis)","Synthetic record; not derived from any real list."
"WL-01831","INTERNAL_WATCH","Ir. Zahra Simatupang","","1980-10-27","ID","ID","","Synthetic record; not derived from any real list."
"WL-01832","SANCTIONS_SYNTHETIC","Bagus Adi Maulana","","1977-06-07","ID","ID","","Synthetic record; not derived from any real list."
"WL-01833","PEP_SYNTHETIC","H. Oki Santoso","","1984-09-14","ID","ID","Komisaris (sintetis)","Synthetic record; not derived from any real list."
"WL-01834","SANCTIONS_SYNTHETIC","H. Oki Hartono","H. Oki Hertono","1983-01-16","ID","ID","","Synthetic record; not derived from any real list."
"WL-01835","SANCTIONS_SYNTHETIC","Dra. Wulan Santoso","","1956-10-16","ID","ID","","Synthetic record; not derived from any real list."
"WL-01836","PEP_SYNTHETIC","Ir. Iwan Hidayat","Ir. Iwen Hidayat","1982-09-24","ID","ID","Kepala Dinas (sintetis)","Synthetic record; not derived from any real list."
"WL-01837","PEP_SYNTHETIC","Ir. Eka Siregar","Ir. Eke Siregar","1983-03-23","ID","ID","Kepala Dinas (sintetis)","Synthetic record; not derived from any real list."
"WL-01838","PEP_SYNTHETIC","Ir. Tono Wahyu Kusuma","","1974-03-15","ID","ID","Pejabat Daerah (sintetis)","Synthetic record; not derived from any real list."
"WL-01839","SANCTIONS_SYNTHETIC","Drs. Joko Nugroho","Drs. Joko Nugroho","1984-06-10","ID","ID","","Synthetic record; not derived from any real list."
"WL-01840","PEP_SYNTHETIC","Putri Gunawan","Putri Gunewan","1953-03-27","ID","ID","Anggota Dewan (sintetis)","Synthetic record; not derived from any real list."
"WL-01841","SANCTIONS_SYNTHETIC","Dra. Gita Situmorang","","","ID","ID","","Synthetic record; not derived from any real list."
"WL-01842","SANCTIONS_SYNTHETIC","Drs. Bayu Simatupang","","","ID","ID","","Synthetic record; not derived from any real list."
"WL-01843","PEP_SYNTHETIC","Zahra Simatupang","","1957-06-19","ID","ID","Kepala Dinas (sintetis)","Synthetic record; not derived from any real list."
"WL-01844","INTERNAL_WATCH","Hj. Kartika Putri Anggraini","","1969-01-15","ID","ID","","Synthetic record; not derived from any real list."
"WL-01845","PEP_SYNTHETIC","Eka Nugroho","","","US","ID","Anggota Dewan (sintetis)","Synthetic record; not derived from any real list."
"WL-01846","INTERNAL_WATCH","Rina Setiawan","","","ID","ID","","Synthetic record; not derived from any real list."
"WL-01847","PEP_SYNTHETIC","Wahyu Ramadhan","","","AE","ID","Kepala Dinas (sintetis)","Synthetic record; not derived from any real list."
"WL-01848","INTERNAL_WATCH","Ir. Tono Setiawan","Ir. Tono Setiewan","","ID","ID","","Synthetic record; not derived from any real list."
"WL-01849","SANCTIONS_SYNTHETIC","Dra. Wulan Gunawan","","1973-02-23","ID","ID","","Synthetic record; not derived from any real list."
"WL-01850","SANCTIONS_SYNTHETIC","H. Tono Permana","","1970-06-11","ID","ID","","Synthetic record; not derived from any real list."
"WL-01851","SANCTIONS_SYNTHETIC","Citra Suryadi","","1998-11-23","ID","ID","","Synthetic record; not derived from any real list."
"WL-01852","PEP_SYNTHETIC","Oki Anggraini","","1959-07-22","MY","ID","Komisaris (sintetis)","Synthetic record; not derived from any real list."
"WL-01853","PEP_SYNTHETIC","Hj. Vina Santoso","Hj. Vine Santoso","1974-02-11","ID","ID","Direktur BUMD (sintetis)","Synthetic record; not derived from any real list."
"WL-01854","PEP_SYNTHETIC","Wulan Saputra","Wulen Saputra","1957-03-21","ID","ID","Komisaris (sintetis)","Synthetic record; not derived from any real list."
"WL-01855","PEP_SYNTHETIC","Hj. Wulan Lubis","","","ID","ID","Pejabat Daerah (sintetis)","Synthetic record; not derived from any real list."
"WL-01856","PEP_SYNTHETIC","Drs. Bagus Dian Ramadhan","Drs. Begus Dian Ramadhan","1975-03-10","ID","ID","Komisaris (sintetis)","Synthetic record; not derived from any real list."
"WL-01857","SANCTIONS_SYNTHETIC","Dra. Lestari Ramadhan","Dre. Lestari Ramadhan","1988-02-17","ID","ID","","Synthetic record; not derived from any real list."
"WL-01858","PEP_SYNTHETIC","H. Dian Saputra","H. Dien Saputra","","MY","ID","Kepala Dinas (sintetis)","Synthetic record; not derived from any real list."
"WL-01859","SANCTIONS_SYNTHETIC","Hj. Gita Kusuma","","","ID","ID","","Synthetic record; not derived from any real list."
"WL-01860","INTERNAL_WATCH","Dra. Citra Ramadhan","Dre. Citra Ramadhan","","ID","ID","","Synthetic record; not derived from any real list."
"WL-01861","PEP_SYNTHETIC","Ir. Kartika Gunawan","","","ID","ID","Anggota Dewan (sintetis)","Synthetic record; not derived from any real list."
"WL-01862","INTERNAL_WATCH","Rina Nugroho","","1967-10-28","ID","ID","","Synthetic record; not derived from any real list."
"WL-01863","SANCTIONS_SYNTHETIC","Cahya Halim","","1955-06-12","ID","ID","","Synthetic record; not derived from any real list."
"WL-01864","PEP_SYNTHETIC","Oki Oki Maulana","","1953-11-06","ID","ID","Komisaris (sintetis)","Synthetic record; not derived from any real list."
"WL-01865","SANCTIONS_SYNTHETIC","Zahra Setiawan","","","ID","ID","","Synthetic record; not derived from any real list."
"WL-01866","PEP_SYNTHETIC","Dra. Sari Halim","","","SA","ID","Pejabat Daerah (sintetis)","Synthetic record; not derived from any real list."
"WL-01867","PEP_SYNTHETIC","Lestari Wulan Halim","","1979-09-14","ID","ID","Kepala Dinas (sintetis)","Synthetic record; not derived from any real list."
"WL-01868","PEP_SYNTHETIC","H. Rahmat Wijaya","H. Rehmat Wijaya","1951-03-08","ID","ID","Komisaris (sintetis)","Synthetic record; not derived from any real list."
"WL-01869","SANCTIONS_SYNTHETIC","H. Cahya Tono Ramadhan","H. Cehya Tono Ramadhan","1975-01-20","ID","ID","","Synthetic record; not derived from any real list."
"WL-01870","SANCTIONS_SYNTHETIC","Anggun Lubis","Anggun Lubis","1990-10-06","ID","ID","","Synthetic record; not derived from any real list."
"WL-01871","PEP_SYNTHETIC","Umi Zahra Ramadhan","","1975-08-03","ID","ID","Direktur BUMD (sintetis)","Synthetic record; not derived from any real list."
"WL-01872","PEP_SYNTHETIC","Siti Santoso","","","ID","ID","Pejabat Daerah (sintetis)","Synthetic record; not derived from any real list."
"WL-01873","PEP_SYNTHETIC","Hj. Dewi Gunawan","","1998-10-20","US","ID","Anggota Dewan (sintetis)","Synthetic record; not derived from any real list."
"WL-01874","SANCTIONS_SYNTHETIC","Dian Nugroho","","1973-12-28","ID","ID","","Synthetic record; not derived from any real list."
"WL-01875","SANCTIONS_SYNTHETIC","Dian Joko Siregar","Dien Joko Siregar","1965-07-17","ID","ID","","Synthetic record; not derived from any real list."
"WL-01876","INTERNAL_WATCH","H. Oki Hidayat","H. Oki Hideyat","","ID","ID","","Synthetic record; not derived from any real list."
"WL-01877","SANCTIONS_SYNTHETIC","Indah Sari Gunawan","","1952-12-20","ID","ID","","Synthetic record; not derived from any real list."
"WL-01878","PEP_SYNTHETIC","Drs. Eka Hidayat","Drs. Eke Hidayat","","ID","ID","Kepala Dinas (sintetis)","Synthetic record; not derived from any real list."
"WL-01879","SANCTIONS_SYNTHETIC","H. Iwan Wijaya","H. Iwen Wijaya","1969-06-03","ID","ID","","Synthetic record; not derived from any real list."
"WL-01880","PEP_SYNTHETIC","Rina Indah Santoso","","","ID","ID","Direktur BUMD (sintetis)","Synthetic record; not derived from any real list."
"WL-01881","SANCTIONS_SYNTHETIC","Hj. Sari Halim","Hj. Seri Halim","1997-04-01","ID","ID","","Synthetic record; not derived from any real list."
"WL-01882","PEP_SYNTHETIC","Citra Anggraini","","1984-05-26","ID","ID","Anggota Dewan (sintetis)","Synthetic record; not derived from any real list."
"WL-01883","SANCTIONS_SYNTHETIC","Anggun Anggraini","","1967-04-12","ID","ID","","Synthetic record; not derived from any real list."
"WL-01884","PEP_SYNTHETIC","H. Tono Hartono","H. Tono Hertono","","ID","ID","Direktur BUMD (sintetis)","Synthetic record; not derived from any real list."
"WL-01885","SANCTIONS_SYNTHETIC","Kartika Saputra","","1953-05-25","SG","ID","","Synthetic record; not derived from any real list."
"WL-01886","SANCTIONS_SYNTHETIC","Putri Anggun Ramadhan","Putri Anggun Remadhan","1953-01-07","SA","ID","","Synthetic record; not derived from any real list."
"WL-01887","PEP_SYNTHETIC","Ir. Citra Wijaya","","1995-02-21","ID","ID","Anggota Dewan (sintetis)","Synthetic record; not derived from any real list."
"WL-01888","PEP_SYNTHETIC","H. Cahya Santoso","H. Cehya Santoso","","US","ID","Anggota Dewan (sintetis)","Synthetic record; not derived from any real list."
"WL-01889","SANCTIONS_SYNTHETIC","Ir. Eka Siregar","","1981-04-06","ID","ID","","Synthetic record; not derived from any real list."
"WL-01890","PEP_SYNTHETIC","Ir. Anggun Maulana","Ir. Anggun Meulana","1971-11-11","ID","ID","Direktur BUMD (sintetis)","Synthetic record; not derived from any real list."
"WL-01891","PEP_SYNTHETIC","H. Eka Lubis","","","ID","ID","Kepala Dinas (sintetis)","Synthetic record; not derived from any real list."
"WL-01892","PEP_SYNTHETIC","Ir. Oki Suryadi","Ir. Oki Suryedi","","ID","ID","Direktur BUMD (sintetis)","Synthetic record; not derived from any real list."
"WL-01893","SANCTIONS_SYNTHETIC","Dewi Kusuma","Dewi Kusume","","ID","ID","","Synthetic record; not derived from any real list."
"WL-01894","SANCTIONS_SYNTHETIC","H. Cahya Joko Hidayat","","","ID","ID","","Synthetic record; not derived from any real list."
"WL-01895","PEP_SYNTHETIC","Dra. Mega Wijaya","Dre. Mega Wijaya","1976-06-04","ID","ID","Anggota Dewan (sintetis)","Synthetic record; not derived from any real list."
"WL-01896","PEP_SYNTHETIC","Drs. Bagus Maulana","Drs. Begus Maulana","","ID","ID","Komisaris (sintetis)","Synthetic record; not derived from any real list."
"WL-01897","SANCTIONS_SYNTHETIC","Ir. Sari Sari Saputra","Ir. Seri Sari Saputra","","ID","ID","","Synthetic record; not derived from any real list."
"WL-01898","SANCTIONS_SYNTHETIC","Hadi Siregar","Hedi Siregar","","SA","ID","","Synthetic record; not derived from any real list."
"WL-01899","PEP_SYNTHETIC","Ir. Sari Sari Ramadhan","","1990-11-18","ID","ID","Anggota Dewan (sintetis)","Synthetic record; not derived from any real list."
"WL-01900","PEP_SYNTHETIC","Drs. Tono Pratama","","1955-03-12","ID","ID","Anggota Dewan (sintetis)","Synthetic record; not derived from any real list."
"WL-01901","PEP_SYNTHETIC","Dra. Vina Ramadhan","","1956-10-11","ID","ID","Pejabat Daerah (sintetis)","Synthetic record; not derived from any real list."
"WL-01902","PEP_SYNTHETIC","Ir. Bayu Kusuma","","1957-10-05","ID","ID","Kepala Dinas (sintetis)","Synthetic record; not derived from any real list."
"WL-01903","SANCTIONS_SYNTHETIC","Nanda Gunawan","Nenda Gunawan","1993-09-24","NL","ID","","Synthetic record; not derived from any real list."
"WL-01904","PEP_SYNTHETIC","Gilang Hartono","Gileng Hartono","1992-11-17","ID","ID","Kepala Dinas (sintetis)","Synthetic record; not derived from any real list."
"WL-01905","SANCTIONS_SYNTHETIC","Rahmat Lubis","Rehmat Lubis","","JP","ID","","Synthetic record; not derived from any real list."
"WL-01906","PEP_SYNTHETIC","Wulan Lestari Siregar","","1953-09-06","ID","ID","Komisaris (sintetis)","Synthetic record; not derived from any real list."
"WL-01907","PEP_SYNTHETIC","Drs. Oki Wijaya","Drs. Oki Wijeya","1983-04-03","US","ID","Pejabat Daerah (sintetis)","Synthetic record; not derived from any real list."
"WL-01908","PEP_SYNTHETIC","Joko Wijaya","","","ID","ID","Direktur BUMD (sintetis)","Synthetic record; not derived from any real list."
"WL-01909","SANCTIONS_SYNTHETIC","Hj. Ayu Saputra","Hj. Ayu Seputra","","ID","ID","","Synthetic record; not derived from any real list."
"WL-01910","SANCTIONS_SYNTHETIC","Zahra Ramadhan","Zehra Ramadhan","","ID","ID","","Synthetic record; not derived from any real list."
"WL-01911","PEP_SYNTHETIC","Dewi Pratama","","","ID","ID","Pejabat Daerah (sintetis)","Synthetic record; not derived from any real list."
"WL-01912","PEP_SYNTHETIC","Eka Gunawan","","1962-03-19","ID","ID","Kepala Dinas (sintetis)","Synthetic record; not derived from any real list."
"WL-01913","SANCTIONS_SYNTHETIC","Tono Wijaya","","1991-03-25","AE","ID","","Synthetic record; not derived from any real list."
"WL-01914","SANCTIONS_SYNTHETIC","Gilang Permana","Gileng Permana","1988-01-24","ID","ID","","Synthetic record; not derived from any real list."
"WL-01915","PEP_SYNTHETIC","Dra. Umi Kusuma","Dre. Umi Kusuma","1983-02-08","ID","ID","Pejabat Daerah (sintetis)","Synthetic record; not derived from any real list."
"WL-01916","SANCTIONS_SYNTHETIC","Ir. Oki Wijaya","","1984-01-10","MY","ID","","Synthetic record; not derived from any real list."
"WL-01917","SANCTIONS_SYNTHETIC","Drs. Eka Iwan Anggraini","Drs. Eke Iwan Anggraini","","ID","ID","","Synthetic record; not derived from any real list."
"WL-01918","INTERNAL_WATCH","Dra. Rina Maulana","Dre. Rina Maulana","1981-11-28","SG","ID","","Synthetic record; not derived from any real list."
"WL-01919","PEP_SYNTHETIC","Ayu Ramadhan","","1966-03-10","ID","ID","Pejabat Daerah (sintetis)","Synthetic record; not derived from any real list."
"WL-01920","PEP_SYNTHETIC","Drs. Fajar Nugroho","","1964-02-12","ID","ID","Anggota Dewan (sintetis)","Synthetic record; not derived from any real list."
"WL-01921","SANCTIONS_SYNTHETIC","Cahya Suryadi","","1986-05-20","SG","ID","","Synthetic record; not derived from any real list."
"WL-01922","PEP_SYNTHETIC","Vina Anggraini","","1977-10-16","AE","ID","Direktur BUMD (sintetis)","Synthetic record; not derived from any real list."
"WL-01923","PEP_SYNTHETIC","Ir. Gita Mega Pratama","Ir. Gite Mega Pratama","1956-10-08","ID","ID","Anggota Dewan (sintetis)","Synthetic record; not derived from any real list."
"WL-01924","INTERNAL_WATCH","Joko Yuda Anggraini","","1954-01-13","ID","ID","","Synthetic record; not derived from any real list."
"WL-01925","PEP_SYNTHETIC","Ir. Iwan Ramadhan","","1982-04-22","ID","ID","Direktur BUMD (sintetis)","Synthetic record; not derived from any real list."
"WL-01926","PEP_SYNTHETIC","Anggun Hartono","Anggun Hertono","1964-06-22","ID","ID","Anggota Dewan (sintetis)","Synthetic record; not derived from any real list."
"WL-01927","PEP_SYNTHETIC","Oki Joko Gunawan","","1965-03-04","ID","ID","Komisaris (sintetis)","Synthetic record; not derived from any real list."
"WL-01928","PEP_SYNTHETIC","Cahya Pratama","Cehya Pratama","","AE","ID","Anggota Dewan (sintetis)","Synthetic record; not derived from any real list."
"WL-01929","SANCTIONS_SYNTHETIC","Fajar Adi Suryadi","","","ID","ID","","Synthetic record; not derived from any real list."
"WL-01930","INTERNAL_WATCH","Wulan Situmorang","Wulen Situmorang","1950-12-27","ID","ID","","Synthetic record; not derived from any real list."
"WL-01931","PEP_SYNTHETIC","Tono Lubis","","1978-06-19","ID","ID","Kepala Dinas (sintetis)","Synthetic record; not derived from any real list."
"WL-01932","PEP_SYNTHETIC","Dian Fajar Situmorang","Dien Fajar Situmorang","1974-08-26","ID","ID","Direktur BUMD (sintetis)","Synthetic record; not derived from any real list."
"WL-01933","PEP_SYNTHETIC","Drs. Adi Eka Wijaya","Drs. Adi Eke Wijaya","","HK","ID","Pejabat Daerah (sintetis)","Synthetic record; not derived from any real list."
"WL-01934","PEP_SYNTHETIC","Ir. Adi Hadi Maulana","Ir. Adi Hedi Maulana","1976-11-07","ID","ID","Anggota Dewan (sintetis)","Synthetic record; not derived from any real list."
"WL-01935","PEP_SYNTHETIC","H. Oki Eka Pratama","H. Oki Eke Pratama","1962-07-10","ID","ID","Kepala Dinas (sintetis)","Synthetic record; not derived from any real list."
"WL-01936","PEP_SYNTHETIC","Umi Zahra Saputra","","1952-07-04","ID","ID","Anggota Dewan (sintetis)","Synthetic record; not derived from any real list."
"WL-01937","PEP_SYNTHETIC","Drs. Nanda Hidayat","Drs. Nenda Hidayat","1974-06-24","ID","ID","Pejabat Daerah (sintetis)","Synthetic record; not derived from any real list."
"WL-01938","PEP_SYNTHETIC","Dian Wijaya","","","ID","ID","Direktur BUMD (sintetis)","Synthetic record; not derived from any real list."
"WL-01939","PEP_SYNTHETIC","Wahyu Nanda Halim","","","ID","ID","Anggota Dewan (sintetis)","Synthetic record; not derived from any real list."
"WL-01940","SANCTIONS_SYNTHETIC","H. Oki Fajar Halim","H. Oki Fejar Halim","1952-04-22","ID","ID","","Synthetic record; not derived from any real list."
"WL-01941","PEP_SYNTHETIC","Ir. Gita Suryadi","Ir. Gite Suryadi","1968-04-20","ID","ID","Kepala Dinas (sintetis)","Synthetic record; not derived from any real list."
"WL-01942","PEP_SYNTHETIC","Hj. Mega Wijaya","Hj. Mege Wijaya","1963-11-19","ID","ID","Pejabat Daerah (sintetis)","Synthetic record; not derived from any real list."
"WL-01943","SANCTIONS_SYNTHETIC","Putri Gunawan","Putri Gunewan","1954-06-07","SA","ID","","Synthetic record; not derived from any real list."
"WL-01944","SANCTIONS_SYNTHETIC","Ir. Joko Simatupang","","","NL","ID","","Synthetic record; not derived from any real list."
"WL-01945","SANCTIONS_SYNTHETIC","Vina Kusuma","","1997-07-19","ID","ID","","Synthetic record; not derived from any real list."
"WL-01946","SANCTIONS_SYNTHETIC","Ir. Dewi Indah Hartono","Ir. Dewi Indeh Hartono","1961-02-01","AE","ID","","Synthetic record; not derived from any real list."
"WL-01947","SANCTIONS_SYNTHETIC","Cahya Nugroho","","1974-12-28","ID","ID","","Synthetic record; not derived from any real list."
"WL-01948","PEP_SYNTHETIC","Ir. Oki Kusuma","Ir. Oki Kusume","1960-10-25","JP","ID","Pejabat Daerah (sintetis)","Synthetic record; not derived from any real list."
"WL-01949","INTERNAL_WATCH","Hadi Siregar","Hedi Siregar","1963-02-18","ID","ID","","Synthetic record; not derived from any real list."
"WL-01950","INTERNAL_WATCH","Oki Kusuma","Oki Kusume","1996-05-09","ID","ID","","Synthetic record; not derived from any real list."
"WL-01951","PEP_SYNTHETIC","Dra. Umi Pratama","Dre. Umi Pratama","1977-11-25","ID","ID","Komisaris (sintetis)","Synthetic record; not derived from any real list."
"WL-01952","PEP_SYNTHETIC","Wulan Umi Gunawan","","","ID","ID","Kepala Dinas (sintetis)","Synthetic record; not derived from any real list."
"WL-01953","PEP_SYNTHETIC","Sari Permana","","1991-07-05","ID","ID","Anggota Dewan (sintetis)","Synthetic record; not derived from any real list."
"WL-01954","PEP_SYNTHETIC","Oki Tono Anggraini","","1954-10-04","ID","ID","Pejabat Daerah (sintetis)","Synthetic record; not derived from any real list."
"WL-01955","SANCTIONS_SYNTHETIC","Zahra Anggraini","","1952-06-27","ID","ID","","Synthetic record; not derived from any real list."
"WL-01956","PEP_SYNTHETIC","Dra. Umi Simatupang","","1973-04-17","ID","ID","Anggota Dewan (sintetis)","Synthetic record; not derived from any real list."
"WL-01957","SANCTIONS_SYNTHETIC","H. Dian Hartono","H. Dien Hartono","1978-12-21","ID","ID","","Synthetic record; not derived from any real list."
"WL-01958","SANCTIONS_SYNTHETIC","Ir. Tono Ramadhan","","1962-10-17","KR","ID","","Synthetic record; not derived from any real list."
"WL-01959","PEP_SYNTHETIC","Ir. Sari Wijaya","","1963-01-04","NL","ID","Komisaris (sintetis)","Synthetic record; not derived from any real list."
"WL-01960","PEP_SYNTHETIC","Vina Hidayat","","1964-01-22","ID","ID","Pejabat Daerah (sintetis)","Synthetic record; not derived from any real list."
"WL-01961","PEP_SYNTHETIC","Putri Anggraini","Putri Anggreini","1979-07-24","ID","ID","Pejabat Daerah (sintetis)","Synthetic record; not derived from any real list."
"WL-01962","PEP_SYNTHETIC","Drs. Bayu Kusuma","","1980-06-20","NL","ID","Komisaris (sintetis)","Synthetic record; not derived from any real list."
"WL-01963","SANCTIONS_SYNTHETIC","Lestari Hidayat","","","MY","ID","","Synthetic record; not derived from any real list."
"WL-01964","PEP_SYNTHETIC","H. Dian Setiawan","","","ID","ID","Anggota Dewan (sintetis)","Synthetic record; not derived from any real list."
"WL-01965","PEP_SYNTHETIC","Ir. Bayu Santoso","Ir. Beyu Santoso","","ID","ID","Direktur BUMD (sintetis)","Synthetic record; not derived from any real list."
"WL-01966","PEP_SYNTHETIC","Lestari Gunawan","","","ID","ID","Anggota Dewan (sintetis)","Synthetic record; not derived from any real list."
"WL-01967","PEP_SYNTHETIC","Drs. Adi Halim","Drs. Adi Helim","","ID","ID","Pejabat Daerah (sintetis)","Synthetic record; not derived from any real list."
"WL-01968","INTERNAL_WATCH","Gilang Fajar Suryadi","","","ID","ID","","Synthetic record; not derived from any real list."
"WL-01969","INTERNAL_WATCH","Nanda Gilang Hidayat","","1952-03-25","ID","ID","","Synthetic record; not derived from any real list."
"WL-01970","PEP_SYNTHETIC","Anggun Dewi Permana","","1969-08-01","ID","ID","Anggota Dewan (sintetis)","Synthetic record; not derived from any real list."
"WL-01971","SANCTIONS_SYNTHETIC","Wulan Gunawan","","1956-03-15","ID","ID","","Synthetic record; not derived from any real list."
"WL-01972","PEP_SYNTHETIC","H. Bayu Wijaya","","1952-01-07","ID","ID","Komisaris (sintetis)","Synthetic record; not derived from any real list."
"WL-01973","PEP_SYNTHETIC","Rahmat Wijaya","Rehmat Wijaya","1982-02-12","ID","ID","Pejabat Daerah (sintetis)","Synthetic record; not derived from any real list."
"WL-01974","PEP_SYNTHETIC","Fajar Maulana","","1997-05-20","KR","ID","Komisaris (sintetis)","Synthetic record; not derived from any real list."
"WL-01975","PEP_SYNTHETIC","Bagus Anggraini","","1963-07-21","ID","ID","Direktur BUMD (sintetis)","Synthetic record; not derived from any real list."
"WL-01976","PEP_SYNTHETIC","Anggun Simatupang","","1997-10-26","MY","ID","Pejabat Daerah (sintetis)","Synthetic record; not derived from any real list."
"WL-01977","PEP_SYNTHETIC","H. Gilang Simatupang","H. Gileng Simatupang","1977-04-05","ID","ID","Direktur BUMD (sintetis)","Synthetic record; not derived from any real list."
"WL-01978","PEP_SYNTHETIC","Indah Setiawan","Indeh Setiawan","","MY","ID","Komisaris (sintetis)","Synthetic record; not derived from any real list."
"WL-01979","PEP_SYNTHETIC","Ir. Kartika Anggraini","","1971-07-02","ID","ID","Direktur BUMD (sintetis)","Synthetic record; not derived from any real list."
"WL-01980","PEP_SYNTHETIC","Ir. Citra Situmorang","","1950-09-19","ID","ID","Komisaris (sintetis)","Synthetic record; not derived from any real list."
"WL-01981","PEP_SYNTHETIC","Rina Zahra Lubis","Rine Zahra Lubis","1955-03-19","ID","ID","Komisaris (sintetis)","Synthetic record; not derived from any real list."
"WL-01982","PEP_SYNTHETIC","Putri Rina Permana","","1992-08-02","SA","ID","Anggota Dewan (sintetis)","Synthetic record; not derived from any real list."
"WL-01983","PEP_SYNTHETIC","Wulan Permana","","1987-05-15","ID","ID","Direktur BUMD (sintetis)","Synthetic record; not derived from any real list."
"WL-01984","PEP_SYNTHETIC","Wahyu Pratama","Wehyu Pratama","1960-09-26","ID","ID","Komisaris (sintetis)","Synthetic record; not derived from any real list."
"WL-01985","SANCTIONS_SYNTHETIC","Dra. Zahra Suryadi","","1958-09-18","ID","ID","","Synthetic record; not derived from any real list."
"WL-01986","PEP_SYNTHETIC","Hj. Anggun Santoso","","1959-12-16","AE","ID","Direktur BUMD (sintetis)","Synthetic record; not derived from any real list."
"WL-01987","PEP_SYNTHETIC","Gilang Permana","","1952-02-08","ID","ID","Anggota Dewan (sintetis)","Synthetic record; not derived from any real list."
"WL-01988","PEP_SYNTHETIC","Ir. Ayu Ramadhan","","1956-02-23","AU","ID","Pejabat Daerah (sintetis)","Synthetic record; not derived from any real list."
"WL-01989","PEP_SYNTHETIC","Ir. Oki Permana","","1960-04-12","SA","ID","Komisaris (sintetis)","Synthetic record; not derived from any real list."
"WL-01990","PEP_SYNTHETIC","Drs. Bayu Adi Situmorang","Drs. Beyu Adi Situmorang","1992-10-17","ID","ID","Direktur BUMD (sintetis)","Synthetic record; not derived from any real list."
"WL-01991","PEP_SYNTHETIC","Ir. Siti Pratama","Ir. Siti Pretama","1983-06-28","ID","ID","Komisaris (sintetis)","Synthetic record; not derived from any real list."
"WL-01992","SANCTIONS_SYNTHETIC","Kartika Citra Setiawan","Kertika Citra Setiawan","","SG","ID","","Synthetic record; not derived from any real list."
"WL-01993","PEP_SYNTHETIC","Dewi Pratama","Dewi Pretama","1995-10-11","ID","ID","Kepala Dinas (sintetis)","Synthetic record; not derived from any real list."
"WL-01994","PEP_SYNTHETIC","Lestari Situmorang","Lesteri Situmorang","1985-04-24","ID","ID","Kepala Dinas (sintetis)","Synthetic record; not derived from any real list."
"WL-01995","INTERNAL_WATCH","Citra Hidayat","Citre Hidayat","1981-04-19","ID","ID","","Synthetic record; not derived from any real list."
"WL-01996","PEP_SYNTHETIC","Kartika Gunawan","","1991-01-19","SG","ID","Kepala Dinas (sintetis)","Synthetic record; not derived from any real list."
"WL-01997","PEP_SYNTHETIC","Siti Saputra","","1986-08-11","ID","ID","Pejabat Daerah (sintetis)","Synthetic record; not derived from any real list."
"WL-01998","PEP_SYNTHETIC","Wulan Siti Ramadhan","","","ID","ID","Anggota Dewan (sintetis)","Synthetic record; not derived from any real list."
"WL-01999","SANCTIONS_SYNTHETIC","Wahyu Halim","","1962-03-06","ID","ID","","Synthetic record; not derived from any real list."
"WL-02000","PEP_SYNTHETIC","Cahya Saputra","","","KR","ID","Komisaris (sintetis)","Synthetic record; not derived from any real list."
"WL-02001","SANCTIONS_SYNTHETIC","Rahmat Nugroho","","1970-07-19","ID","ID","","Synthetic record; not derived from any real list."
"WL-02002","SANCTIONS_SYNTHETIC","Hj. Kartika Wijaya","Hj. Kertika Wijaya","1998-10-13","ID","ID","","Synthetic record; not derived from any real list."
"WL-02003","SANCTIONS_SYNTHETIC","Kartika Nugroho","","1985-11-26","ID","ID","","Synthetic record; not derived from any real list."
"WL-02004","PEP_SYNTHETIC","Ir. Gita Nugroho","","","ID","ID","Pejabat Daerah (sintetis)","Synthetic record; not derived from any real list."
"WL-02005","PEP_SYNTHETIC","Drs. Rahmat Hartono","","1969-07-16","ID","ID","Anggota Dewan (sintetis)","Synthetic record; not derived from any real list."
"WL-02006","PEP_SYNTHETIC","Rina Suryadi","","1961-09-12","ID","ID","Komisaris (sintetis)","Synthetic record; not derived from any real list."
"WL-02007","INTERNAL_WATCH","Ir. Siti Situmorang","","1962-12-22","ID","ID","","Synthetic record; not derived from any real list."
"WL-02008","SANCTIONS_SYNTHETIC","Tono Simatupang","Tono Simetupang","","ID","ID","","Synthetic record; not derived from any real list."
"WL-02009","INTERNAL_WATCH","Fajar Joko Pratama","Fejar Joko Pratama","1956-12-25","ID","ID","","Synthetic record; not derived from any real list."
"WL-02010","PEP_SYNTHETIC","Siti Maulana","Siti Meulana","1988-01-10","JP","ID","Pejabat Daerah (sintetis)","Synthetic record; not derived from any real list."
"WL-02011","INTERNAL_WATCH","Dewi Citra Simatupang","","1964-10-04","ID","ID","","Synthetic record; not derived from any real list."
"WL-02012","INTERNAL_WATCH","Umi Setiawan","","1992-03-10","ID","ID","","Synthetic record; not derived from any real list."
"WL-02013","PEP_SYNTHETIC","Ir. Gilang Dian Anggraini","","","AE","ID","Kepala Dinas (sintetis)","Synthetic record; not derived from any real list."
"WL-02014","INTERNAL_WATCH","Ayu Hidayat","Ayu Hideyat","1979-06-18","ID","ID","","Synthetic record; not derived from any real list."
"WL-02015","PEP_SYNTHETIC","Indah Lubis","Indeh Lubis","","MY","ID","Kepala Dinas (sintetis)","Synthetic record; not derived from any real list."
"WL-02016","PEP_SYNTHETIC","Ir. Yuda Lubis","","1989-04-09","ID","ID","Direktur BUMD (sintetis)","Synthetic record; not derived from any real list."
"WL-02017","SANCTIONS_SYNTHETIC","Cahya Dian Wijaya","Cehya Dian Wijaya","1971-11-05","ID","ID","","Synthetic record; not derived from any real list."
"WL-02018","SANCTIONS_SYNTHETIC","Oki Gunawan","","1960-06-19","ID","ID","","Synthetic record; not derived from any real list."
"WL-02019","PEP_SYNTHETIC","Wulan Santoso","","","AU","ID","Direktur BUMD (sintetis)","Synthetic record; not derived from any real list."
"WL-02020","PEP_SYNTHETIC","Hadi Lubis","","1993-06-18","ID","ID","Anggota Dewan (sintetis)","Synthetic record; not derived from any real list."
"WL-02021","SANCTIONS_SYNTHETIC","Tono Bayu Hidayat","","","ID","ID","","Synthetic record; not derived from any real list."
"WL-02022","PEP_SYNTHETIC","Ir. Iwan Iwan Siregar","","","ID","ID","Anggota Dewan (sintetis)","Synthetic record; not derived from any real list."
"WL-02023","PEP_SYNTHETIC","Dra. Lestari Situmorang","","1991-04-26","ID","ID","Direktur BUMD (sintetis)","Synthetic record; not derived from any real list."
"WL-02024","PEP_SYNTHETIC","Joko Permana","Joko Permena","1996-09-07","ID","ID","Direktur BUMD (sintetis)","Synthetic record; not derived from any real list."
"WL-02025","INTERNAL_WATCH","Dra. Indah Simatupang","","","ID","ID","","Synthetic record; not derived from any real list."
"WL-02026","PEP_SYNTHETIC","Ir. Hadi Permana","","1952-03-14","ID","ID","Anggota Dewan (sintetis)","Synthetic record; not derived from any real list."
"WL-02027","PEP_SYNTHETIC","Dra. Vina Suryadi","","1955-05-11","ID","ID","Kepala Dinas (sintetis)","Synthetic record; not derived from any real list."
"WL-02028","SANCTIONS_SYNTHETIC","Ir. Nanda Situmorang","Ir. Nenda Situmorang","1988-07-15","ID","ID","","Synthetic record; not derived from any real list."
"WL-02029","INTERNAL_WATCH","Wahyu Hartono","Wehyu Hartono","1998-05-23","HK","ID","","Synthetic record; not derived from any real list."
"WL-02030","SANCTIONS_SYNTHETIC","Dewi Gunawan","","","AE","ID","","Synthetic record; not derived from any real list."
"WL-02031","PEP_SYNTHETIC","Putri Wijaya","","1978-02-07","ID","ID","Direktur BUMD (sintetis)","Synthetic record; not derived from any real list."
"WL-02032","INTERNAL_WATCH","Drs. Rahmat Wahyu Ramadhan","Drs. Rehmat Wahyu Ramadhan","","US","ID","","Synthetic record; not derived from any real list."
"WL-02033","SANCTIONS_SYNTHETIC","Dra. Kartika Citra Permana","Dre. Kartika Citra Permana","1957-01-16","ID","ID","","Synthetic record; not derived from any real list."
"WL-02034","SANCTIONS_SYNTHETIC","Drs. Bayu Wijaya","","","ID","ID","","Synthetic record; not derived from any real list."
"WL-02035","INTERNAL_WATCH","Oki Ramadhan","Oki Remadhan","","ID","ID","","Synthetic record; not derived from any real list."
"WL-02036","PEP_SYNTHETIC","Ir. Gilang Pratama","","1989-12-09","ID","ID","Anggota Dewan (sintetis)","Synthetic record; not derived from any real list."
"WL-02037","INTERNAL_WATCH","Siti Setiawan","Siti Setiewan","","ID","ID","","Synthetic record; not derived from any real list."
"WL-02038","PEP_SYNTHETIC","Drs. Tono Adi Gunawan","Drs. Tono Adi Gunewan","1986-10-13","ID","ID","Pejabat Daerah (sintetis)","Synthetic record; not derived from any real list."
"WL-02039","SANCTIONS_SYNTHETIC","Dra. Siti Mega Hidayat","","","SA","ID","","Synthetic record; not derived from any real list."
"WL-02040","PEP_SYNTHETIC","Nanda Situmorang","","1967-05-07","HK","ID","Komisaris (sintetis)","Synthetic record; not derived from any real list."
"WL-02041","SANCTIONS_SYNTHETIC","Indah Ramadhan","","","KR","ID","","Synthetic record; not derived from any real list."
"WL-02042","SANCTIONS_SYNTHETIC","Sari Permana","Seri Permana","","ID","ID","","Synthetic record; not derived from any real list."
"WL-02043","PEP_SYNTHETIC","Ir. Citra Gunawan","","","NL","ID","Komisaris (sintetis)","Synthetic record; not derived from any real list."
"WL-02044","PEP_SYNTHETIC","Eka Cahya Santoso","","","ID","ID","Anggota Dewan (sintetis)","Synthetic record; not derived from any real list."
"WL-02045","PEP_SYNTHETIC","H. Hadi Kusuma","","1981-03-05","ID","ID","Anggota Dewan (sintetis)","Synthetic record; not derived from any real list."
"WL-02046","SANCTIONS_SYNTHETIC","Ir. Dewi Pratama","","","ID","ID","","Synthetic record; not derived from any real list."
"WL-02047","SANCTIONS_SYNTHETIC","Umi Lubis","","","ID","ID","","Synthetic record; not derived from any real list."
"WL-02048","SANCTIONS_SYNTHETIC","Hj. Lestari Wijaya","","1985-03-02","ID","ID","","Synthetic record; not derived from any real list."
"WL-02049","PEP_SYNTHETIC","Adi Situmorang","","1957-02-25","ID","ID","Anggota Dewan (sintetis)","Synthetic record; not derived from any real list."
"WL-02050","PEP_SYNTHETIC","Mega Halim","","1990-08-15","ID","ID","Pejabat Daerah (sintetis)","Synthetic record; not derived from any real list."
"WL-02051","SANCTIONS_SYNTHETIC","Bagus Pratama","","1996-10-16","ID","ID","","Synthetic record; not derived from any real list."
"WL-02052","PEP_SYNTHETIC","Joko Lubis","","","ID","ID","Kepala Dinas (sintetis)","Synthetic record; not derived from any real list."
"WL-02053","SANCTIONS_SYNTHETIC","Oki Rahmat Lubis","Oki Rehmat Lubis","1972-05-01","ID","ID","","Synthetic record; not derived from any real list."
"WL-02054","PEP_SYNTHETIC","H. Tono Kusuma","","1970-10-24","ID","ID","Komisaris (sintetis)","Synthetic record; not derived from any real list."
"WL-02055","SANCTIONS_SYNTHETIC","Drs. Nanda Wijaya","Drs. Nenda Wijaya","1959-12-05","ID","ID","","Synthetic record; not derived from any real list."
"WL-02056","SANCTIONS_SYNTHETIC","Ir. Anggun Situmorang","Ir. Anggun Situmoreng","1993-05-01","ID","ID","","Synthetic record; not derived from any real list."
"WL-02057","PEP_SYNTHETIC","Ir. Mega Wulan Suryadi","","1993-11-23","MY","ID","Direktur BUMD (sintetis)","Synthetic record; not derived from any real list."
"WL-02058","PEP_SYNTHETIC","Ir. Iwan Suryadi","Ir. Iwen Suryadi","","ID","ID","Direktur BUMD (sintetis)","Synthetic record; not derived from any real list."
"WL-02059","PEP_SYNTHETIC","Gita Suryadi","","1978-03-22","HK","ID","Anggota Dewan (sintetis)","Synthetic record; not derived from any real list."
"WL-02060","PEP_SYNTHETIC","H. Tono Gunawan","H. Tono Gunewan","","ID","ID","Anggota Dewan (sintetis)","Synthetic record; not derived from any real list."
"WL-02061","PEP_SYNTHETIC","Oki Bagus Siregar","","","ID","ID","Komisaris (sintetis)","Synthetic record; not derived from any real list."
"WL-02062","PEP_SYNTHETIC","Rina Ramadhan","Rine Ramadhan","1985-10-18","HK","ID","Komisaris (sintetis)","Synthetic record; not derived from any real list."
"WL-02063","INTERNAL_WATCH","Zahra Hartono","","1977-02-15","JP","ID","","Synthetic record; not derived from any real list."
"WL-02064","SANCTIONS_SYNTHETIC","Oki Maulana","Oki Meulana","1994-07-01","ID","ID","","Synthetic record; not derived from any real list."
"WL-02065","SANCTIONS_SYNTHETIC","Drs. Eka Tono Saputra","","","ID","ID","","Synthetic record; not derived from any real list."
"WL-02066","PEP_SYNTHETIC","Hj. Ayu Indah Maulana","","1954-12-19","ID","ID","Pejabat Daerah (sintetis)","Synthetic record; not derived from any real list."
"WL-02067","SANCTIONS_SYNTHETIC","Dra. Vina Wijaya","Dre. Vina Wijaya","","ID","ID","","Synthetic record; not derived from any real list."
"WL-02068","PEP_SYNTHETIC","Tono Hartono","","","ID","ID","Kepala Dinas (sintetis)","Synthetic record; not derived from any real list."
"WL-02069","SANCTIONS_SYNTHETIC","Drs. Eka Setiawan","","1989-12-16","HK","ID","","Synthetic record; not derived from any real list."
"WL-02070","PEP_SYNTHETIC","Bagus Anggraini","","","ID","ID","Direktur BUMD (sintetis)","Synthetic record; not derived from any real list."
"WL-02071","SANCTIONS_SYNTHETIC","Dewi Anggun Anggraini","Dewi Anggun Anggreini","1964-11-09","ID","ID","","Synthetic record; not derived from any real list."
"WL-02072","PEP_SYNTHETIC","Ir. Wulan Putri Siregar","","1990-08-21","KR","ID","Anggota Dewan (sintetis)","Synthetic record; not derived from any real list."
"WL-02073","PEP_SYNTHETIC","Putri Kartika Hartono","Putri Kertika Hartono","1967-08-20","ID","ID","Pejabat Daerah (sintetis)","Synthetic record; not derived from any real list."
"WL-02074","PEP_SYNTHETIC","Lestari Vina Setiawan","Lesteri Vina Setiawan","1990-01-20","US","ID","Kepala Dinas (sintetis)","Synthetic record; not derived from any real list."
"WL-02075","PEP_SYNTHETIC","Iwan Bayu Halim","","","NL","ID","Pejabat Daerah (sintetis)","Synthetic record; not derived from any real list."
"WL-02076","PEP_SYNTHETIC","Kartika Nugroho","","1960-02-10","ID","ID","Komisaris (sintetis)","Synthetic record; not derived from any real list."
"WL-02077","PEP_SYNTHETIC","Rahmat Oki Ramadhan","","1984-10-05","ID","ID","Anggota Dewan (sintetis)","Synthetic record; not derived from any real list."
"WL-02078","PEP_SYNTHETIC","Gita Mega Setiawan","","1975-12-20","ID","ID","Kepala Dinas (sintetis)","Synthetic record; not derived from any real list."
"WL-02079","PEP_SYNTHETIC","Wulan Halim","","1960-02-09","ID","ID","Anggota Dewan (sintetis)","Synthetic record; not derived from any real list."
"WL-02080","PEP_SYNTHETIC","Siti Wijaya","","1977-07-07","ID","ID","Pejabat Daerah (sintetis)","Synthetic record; not derived from any real list."
"WL-02081","INTERNAL_WATCH","Hj. Mega Nugroho","Hj. Mege Nugroho","1995-04-07","ID","ID","","Synthetic record; not derived from any real list."
"WL-02082","PEP_SYNTHETIC","Dian Gunawan","Dien Gunawan","1983-04-19","ID","ID","Anggota Dewan (sintetis)","Synthetic record; not derived from any real list."
"WL-02083","PEP_SYNTHETIC","Joko Wijaya","","1967-09-03","ID","ID","Anggota Dewan (sintetis)","Synthetic record; not derived from any real list."
"WL-02084","SANCTIONS_SYNTHETIC","Ir. Hadi Eka Ramadhan","","1955-09-18","ID","ID","","Synthetic record; not derived from any real list."
"WL-02085","INTERNAL_WATCH","Rahmat Halim","","1967-10-05","KR","ID","","Synthetic record; not derived from any real list."
"WL-02086","PEP_SYNTHETIC","Dra. Vina Anggraini","","","ID","ID","Anggota Dewan (sintetis)","Synthetic record; not derived from any real list."
"WL-02087","SANCTIONS_SYNTHETIC","Wulan Nugroho","Wulen Nugroho","1996-09-08","AU","ID","","Synthetic record; not derived from any real list."
"WL-02088","PEP_SYNTHETIC","Vina Ramadhan","Vine Ramadhan","1955-09-23","ID","ID","Pejabat Daerah (sintetis)","Synthetic record; not derived from any real list."
"WL-02089","PEP_SYNTHETIC","Sari Umi Simatupang","","1990-02-15","ID","ID","Anggota Dewan (sintetis)","Synthetic record; not derived from any real list."
"WL-02090","SANCTIONS_SYNTHETIC","Siti Ayu Anggraini","","1992-07-15","KR","ID","","Synthetic record; not derived from any real list."
"WL-02091","PEP_SYNTHETIC","Hj. Putri Vina Ramadhan","","1984-10-22","ID","ID","Anggota Dewan (sintetis)","Synthetic record; not derived from any real list."
"WL-02092","PEP_SYNTHETIC","Siti Lubis","","","ID","ID","Kepala Dinas (sintetis)","Synthetic record; not derived from any real list."
"WL-02093","SANCTIONS_SYNTHETIC","Hj. Dewi Dewi Saputra","Hj. Dewi Dewi Seputra","1968-04-08","ID","ID","","Synthetic record; not derived from any real list."
"WL-02094","INTERNAL_WATCH","Ir. Bayu Rahmat Santoso","","1959-03-22","AE","ID","","Synthetic record; not derived from any real list."
"WL-02095","INTERNAL_WATCH","H. Dian Setiawan","H. Dien Setiawan","1979-01-12","ID","ID","","Synthetic record; not derived from any real list."
"WL-02096","SANCTIONS_SYNTHETIC","Dra. Mega Halim","","1987-02-02","ID","ID","","Synthetic record; not derived from any real list."
"WL-02097","PEP_SYNTHETIC","H. Hadi Suryadi","","1956-11-23","ID","ID","Direktur BUMD (sintetis)","Synthetic record; not derived from any real list."
"WL-02098","PEP_SYNTHETIC","Drs. Bagus Simatupang","","1958-05-28","ID","ID","Pejabat Daerah (sintetis)","Synthetic record; not derived from any real list."
"WL-02099","PEP_SYNTHETIC","H. Bagus Kusuma","","1959-12-02","ID","ID","Komisaris (sintetis)","Synthetic record; not derived from any real list."
"WL-02100","PEP_SYNTHETIC","Dra. Mega Siti Simatupang","Dre. Mega Siti Simatupang","1967-06-19","AE","ID","Anggota Dewan (sintetis)","Synthetic record; not derived from any real list."
"WL-02101","SANCTIONS_SYNTHETIC","Ir. Indah Suryadi","Ir. Indeh Suryadi","1992-09-13","ID","ID","","Synthetic record; not derived from any real list."
"WL-02102","PEP_SYNTHETIC","Zahra Ramadhan","","","US","ID","Kepala Dinas (sintetis)","Synthetic record; not derived from any real list."
"WL-02103","PEP_SYNTHETIC","Hadi Simatupang","","","ID","ID","Anggota Dewan (sintetis)","Synthetic record; not derived from any real list."
"WL-02104","PEP_SYNTHETIC","Dewi Ramadhan","","1950-05-04","ID","ID","Komisaris (sintetis)","Synthetic record; not derived from any real list."
"WL-02105","PEP_SYNTHETIC","H. Dian Simatupang","","","ID","ID","Direktur BUMD (sintetis)","Synthetic record; not derived from any real list."
"WL-02106","SANCTIONS_SYNTHETIC","Hj. Wulan Anggun Nugroho","Hj. Wulen Anggun Nugroho","","ID","ID","","Synthetic record; not derived from any real list."
"WL-02107","PEP_SYNTHETIC","Fajar Lubis","","1995-07-26","ID","ID","Direktur BUMD (sintetis)","Synthetic record; not derived from any real list."
"WL-02108","PEP_SYNTHETIC","Ir. Eka Santoso","","","ID","ID","Direktur BUMD (sintetis)","Synthetic record; not derived from any real list."
"WL-02109","PEP_SYNTHETIC","Fajar Dian Wijaya","","","AU","ID","Pejabat Daerah (sintetis)","Synthetic record; not derived from any real list."
"WL-02110","PEP_SYNTHETIC","Hj. Vina Vina Maulana","Hj. Vine Vina Maulana","1998-09-02","ID","ID","Anggota Dewan (sintetis)","Synthetic record; not derived from any real list."
"WL-02111","PEP_SYNTHETIC","Putri Santoso","","1996-06-03","ID","ID","Pejabat Daerah (sintetis)","Synthetic record; not derived from any real list."
"WL-02112","PEP_SYNTHETIC","Dra. Lestari Maulana","","","ID","ID","Anggota Dewan (sintetis)","Synthetic record; not derived from any real list."
"WL-02113","PEP_SYNTHETIC","Ayu Hartono","Ayu Hertono","1969-12-16","SG","ID","Direktur BUMD (sintetis)","Synthetic record; not derived from any real list."
"WL-02114","PEP_SYNTHETIC","Anggun Hidayat","","1974-02-14","ID","ID","Direktur BUMD (sintetis)","Synthetic record; not derived from any real list."
"WL-02115","PEP_SYNTHETIC","Cahya Wijaya","","1983-04-03","SA","ID","Direktur BUMD (sintetis)","Synthetic record; not derived from any real list."
"WL-02116","SANCTIONS_SYNTHETIC","Gilang Santoso","Gileng Santoso","","ID","ID","","Synthetic record; not derived from any real list."
"WL-02117","SANCTIONS_SYNTHETIC","Dra. Mega Permana","Dre. Mega Permana","1969-07-16","US","ID","","Synthetic record; not derived from any real list."
"WL-02118","PEP_SYNTHETIC","H. Gilang Permana","H. Gileng Permana","","AE","ID","Kepala Dinas (sintetis)","Synthetic record; not derived from any real list."
"WL-02119","INTERNAL_WATCH","Wulan Santoso","Wulen Santoso","","ID","ID","","Synthetic record; not derived from any real list."
"WL-02120","SANCTIONS_SYNTHETIC","Anggun Setiawan","","","SG","ID","","Synthetic record; not derived from any real list."
"WL-02121","PEP_SYNTHETIC","Oki Yuda Anggraini","","1997-02-28","ID","ID","Anggota Dewan (sintetis)","Synthetic record; not derived from any real list."
"WL-02122","SANCTIONS_SYNTHETIC","Vina Wijaya","Vine Wijaya","1974-02-28","ID","ID","","Synthetic record; not derived from any real list."
"WL-02123","SANCTIONS_SYNTHETIC","Lestari Hidayat","","","ID","ID","","Synthetic record; not derived from any real list."
"WL-02124","PEP_SYNTHETIC","Umi Simatupang","Umi Simetupang","","ID","ID","Direktur BUMD (sintetis)","Synthetic record; not derived from any real list."
"WL-02125","INTERNAL_WATCH","Dewi Setiawan","","1968-07-14","NL","ID","","Synthetic record; not derived from any real list."
"WL-02126","INTERNAL_WATCH","Drs. Dian Suryadi","Drs. Dien Suryadi","1952-09-24","ID","ID","","Synthetic record; not derived from any real list."
"WL-02127","PEP_SYNTHETIC","Kartika Lubis","Kertika Lubis","","ID","ID","Kepala Dinas (sintetis)","Synthetic record; not derived from any real list."
"WL-02128","INTERNAL_WATCH","Drs. Oki Permana","Drs. Oki Permena","","SG","ID","","Synthetic record; not derived from any real list."
"WL-02129","SANCTIONS_SYNTHETIC","Yuda Suryadi","","1969-08-14","AE","ID","","Synthetic record; not derived from any real list."
"WL-02130","SANCTIONS_SYNTHETIC","Dian Ramadhan","","1996-11-28","ID","ID","","Synthetic record; not derived from any real list."
"WL-02131","SANCTIONS_SYNTHETIC","Bagus Suryadi","","1959-08-21","ID","ID","","Synthetic record; not derived from any real list."
"WL-02132","SANCTIONS_SYNTHETIC","Cahya Pratama","Cehya Pratama","1972-12-03","ID","ID","","Synthetic record; not derived from any real list."
"WL-02133","PEP_SYNTHETIC","Rahmat Hidayat","","1992-05-16","ID","ID","Anggota Dewan (sintetis)","Synthetic record; not derived from any real list."
"WL-02134","SANCTIONS_SYNTHETIC","Ir. Wulan Halim","","","ID","ID","","Synthetic record; not derived from any real list."
"WL-02135","PEP_SYNTHETIC","Iwan Halim","","","ID","ID","Pejabat Daerah (sintetis)","Synthetic record; not derived from any real list."
"WL-02136","SANCTIONS_SYNTHETIC","Dra. Citra Maulana","Dre. Citra Maulana","1986-02-05","AE","ID","","Synthetic record; not derived from any real list."
"WL-02137","PEP_SYNTHETIC","Hj. Mega Hidayat","","1956-01-14","ID","ID","Kepala Dinas (sintetis)","Synthetic record; not derived from any real list."
"WL-02138","PEP_SYNTHETIC","Drs. Hadi Hartono","","1997-04-22","US","ID","Direktur BUMD (sintetis)","Synthetic record; not derived from any real list."
"WL-02139","PEP_SYNTHETIC","Cahya Oki Nugroho","Cehya Oki Nugroho","1993-11-22","ID","ID","Direktur BUMD (sintetis)","Synthetic record; not derived from any real list."
"WL-02140","PEP_SYNTHETIC","Hadi Wijaya","","1968-03-06","SA","ID","Pejabat Daerah (sintetis)","Synthetic record; not derived from any real list."
"WL-02141","PEP_SYNTHETIC","Lestari Mega Situmorang","Lesteri Mega Situmorang","","ID","ID","Direktur BUMD (sintetis)","Synthetic record; not derived from any real list."
"WL-02142","SANCTIONS_SYNTHETIC","Drs. Wahyu Anggraini","","1964-09-15","US","ID","","Synthetic record; not derived from any real list."
"WL-02143","INTERNAL_WATCH","Yuda Halim","Yude Halim","1977-11-24","ID","ID","","Synthetic record; not derived from any real list."
"WL-02144","SANCTIONS_SYNTHETIC","Drs. Tono Halim","Drs. Tono Helim","1959-07-03","ID","ID","","Synthetic record; not derived from any real list."
"WL-02145","SANCTIONS_SYNTHETIC","Tono Lubis","","1970-09-01","ID","ID","","Synthetic record; not derived from any real list."
"WL-02146","PEP_SYNTHETIC","Fajar Saputra","","","ID","ID","Komisaris (sintetis)","Synthetic record; not derived from any real list."
"WL-02147","SANCTIONS_SYNTHETIC","Dra. Mega Permana","Dre. Mega Permana","1968-08-02","HK","ID","","Synthetic record; not derived from any real list."
"WL-02148","SANCTIONS_SYNTHETIC","Cahya Bayu Pratama","","1967-10-09","ID","ID","","Synthetic record; not derived from any real list."
"WL-02149","PEP_SYNTHETIC","Dewi Siregar","Dewi Sireger","1972-07-23","ID","ID","Komisaris (sintetis)","Synthetic record; not derived from any real list."
"WL-02150","SANCTIONS_SYNTHETIC","Joko Nugroho","Joko Nugroho","1957-10-02","ID","ID","","Synthetic record; not derived from any real list."
"WL-02151","PEP_SYNTHETIC","Anggun Umi Wijaya","","1980-03-05","ID","ID","Pejabat Daerah (sintetis)","Synthetic record; not derived from any real list."
"WL-02152","PEP_SYNTHETIC","Ir. Siti Hidayat","","1981-04-15","ID","ID","Kepala Dinas (sintetis)","Synthetic record; not derived from any real list."
"WL-02153","PEP_SYNTHETIC","Siti Siti Setiawan","Siti Siti Setiewan","","ID","ID","Kepala Dinas (sintetis)","Synthetic record; not derived from any real list."
"WL-02154","SANCTIONS_SYNTHETIC","Hadi Simatupang","Hedi Simatupang","","ID","ID","","Synthetic record; not derived from any real list."
"WL-02155","SANCTIONS_SYNTHETIC","Nanda Wijaya","","1970-01-06","ID","ID","","Synthetic record; not derived from any real list."
"WL-02156","SANCTIONS_SYNTHETIC","Hj. Sari Gunawan","","1958-05-18","ID","ID","","Synthetic record; not derived from any real list."
"WL-02157","PEP_SYNTHETIC","H. Gilang Dian Hidayat","","","ID","ID","Anggota Dewan (sintetis)","Synthetic record; not derived from any real list."
"WL-02158","PEP_SYNTHETIC","Ir. Kartika Pratama","","1977-06-07","ID","ID","Kepala Dinas (sintetis)","Synthetic record; not derived from any real list."
"WL-02159","SANCTIONS_SYNTHETIC","Rina Wijaya","Rine Wijaya","1998-01-02","ID","ID","","Synthetic record; not derived from any real list."
"WL-02160","PEP_SYNTHETIC","Dra. Gita Setiawan","","","US","ID","Pejabat Daerah (sintetis)","Synthetic record; not derived from any real list."
"WL-02161","INTERNAL_WATCH","Rina Saputra","Rine Saputra","1980-07-03","NL","ID","","Synthetic record; not derived from any real list."
"WL-02162","PEP_SYNTHETIC","Ir. Wahyu Pratama","","","ID","ID","Pejabat Daerah (sintetis)","Synthetic record; not derived from any real list."
"WL-02163","PEP_SYNTHETIC","Drs. Iwan Hidayat","","","AE","ID","Direktur BUMD (sintetis)","Synthetic record; not derived from any real list."
"WL-02164","INTERNAL_WATCH","Gita Kusuma","Gite Kusuma","","ID","ID","","Synthetic record; not derived from any real list."
"WL-02165","PEP_SYNTHETIC","Putri Ramadhan","Putri Remadhan","1989-06-20","AE","ID","Direktur BUMD (sintetis)","Synthetic record; not derived from any real list."
"WL-02166","PEP_SYNTHETIC","Dewi Suryadi","","","ID","ID","Direktur BUMD (sintetis)","Synthetic record; not derived from any real list."
"WL-02167","PEP_SYNTHETIC","Siti Santoso","","1955-01-04","ID","ID","Anggota Dewan (sintetis)","Synthetic record; not derived from any real list."
"WL-02168","SANCTIONS_SYNTHETIC","Dewi Nugroho","Dewi Nugroho","1955-11-03","ID","ID","","Synthetic record; not derived from any real list."
"WL-02169","SANCTIONS_SYNTHETIC","Cahya Gunawan","Cehya Gunawan","","ID","ID","","Synthetic record; not derived from any real list."
"WL-02170","PEP_SYNTHETIC","Adi Suryadi","Adi Suryedi","","ID","ID","Pejabat Daerah (sintetis)","Synthetic record; not derived from any real list."
"WL-02171","PEP_SYNTHETIC","Drs. Eka Hidayat","","1977-09-12","ID","ID","Pejabat Daerah (sintetis)","Synthetic record; not derived from any real list."
"WL-02172","SANCTIONS_SYNTHETIC","Hj. Dewi Nugroho","","1961-06-16","SA","ID","","Synthetic record; not derived from any real list."
"WL-02173","PEP_SYNTHETIC","Drs. Wahyu Maulana","Drs. Wehyu Maulana","","ID","ID","Pejabat Daerah (sintetis)","Synthetic record; not derived from any real list."
"WL-02174","PEP_SYNTHETIC","Sari Santoso","","1984-08-10","ID","ID","Kepala Dinas (sintetis)","Synthetic record; not derived from any real list."
"WL-02175","INTERNAL_WATCH","Mega Gunawan","","","ID","ID","","Synthetic record; not derived from any real list."
"WL-02176","PEP_SYNTHETIC","Dewi Hartono","Dewi Hertono","1957-04-18","KR","ID","Kepala Dinas (sintetis)","Synthetic record; not derived from any real list."
"WL-02177","PEP_SYNTHETIC","Hj. Rina Siregar","","1984-07-01","ID","ID","Anggota Dewan (sintetis)","Synthetic record; not derived from any real list."
"WL-02178","PEP_SYNTHETIC","Dian Eka Wijaya","","1951-12-03","ID","ID","Komisaris (sintetis)","Synthetic record; not derived from any real list."
"WL-02179","PEP_SYNTHETIC","Wahyu Suryadi","Wehyu Suryadi","1978-04-04","ID","ID","Komisaris (sintetis)","Synthetic record; not derived from any real list."
"WL-02180","PEP_SYNTHETIC","Ir. Wahyu Maulana","","1984-07-16","ID","ID","Kepala Dinas (sintetis)","Synthetic record; not derived from any real list."
"WL-02181","PEP_SYNTHETIC","Putri Wijaya","","1982-08-21","ID","ID","Komisaris (sintetis)","Synthetic record; not derived from any real list."
"WL-02182","SANCTIONS_SYNTHETIC","Putri Hidayat","","","ID","ID","","Synthetic record; not derived from any real list."
"WL-02183","INTERNAL_WATCH","Zahra Wijaya","","1968-03-18","ID","ID","","Synthetic record; not derived from any real list."
"WL-02184","PEP_SYNTHETIC","Dra. Anggun Kartika Maulana","Dre. Anggun Kartika Maulana","","ID","ID","Komisaris (sintetis)","Synthetic record; not derived from any real list."
"WL-02185","SANCTIONS_SYNTHETIC","Indah Anggraini","Indeh Anggraini","1968-04-16","ID","ID","","Synthetic record; not derived from any real list."
"WL-02186","PEP_SYNTHETIC","Gilang Permana","","1985-09-24","ID","ID","Direktur BUMD (sintetis)","Synthetic record; not derived from any real list."
"WL-02187","PEP_SYNTHETIC","Dewi Suryadi","Dewi Suryedi","1965-03-19","ID","ID","Anggota Dewan (sintetis)","Synthetic record; not derived from any real list."
"WL-02188","PEP_SYNTHETIC","Drs. Rahmat Gilang Nugroho","Drs. Rehmat Gilang Nugroho","1963-04-17","ID","ID","Pejabat Daerah (sintetis)","Synthetic record; not derived from any real list."
"WL-02189","PEP_SYNTHETIC","Ir. Hadi Ramadhan","","1978-04-27","ID","ID","Pejabat Daerah (sintetis)","Synthetic record; not derived from any real list."
"WL-02190","PEP_SYNTHETIC","Wahyu Setiawan","","","ID","ID","Komisaris (sintetis)","Synthetic record; not derived from any real list."
"WL-02191","PEP_SYNTHETIC","Drs. Rahmat Tono Nugroho","","","ID","ID","Komisaris (sintetis)","Synthetic record; not derived from any real list."
"WL-02192","SANCTIONS_SYNTHETIC","Fajar Simatupang","Fejar Simatupang","1970-07-13","ID","ID","","Synthetic record; not derived from any real list."
"WL-02193","SANCTIONS_SYNTHETIC","Joko Hartono","Joko Hertono","","ID","ID","","Synthetic record; not derived from any real list."
"WL-02194","INTERNAL_WATCH","Joko Lubis","","1981-12-23","ID","ID","","Synthetic record; not derived from any real list."
"WL-02195","PEP_SYNTHETIC","H. Yuda Tono Gunawan","H. Yude Tono Gunawan","","ID","ID","Pejabat Daerah (sintetis)","Synthetic record; not derived from any real list."
"WL-02196","PEP_SYNTHETIC","Kartika Lubis","","1959-03-26","KR","ID","Anggota Dewan (sintetis)","Synthetic record; not derived from any real list."
"WL-02197","PEP_SYNTHETIC","Citra Rina Gunawan","Citre Rina Gunawan","","ID","ID","Kepala Dinas (sintetis)","Synthetic record; not derived from any real list."
"WL-02198","PEP_SYNTHETIC","Zahra Kartika Situmorang","","1997-10-21","ID","ID","Kepala Dinas (sintetis)","Synthetic record; not derived from any real list."
"WL-02199","SANCTIONS_SYNTHETIC","Hadi Suryadi","","","SG","ID","","Synthetic record; not derived from any real list."
"WL-02200","PEP_SYNTHETIC","Wahyu Anggraini","","1974-01-25","ID","ID","Pejabat Daerah (sintetis)","Synthetic record; not derived from any real list."
"WL-02201","PEP_SYNTHETIC","Umi Dewi Kusuma","","1956-03-03","ID","ID","Anggota Dewan (sintetis)","Synthetic record; not derived from any real list."
"WL-02202","PEP_SYNTHETIC","Dian Wahyu Maulana","Dien Wahyu Maulana","1951-07-19","ID","ID","Anggota Dewan (sintetis)","Synthetic record; not derived from any real list."
"WL-02203","PEP_SYNTHETIC","Dra. Lestari Situmorang","","1991-03-17","ID","ID","Kepala Dinas (sintetis)","Synthetic record; not derived from any real list."
"WL-02204","SANCTIONS_SYNTHETIC","Yuda Anggraini","Yude Anggraini","1995-12-21","ID","ID","","Synthetic record; not derived from any real list."
"WL-02205","SANCTIONS_SYNTHETIC","Gita Hartono","","","ID","ID","","Synthetic record; not derived from any real list."
"WL-02206","PEP_SYNTHETIC","Dra. Indah Saputra","","1969-07-17","MY","ID","Komisaris (sintetis)","Synthetic record; not derived from any real list."
"WL-02207","PEP_SYNTHETIC","Cahya Maulana","Cehya Maulana","","ID","ID","Anggota Dewan (sintetis)","Synthetic record; not derived from any real list."
"WL-02208","INTERNAL_WATCH","Dra. Dewi Santoso","","1958-12-16","ID","ID","","Synthetic record; not derived from any real list."
"WL-02209","PEP_SYNTHETIC","Gita Permana","Gite Permana","1951-10-15","ID","ID","Kepala Dinas (sintetis)","Synthetic record; not derived from any real list."
"WL-02210","INTERNAL_WATCH","Oki Oki Simatupang","","","ID","ID","","Synthetic record; not derived from any real list."
"WL-02211","PEP_SYNTHETIC","Indah Ramadhan","Indeh Ramadhan","","ID","ID","Anggota Dewan (sintetis)","Synthetic record; not derived from any real list."
"WL-02212","PEP_SYNTHETIC","Rina Suryadi","","1967-08-02","JP","ID","Direktur BUMD (sintetis)","Synthetic record; not derived from any real list."
"WL-02213","SANCTIONS_SYNTHETIC","Dra. Rina Ramadhan","Dre. Rina Ramadhan","","ID","ID","","Synthetic record; not derived from any real list."
"WL-02214","INTERNAL_WATCH","Vina Halim","","","SG","ID","","Synthetic record; not derived from any real list."
"WL-02215","SANCTIONS_SYNTHETIC","Umi Siregar","","","ID","ID","","Synthetic record; not derived from any real list."
"WL-02216","INTERNAL_WATCH","Ir. Zahra Nugroho","Ir. Zehra Nugroho","1960-01-03","ID","ID","","Synthetic record; not derived from any real list."
"WL-02217","INTERNAL_WATCH","Mega Simatupang","","1979-08-11","HK","ID","","Synthetic record; not derived from any real list."
"WL-02218","PEP_SYNTHETIC","Bagus Hidayat","","","ID","ID","Pejabat Daerah (sintetis)","Synthetic record; not derived from any real list."
"WL-02219","SANCTIONS_SYNTHETIC","Drs. Joko Wijaya","Drs. Joko Wijeya","","ID","ID","","Synthetic record; not derived from any real list."
"WL-02220","PEP_SYNTHETIC","H. Gilang Halim","H. Gileng Halim","1955-02-13","ID","ID","Kepala Dinas (sintetis)","Synthetic record; not derived from any real list."
"WL-02221","PEP_SYNTHETIC","Tono Fajar Nugroho","","","ID","ID","Direktur BUMD (sintetis)","Synthetic record; not derived from any real list."
"WL-02222","PEP_SYNTHETIC","Tono Permana","Tono Permena","","ID","ID","Kepala Dinas (sintetis)","Synthetic record; not derived from any real list."
"WL-02223","SANCTIONS_SYNTHETIC","Ir. Ayu Anggun Situmorang","Ir. Ayu Anggun Situmoreng","1981-01-28","SG","ID","","Synthetic record; not derived from any real list."
"WL-02224","PEP_SYNTHETIC","Anggun Ayu Ramadhan","Anggun Ayu Remadhan","1987-04-27","ID","ID","Direktur BUMD (sintetis)","Synthetic record; not derived from any real list."
"WL-02225","INTERNAL_WATCH","Zahra Saputra","","","ID","ID","","Synthetic record; not derived from any real list."
"WL-02226","PEP_SYNTHETIC","Gilang Gilang Gunawan","Gileng Gilang Gunawan","","ID","ID","Direktur BUMD (sintetis)","Synthetic record; not derived from any real list."
"WL-02227","PEP_SYNTHETIC","Dian Hadi Permana","Dien Hadi Permana","1958-06-25","ID","ID","Direktur BUMD (sintetis)","Synthetic record; not derived from any real list."
"WL-02228","INTERNAL_WATCH","Ir. Eka Gunawan","","","SG","ID","","Synthetic record; not derived from any real list."
"WL-02229","PEP_SYNTHETIC","Rina Ayu Simatupang","","1956-11-23","ID","ID","Komisaris (sintetis)","Synthetic record; not derived from any real list."
"WL-02230","PEP_SYNTHETIC","Umi Halim","Umi Helim","1959-05-23","ID","ID","Komisaris (sintetis)","Synthetic record; not derived from any real list."
"WL-02231","SANCTIONS_SYNTHETIC","H. Joko Saputra","","1955-07-04","ID","ID","","Synthetic record; not derived from any real list."
"WL-02232","SANCTIONS_SYNTHETIC","Ir. Yuda Siregar","","","ID","ID","","Synthetic record; not derived from any real list."
"WL-02233","PEP_SYNTHETIC","Tono Iwan Ramadhan","Tono Iwen Ramadhan","","ID","ID","Anggota Dewan (sintetis)","Synthetic record; not derived from any real list."
"WL-02234","PEP_SYNTHETIC","Gita Nugroho","Gite Nugroho","1983-01-14","ID","ID","Direktur BUMD (sintetis)","Synthetic record; not derived from any real list."
"WL-02235","PEP_SYNTHETIC","Eka Nugroho","Eke Nugroho","","ID","ID","Pejabat Daerah (sintetis)","Synthetic record; not derived from any real list."
"WL-02236","PEP_SYNTHETIC","Ir. Cahya Yuda Setiawan","Ir. Cehya Yuda Setiawan","","ID","ID","Direktur BUMD (sintetis)","Synthetic record; not derived from any real list."
"WL-02237","SANCTIONS_SYNTHETIC","Dra. Indah Anggraini","","","ID","ID","","Synthetic record; not derived from any real list."
"WL-02238","PEP_SYNTHETIC","Nanda Pratama","Nenda Pratama","1974-07-20","ID","ID","Anggota Dewan (sintetis)","Synthetic record; not derived from any real list."
"WL-02239","SANCTIONS_SYNTHETIC","Oki Lubis","Oki Lubis","","ID","ID","","Synthetic record; not derived from any real list."
"WL-02240","INTERNAL_WATCH","Tono Wijaya","","1953-04-28","ID","ID","","Synthetic record; not derived from any real list."
"WL-02241","PEP_SYNTHETIC","Ir. Lestari Permana","","1959-11-22","ID","ID","Direktur BUMD (sintetis)","Synthetic record; not derived from any real list."
"WL-02242","PEP_SYNTHETIC","Ayu Ramadhan","","1983-02-21","ID","ID","Direktur BUMD (sintetis)","Synthetic record; not derived from any real list."
"WL-02243","PEP_SYNTHETIC","Adi Halim","Adi Helim","","AU","ID","Direktur BUMD (sintetis)","Synthetic record; not derived from any real list."
"WL-02244","PEP_SYNTHETIC","H. Rahmat Halim","","1995-02-10","AU","ID","Komisaris (sintetis)","Synthetic record; not derived from any real list."
"WL-02245","PEP_SYNTHETIC","Indah Simatupang","","1991-07-20","ID","ID","Direktur BUMD (sintetis)","Synthetic record; not derived from any real list."
"WL-02246","INTERNAL_WATCH","Gilang Permana","Gileng Permana","1976-07-27","NL","ID","","Synthetic record; not derived from any real list."
"WL-02247","SANCTIONS_SYNTHETIC","Dra. Siti Saputra","","1962-11-11","ID","ID","","Synthetic record; not derived from any real list."
"WL-02248","PEP_SYNTHETIC","Fajar Ramadhan","","1990-09-25","ID","ID","Pejabat Daerah (sintetis)","Synthetic record; not derived from any real list."
"WL-02249","INTERNAL_WATCH","Yuda Maulana","Yude Maulana","1998-10-23","SA","ID","","Synthetic record; not derived from any real list."
"WL-02250","PEP_SYNTHETIC","Drs. Gilang Dian Halim","","1965-04-22","ID","ID","Kepala Dinas (sintetis)","Synthetic record; not derived from any real list."
"WL-02251","PEP_SYNTHETIC","H. Yuda Gunawan","","1960-11-25","AU","ID","Anggota Dewan (sintetis)","Synthetic record; not derived from any real list."
"WL-02252","PEP_SYNTHETIC","Joko Siregar","","","SA","ID","Komisaris (sintetis)","Synthetic record; not derived from any real list."
"WL-02253","PEP_SYNTHETIC","Rahmat Siregar","","1964-02-12","ID","ID","Pejabat Daerah (sintetis)","Synthetic record; not derived from any real list."
"WL-02254","SANCTIONS_SYNTHETIC","Rina Gunawan","","","ID","ID","","Synthetic record; not derived from any real list."
"WL-02255","PEP_SYNTHETIC","Ir. Gilang Siregar","","1996-01-12","ID","ID","Kepala Dinas (sintetis)","Synthetic record; not derived from any real list."
"WL-02256","SANCTIONS_SYNTHETIC","Ir. Kartika Rina Saputra","Ir. Kertika Rina Saputra","1975-10-10","ID","ID","","Synthetic record; not derived from any real list."
"WL-02257","SANCTIONS_SYNTHETIC","Ir. Gilang Hidayat","Ir. Gileng Hidayat","","ID","ID","","Synthetic record; not derived from any real list."
"WL-02258","PEP_SYNTHETIC","Dra. Citra Sari Halim","Dre. Citra Sari Halim","","ID","ID","Komisaris (sintetis)","Synthetic record; not derived from any real list."
"WL-02259","SANCTIONS_SYNTHETIC","Ir. Fajar Anggraini","","1993-07-12","ID","ID","","Synthetic record; not derived from any real list."
"WL-02260","SANCTIONS_SYNTHETIC","Ir. Citra Siregar","","1998-01-13","ID","ID","","Synthetic record; not derived from any real list."
"WL-02261","SANCTIONS_SYNTHETIC","Tono Saputra","","","ID","ID","","Synthetic record; not derived from any real list."
"WL-02262","SANCTIONS_SYNTHETIC","Mega Situmorang","Mege Situmorang","","JP","ID","","Synthetic record; not derived from any real list."
"WL-02263","PEP_SYNTHETIC","Drs. Bayu Suryadi","Drs. Beyu Suryadi","","ID","ID","Direktur BUMD (sintetis)","Synthetic record; not derived from any real list."
"WL-02264","PEP_SYNTHETIC","Dra. Indah Simatupang","Dre. Indah Simatupang","1950-01-19","ID","ID","Pejabat Daerah (sintetis)","Synthetic record; not derived from any real list."
"WL-02265","PEP_SYNTHETIC","Wahyu Gilang Pratama","","1997-03-19","ID","ID","Direktur BUMD (sintetis)","Synthetic record; not derived from any real list."
"WL-02266","INTERNAL_WATCH","Gita Ayu Santoso","","1985-06-23","ID","ID","","Synthetic record; not derived from any real list."
"WL-02267","SANCTIONS_SYNTHETIC","Drs. Joko Santoso","","1989-07-02","ID","ID","","Synthetic record; not derived from any real list."
"WL-02268","PEP_SYNTHETIC","Dra. Dewi Nugroho","","","AU","ID","Kepala Dinas (sintetis)","Synthetic record; not derived from any real list."
"WL-02269","PEP_SYNTHETIC","Indah Anggraini","Indeh Anggraini","1957-08-06","AE","ID","Direktur BUMD (sintetis)","Synthetic record; not derived from any real list."
"WL-02270","PEP_SYNTHETIC","Gilang Situmorang","","1987-07-07","ID","ID","Komisaris (sintetis)","Synthetic record; not derived from any real list."
"WL-02271","PEP_SYNTHETIC","Cahya Lubis","","1965-11-19","US","ID","Direktur BUMD (sintetis)","Synthetic record; not derived from any real list."
"WL-02272","SANCTIONS_SYNTHETIC","Drs. Eka Wijaya","","1964-06-22","KR","ID","","Synthetic record; not derived from any real list."
"WL-02273","INTERNAL_WATCH","Putri Suryadi","Putri Suryedi","1987-08-14","ID","ID","","Synthetic record; not derived from any real list."
"WL-02274","PEP_SYNTHETIC","Dewi Setiawan","","1960-06-11","ID","ID","Komisaris (sintetis)","Synthetic record; not derived from any real list."
"WL-02275","SANCTIONS_SYNTHETIC","Drs. Iwan Setiawan","Drs. Iwen Setiawan","1950-07-03","ID","ID","","Synthetic record; not derived from any real list."
"WL-02276","INTERNAL_WATCH","Anggun Halim","Anggun Helim","1983-02-11","ID","ID","","Synthetic record; not derived from any real list."
"WL-02277","PEP_SYNTHETIC","Hj. Dewi Wijaya","Hj. Dewi Wijeya","","ID","ID","Anggota Dewan (sintetis)","Synthetic record; not derived from any real list."
"WL-02278","PEP_SYNTHETIC","Drs. Tono Simatupang","Drs. Tono Simetupang","1952-03-07","SG","ID","Direktur BUMD (sintetis)","Synthetic record; not derived from any real list."
"WL-02279","INTERNAL_WATCH","Hj. Citra Mega Anggraini","","1956-03-21","ID","ID","","Synthetic record; not derived from any real list."
"WL-02280","SANCTIONS_SYNTHETIC","Wulan Setiawan","","","US","ID","","Synthetic record; not derived from any real list."
"WL-02281","PEP_SYNTHETIC","Dian Oki Setiawan","Dien Oki Setiawan","1954-04-15","ID","ID","Pejabat Daerah (sintetis)","Synthetic record; not derived from any real list."
"WL-02282","SANCTIONS_SYNTHETIC","Dra. Lestari Nugroho","Dre. Lestari Nugroho","1964-12-09","ID","ID","","Synthetic record; not derived from any real list."
"WL-02283","PEP_SYNTHETIC","Fajar Lubis","","","ID","ID","Pejabat Daerah (sintetis)","Synthetic record; not derived from any real list."
"WL-02284","SANCTIONS_SYNTHETIC","Gita Dewi Anggraini","","","NL","ID","","Synthetic record; not derived from any real list."
"WL-02285","SANCTIONS_SYNTHETIC","Hj. Kartika Ayu Siregar","Hj. Kertika Ayu Siregar","1987-02-23","ID","ID","","Synthetic record; not derived from any real list."
"WL-02286","PEP_SYNTHETIC","Dra. Lestari Hidayat","","","ID","ID","Direktur BUMD (sintetis)","Synthetic record; not derived from any real list."
"WL-02287","PEP_SYNTHETIC","Drs. Dian Gilang Hartono","","1958-10-01","MY","ID","Anggota Dewan (sintetis)","Synthetic record; not derived from any real list."
"WL-02288","SANCTIONS_SYNTHETIC","Zahra Hidayat","","1990-01-22","ID","ID","","Synthetic record; not derived from any real list."
"WL-02289","SANCTIONS_SYNTHETIC","Ir. Ayu Kusuma","","","ID","ID","","Synthetic record; not derived from any real list."
"WL-02290","PEP_SYNTHETIC","Ir. Sari Lestari Kusuma","","1959-06-01","KR","ID","Pejabat Daerah (sintetis)","Synthetic record; not derived from any real list."
"WL-02291","PEP_SYNTHETIC","H. Joko Yuda Maulana","H. Joko Yude Maulana","1963-03-18","ID","ID","Kepala Dinas (sintetis)","Synthetic record; not derived from any real list."
"WL-02292","PEP_SYNTHETIC","Kartika Setiawan","","1963-12-18","ID","ID","Pejabat Daerah (sintetis)","Synthetic record; not derived from any real list."
"WL-02293","SANCTIONS_SYNTHETIC","Ir. Lestari Lubis","","","ID","ID","","Synthetic record; not derived from any real list."
"WL-02294","SANCTIONS_SYNTHETIC","Iwan Eka Simatupang","Iwen Eka Simatupang","1973-12-07","ID","ID","","Synthetic record; not derived from any real list."
"WL-02295","PEP_SYNTHETIC","Joko Maulana","","1975-12-19","ID","ID","Direktur BUMD (sintetis)","Synthetic record; not derived from any real list."
"WL-02296","PEP_SYNTHETIC","Wulan Santoso","","1967-12-22","ID","ID","Anggota Dewan (sintetis)","Synthetic record; not derived from any real list."
"WL-02297","PEP_SYNTHETIC","Kartika Nugroho","","","ID","ID","Kepala Dinas (sintetis)","Synthetic record; not derived from any real list."
"WL-02298","SANCTIONS_SYNTHETIC","Sari Anggraini","Seri Anggraini","1960-05-07","ID","ID","","Synthetic record; not derived from any real list."
"WL-02299","PEP_SYNTHETIC","Vina Mega Suryadi","Vine Mega Suryadi","1965-11-22","KR","ID","Komisaris (sintetis)","Synthetic record; not derived from any real list."
"WL-02300","PEP_SYNTHETIC","Joko Nugroho","","","ID","ID","Pejabat Daerah (sintetis)","Synthetic record; not derived from any real list."
"WL-02301","PEP_SYNTHETIC","Cahya Simatupang","","1978-12-04","ID","ID","Kepala Dinas (sintetis)","Synthetic record; not derived from any real list."
"WL-02302","SANCTIONS_SYNTHETIC","Ir. Cahya Siregar","","1957-07-28","ID","ID","","Synthetic record; not derived from any real list."
"WL-02303","PEP_SYNTHETIC","Sari Halim","","1998-04-26","MY","ID","Anggota Dewan (sintetis)","Synthetic record; not derived from any real list."
"WL-02304","PEP_SYNTHETIC","Hj. Putri Sari Santoso","","","ID","ID","Direktur BUMD (sintetis)","Synthetic record; not derived from any real list."
"WL-02305","SANCTIONS_SYNTHETIC","Gilang Santoso","","1992-08-23","ID","ID","","Synthetic record; not derived from any real list."
"WL-02306","INTERNAL_WATCH","Iwan Halim","","1998-03-22","ID","ID","","Synthetic record; not derived from any real list."
"WL-02307","SANCTIONS_SYNTHETIC","Kartika Setiawan","","","MY","ID","","Synthetic record; not derived from any real list."
"WL-02308","SANCTIONS_SYNTHETIC","Dra. Zahra Suryadi","Dre. Zahra Suryadi","1981-07-11","ID","ID","","Synthetic record; not derived from any real list."
"WL-02309","PEP_SYNTHETIC","Dra. Wulan Maulana","Dre. Wulan Maulana","","ID","ID","Direktur BUMD (sintetis)","Synthetic record; not derived from any real list."
"WL-02310","SANCTIONS_SYNTHETIC","Drs. Fajar Bagus Lubis","","","ID","ID","","Synthetic record; not derived from any real list."
"WL-02311","SANCTIONS_SYNTHETIC","Sari Citra Gunawan","","1990-08-04","ID","ID","","Synthetic record; not derived from any real list."
"WL-02312","PEP_SYNTHETIC","Hj. Citra Pratama","Hj. Citre Pratama","","ID","ID","Anggota Dewan (sintetis)","Synthetic record; not derived from any real list."
"WL-02313","SANCTIONS_SYNTHETIC","Fajar Lubis","","1989-10-21","ID","ID","","Synthetic record; not derived from any real list."
"WL-02314","PEP_SYNTHETIC","Citra Wijaya","","1951-08-20","ID","ID","Direktur BUMD (sintetis)","Synthetic record; not derived from any real list."
"WL-02315","PEP_SYNTHETIC","Dewi Nugroho","","1970-05-24","ID","ID","Direktur BUMD (sintetis)","Synthetic record; not derived from any real list."
"WL-02316","SANCTIONS_SYNTHETIC","Dra. Umi Lubis","Dre. Umi Lubis","1980-10-24","US","ID","","Synthetic record; not derived from any real list."
"WL-02317","SANCTIONS_SYNTHETIC","Dra. Dewi Ramadhan","Dre. Dewi Ramadhan","1988-06-06","ID","ID","","Synthetic record; not derived from any real list."
"WL-02318","PEP_SYNTHETIC","Vina Simatupang","","1989-03-08","ID","ID","Komisaris (sintetis)","Synthetic record; not derived from any real list."
"WL-02319","PEP_SYNTHETIC","Lestari Saputra","","1989-02-15","ID","ID","Direktur BUMD (sintetis)","Synthetic record; not derived from any real list."
"WL-02320","SANCTIONS_SYNTHETIC","Zahra Pratama","Zehra Pratama","","ID","ID","","Synthetic record; not derived from any real list."
"WL-02321","INTERNAL_WATCH","Dewi Saputra","Dewi Seputra","1960-08-06","SA","ID","","Synthetic record; not derived from any real list."
"WL-02322","SANCTIONS_SYNTHETIC","Ir. Sari Ramadhan","","1976-05-02","ID","ID","","Synthetic record; not derived from any real list."
"WL-02323","PEP_SYNTHETIC","Oki Anggraini","Oki Anggreini","","MY","ID","Pejabat Daerah (sintetis)","Synthetic record; not derived from any real list."
"WL-02324","PEP_SYNTHETIC","Vina Hidayat","Vine Hidayat","1985-03-24","ID","ID","Kepala Dinas (sintetis)","Synthetic record; not derived from any real list."
"WL-02325","SANCTIONS_SYNTHETIC","Putri Anggraini","","1963-07-10","ID","ID","","Synthetic record; not derived from any real list."
"WL-02326","PEP_SYNTHETIC","Gilang Suryadi","","","ID","ID","Anggota Dewan (sintetis)","Synthetic record; not derived from any real list."
"WL-02327","SANCTIONS_SYNTHETIC","Ir. Bagus Ramadhan","","1993-01-18","US","ID","","Synthetic record; not derived from any real list."
"WL-02328","INTERNAL_WATCH","Dra. Zahra Umi Ramadhan","Dre. Zahra Umi Ramadhan","1992-04-23","ID","ID","","Synthetic record; not derived from any real list."
"WL-02329","SANCTIONS_SYNTHETIC","Hj. Zahra Wijaya","","","ID","ID","","Synthetic record; not derived from any real list."
"WL-02330","SANCTIONS_SYNTHETIC","Vina Nugroho","","","ID","ID","","Synthetic record; not derived from any real list."
"WL-02331","PEP_SYNTHETIC","Ir. Adi Siregar","Ir. Adi Sireger","1952-02-26","ID","ID","Kepala Dinas (sintetis)","Synthetic record; not derived from any real list."
"WL-02332","SANCTIONS_SYNTHETIC","H. Hadi Hartono","","1965-08-11","ID","ID","","Synthetic record; not derived from any real list."
"WL-02333","INTERNAL_WATCH","Siti Hartono","","1980-10-26","ID","ID","","Synthetic record; not derived from any real list."
"WL-02334","PEP_SYNTHETIC","Ir. Wahyu Wijaya","","","ID","ID","Kepala Dinas (sintetis)","Synthetic record; not derived from any real list."
"WL-02335","INTERNAL_WATCH","Citra Siregar","Citre Siregar","","ID","ID","","Synthetic record; not derived from any real list."
"WL-02336","INTERNAL_WATCH","Dra. Mega Wijaya","","1986-10-26","ID","ID","","Synthetic record; not derived from any real list."
"WL-02337","INTERNAL_WATCH","Oki Oki Maulana","","","ID","ID","","Synthetic record; not derived from any real list."
"WL-02338","PEP_SYNTHETIC","Ir. Fajar Maulana","","1991-03-17","ID","ID","Direktur BUMD (sintetis)","Synthetic record; not derived from any real list."
"WL-02339","SANCTIONS_SYNTHETIC","Dra. Kartika Simatupang","","1985-07-24","HK","ID","","Synthetic record; not derived from any real list."
"WL-02340","PEP_SYNTHETIC","Drs. Wahyu Ramadhan","","1978-03-04","ID","ID","Direktur BUMD (sintetis)","Synthetic record; not derived from any real list."
"WL-02341","PEP_SYNTHETIC","Fajar Adi Siregar","Fejar Adi Siregar","1953-01-01","ID","ID","Pejabat Daerah (sintetis)","Synthetic record; not derived from any real list."
"WL-02342","PEP_SYNTHETIC","Dra. Gita Hidayat","Dre. Gita Hidayat","1956-03-04","ID","ID","Direktur BUMD (sintetis)","Synthetic record; not derived from any real list."
"WL-02343","SANCTIONS_SYNTHETIC","Indah Saputra","Indeh Saputra","1996-03-04","ID","ID","","Synthetic record; not derived from any real list."
"WL-02344","SANCTIONS_SYNTHETIC","Citra Gunawan","Citre Gunawan","1995-01-11","ID","ID","","Synthetic record; not derived from any real list."
"WL-02345","PEP_SYNTHETIC","Drs. Yuda Suryadi","Drs. Yude Suryadi","","ID","ID","Anggota Dewan (sintetis)","Synthetic record; not derived from any real list."
"WL-02346","PEP_SYNTHETIC","Yuda Simatupang","","1983-01-11","ID","ID","Kepala Dinas (sintetis)","Synthetic record; not derived from any real list."
"WL-02347","PEP_SYNTHETIC","Kartika Vina Setiawan","","","ID","ID","Komisaris (sintetis)","Synthetic record; not derived from any real list."
"WL-02348","PEP_SYNTHETIC","Lestari Halim","Lesteri Halim","1975-01-14","ID","ID","Komisaris (sintetis)","Synthetic record; not derived from any real list."
"WL-02349","PEP_SYNTHETIC","Ir. Lestari Anggun Maulana","Ir. Lesteri Anggun Maulana","1978-07-26","NL","ID","Kepala Dinas (sintetis)","Synthetic record; not derived from any real list."
"WL-02350","SANCTIONS_SYNTHETIC","Citra Suryadi","Citre Suryadi","","ID","ID","","Synthetic record; not derived from any real list."
"WL-02351","SANCTIONS_SYNTHETIC","Ir. Iwan Joko Lubis","","1996-12-14","ID","ID","","Synthetic record; not derived from any real list."
"WL-02352","INTERNAL_WATCH","Wahyu Nugroho","Wehyu Nugroho","","ID","ID","","Synthetic record; not derived from any real list."
"WL-02353","PEP_SYNTHETIC","Siti Kusuma","Siti Kusume","1971-02-28","ID","ID","Komisaris (sintetis)","Synthetic record; not derived from any real list."
"WL-02354","PEP_SYNTHETIC","Ir. Nanda Anggraini","","","ID","ID","Direktur BUMD (sintetis)","Synthetic record; not derived from any real list."
"WL-02355","SANCTIONS_SYNTHETIC","H. Oki Simatupang","","1952-04-13","NL","ID","","Synthetic record; not derived from any real list."
"WL-02356","SANCTIONS_SYNTHETIC","Ir. Nanda Halim","","","ID","ID","","Synthetic record; not derived from any real list."
"WL-02357","PEP_SYNTHETIC","Nanda Halim","Nenda Halim","1991-07-22","HK","ID","Anggota Dewan (sintetis)","Synthetic record; not derived from any real list."
"WL-02358","PEP_SYNTHETIC","Anggun Gunawan","","1993-01-10","ID","ID","Anggota Dewan (sintetis)","Synthetic record; not derived from any real list."
"WL-02359","PEP_SYNTHETIC","Dian Setiawan","","1990-06-04","ID","ID","Anggota Dewan (sintetis)","Synthetic record; not derived from any real list."
"WL-02360","PEP_SYNTHETIC","Bagus Hartono","Begus Hartono","","ID","ID","Direktur BUMD (sintetis)","Synthetic record; not derived from any real list."
"WL-02361","PEP_SYNTHETIC","Dra. Rina Siregar","Dre. Rina Siregar","1976-09-17","SA","ID","Komisaris (sintetis)","Synthetic record; not derived from any real list."
"WL-02362","PEP_SYNTHETIC","Bagus Iwan Kusuma","Begus Iwan Kusuma","","ID","ID","Anggota Dewan (sintetis)","Synthetic record; not derived from any real list."
"WL-02363","SANCTIONS_SYNTHETIC","Zahra Gunawan","","1980-03-03","ID","ID","","Synthetic record; not derived from any real list."
"WL-02364","PEP_SYNTHETIC","Dra. Lestari Wijaya","","","ID","ID","Direktur BUMD (sintetis)","Synthetic record; not derived from any real list."
"WL-02365","SANCTIONS_SYNTHETIC","Gita Hartono","Gite Hartono","1976-03-26","ID","ID","","Synthetic record; not derived from any real list."
"WL-02366","INTERNAL_WATCH","Eka Hartono","","1995-09-20","ID","ID","","Synthetic record; not derived from any real list."
"WL-02367","PEP_SYNTHETIC","H. Wahyu Hidayat","H. Wehyu Hidayat","1969-01-09","ID","ID","Direktur BUMD (sintetis)","Synthetic record; not derived from any real list."
"WL-02368","PEP_SYNTHETIC","Hj. Vina Siregar","","1977-08-15","ID","ID","Anggota Dewan (sintetis)","Synthetic record; not derived from any real list."
"WL-02369","SANCTIONS_SYNTHETIC","Rina Kusuma","","","ID","ID","","Synthetic record; not derived from any real list."
"WL-02370","PEP_SYNTHETIC","Hj. Anggun Ramadhan","Hj. Anggun Remadhan","","ID","ID","Direktur BUMD (sintetis)","Synthetic record; not derived from any real list."
"WL-02371","SANCTIONS_SYNTHETIC","Drs. Bayu Wijaya","","1964-02-18","ID","ID","","Synthetic record; not derived from any real list."
"WL-02372","INTERNAL_WATCH","Fajar Rahmat Pratama","","1969-02-10","ID","ID","","Synthetic record; not derived from any real list."
"WL-02373","PEP_SYNTHETIC","Oki Kusuma","Oki Kusume","1959-01-17","ID","ID","Direktur BUMD (sintetis)","Synthetic record; not derived from any real list."
"WL-02374","PEP_SYNTHETIC","Ir. Eka Setiawan","Ir. Eke Setiawan","1959-01-03","ID","ID","Kepala Dinas (sintetis)","Synthetic record; not derived from any real list."
"WL-02375","INTERNAL_WATCH","Hj. Dewi Hidayat","Hj. Dewi Hideyat","","ID","ID","","Synthetic record; not derived from any real list."
"WL-02376","PEP_SYNTHETIC","H. Tono Halim","","1991-06-09","ID","ID","Anggota Dewan (sintetis)","Synthetic record; not derived from any real list."
"WL-02377","SANCTIONS_SYNTHETIC","Wulan Nugroho","Wulen Nugroho","1967-03-11","ID","ID","","Synthetic record; not derived from any real list."
"WL-02378","PEP_SYNTHETIC","Gilang Saputra","Gileng Saputra","","ID","ID","Kepala Dinas (sintetis)","Synthetic record; not derived from any real list."
"WL-02379","PEP_SYNTHETIC","Tono Setiawan","","","ID","ID","Anggota Dewan (sintetis)","Synthetic record; not derived from any real list."
"WL-02380","SANCTIONS_SYNTHETIC","Nanda Joko Simatupang","","1968-07-05","ID","ID","","Synthetic record; not derived from any real list."
"WL-02381","SANCTIONS_SYNTHETIC","Wahyu Wijaya","Wehyu Wijaya","1959-08-20","ID","ID","","Synthetic record; not derived from any real list."
"WL-02382","PEP_SYNTHETIC","Fajar Rahmat Siregar","","1966-02-05","ID","ID","Anggota Dewan (sintetis)","Synthetic record; not derived from any real list."
"WL-02383","PEP_SYNTHETIC","Iwan Santoso","","1961-08-08","AE","ID","Anggota Dewan (sintetis)","Synthetic record; not derived from any real list."
"WL-02384","PEP_SYNTHETIC","Indah Anggraini","","1961-04-19","SA","ID","Komisaris (sintetis)","Synthetic record; not derived from any real list."
"WL-02385","SANCTIONS_SYNTHETIC","Siti Halim","Siti Helim","1960-11-08","ID","ID","","Synthetic record; not derived from any real list."
"WL-02386","SANCTIONS_SYNTHETIC","Hj. Lestari Siti Saputra","Hj. Lesteri Siti Saputra","","SG","ID","","Synthetic record; not derived from any real list."
"WL-02387","SANCTIONS_SYNTHETIC","Yuda Situmorang","Yude Situmorang","","ID","ID","","Synthetic record; not derived from any real list."
"WL-02388","PEP_SYNTHETIC","Joko Tono Gunawan","","","ID","ID","Komisaris (sintetis)","Synthetic record; not derived from any real list."
"WL-02389","INTERNAL_WATCH","Vina Siti Simatupang","Vine Siti Simatupang","","ID","ID","","Synthetic record; not derived from any real list."
"WL-02390","INTERNAL_WATCH","Dra. Sari Nugroho","","1993-10-27","ID","ID","","Synthetic record; not derived from any real list."
"WL-02391","SANCTIONS_SYNTHETIC","Ir. Vina Indah Santoso","","1971-11-22","ID","ID","","Synthetic record; not derived from any real list."
"WL-02392","SANCTIONS_SYNTHETIC","Ayu Kusuma","Ayu Kusume","1991-11-28","ID","ID","","Synthetic record; not derived from any real list."
"WL-02393","PEP_SYNTHETIC","Dra. Ayu Saputra","","1971-04-09","ID","ID","Komisaris (sintetis)","Synthetic record; not derived from any real list."
"WL-02394","PEP_SYNTHETIC","Wulan Permana","Wulen Permana","1953-12-23","ID","ID","Direktur BUMD (sintetis)","Synthetic record; not derived from any real list."
"WL-02395","PEP_SYNTHETIC","Dewi Hidayat","","","ID","ID","Komisaris (sintetis)","Synthetic record; not derived from any real list."
"WL-02396","PEP_SYNTHETIC","Siti Siregar","","","ID","ID","Komisaris (sintetis)","Synthetic record; not derived from any real list."
"WL-02397","INTERNAL_WATCH","Drs. Iwan Eka Simatupang","","1998-02-04","ID","ID","","Synthetic record; not derived from any real list."
"WL-02398","SANCTIONS_SYNTHETIC","Ir. Zahra Rina Permana","Ir. Zehra Rina Permana","1960-04-27","ID","ID","","Synthetic record; not derived from any real list."
"WL-02399","PEP_SYNTHETIC","Iwan Kusuma","","","ID","ID","Pejabat Daerah (sintetis)","Synthetic record; not derived from any real list."
"WL-02400","INTERNAL_WATCH","Drs. Yuda Lubis","","","ID","ID","","Synthetic record; not derived from any real list."
"WL-02401","PEP_SYNTHETIC","Rina Wijaya","","","ID","ID","Kepala Dinas (sintetis)","Synthetic record; not derived from any real list."
"WL-02402","SANCTIONS_SYNTHETIC","Wahyu Anggraini","","","ID","ID","","Synthetic record; not derived from any real list."
"WL-02403","PEP_SYNTHETIC","Wulan Halim","","1988-07-09","ID","ID","Direktur BUMD (sintetis)","Synthetic record; not derived from any real list."
"WL-02404","PEP_SYNTHETIC","Dra. Kartika Putri Ramadhan","Dre. Kartika Putri Ramadhan","1963-07-27","ID","ID","Anggota Dewan (sintetis)","Synthetic record; not derived from any real list."
"WL-02405","PEP_SYNTHETIC","Hadi Santoso","","1992-04-22","ID","ID","Anggota Dewan (sintetis)","Synthetic record; not derived from any real list."
"WL-02406","PEP_SYNTHETIC","Citra Ramadhan","","1962-03-07","ID","ID","Pejabat Daerah (sintetis)","Synthetic record; not derived from any real list."
"WL-02407","PEP_SYNTHETIC","Ir. Citra Santoso","","1986-07-04","AE","ID","Direktur BUMD (sintetis)","Synthetic record; not derived from any real list."
"WL-02408","PEP_SYNTHETIC","Dra. Sari Zahra Setiawan","","","ID","ID","Komisaris (sintetis)","Synthetic record; not derived from any real list."
"WL-02409","INTERNAL_WATCH","Drs. Gilang Nugroho","Drs. Gileng Nugroho","","HK","ID","","Synthetic record; not derived from any real list."
"WL-02410","SANCTIONS_SYNTHETIC","Bayu Wijaya","Beyu Wijaya","1956-11-01","ID","ID","","Synthetic record; not derived from any real list."
"WL-02411","PEP_SYNTHETIC","Dra. Umi Suryadi","Dre. Umi Suryadi","1981-11-06","ID","ID","Pejabat Daerah (sintetis)","Synthetic record; not derived from any real list."
"WL-02412","PEP_SYNTHETIC","Oki Lubis","","1963-02-11","ID","ID","Komisaris (sintetis)","Synthetic record; not derived from any real list."
"WL-02413","PEP_SYNTHETIC","Kartika Kusuma","","1997-11-27","ID","ID","Kepala Dinas (sintetis)","Synthetic record; not derived from any real list."
"WL-02414","PEP_SYNTHETIC","H. Eka Hidayat","H. Eke Hidayat","","AE","ID","Anggota Dewan (sintetis)","Synthetic record; not derived from any real list."
"WL-02415","PEP_SYNTHETIC","Iwan Lubis","","","AE","ID","Kepala Dinas (sintetis)","Synthetic record; not derived from any real list."
"WL-02416","SANCTIONS_SYNTHETIC","Mega Gunawan","","1978-12-01","ID","ID","","Synthetic record; not derived from any real list."
"WL-02417","PEP_SYNTHETIC","Drs. Gilang Santoso","","1978-03-24","ID","ID","Direktur BUMD (sintetis)","Synthetic record; not derived from any real list."
"WL-02418","SANCTIONS_SYNTHETIC","Ir. Bagus Setiawan","","1975-08-09","ID","ID","","Synthetic record; not derived from any real list."
"WL-02419","INTERNAL_WATCH","Dian Suryadi","Dien Suryadi","1974-03-22","ID","ID","","Synthetic record; not derived from any real list."
"WL-02420","SANCTIONS_SYNTHETIC","Drs. Bagus Pratama","Drs. Begus Pratama","1988-02-16","ID","ID","","Synthetic record; not derived from any real list."
"WL-02421","INTERNAL_WATCH","Gilang Anggraini","","","ID","ID","","Synthetic record; not derived from any real list."
"WL-02422","PEP_SYNTHETIC","Rina Situmorang","","1995-11-17","ID","ID","Anggota Dewan (sintetis)","Synthetic record; not derived from any real list."
"WL-02423","SANCTIONS_SYNTHETIC","Umi Indah Gunawan","","","ID","ID","","Synthetic record; not derived from any real list."
"WL-02424","SANCTIONS_SYNTHETIC","Ayu Ayu Situmorang","","1954-04-14","ID","ID","","Synthetic record; not derived from any real list."
"WL-02425","PEP_SYNTHETIC","Indah Hidayat","Indeh Hidayat","1968-06-13","ID","ID","Anggota Dewan (sintetis)","Synthetic record; not derived from any real list."
"WL-02426","INTERNAL_WATCH","Adi Anggraini","","1993-11-16","ID","ID","","Synthetic record; not derived from any real list."
"WL-02427","PEP_SYNTHETIC","Dewi Anggraini","","","ID","ID","Komisaris (sintetis)","Synthetic record; not derived from any real list."
"WL-02428","SANCTIONS_SYNTHETIC","Fajar Simatupang","Fejar Simatupang","","ID","ID","","Synthetic record; not derived from any real list."
"WL-02429","INTERNAL_WATCH","Hj. Lestari Kusuma","","1997-07-16","ID","ID","","Synthetic record; not derived from any real list."
"WL-02430","SANCTIONS_SYNTHETIC","Hj. Umi Situmorang","Hj. Umi Situmoreng","1976-11-02","ID","ID","","Synthetic record; not derived from any real list."
"WL-02431","PEP_SYNTHETIC","Ir. Iwan Simatupang","","","ID","ID","Kepala Dinas (sintetis)","Synthetic record; not derived from any real list."
"WL-02432","SANCTIONS_SYNTHETIC","Lestari Gunawan","","","ID","ID","","Synthetic record; not derived from any real list."
"WL-02433","PEP_SYNTHETIC","H. Cahya Pratama","H. Cehya Pratama","","ID","ID","Komisaris (sintetis)","Synthetic record; not derived from any real list."
"WL-02434","PEP_SYNTHETIC","Fajar Wijaya","","1963-03-25","KR","ID","Direktur BUMD (sintetis)","Synthetic record; not derived from any real list."
"WL-02435","PEP_SYNTHETIC","Vina Siregar","","1953-06-18","ID","ID","Kepala Dinas (sintetis)","Synthetic record; not derived from any real list."
"WL-02436","PEP_SYNTHETIC","Ir. Wahyu Nugroho","","","ID","ID","Anggota Dewan (sintetis)","Synthetic record; not derived from any real list."
"WL-02437","PEP_SYNTHETIC","Dewi Citra Halim","Dewi Citre Halim","1957-06-21","ID","ID","Komisaris (sintetis)","Synthetic record; not derived from any real list."
"WL-02438","PEP_SYNTHETIC","Ir. Indah Kusuma","","1993-10-25","HK","ID","Anggota Dewan (sintetis)","Synthetic record; not derived from any real list."
"WL-02439","SANCTIONS_SYNTHETIC","Vina Putri Suryadi","","","ID","ID","","Synthetic record; not derived from any real list."
"WL-02440","PEP_SYNTHETIC","Ir. Gita Siti Siregar","Ir. Gite Siti Siregar","1979-05-01","MY","ID","Direktur BUMD (sintetis)","Synthetic record; not derived from any real list."
"WL-02441","PEP_SYNTHETIC","Drs. Cahya Iwan Situmorang","","1997-07-05","ID","ID","Kepala Dinas (sintetis)","Synthetic record; not derived from any real list."
"WL-02442","PEP_SYNTHETIC","Sari Rina Lubis","Seri Rina Lubis","1993-05-14","NL","ID","Komisaris (sintetis)","Synthetic record; not derived from any real list."
"WL-02443","PEP_SYNTHETIC","Citra Setiawan","Citre Setiawan","","ID","ID","Kepala Dinas (sintetis)","Synthetic record; not derived from any real list."
"WL-02444","PEP_SYNTHETIC","Mega Hartono","","","ID","ID","Direktur BUMD (sintetis)","Synthetic record; not derived from any real list."
"WL-02445","PEP_SYNTHETIC","H. Gilang Kusuma","","1980-03-18","ID","ID","Direktur BUMD (sintetis)","Synthetic record; not derived from any real list."
"WL-02446","PEP_SYNTHETIC","Siti Permana","Siti Permena","","ID","ID","Kepala Dinas (sintetis)","Synthetic record; not derived from any real list."
"WL-02447","SANCTIONS_SYNTHETIC","Zahra Nugroho","","","NL","ID","","Synthetic record; not derived from any real list."
"WL-02448","SANCTIONS_SYNTHETIC","Eka Ramadhan","","1956-08-22","ID","ID","","Synthetic record; not derived from any real list."
"WL-02449","PEP_SYNTHETIC","Dra. Ayu Gita Pratama","","1977-07-19","ID","ID","Direktur BUMD (sintetis)","Synthetic record; not derived from any real list."
"WL-02450","PEP_SYNTHETIC","Ir. Joko Eka Halim","Ir. Joko Eke Halim","","ID","ID","Anggota Dewan (sintetis)","Synthetic record; not derived from any real list."
"WL-02451","PEP_SYNTHETIC","Vina Indah Halim","","1951-10-26","ID","ID","Direktur BUMD (sintetis)","Synthetic record; not derived from any real list."
"WL-02452","PEP_SYNTHETIC","Oki Setiawan","","","AE","ID","Direktur BUMD (sintetis)","Synthetic record; not derived from any real list."
"WL-02453","SANCTIONS_SYNTHETIC","Eka Kusuma","","1993-05-07","US","ID","","Synthetic record; not derived from any real list."
"WL-02454","SANCTIONS_SYNTHETIC","Dewi Anggun Santoso","Dewi Anggun Sentoso","1994-10-06","ID","ID","","Synthetic record; not derived from any real list."
"WL-02455","SANCTIONS_SYNTHETIC","Bayu Permana","","","ID","ID","","Synthetic record; not derived from any real list."
"WL-02456","INTERNAL_WATCH","Hj. Ayu Situmorang","","","ID","ID","","Synthetic record; not derived from any real list."
"WL-02457","PEP_SYNTHETIC","Ir. Putri Pratama","Ir. Putri Pretama","1950-06-07","ID","ID","Komisaris (sintetis)","Synthetic record; not derived from any real list."
"WL-02458","PEP_SYNTHETIC","Ir. Sari Nugroho","","1953-11-19","ID","ID","Anggota Dewan (sintetis)","Synthetic record; not derived from any real list."
"WL-02459","PEP_SYNTHETIC","Dra. Zahra Permana","","1963-04-13","JP","ID","Kepala Dinas (sintetis)","Synthetic record; not derived from any real list."
"WL-02460","PEP_SYNTHETIC","H. Tono Anggraini","","","ID","ID","Pejabat Daerah (sintetis)","Synthetic record; not derived from any real list."
"WL-02461","PEP_SYNTHETIC","Dewi Nugroho","Dewi Nugroho","","ID","ID","Pejabat Daerah (sintetis)","Synthetic record; not derived from any real list."
"WL-02462","PEP_SYNTHETIC","Ir. Ayu Simatupang","Ir. Ayu Simetupang","1993-04-13","ID","ID","Direktur BUMD (sintetis)","Synthetic record; not derived from any real list."
"WL-02463","PEP_SYNTHETIC","Citra Setiawan","","","ID","ID","Direktur BUMD (sintetis)","Synthetic record; not derived from any real list."
"WL-02464","INTERNAL_WATCH","Tono Siregar","","1996-02-28","ID","ID","","Synthetic record; not derived from any real list."
"WL-02465","PEP_SYNTHETIC","Mega Vina Maulana","Mege Vina Maulana","","ID","ID","Kepala Dinas (sintetis)","Synthetic record; not derived from any real list."
"WL-02466","PEP_SYNTHETIC","Hj. Putri Kartika Kusuma","","1974-07-04","ID","ID","Direktur BUMD (sintetis)","Synthetic record; not derived from any real list."
"WL-02467","SANCTIONS_SYNTHETIC","Wulan Maulana","","1981-07-16","ID","ID","","Synthetic record; not derived from any real list."
"WL-02468","PEP_SYNTHETIC","Wulan Hartono","","1954-01-27","HK","ID","Direktur BUMD (sintetis)","Synthetic record; not derived from any real list."
"WL-02469","PEP_SYNTHETIC","Cahya Hartono","Cehya Hartono","1960-02-13","ID","ID","Kepala Dinas (sintetis)","Synthetic record; not derived from any real list."
"WL-02470","SANCTIONS_SYNTHETIC","Ir. Citra Indah Siregar","Ir. Citre Indah Siregar","1982-03-11","ID","ID","","Synthetic record; not derived from any real list."
"WL-02471","SANCTIONS_SYNTHETIC","Ir. Vina Halim","","1998-02-17","ID","ID","","Synthetic record; not derived from any real list."
"WL-02472","SANCTIONS_SYNTHETIC","Ir. Gilang Santoso","Ir. Gileng Santoso","","ID","ID","","Synthetic record; not derived from any real list."
"WL-02473","PEP_SYNTHETIC","Hj. Sari Santoso","Hj. Seri Santoso","","ID","ID","Direktur BUMD (sintetis)","Synthetic record; not derived from any real list."
"WL-02474","PEP_SYNTHETIC","Drs. Gilang Setiawan","","1963-03-14","ID","ID","Anggota Dewan (sintetis)","Synthetic record; not derived from any real list."
"WL-02475","SANCTIONS_SYNTHETIC","Umi Pratama","","1970-05-08","ID","ID","","Synthetic record; not derived from any real list."
"WL-02476","SANCTIONS_SYNTHETIC","Drs. Bagus Dian Santoso","Drs. Begus Dian Santoso","","SA","ID","","Synthetic record; not derived from any real list."
"WL-02477","PEP_SYNTHETIC","Dewi Umi Santoso","","","ID","ID","Direktur BUMD (sintetis)","Synthetic record; not derived from any real list."
"WL-02478","PEP_SYNTHETIC","Hj. Lestari Gunawan","","1958-10-28","AE","ID","Komisaris (sintetis)","Synthetic record; not derived from any real list."
"WL-02479","PEP_SYNTHETIC","Gita Saputra","Gite Saputra","1974-01-20","ID","ID","Komisaris (sintetis)","Synthetic record; not derived from any real list."
"WL-02480","PEP_SYNTHETIC","Zahra Setiawan","Zehra Setiawan","1951-12-07","ID","ID","Direktur BUMD (sintetis)","Synthetic record; not derived from any real list."
"WL-02481","PEP_SYNTHETIC","Rahmat Permana","","1995-10-20","ID","ID","Pejabat Daerah (sintetis)","Synthetic record; not derived from any real list."
"WL-02482","INTERNAL_WATCH","Lestari Hartono","","1986-11-27","ID","ID","","Synthetic record; not derived from any real list."
"WL-02483","SANCTIONS_SYNTHETIC","Lestari Nugroho","Lesteri Nugroho","1984-09-13","ID","ID","","Synthetic record; not derived from any real list."
"WL-02484","SANCTIONS_SYNTHETIC","Hj. Rina Dewi Anggraini","","1954-03-28","ID","ID","","Synthetic record; not derived from any real list."
"WL-02485","SANCTIONS_SYNTHETIC","Kartika Hidayat","Kertika Hidayat","1985-10-18","ID","ID","","Synthetic record; not derived from any real list."
"WL-02486","PEP_SYNTHETIC","Vina Simatupang","","1950-01-17","ID","ID","Pejabat Daerah (sintetis)","Synthetic record; not derived from any real list."
"WL-02487","PEP_SYNTHETIC","Dra. Indah Mega Saputra","","1992-10-24","JP","ID","Pejabat Daerah (sintetis)","Synthetic record; not derived from any real list."
"WL-02488","PEP_SYNTHETIC","Putri Zahra Setiawan","","1966-09-01","ID","ID","Pejabat Daerah (sintetis)","Synthetic record; not derived from any real list."
"WL-02489","PEP_SYNTHETIC","Drs. Dian Siregar","","1979-05-22","ID","ID","Komisaris (sintetis)","Synthetic record; not derived from any real list."
"WL-02490","INTERNAL_WATCH","Hj. Ayu Wijaya","","","ID","ID","","Synthetic record; not derived from any real list."
"WL-02491","PEP_SYNTHETIC","Hj. Zahra Suryadi","","1982-01-24","ID","ID","Direktur BUMD (sintetis)","Synthetic record; not derived from any real list."
"WL-02492","SANCTIONS_SYNTHETIC","Dra. Gita Putri Lubis","","1961-02-06","ID","ID","","Synthetic record; not derived from any real list."
"WL-02493","SANCTIONS_SYNTHETIC","Wulan Pratama","","","ID","ID","","Synthetic record; not derived from any real list."
"WL-02494","PEP_SYNTHETIC","Bayu Saputra","","1981-03-04","ID","ID","Kepala Dinas (sintetis)","Synthetic record; not derived from any real list."
"WL-02495","SANCTIONS_SYNTHETIC","Sari Hidayat","Seri Hidayat","1963-06-12","ID","ID","","Synthetic record; not derived from any real list."
"WL-02496","PEP_SYNTHETIC","Nanda Pratama","Nenda Pratama","1952-07-10","ID","ID","Pejabat Daerah (sintetis)","Synthetic record; not derived from any real list."
"WL-02497","INTERNAL_WATCH","Dian Eka Setiawan","","1996-07-27","ID","ID","","Synthetic record; not derived from any real list."
"WL-02498","SANCTIONS_SYNTHETIC","Hj. Citra Nugroho","Hj. Citre Nugroho","1993-12-07","ID","ID","","Synthetic record; not derived from any real list."
"WL-02499","SANCTIONS_SYNTHETIC","Wulan Halim","","","ID","ID","","Synthetic record; not derived from any real list."
"WL-02500","PEP_SYNTHETIC","Citra Anggun Anggraini","Citre Anggun Anggraini","1966-10-13","ID","ID","Kepala Dinas (sintetis)","Synthetic record; not derived from any real list."
