"source_customer_id","full_name","aliases","date_of_birth","place_of_birth","gender","nationality","national_id_reference","occupation","income_band","address_line","city","province","postcode","country","phone","email","onboarding_date","kyc_status","customer_status"
"CUST-000001","Mega Lubis","","1960-08-28","Palembang","F","ID","9913906808606864","PNS","GT_200M","Jl. Cempaka No. 232","Semarang","Jawa Tengah","50111","ID","+628998608370","cust-000001@contoh.id","2023-03-11","COMPLETE","ACTIVE"
"CUST-000002","Joko Ramadhan","","1968-09-18","Palembang","M","ID","9983781809681490","Karyawan Swasta","LT_5M","Jl. Kenanga No. 105","Palembang","Sumatera Selatan","30111","ID","+628994423936","cust-000002@surelsintetis.id","2025-12-26","COMPLETE","ACTIVE"
"CUST-000003","Umi Suryadi","","1960-06-07","Jakarta Pusat","F","ID","9901514706605190","Buruh Harian","50M_200M","Jl. Teratai No. 169","Medan","Sumatera Utara","20111","ID","+628998355552","cust-000003@surelsintetis.id","2025-02-05","PARTIAL","ACTIVE"
"CUST-000004","H. Adi Anggraini","","1991-10-04","Jakarta Pusat","M","ID","9940150410911699","Petani","5M_15M","Jl. Cempaka No. 160","Jakarta Pusat","DKI Jakarta","10110","ID","+628996502136","cust-000004@demo.example","2022-06-17","COMPLETE","ACTIVE"
"CUST-000005","Wahyu Iwan Nugroho","","1974-08-24","Bandung","M","ID","9997582408740297","Pelajar/Mahasiswa","15M_50M","Jl. Bougenville No. 181","Medan","Sumatera Utara","20111","ID","+628992838650","cust-000005@contoh.id","2023-07-30","COMPLETE","ACTIVE"
"CUST-000006","Fajar Halym","","1996-08-22","Bandung","M","ID","9971212208963784","Pengemudi Daring","LT_5M","Jl. Melati No. 92","Medan","Sumatera Utara","20111","ID","+628994938725","cust-000006@surelsintetis.id","2025-08-24","COMPLETE","ACTIVE"
"CUST-000007","Lestari Saputra","","1984-06-17","Semarang","F","ID","9989125706847572","Buruh Harian","GT_200M","Jl. Bougenville No. 49","Semarang","Jawa Tengah","50111","ID","+628992733805","cust-000007@surelsintetis.id","2023-03-07","COMPLETE","ACTIVE"
"CUST-000008","Wahyu Hartono","","1972-11-22","Denpasar","M","ID","9956832211723697","Ibu Rumah Tangga","GT_200M","Jl. Teratai No. 23","Semarang","Jawa Tengah","50111","ID","+628991373207","cust-000008@demo.example","2024-07-26","COMPLETE","SUSPENDED"
"CUST-000009","Zahra Lubis","","1987-06-12","Balikpapan","F","ID","9978595206873714","Karyawan Swasta","GT_200M","Jl. Teratai No. 115","Denpasar","Bali","80111","ID","+628996410130","cust-000009@demo.example","2024-08-20","COMPLETE","ACTIVE"
"CUST-000010","Mega Gunawan","","1978-08-17","Palembang","F","ID","9925525708781251","Petani","GT_200M","Jl. Teratai No. 141","Jakarta Pusat","DKI Jakarta","10110","ID","+628991299085","cust-000010@demo.example","2022-05-09","COMPLETE","ACTIVE"
"CUST-000011","Anggun Kusuma","","1967-08-09","Yogyakarta","F","ID","9995454908671874","Wiraswasta","15M_50M","Jl. Mawar No. 160","Surabaya","Jawa Timur","60111","ID","+628999642958","cust-000011@surelsintetis.id","2023-10-02","COMPLETE","ACTIVE"
"CUST-000012","Dra. Vina Lubis","","1964-02-19","Bandung","F","ID","9931595902648189","Guru","50M_200M","Jl. Teratai No. 105","Bandung","Jawa Barat","40111","ID","+628994483802","cust-000012@surelsintetis.id","2025-12-02","COMPLETE","ACTIVE"
"CUST-000013","H. Bagus Permana","","1990-12-04","Semarang","M","ID","9987590412905830","Petani","15M_50M","Jl. Flamboyan No. 194","Semarang","Jawa Tengah","50111","ID","+628991792683","cust-000013@surelsintetis.id","2024-02-28","PARTIAL","ACTIVE"
"CUST-000014","Gita Sari Hidayat","","1971-07-04","Medan","F","ID","9928044407710700","Pengemudi Daring","50M_200M","Jl. Teratai No. 74","Medan","Sumatera Utara","20111","ID","+628997910504","cust-000014@contoh.id","2023-07-02","COMPLETE","ACTIVE"
"CUST-000015","H. Bayu Simatupang","","1965-03-21","Palembang","M","ID","9929402103659896","Buruh Harian","5M_15M","Jl. Cempaka No. 18","Palembang","Sumatera Selatan","30111","ID","+628997124248","cust-000015@surelsintetis.id","2023-06-15","COMPLETE","ACTIVE"
"CUST-000016","Ir. Rahmat Wijaya","","1981-06-16","Medan","M","ID","9996401606811824","Pengemudi Daring","LT_5M","Jl. Teratai No. 51","Jakarta Pusat","DKI Jakarta","10110","ID","+628999340396","cust-000016@contoh.id","2022-12-05","PENDING","ACTIVE"
"CUST-000017","Yuda Adi Situmorang","","1979-04-03","Makassar","M","ID","9930710304794487","Ibu Rumah Tangga","50M_200M","Jl. Melati No. 152","Medan","Sumatera Utara","20111","ID","+628992655519","cust-000017@contoh.id","2023-01-03","PARTIAL","ACTIVE"
"CUST-000018","Dian Iwan Nugroho","","1973-03-27","Medan","M","ID","9991402703735144","Buruh Harian","GT_200M","Jl. Kenanga No. 50","Denpasar","Bali","80111","ID","+628992624762","cust-000018@mailuji.example","2024-08-06","COMPLETE","ACTIVE"
"CUST-000019","Ir. Dian Santoso","","2002-03-28","Medan","M","ID","9947352803027386","Pelajar/Mahasiswa","5M_15M","Jl. Dahlia No. 179","Denpasar","Bali","80111","ID","+628997584645","cust-000019@contoh.id","2025-07-09","COMPLETE","ACTIVE"
"CUST-000020","Eka Kusuma","","1999-06-17","Bandung","M","ID","9919021706997729","Pelajar/Mahasiswa","15M_50M","Jl. Melati No. 69","Bandung","Jawa Barat","40111","ID","+628997935740","cust-000020@contoh.id","2025-11-06","COMPLETE","ACTIVE"
"CUST-000021","Wulan S","","1964-12-26","Makassar","F","ID","9924446612643404","PNS","50M_200M","Jl. Cempaka No. 109","Bandung","Jawa Barat","40111","ID","+628998379700","cust-000021@demo.example","2024-10-10","COMPLETE","ACTIVE"
"CUST-000022","Wulan Wijaya","","1962-08-14","Medan","F","ID","9904795408625220","Petani","50M_200M","Jl. Dahlia No. 202","Palembang","Sumatera Selatan","30111","ID","+628992631185","cust-000022@surelsintetis.id","2025-08-21","PARTIAL","ACTIVE"
"CUST-000023","Hj. Indah Zahra Hidayat","","1974-04-19","Medan","F","ID","9903555904747302","Guru","50M_200M","Jl. Flamboyan No. 189","Jakarta Pusat","DKI Jakarta","10110","ID","+628995955296","cust-000023@surelsintetis.id","2022-11-13","COMPLETE","ACTIVE"
"CUST-000024","H. Gilang Suryadi","","1988-08-25","Yogyakarta","M","ID","9931382508884952","Pedagang","5M_15M","Jl. Kenanga No. 113","Denpasar","Bali","80111","ID","+628991989062","cust-000024@demo.example","2024-07-02","COMPLETE","ACTIVE"
"CUST-000025","Fajar Hidayat","","1995-07-23","Surabaya","M","ID","9953522307958790","Guru","GT_200M","Jl. Dahlia No. 136","Surabaya","Jawa Timur","60111","ID","+628996760775","cust-000025@surelsintetis.id","2024-08-24","COMPLETE","ACTIVE"
"CUST-000026","H. Gilang Tono Nugroho","","2005-02-01","Denpasar","M","ID","9947130102057392","Pengemudi Daring","5M_15M","Jl. Mawar No. 205","Palembang","Sumatera Selatan","30111","ID","+628994290767","cust-000026@demo.example","2024-01-07","COMPLETE","ACTIVE"
"CUST-000027","Tono Nugroho","","1989-01-18","Makassar","M","ID","9988291801892077","Wiraswasta","GT_200M","Jl. Mawar No. 47","Surabaya","Jawa Timur","60111","ID","+628991624424","cust-000027@contoh.id","2024-10-29","COMPLETE","ACTIVE"
"CUST-000028","Bagus Gilang Wijaya","","1980-05-20","Bandung","M","ID","9928322005801852","Guru","50M_200M","Jl. Dahlia No. 25","Bandung","Jawa Barat","40111","ID","+628997442452","cust-000028@contoh.id","2023-11-20","PARTIAL","ACTIVE"
"CUST-000029","Mega Situmorang","","2002-12-09","Bandung","F","ID","9961694912025759","Petani","LT_5M","Jl. Mawar No. 85","Bandung","Jawa Barat","40111","ID","+628999930082","cust-000029@contoh.id","2023-07-04","COMPLETE","ACTIVE"
"CUST-000030","Hj. Indah Kusuma","","1988-01-18","Makassar","F","ID","9944665801885892","Ibu Rumah Tangga","GT_200M","Jl. Mawar No. 57","Makassar","Sulawesi Selatan","90111","ID","+628993993483","cust-000030@mailuji.example","2022-05-17","COMPLETE","ACTIVE"
"CUST-000031","Ayu Kusuma","","1968-09-03","Medan","F","ID","9993884309684322","Buruh Harian","50M_200M","Jl. Anggrek No. 238","Medan","Sumatera Utara","20111","ID","+628994626418","cust-000031@surelsintetis.id","2026-02-16","PARTIAL","ACTIVE"
"CUST-000032","Ir. Eka Setiawan","","2005-02-21","Bandung","M","ID","9904862102054926","Pelajar/Mahasiswa","15M_50M","Jl. Bougenville No. 35","Palembang","Sumatera Selatan","30111","ID","+628992629989","cust-000032@surelsintetis.id","2022-11-03","COMPLETE","ACTIVE"
"CUST-000033","H. Yuda Kusuma","","1964-12-04","Jakarta Pusat","M","ID","9940240412648692","Pedagang","50M_200M","Jl. Mawar No. 12","Surabaya","Jawa Timur","60111","ID","+628997071129","cust-000033@surelsintetis.id","2024-06-05","COMPLETE","ACTIVE"
"CUST-000034","Drs. Fajar Maulana","","1977-08-24","Denpasar","M","ID","9960132408776020","Guru","GT_200M","Jl. Kenanga No. 89","Palembang","Sumatera Selatan","30111","ID","+628998054276","cust-000034@contoh.id","2024-12-30","PARTIAL","ACTIVE"
"CUST-000035","Bagus Nugroho","","2001-03-07","Balikpapan","M","ID","9935920703010219","Guru","5M_15M","Jl. Mawar No. 175","Bandung","Jawa Barat","40111","ID","+628991978818","cust-000035@surelsintetis.id","2025-02-28","COMPLETE","ACTIVE"
"CUST-000036","Iwan Ramadhan","","1991-10-15","Semarang","M","ID","9935171510919104","Petani","50M_200M","Jl. Anggrek No. 40","Bandung","Jawa Barat","40111","ID","+628993899577","cust-000036@demo.example","2023-12-21","PARTIAL","ACTIVE"
"CUST-000037","Ir. Tono Suryadi","","2003-05-04","Makassar","M","ID","9904210405035446","Wiraswasta","5M_15M","Jl. Flamboyan No. 233","Surabaya","Jawa Timur","60111","ID","+628997526942","cust-000037@surelsintetis.id","2022-10-21","COMPLETE","ACTIVE"
"CUST-000038","Cahya Yuda Simatupang","","1991-01-14","Jakarta Pusat","M","ID","9923911401912369","PNS","50M_200M","Jl. Melati No. 177","Palembang","Sumatera Selatan","30111","ID","+628994120906","cust-000038@demo.example","2024-01-16","COMPLETE","ACTIVE"
"CUST-000039","Dewi Maulana","","1967-09-21","Balikpapan","F","ID","9942706109679418","Guru","GT_200M","Jl. Dahlia No. 35","Denpasar","Bali","80111","ID","+628992999203","cust-000039@mailuji.example","2023-06-21","COMPLETE","ACTIVE"
"CUST-000040","Hj. Lestari Hartono","","1999-02-01","Jakarta Pusat","F","ID","9971684102997377","Karyawan Swasta","5M_15M","Jl. Dahlia No. 118","Bandung","Jawa Barat","40111","ID","+628991036557","cust-000040@surelsintetis.id","2024-12-04","COMPLETE","ACTIVE"
"CUST-000041","Citra Hidayat","","1988-06-05","Surabaya","F","ID","9948394506886634","Wiraswasta","LT_5M","Jl. Teratai No. 126","Yogyakarta","DI Yogyakarta","55111","ID","+628997686201","cust-000041@mailuji.example","2026-02-13","PARTIAL","ACTIVE"
"CUST-000042","Ir. Mega Saputra","","1998-03-22","Makassar","F","ID","9947466203982299","Pengemudi Daring","LT_5M","Jl. Mawar No. 1","Makassar","Sulawesi Selatan","90111","ID","+628996397476","cust-000042@contoh.id","2025-12-26","COMPLETE","ACTIVE"
"CUST-000043","Sari Citra Nugroho","","2000-08-25","Semarang","F","ID","9962146508009348","Pengemudi Daring","15M_50M","Jl. Cempaka No. 21","Jakarta Pusat","DKI Jakarta","10110","ID","+628998161636","cust-000043@surelsintetis.id","2022-08-25","COMPLETE","ACTIVE"
"CUST-000044","Dra. Vina Santoso","","1972-06-23","Balikpapan","F","ID","9908146306720361","Pedagang","GT_200M","Jl. Bougenville No. 182","Palembang","Sumatera Selatan","30111","ID","+628991312920","cust-000044@contoh.id","2022-05-05","COMPLETE","ACTIVE"
"CUST-000045","Dewi Suryadi","","1963-12-26","Bandung","F","ID","9937506612631212","PNS","15M_50M","Jl. Flamboyan No. 83","Bandung","Jawa Barat","40111","ID","+628991817567","cust-000045@contoh.id","2025-02-05","COMPLETE","SUSPENDED"
"CUST-000046","H. Tono Oki Simatupang","","1982-10-25","Surabaya","M","ID","9905302510829956","Karyawan Swasta","5M_15M","Jl. Dahlia No. 39","Surabaya","Jawa Timur","60111","ID","+628996876432","cust-000046@contoh.id","2023-05-17","PARTIAL","ACTIVE"
"CUST-000047","Umi Saputra","","1987-07-14","Jakarta Pusat","F","ID","9915405407879582","Wiraswasta","LT_5M","Jl. Dahlia No. 236","Jakarta Pusat","DKI Jakarta","10110","ID","+628992616343","cust-000047@mailuji.example","2025-01-09","COMPLETE","ACTIVE"
"CUST-000048","Wulan Indah Kusuma","","1976-01-20","Palembang","F","ID","9908766001762292","Petani","15M_50M","Jl. Melati No. 195","Palembang","Sumatera Selatan","30111","ID","+628995058112","cust-000048@surelsintetis.id","2025-06-23","COMPLETE","ACTIVE"
"CUST-000049","Rahmat Yuda Ramadhan","","2003-10-15","Surabaya","M","ID","9904781510031006","Ibu Rumah Tangga","LT_5M","Jl. Cempaka No. 113","Surabaya","Jawa Timur","60111","ID","+628992566088","cust-000049@contoh.id","2023-08-09","PARTIAL","ACTIVE"
"CUST-000050","Bagus Simatupang","","1996-12-21","Palembang","M","ID","9994562112963275","Petani","15M_50M","Jl. Anggrek No. 84","Palembang","Sumatera Selatan","30111","ID","+628994368316","cust-000050@contoh.id","2024-09-05","PARTIAL","ACTIVE"
"CUST-000051","Joko Kusuma","","1969-04-01","Denpasar","M","ID","9956660104696643","Petani","GT_200M","Jl. Cempaka No. 197","Denpasar","Bali","80111","ID","+628999766291","cust-000051@contoh.id","2022-03-16","COMPLETE","ACTIVE"
"CUST-000052","Suryadi","","2002-03-28","Yogyakarta","F","ID","9955526803020291","Karyawan Swasta","LT_5M","Jl. Mawar No. 117","Medan","Sumatera Utara","20111","ID","+628998414917","cust-000052@demo.example","2023-11-27","COMPLETE","ACTIVE"
"CUST-000053","Iwan Halim","","1992-09-21","Yogyakarta","M","ID","9905292109923238","Buruh Harian","GT_200M","Jl. Cempaka No. 159","Yogyakarta","DI Yogyakarta","55111","ID","+628998152011","cust-000053@surelsintetis.id","2025-08-17","COMPLETE","ACTIVE"
"CUST-000054","Siti Vina Situmorang","","1984-08-18","Denpasar","F","ID","9903055808840178","Pelajar/Mahasiswa","GT_200M","Jl. Melati No. 104","Denpasar","Bali","80111","ID","+628992129270","cust-000054@demo.example","2024-10-02","PENDING","ACTIVE"
"CUST-000055","Wahyu Hadi Nugroho","","1964-08-23","Yogyakarta","M","ID","9988042308647917","Guru","GT_200M","Jl. Dahlia No. 7","Yogyakarta","DI Yogyakarta","55111","ID","+628997316919","cust-000055@demo.example","2022-03-23","COMPLETE","ACTIVE"
"CUST-000056","Eka Permana","","1991-01-16","Palembang","M","ID","9986151601914592","Pedagang","LT_5M","Jl. Cempaka No. 105","Surabaya","Jawa Timur","60111","ID","+628995323003","cust-000056@surelsintetis.id","2025-07-02","COMPLETE","ACTIVE"
"CUST-000057","Wahyu Nanda Pratama","","1971-09-13","Palembang","M","ID","9979971309714504","Wiraswasta","GT_200M","Jl. Mawar No. 25","Denpasar","Bali","80111","ID","+628993957238","cust-000057@surelsintetis.id","2023-02-20","COMPLETE","ACTIVE"
"CUST-000058","Indah Anggraini","","2004-11-26","Surabaya","F","ID","9936196611048062","Pelajar/Mahasiswa","50M_200M","Jl. Flamboyan No. 138","Surabaya","Jawa Timur","60111","ID","+628997727129","cust-000058@contoh.id","2022-10-06","COMPLETE","ACTIVE"
"CUST-000059","Ir. Eka Maulana","","1999-02-14","Makassar","M","ID","9984461402995490","Petani","GT_200M","Jl. Flamboyan No. 146","Balikpapan","Kalimantan Timur","76111","ID","+628995163681","cust-000059@surelsintetis.id","2025-04-23","COMPLETE","ACTIVE"
"CUST-000060","Oki Bagus Santoso","","1970-12-11","Denpasar","M","ID","9922311112707381","Buruh Harian","50M_200M","Jl. Cempaka No. 50","Balikpapan","Kalimantan Timur","76111","ID","+628995053035","cust-000060@mailuji.example","2026-01-06","COMPLETE","ACTIVE"
"CUST-000061","Hj. Rina Kusuma","","1961-03-17","Yogyakarta","F","ID","9958055703610247","Ibu Rumah Tangga","LT_5M","Jl. Cempaka No. 219","Yogyakarta","DI Yogyakarta","55111","ID","+628996153292","cust-000061@demo.example","2023-08-29","COMPLETE","ACTIVE"
"CUST-000062","Indah Simatupang","","1970-11-23","Medan","F","ID","9918466311703790","Ibu Rumah Tangga","LT_5M","Jl. Teratai No. 97","Semarang","Jawa Tengah","50111","ID","+628997009014","cust-000062@contoh.id","2023-03-01","COMPLETE","ACTIVE"
"CUST-000063","Wahyu Fajar Lubis","","1975-04-28","Palembang","M","ID","9988392804758100","Petani","5M_15M","Jl. Mawar No. 85","Palembang","Sumatera Selatan","30111","ID","+628998326898","cust-000063@contoh.id","2023-06-28","PENDING","SUSPENDED"
"CUST-000064","Ir. Vina Gunawan","","1963-11-24","Surabaya","F","ID","9966956411635057","Pengemudi Daring","15M_50M","Jl. Mawar No. 45","Bandung","Jawa Barat","40111","ID","+628997674055","cust-000064@demo.example","2024-12-20","PARTIAL","ACTIVE"
"CUST-000065","Ir. Citra Zahra Ramadhan","","1965-12-06","Balikpapan","F","ID","9908874612654478","Ibu Rumah Tangga","5M_15M","Jl. Melati No. 201","Denpasar","Bali","80111","ID","+628997455734","cust-000065@contoh.id","2024-11-18","COMPLETE","ACTIVE"
"CUST-000066","Eka Permana","","1969-09-15","Palembang","M","ID","9987841509694446","Guru","50M_200M","Jl. Mawar No. 43","Palembang","Sumatera Selatan","30111","ID","+628994444899","cust-000066@contoh.id","2022-07-14","PARTIAL","ACTIVE"
"CUST-000067","Bayu Halim","","1974-07-19","Semarang","M","ID","9998391907745570","Wiraswasta","5M_15M","Jl. Melati No. 9","Balikpapan","Kalimantan Timur","76111","ID","+628998329968","cust-000067@mailuji.example","2022-02-23","COMPLETE","ACTIVE"
"CUST-000068","Oki Wijaya","","1973-07-05","Medan","M","ID","9974620507736082","Ibu Rumah Tangga","50M_200M","Jl. Flamboyan No. 142","Palembang","Sumatera Selatan","30111","ID","+628993786756","cust-000068@contoh.id","2025-02-27","COMPLETE","ACTIVE"
"CUST-000069","Fajar Situmorang","","1971-12-08","Palembang","M","ID","9903470812713299","Karyawan Swasta","5M_15M","SAMA DENGAN KTP","Yogyakarta","DI Yogyakarta","55111","ID","+628997074306","cust-000069@demo.example","2026-02-19","COMPLETE","ACTIVE"
"CUST-000070","Adi Maulana","","2004-11-23","Balikpapan","M","ID","9955472311040724","Pelajar/Mahasiswa","GT_200M","Jl. Flamboyan No. 56","Surabaya","Jawa Timur","60111","ID","+628997070054","cust-000070@contoh.id","2025-12-22","PARTIAL","ACTIVE"
"CUST-000071","Rina Hartono","","2006-08-02","Yogyakarta","F","ID","9955254208066426","Pelajar/Mahasiswa","LT_5M","Jl. Bougenville No. 3","Yogyakarta","DI Yogyakarta","55111","ID","+628991722851","cust-000071@surelsintetis.id","2025-10-05","COMPLETE","ACTIVE"
"CUST-000072","Hj. Indah Pratama","","1962-10-27","Denpasar","F","ID","9972666710624955","Petani","LT_5M","Jl. Kenanga No. 122","Denpasar","Bali","80111","ID","+628991236169","cust-000072@demo.example","2024-05-03","COMPLETE","ACTIVE"
"CUST-000073","Drs. Cahya Maulana","","1998-02-12","Denpasar","M","ID","9909811202980093","Wiraswasta","15M_50M","Jl. Anggrek No. 141","Balikpapan","Kalimantan Timur","76111","ID","+628992358108","cust-000073@contoh.id","2026-02-23","COMPLETE","ACTIVE"
"CUST-000074","Hj. Wulan Saputra","","2001-09-27","Medan","F","ID","9932646709019249","Ibu Rumah Tangga","15M_50M","Jl. Dahlia No. 204","Medan","Sumatera Utara","20111","ID","+628998749300","cust-000074@contoh.id","2025-11-29","PENDING","ACTIVE"
"CUST-000075","Dra. Lestari Maulana","","1964-08-10","Bandung","F","ID","9987545008644597","Ibu Rumah Tangga","LT_5M","Jl. Teratai No. 145","Bandung","Jawa Barat","40111","ID","+628999929198","cust-000075@surelsintetis.id","2022-08-15","COMPLETE","ACTIVE"
"CUST-000076","H. Eka Suryadi","","1992-12-14","Denpasar","M","ID","9989761412928868","Pengemudi Daring","50M_200M","Jl. Kenanga No. 79","Balikpapan","Kalimantan Timur","76111","ID","+628995919232","cust-000076@surelsintetis.id","2024-04-07","COMPLETE","ACTIVE"
"CUST-000077","Zahra Halim","","1973-03-10","Medan","F","ID","9989765003732110","Petani","15M_50M","Jl. Cempaka No. 25","Palembang","Sumatera Selatan","30111","ID","+628996773804","cust-000077@demo.example","2024-05-09","COMPLETE","ACTIVE"
"CUST-000078","Kartika Simatupang","","1971-05-02","Semarang","F","ID","9929174205716910","PNS","GT_200M","Jl. Kenanga No. 89","Palembang","Sumatera Selatan","30111","ID","+628994630348","cust-000078@mailuji.example","2022-11-11","PARTIAL","ACTIVE"
"CUST-000079","Dra. Wulan Permana","","1995-10-08","Denpasar","F","ID","9978204810958973","Pengemudi Daring","GT_200M","Jl. Bougenville No. 231","Palembang","Sumatera Selatan","30111","ID","+628997071335","cust-000079@contoh.id","2022-04-20","PARTIAL","ACTIVE"
"CUST-000080","Dra. Mega Siregar","","1970-06-12","Palembang","F","ID","9930055206709465","Guru","GT_200M","Jl. Melati No. 230","Palembang","Sumatera Selatan","30111","ID","+628994713480","cust-000080@surelsintetis.id","2024-01-15","PARTIAL","ACTIVE"
"CUST-000081","Drs. Adi Lubis","","1982-09-03","Makassar","M","ID","9933840309823059","Pengemudi Daring","LT_5M","Jl. Cempaka No. 7","Semarang","Jawa Tengah","50111","ID","+628993996202","cust-000081@contoh.id","2022-06-05","COMPLETE","ACTIVE"
"CUST-000082","Rina Nugroho","","2005-07-02","Medan","F","ID","9983044207052218","Buruh Harian","LT_5M","Jl. Anggrek No. 199","Semarang","Jawa Tengah","50111","ID","+628994650369","cust-000082@surelsintetis.id","2024-10-07","COMPLETE","ACTIVE"
"CUST-000083","Gilang Tono Anggraini","","1992-04-11","Yogyakarta","M","ID","9962181104924785","Ibu Rumah Tangga","GT_200M","Jl. Melati No. 226","Jakarta Pusat","DKI Jakarta","10110","ID","+628996852801","cust-000083@surelsintetis.id","2025-06-09","COMPLETE","ACTIVE"
"CUST-000084","Anggun Permana","","1978-06-14","Makassar","F","ID","9992685406783503","Pengemudi Daring","LT_5M","Jl. Bougenville No. 89","Makassar","Sulawesi Selatan","90111","ID","+628999009847","cust-000084@mailuji.example","2026-01-31","COMPLETE","ACTIVE"
"CUST-000085","Hj. Citra Gunawan","","1998-08-18","Palembang","F","ID","9962875808987689","Buruh Harian","5M_15M","Jl. Anggrek No. 179","Denpasar","Bali","80111","ID","+628999906774","cust-000085@contoh.id","2022-12-22","COMPLETE","ACTIVE"
"CUST-000086","Drs. Eka Ramadhan","","1989-12-13","Surabaya","M","ID","9986891312895582","Pengemudi Daring","50M_200M","Jl. Cempaka No. 137","Yogyakarta","DI Yogyakarta","55111","ID","+628997892444","cust-000086@contoh.id","2022-07-30","COMPLETE","ACTIVE"
"CUST-000087","Mega Ramadhan","","1975-02-02","Medan","F","ID","9993314202753934","Pengemudi Daring","5M_15M","Jl. Anggrek No. 176","Palembang","Sumatera Selatan","30111","ID","+628995962067","cust-000087@demo.example","2024-09-03","COMPLETE","SUSPENDED"
"CUST-000088","Dra. Dewi Halim","","1970-07-15","Makassar","F","ID","9928495507709022","Buruh Harian","GT_200M","Jl. Kenanga No. 164","Makassar","Sulawesi Selatan","90111","ID","+628995923841","cust-000088@demo.example","2022-10-06","COMPLETE","ACTIVE"
"CUST-000089","H. Tono Maulana","","1983-12-14","Jakarta Pusat","M","ID","9985821412837652","Pelajar/Mahasiswa","5M_15M","Jl. Teratai No. 169","Bandung","Jawa Barat","40111","ID","+628993413820","cust-000089@mailuji.example","2025-02-19","COMPLETE","ACTIVE"
"CUST-000090","Putri Setiawan","","1968-09-20","Surabaya","F","ID","9937136009680044","Pelajar/Mahasiswa","LT_5M","Jl. Melati No. 153","Balikpapan","Kalimantan Timur","76111","ID","+628995297622","cust-000090@contoh.id","2022-02-26","COMPLETE","CLOSED"
"CUST-000091","Ayu Pratama","","1981-07-21","Jakarta Pusat","F","ID","9981266107813945","Guru","GT_200M","Jl. Cempaka No. 177","Palembang","Sumatera Selatan","30111","ID","+628998540578","cust-000091@surelsintetis.id","2024-11-07","COMPLETE","ACTIVE"
"CUST-000092","Gita Umi Gunawan","","1961-07-18","Makassar","F","ID","9964135807615300","Ibu Rumah Tangga","50M_200M","Jl. Bougenville No. 75","Semarang","Jawa Tengah","50111","ID","+628994649411","cust-000092@mailuji.example","2024-07-05","COMPLETE","ACTIVE"
"CUST-000093","Indah Nugroho","","1964-02-09","Balikpapan","F","ID","9992134902642122","Petani","50M_200M","Jl. Bougenville No. 106","Jakarta Pusat","DKI Jakarta","10110","ID","+628996056061","cust-000093@mailuji.example","2023-11-19","PARTIAL","ACTIVE"
"CUST-000094","Putry Citra Hidayat","","1987-08-15","Jakarta Pusat","F","ID","9973645508871322","Pelajar/Mahasiswa","5M_15M","Jl. Anggrek No. 232","Jakarta Pusat","DKI Jakarta","10110","ID","+628997247496","cust-000094@demo.example","2024-08-12","COMPLETE","ACTIVE"
"CUST-000095","Wahyu Maulana","","1985-08-13","Surabaya","M","ID","9980091308858958","Pelajar/Mahasiswa","50M_200M","Jl. Cempaka No. 59","Medan","Sumatera Utara","20111","ID","+628992495873","cust-000095@mailuji.example","2025-05-30","PARTIAL","ACTIVE"
"CUST-000096","Ir. Ayu Ramadhan","","1969-05-09","Makassar","F","ID","9921634905691128","Ibu Rumah Tangga","LT_5M","Jl. Flamboyan No. 83","Balikpapan","Kalimantan Timur","76111","ID","+628995861580","cust-000096@surelsintetis.id","2023-08-18","COMPLETE","ACTIVE"
"CUST-000097","Ayu Anggraini","","1966-03-24","Jakarta Pusat","F","ID","9979796403669380","Pedagang","5M_15M","Jl. Bougenville No. 58","Semarang","Jawa Tengah","50111","ID","+628997331143","cust-000097@demo.example","2022-06-11","PENDING","ACTIVE"
"CUST-000098","Zahra Pratama","","2002-05-13","Yogyakarta","F","ID","9915555305027497","Pedagang","GT_200M","Jl. Anggrek No. 71","Yogyakarta","DI Yogyakarta","55111","ID","+628996377223","cust-000098@demo.example","2024-03-20","COMPLETE","ACTIVE"
"CUST-000099","Oki Nugroho","","1976-03-05","Balikpapan","M","ID","9978080503765424","Buruh Harian","LT_5M","Jl. Kenanga No. 216","Balikpapan","Kalimantan Timur","76111","ID","+628995772831","cust-000099@surelsintetis.id","2022-05-22","PARTIAL","ACTIVE"
"CUST-000100","Bagus Saputra","","1995-06-17","Bandung","M","ID","9950961706957382","Petani","15M_50M","Jl. Teratai No. 202","Bandung","Jawa Barat","40111","ID","+628997362386","cust-000100@contoh.id","2022-07-14","COMPLETE","ACTIVE"
"CUST-000101","H. Bayu Lubis","","1960-04-18","Semarang","M","ID","9962701804600742","Karyawan Swasta","LT_5M","Jl. Mawar No. 39","Bandung","Jawa Barat","40111","ID","+628997155304","cust-000101@mailuji.example","2024-05-16","COMPLETE","CLOSED"
"CUST-000102","Ir. Bayu Ramadhan","","1980-07-27","Bandung","M","ID","9928502707808328","Ibu Rumah Tangga","15M_50M","Jl. Teratai No. 65","Jakarta Pusat","DKI Jakarta","10110","ID","+628991291818","cust-000102@contoh.id","2024-04-15","COMPLETE","ACTIVE"
"CUST-000103","Ir. Indah Lestari Saputra","","2000-10-12","Denpasar","F","ID","9988155210004825","Karyawan Swasta","LT_5M","Jl. Mawar No. 205","Denpasar","Bali","80111","ID","+628991703117","cust-000103@surelsintetis.id","2024-09-16","COMPLETE","ACTIVE"
"CUST-000104","Fajar Siregar","","1964-01-02","Balikpapan","M","ID","9917660201646368","Guru","LT_5M","ALAMAT BELUM DIISI","Balikpapan","Kalimantan Timur","76111","ID","+628996301899","cust-000104@demo.example","2022-12-26","COMPLETE","ACTIVE"
"CUST-000105","H. Hadi Bagus Situmorang","","1960-09-27","Makassar","M","ID","9980742709607322","Guru","LT_5M","Jl. Flamboyan No. 78","Bandung","Jawa Barat","40111","ID","+628997004423","cust-000105@demo.example","2023-01-17","COMPLETE","ACTIVE"
"CUST-000106","Anggun Zahra Wijaya","","1962-11-06","Makassar","F","ID","9926874611622681","Karyawan Swasta","LT_5M","Jl. Bougenville No. 211","Bandung","Jawa Barat","40111","ID","+628998743295","cust-000106@surelsintetis.id","2022-09-20","COMPLETE","CLOSED"
"CUST-000107","Hj. Mega Setiawan","","1963-03-17","Medan","F","ID","9920835703634377","Ibu Rumah Tangga","5M_15M","Jl. Mawar No. 95","Medan","Sumatera Utara","20111","ID","+628999848202","cust-000107@demo.example","2024-08-13","COMPLETE","ACTIVE"
"CUST-000108","Dra. Kartika Gunawan","","1988-01-19","Bandung","F","ID","9929185901886900","Ibu Rumah Tangga","50M_200M","Jl. Flamboyan No. 178","Bandung","Jawa Barat","40111","ID","+628992485142","cust-000108@surelsintetis.id","2022-08-26","PARTIAL","ACTIVE"
"CUST-000109","Anggun Lubis","","1984-04-11","Bandung","F","ID","9981385104844247","Petani","GT_200M","Jl. Kenanga No. 145","Bandung","Jawa Barat","40111","ID","+628995101692","cust-000109@contoh.id","2022-12-09","COMPLETE","ACTIVE"
"CUST-000110","Drs. Hadi Simatupang","","1997-04-14","Balikpapan","M","ID","9994791404973814","PNS","GT_200M","Jl. Dahlia No. 16","Jakarta Pusat","DKI Jakarta","10110","ID","+628992748549","cust-000110@contoh.id","2023-10-29","PARTIAL","ACTIVE"
"CUST-000111","Ir. Joko Permana","","1995-09-18","Makassar","M","ID","9911721809950730","Guru","50M_200M","Jl. Bougenville No. 57","Makassar","Sulawesi Selatan","90111","ID","+628994684344","cust-000111@contoh.id","2022-11-17","COMPLETE","ACTIVE"
"CUST-000112","Dian Halim","","1997-10-15","Balikpapan","M","ID","9925131510974666","Guru","GT_200M","Jl. Kenanga No. 170","Balikpapan","Kalimantan Timur","76111","ID","+628995459480","cust-000112@demo.example","2025-08-31","PARTIAL","ACTIVE"
"CUST-000113","Mega Kusuma","","2003-11-27","Bandung","F","ID","9989196711036622","PNS","5M_15M","Jl. Dahlia No. 32","Medan","Sumatera Utara","20111","ID","+628999277900","cust-000113@demo.example","2023-12-10","COMPLETE","ACTIVE"
"CUST-000114","Tono Rahmat Simatupang","","1976-01-06","Semarang","M","ID","9950130601766305","Pelajar/Mahasiswa","15M_50M","Jl. Cempaka No. 62","Semarang","Jawa Tengah","50111","ID","+628992249340","cust-000114@surelsintetis.id","2023-04-21","COMPLETE","ACTIVE"
"CUST-000115","Anggun Nugroho","","1989-10-28","Balikpapan","F","ID","9931956810897234","PNS","GT_200M","Jl. Mawar No. 59","Denpasar","Bali","80111","ID","+628993304236","cust-000115@demo.example","2023-01-16","COMPLETE","ACTIVE"
"CUST-000116","Mega Santoso","","1991-06-02","Medan","F","ID","9941204206916290","PNS","LT_5M","-","Semarang","Jawa Tengah","50111","ID","+628994207696","cust-000116@contoh.id","2022-04-19","PARTIAL","ACTIVE"
"CUST-000117","Dra. Ayu Wijaya","","1981-07-12","Makassar","F","ID","9907545207817291","Pengemudi Daring","5M_15M","Jl. Mawar No. 188","Balikpapan","Kalimantan Timur","76111","ID","+628994862179","cust-000117@demo.example","2022-04-14","COMPLETE","ACTIVE"
"CUST-000118","Drs. Iwan Wijaya","","2006-05-05","Makassar","M","ID","9944490505062550","Buruh Harian","GT_200M","Jl. Bougenville No. 216","Jakarta Pusat","DKI Jakarta","10110","ID","+628998538769","cust-000118@surelsintetis.id","2022-05-25","PARTIAL","ACTIVE"
"CUST-000119","Tono Lubis","","1961-04-08","Palembang","M","ID","9974320804612932","Wiraswasta","50M_200M","Jl. Cempaka No. 94","Yogyakarta","DI Yogyakarta","55111","ID","+628996693880","cust-000119@surelsintetis.id","2025-09-29","COMPLETE","ACTIVE"
"CUST-000120","Fajar Maulana","","1976-08-02","Denpasar","M","ID","9963770208760091","Wiraswasta","50M_200M","Jl. Teratai No. 196","Semarang","Jawa Tengah","50111","ID","+628996378158","cust-000120@contoh.id","2022-07-21","PARTIAL","ACTIVE"
"CUST-000121","Oky Santoso","","1989-04-16","Palembang","M","ID","9963931604893215","Guru","5M_15M","Jl. Kenanga No. 16","Denpasar","Bali","80111","ID","+628998783975","cust-000121@contoh.id","2025-03-24","COMPLETE","ACTIVE"
"CUST-000122","Dra. Ayu Anggraini","","1969-09-18","Yogyakarta","F","ID","9970125809698909","Petani","15M_50M","Jl. Anggrek No. 75","Medan","Sumatera Utara","20111","ID","+628998238512","cust-000122@surelsintetis.id","2023-08-11","PARTIAL","ACTIVE"
"CUST-000123","Ir. Lestari Siti Maulana","","2003-09-03","Palembang","F","ID","9952964309030374","PNS","LT_5M","Jl. Teratai No. 51","Palembang","Sumatera Selatan","30111","ID","+628991270306","cust-000123@contoh.id","2025-04-21","COMPLETE","ACTIVE"
"CUST-000124","H. Dian Suryadi","","1967-09-27","Makassar","M","ID","9945442709673804","Ibu Rumah Tangga","15M_50M","Jl. Anggrek No. 131","Jakarta Pusat","DKI Jakarta","10110","ID","+628997000528","cust-000124@mailuji.example","2023-08-03","PARTIAL","ACTIVE"
"CUST-000125","Yuda Bayu Kusuma","","2000-11-02","Palembang","M","ID","9949190211000670","Pelajar/Mahasiswa","15M_50M","Jl. Flamboyan No. 149","Jakarta Pusat","DKI Jakarta","10110","ID","+628996339133","cust-000125@mailuji.example","2025-08-10","COMPLETE","ACTIVE"
"CUST-000126","Ir. Iwan Hadi Nugroho","","1986-05-25","Bandung","M","ID","9972792505868986","PNS","5M_15M","Jl. Kenanga No. 186","Semarang","Jawa Tengah","50111","ID","+628997218206","cust-000126@demo.example","2025-10-23","PARTIAL","ACTIVE"
"CUST-000127","Dian Wijaya","","1985-05-19","Medan","M","ID","9955851905853049","Ibu Rumah Tangga","50M_200M","Jl. Teratai No. 140","Denpasar","Bali","80111","ID","+628993123454","cust-000127@mailuji.example","2022-09-14","COMPLETE","ACTIVE"
"CUST-000128","Adi Nugroho","","1960-12-07","Bandung","M","ID","9951370712604866","Pengemudi Daring","15M_50M","Jl. Kenanga No. 125","Bandung","Jawa Barat","40111","ID","+628995337597","cust-000128@demo.example","2022-04-02","COMPLETE","ACTIVE"
"CUST-000129","Umi Mega Wijaya","","1985-04-21","Semarang","F","ID","9911226104856335","Pedagang","50M_200M","Jl. Bougenville No. 171","Balikpapan","Kalimantan Timur","76111","ID","+628992915263","cust-000129@contoh.id","2025-01-24","PARTIAL","ACTIVE"
"CUST-000130","Ir. Cahya Wijaya","","1964-05-23","Balikpapan","M","ID","9923522305641306","PNS","50M_200M","Jl. Anggrek No. 213","Balikpapan","Kalimantan Timur","76111","ID","+628994644941","cust-000130@contoh.id","2024-08-22","COMPLETE","ACTIVE"
"CUST-000131","Oki Sit","","1974-05-19","Balikpapan","M","ID","9961331905747623","Pelajar/Mahasiswa","50M_200M","Jl. Flamboyan No. 34","Balikpapan","Kalimantan Timur","76111","ID","+628999417356","cust-000131@contoh.id","2022-06-24","PARTIAL","ACTIVE"
"CUST-000132","Ir. Dewi Situmorang","","1964-06-21","Medan","F","ID","9939666106643456","Buruh Harian","LT_5M","Jl. Kenanga No. 103","Medan","Sumatera Utara","20111","ID","+628997350755","cust-000132@mailuji.example","2024-11-18","COMPLETE","ACTIVE"
"CUST-000133","Ir. Vina Kusuma","","1976-08-25","Makassar","F","ID","9951816508762078","Petani","LT_5M","Jl. Flamboyan No. 51","Semarang","Jawa Tengah","50111","ID","+628998589039","cust-000133@contoh.id","2023-02-25","COMPLETE","ACTIVE"
"CUST-000134","Putri Santoso","","1983-10-26","Balikpapan","F","ID","9990246610837473","Wiraswasta","50M_200M","Jl. Flamboyan No. 237","Yogyakarta","DI Yogyakarta","55111","ID","+628992142723","cust-000134@surelsintetis.id","2023-07-30","COMPLETE","ACTIVE"
"CUST-000135","Wulan Ayu Hartono","","1994-10-02","Semarang","F","ID","9987894210943126","Guru","5M_15M","Jl. Flamboyan No. 236","Semarang","Jawa Tengah","50111","ID","+628993890414","cust-000135@mailuji.example","2025-06-20","COMPLETE","ACTIVE"
"CUST-000136","Nanda Maulana","","1987-06-22","Semarang","M","ID","9988762206877027","Petani","5M_15M","Jl. Anggrek No. 64","Semarang","Jawa Tengah","50111","ID","+628996584123","cust-000136@contoh.id","2023-06-23","COMPLETE","ACTIVE"
"CUST-000137","Anggun Umi Pratama","","1985-01-13","Balikpapan","F","ID","9992955301851917","Karyawan Swasta","5M_15M","Jl. Flamboyan No. 19","Balikpapan","Kalimantan Timur","76111","ID","+628998700525","cust-000137@demo.example","2025-07-20","COMPLETE","ACTIVE"
"CUST-000138","Ir. Cahya Pratama","","1967-01-07","Bandung","M","ID","9905890701678016","Petani","GT_200M","Jl. Dahlia No. 73","Bandung","Jawa Barat","40111","ID","+628991515770","cust-000138@contoh.id","2025-06-26","COMPLETE","ACTIVE"
"CUST-000139","Kartika Suryadi","","1981-11-12","Yogyakarta","F","ID","9996745211819904","Pedagang","LT_5M","Jl. Anggrek No. 213","Yogyakarta","DI Yogyakarta","55111","ID","+628997282218","cust-000139@surelsintetis.id","2026-01-15","COMPLETE","ACTIVE"
"CUST-000140","Dra. Gita Ramadhan","","1962-03-03","Denpasar","F","ID","9947914303628061","Guru","5M_15M","Jl. Teratai No. 152","Jakarta Pusat","DKI Jakarta","10110","ID","+628998437179","cust-000140@contoh.id","2024-12-25","PENDING","ACTIVE"
"CUST-000141","Hj. Rina Situmorang","","1963-08-05","Balikpapan","F","ID","9968954508639849","PNS","50M_200M","Jl. Anggrek No. 6","Semarang","Jawa Tengah","50111","ID","+628995232697","cust-000141@contoh.id","2024-07-18","COMPLETE","ACTIVE"
"CUST-000142","Ir. Citra Wijaya","","2004-04-04","Palembang","F","ID","9949694404042435","Petani","50M_200M","Jl. Bougenville No. 121","Semarang","Jawa Tengah","50111","ID","+628992790580","cust-000142@contoh.id","2022-08-20","COMPLETE","ACTIVE"
"CUST-000143","Hj. Lestari Maulana","","1972-03-09","Jakarta Pusat","F","ID","9904124903720888","PNS","5M_15M","Jl. Flamboyan No. 160","Yogyakarta","DI Yogyakarta","55111","ID","+628995413227","cust-000143@surelsintetis.id","2025-09-18","COMPLETE","ACTIVE"
"CUST-000144","Wulan Halim","","1982-03-06","Yogyakarta","F","ID","9941784603823084","Wiraswasta","15M_50M","Jl. Melati No. 59","Yogyakarta","DI Yogyakarta","55111","ID","+628992881619","cust-000144@contoh.id","2022-08-21","COMPLETE","ACTIVE"
"CUST-000145","Bagus Lubis","","1996-04-17","Yogyakarta","M","ID","9926871704962182","Buruh Harian","LT_5M","Jl. Anggrek No. 48","Yogyakarta","DI Yogyakarta","55111","ID","+628997862749","cust-000145@contoh.id","2022-08-01","COMPLETE","ACTIVE"
"CUST-000146","Wahyu Kusuma","","1964-11-21","Balikpapan","M","ID","9924032111642939","Ibu Rumah Tangga","15M_50M","Jl. Anggrek No. 237","Makassar","Sulawesi Selatan","90111","ID","+628998313553","cust-000146@mailuji.example","2024-02-03","COMPLETE","ACTIVE"
"CUST-000147","Joko Ramadhan","","1988-11-13","Denpasar","M","ID","9902181311889682","Buruh Harian","GT_200M","Jl. Anggrek No. 142","Jakarta Pusat","DKI Jakarta","10110","ID","+628995029501","cust-000147@mailuji.example","2022-06-09","COMPLETE","ACTIVE"
"CUST-000148","Adi S","","1972-09-12","Makassar","M","ID","9931521209727249","Ibu Rumah Tangga","GT_200M","Jl. Teratai No. 190","Palembang","Sumatera Selatan","30111","ID","+628999138925","cust-000148@demo.example","2025-11-18","COMPLETE","ACTIVE"
"CUST-000149","Bayu Halim","","1965-08-27","Surabaya","M","ID","9984842708655235","Buruh Harian","15M_50M","Jl. Teratai No. 82","Surabaya","Jawa Timur","60111","ID","+628993450378","cust-000149@demo.example","2022-04-29","COMPLETE","ACTIVE"
"CUST-000150","Tono Nanda Suryadi","","1995-02-10","Semarang","M","ID","9978891002957006","Buruh Harian","5M_15M","Jl. Cempaka No. 225","Semarang","Jawa Tengah","50111","ID","+628991194027","cust-000150@surelsintetis.id","2025-08-04","PENDING","ACTIVE"
"CUST-000151","Wulan Santoso","","1989-04-23","Yogyakarta","F","ID","9944986304891236","PNS","5M_15M","Jl. Dahlia No. 98","Yogyakarta","DI Yogyakarta","55111","ID","+628992832136","cust-000151@contoh.id","2022-06-26","COMPLETE","ACTIVE"
"CUST-000152","Oki Fajar Suryadi","","2006-04-24","Surabaya","M","ID","9937362404061231","Pengemudi Daring","LT_5M","Jl. Flamboyan No. 57","Jakarta Pusat","DKI Jakarta","10110","ID","+628992712315","cust-000152@mailuji.example","2023-05-15","COMPLETE","ACTIVE"
"CUST-000153","Putri Suryadi","","1960-05-19","Medan","F","ID","9934725905601814","Guru","15M_50M","Jl. Bougenville No. 181","Medan","Sumatera Utara","20111","ID","+628994706205","cust-000153@surelsintetis.id","2024-06-17","COMPLETE","ACTIVE"
"CUST-000154","Hj. Rina Umi Halim","","1968-08-06","Surabaya","F","ID","9985064608689671","Guru","15M_50M","Jl. Kenanga No. 61","Surabaya","Jawa Timur","60111","ID","+628996071736","cust-000154@mailuji.example","2025-11-06","PARTIAL","ACTIVE"
"CUST-000155","Umi Maulana","","2004-09-05","Yogyakarta","F","ID","9909344509047005","Guru","LT_5M","Jl. Teratai No. 89","Medan","Sumatera Utara","20111","ID","+628999542180","cust-000155@surelsintetis.id","2024-09-12","COMPLETE","ACTIVE"
"CUST-000156","Ayu Hidayat","","1997-03-08","Makassar","F","ID","9997354803970880","Karyawan Swasta","5M_15M","Jl. Anggrek No. 203","Makassar","Sulawesi Selatan","90111","ID","+628999987366","cust-000156@surelsintetis.id","2022-10-17","COMPLETE","ACTIVE"
"CUST-000157","Gita Wulan Maulana","","1995-09-20","Makassar","F","ID","9971826009957942","Pengemudi Daring","GT_200M","Jl. Kenanga No. 232","Semarang","Jawa Tengah","50111","ID","+628991483835","cust-000157@contoh.id","2023-08-25","COMPLETE","SUSPENDED"
"CUST-000158","Santoso","","2003-11-22","Balikpapan","M","ID","9913802211036743","Buruh Harian","5M_15M","Jl. Teratai No. 76","Balikpapan","Kalimantan Timur","76111","ID","+628992860200","cust-000158@demo.example","2025-11-13","COMPLETE","ACTIVE"
"CUST-000159","Ir. Yuda Kusuma","","1974-05-15","Semarang","M","ID","9906251505741963","Buruh Harian","LT_5M","Jl. Flamboyan No. 172","Yogyakarta","DI Yogyakarta","55111","ID","+628998649082","cust-000159@demo.example","2025-08-26","COMPLETE","ACTIVE"
"CUST-000160","Ir. Vina Santoso","","1964-08-23","Balikpapan","F","ID","9993306308643198","Pedagang","LT_5M","Jl. Kenanga No. 42","Semarang","Jawa Tengah","50111","ID","+628991532968","cust-000160@surelsintetis.id","2022-05-15","PARTIAL","ACTIVE"
"CUST-000161","Dra. Mega Simatupang","","1963-08-23","Makassar","F","ID","9945146308632908","Petani","5M_15M","Jl. Flamboyan No. 25","Semarang","Jawa Tengah","50111","ID","+628999103828","cust-000161@contoh.id","2023-06-08","COMPLETE","ACTIVE"
"CUST-000162","Hj. Siti Simatupang","","1986-09-18","Makassar","F","ID","9936205809860142","Petani","50M_200M","Jl. Bougenville No. 11","Makassar","Sulawesi Selatan","90111","ID","+628994291711","cust-000162@mailuji.example","2023-04-05","COMPLETE","ACTIVE"
"CUST-000163","Bayu Ramadhan","","1991-08-07","Makassar","M","ID","9982840708918506","Buruh Harian","15M_50M","Jl. Melati No. 176","Makassar","Sulawesi Selatan","90111","ID","+628992644828","cust-000163@contoh.id","2024-03-20","COMPLETE","ACTIVE"
"CUST-000164","Umy Situmorang","","1986-09-06","Palembang","M","ID","9914310609862486","Wiraswasta","LT_5M","Jl. Cempaka No. 7","Denpasar","Bali","80111","ID","+628992381565","cust-000164@surelsintetis.id","2024-12-28","PARTIAL","ACTIVE"
"CUST-000165","Wulan Permana","","1995-08-24","Balikpapan","F","ID","9993586408955888","Pedagang","50M_200M","Jl. Bougenville No. 82","Semarang","Jawa Tengah","50111","ID","+628998724415","cust-000165@contoh.id","2022-10-17","COMPLETE","SUSPENDED"
"CUST-000166","H. Bayu Bagus Kusuma","","1967-04-10","Medan","M","ID","9944791004673794","PNS","GT_200M","Jl. Teratai No. 144","Medan","Sumatera Utara","20111","ID","+628993446015","cust-000166@demo.example","2024-04-05","PARTIAL","ACTIVE"
"CUST-000167","Wahyu Siregar","","1965-05-25","Makassar","M","ID","9933872505656645","PNS","5M_15M","Jl. Teratai No. 100","Makassar","Sulawesi Selatan","90111","ID","+628994776756","cust-000167@mailuji.example","2025-10-17","COMPLETE","ACTIVE"
"CUST-000168","Permana","","1986-04-16","Denpasar","M","ID","9979341604866140","Karyawan Swasta","GT_200M","Jl. Melati No. 84","Surabaya","Jawa Timur","60111","ID","+628993407170","cust-000168@demo.example","2022-09-16","COMPLETE","ACTIVE"
"CUST-000169","Hadi Halim","","1998-12-13","Balikpapan","M","ID","9992731312983774","Ibu Rumah Tangga","5M_15M","Jl. Dahlia No. 174","Medan","Sumatera Utara","20111","ID","+628991252845","cust-000169@demo.example","2022-02-28","COMPLETE","ACTIVE"
"CUST-000170","Rahmat Wijaya","","1969-11-20","Jakarta Pusat","M","ID","9912162011693657","Wiraswasta","GT_200M","Jl. Mawar No. 135","Jakarta Pusat","DKI Jakarta","10110","ID","+628994845500","cust-000170@demo.example","2025-09-20","COMPLETE","ACTIVE"
"CUST-000171","Oki Adi Pratama","","1976-11-11","Surabaya","M","ID","9918951111765641","Buruh Harian","LT_5M","Jl. Dahlia No. 202","Semarang","Jawa Tengah","50111","ID","+628995983491","cust-000171@surelsintetis.id","2024-02-18","PARTIAL","ACTIVE"
"CUST-000172","Drs. Bayu Yuda Pratama","","1963-08-01","Jakarta Pusat","M","ID","9910910108637322","PNS","15M_50M","Jl. Teratai No. 36","Medan","Sumatera Utara","20111","ID","+628995407343","cust-000172@surelsintetis.id","2024-02-12","COMPLETE","ACTIVE"
"CUST-000173","Lestari Wijaya","","2005-06-20","Denpasar","F","ID","9983556006051640","Guru","50M_200M","Jl. Melati No. 41","Palembang","Sumatera Selatan","30111","ID","+628996830447","cust-000173@mailuji.example","2023-12-20","COMPLETE","ACTIVE"
"CUST-000174","Kusuma","","1982-05-01","Yogyakarta","F","ID","9921634105828709","Ibu Rumah Tangga","5M_15M","Jl. Anggrek No. 188","Palembang","Sumatera Selatan","30111","ID","+628996228651","cust-000174@mailuji.example","2024-11-30","COMPLETE","ACTIVE"
"CUST-000175","Wahyu Nugroho","","1968-03-04","Jakarta Pusat","M","ID","9930820403686435","Buruh Harian","5M_15M","Jl. Mawar No. 23","Bandung","Jawa Barat","40111","ID","+628993380887","cust-000175@surelsintetis.id","2025-11-19","COMPLETE","ACTIVE"
"CUST-000176","Ir. Eka Lubis","","1991-09-12","Palembang","M","ID","9980691209918466","Pelajar/Mahasiswa","LT_5M","Jl. Cempaka No. 178","Surabaya","Jawa Timur","60111","ID","+628999941724","cust-000176@contoh.id","2024-11-08","COMPLETE","ACTIVE"
"CUST-000177","Gita Anggraini","","1983-11-07","Balikpapan","F","ID","9921464711830114","Ibu Rumah Tangga","15M_50M","Jl. Melati No. 186","Balikpapan","Kalimantan Timur","76111","ID","+628998713065","cust-000177@contoh.id","2025-02-24","COMPLETE","ACTIVE"
"CUST-000178","Zahra Setiawan","","2006-10-19","Medan","F","ID","9922265910065292","Pelajar/Mahasiswa","15M_50M","Jl. Teratai No. 12","Medan","Sumatera Utara","20111","ID","+628998607431","cust-000178@surelsintetis.id","2024-06-08","COMPLETE","CLOSED"
"CUST-000179","Umi Rina Kusuma","","2005-01-11","Yogyakarta","F","ID","9908905101053311","Wiraswasta","5M_15M","Jl. Dahlia No. 13","Yogyakarta","DI Yogyakarta","55111","ID","+628999019448","cust-000179@demo.example","2022-12-24","COMPLETE","ACTIVE"
"CUST-000180","Gita Saputra","","2006-08-01","Yogyakarta","F","ID","9938714108066054","Pelajar/Mahasiswa","LT_5M","Jl. Kenanga No. 234","Bandung","Jawa Barat","40111","ID","+628992703817","cust-000180@contoh.id","2024-11-14","COMPLETE","SUSPENDED"
"CUST-000181","Wahyu Suryadi","","1978-12-23","Surabaya","M","ID","9906022312782994","Karyawan Swasta","LT_5M","Jl. Cempaka No. 184","Surabaya","Jawa Timur","60111","ID","+628996370953","cust-000181@contoh.id","2023-08-03","COMPLETE","ACTIVE"
"CUST-000182","Adi Pratama","","1960-01-09","Yogyakarta","M","ID","9903250901604512","Ibu Rumah Tangga","GT_200M","Jl. Flamboyan No. 137","Yogyakarta","DI Yogyakarta","55111","ID","+628991432787","cust-000182@contoh.id","2023-10-13","PENDING","ACTIVE"
"CUST-000183","Adi Suryadi","","1972-10-26","Medan","M","ID","9944442610724165","Petani","5M_15M","Jl. Anggrek No. 175","Yogyakarta","DI Yogyakarta","55111","ID","+628995446629","cust-000183@mailuji.example","2024-02-08","COMPLETE","ACTIVE"
"CUST-000184","Fajar Lubis","","2001-11-25","Jakarta Pusat","M","ID","9964972511013702","Pelajar/Mahasiswa","15M_50M","Jl. Mawar No. 15","Jakarta Pusat","DKI Jakarta","10110","ID","+628991057867","cust-000184@mailuji.example","2022-05-01","COMPLETE","ACTIVE"
"CUST-000185","Adi Santoso","","2003-04-02","Jakarta Pusat","M","ID","9993530204036223","Pedagang","5M_15M","Jl. Mawar No. 145","Surabaya","Jawa Timur","60111","ID","+628992126107","cust-000185@mailuji.example","2025-06-30","COMPLETE","ACTIVE"
"CUST-000186","Putri Hartono","","1963-08-28","Bandung","F","ID","9910216808636770","Buruh Harian","5M_15M","Jl. Kenanga No. 114","Makassar","Sulawesi Selatan","90111","ID","+628995067706","cust-000186@demo.example","2023-05-03","COMPLETE","ACTIVE"
"CUST-000187","Ir. Bagus Lubis","","2004-02-27","Jakarta Pusat","M","ID","9981012702047265","Guru","15M_50M","Jl. Melati No. 38","Surabaya","Jawa Timur","60111","ID","+628993413896","cust-000187@surelsintetis.id","2023-12-10","PENDING","ACTIVE"
"CUST-000188","Hj. Siti Kusuma","","1975-03-26","Bandung","F","ID","9911636603758479","Guru","50M_200M","Jl. Teratai No. 98","Medan","Sumatera Utara","20111","ID","+628995979588","cust-000188@mailuji.example","2025-10-20","COMPLETE","ACTIVE"
"CUST-000189","Zahra Anggraini","","1996-09-12","Jakarta Pusat","F","ID","9986755209964776","Guru","LT_5M","Jl. Kenanga No. 229","Makassar","Sulawesi Selatan","90111","ID","+628994589603","cust-000189@mailuji.example","2025-12-22","PARTIAL","ACTIVE"
"CUST-000190","Hadi Hidayat","","2002-05-16","Bandung","M","ID","9924761605024366","Ibu Rumah Tangga","LT_5M","Jl. Bougenville No. 224","Makassar","Sulawesi Selatan","90111","ID","+628999719275","cust-000190@surelsintetis.id","2023-05-25","COMPLETE","ACTIVE"
"CUST-000191","Joko Setiawan","","1980-12-28","Palembang","M","ID","9955442812806974","Guru","5M_15M","Jl. Anggrek No. 53","Palembang","Sumatera Selatan","30111","ID","+628991598034","cust-000191@demo.example","2023-07-31","COMPLETE","ACTIVE"
"CUST-000192","Situmorang","","2003-10-22","Medan","F","ID","9970866210037895","PNS","50M_200M","Jl. Dahlia No. 26","Yogyakarta","DI Yogyakarta","55111","ID","+628996112259","cust-000192@contoh.id","2023-07-30","PENDING","ACTIVE"
"CUST-000193","Kartika Saputra","","1963-10-25","Yogyakarta","F","ID","9908086510631724","Pelajar/Mahasiswa","50M_200M","Jl. Bougenville No. 114","Surabaya","Jawa Timur","60111","ID","+628997240463","cust-000193@demo.example","2023-01-20","COMPLETE","ACTIVE"
"CUST-000194","Hadi Hartono","","1988-05-06","Makassar","M","ID","9911310605884391","Karyawan Swasta","GT_200M","-","Makassar","Sulawesi Selatan","90111","ID","+628998091102","cust-000194@mailuji.example","2024-01-09","COMPLETE","ACTIVE"
"CUST-000195","Iwan Maulana","","1985-10-03","Medan","M","ID","9966660310857891","Wiraswasta","15M_50M","Jl. Kenanga No. 228","Medan","Sumatera Utara","20111","ID","+628991547705","cust-000195@mailuji.example","2023-06-16","PARTIAL","ACTIVE"
"CUST-000196","Dian Suryadi","","1976-05-24","Semarang","M","ID","9904442405767190","Pelajar/Mahasiswa","LT_5M","Jl. Teratai No. 93","Yogyakarta","DI Yogyakarta","55111","ID","+628991848537","cust-000196@demo.example","2026-01-22","COMPLETE","ACTIVE"
"CUST-000197","Eka Hidayat","","1993-07-03","Bandung","M","ID","9949920307932497","Buruh Harian","LT_5M","Jl. Cempaka No. 80","Bandung","Jawa Barat","40111","ID","+628994646340","cust-000197@surelsintetis.id","2023-10-22","COMPLETE","ACTIVE"
"CUST-000198","Dian Nugroho","","1976-03-18","Makassar","M","ID","9924901803768028","Petani","15M_50M","Jl. Anggrek No. 227","Makassar","Sulawesi Selatan","90111","ID","+628998620365","cust-000198@contoh.id","2024-01-14","COMPLETE","ACTIVE"
"CUST-000199","Drs. Adi Lubis","","1998-03-08","Makassar","M","ID","9902390803983084","Karyawan Swasta","15M_50M","Jl. Bougenville No. 120","Bandung","Jawa Barat","40111","ID","+628996567381","cust-000199@surelsintetis.id","2023-12-12","COMPLETE","ACTIVE"
"CUST-000200","Vina Vina Permana","","1992-08-03","Bandung","F","ID","9942734308926044","Pedagang","LT_5M","Jl. Teratai No. 237","Bandung","Jawa Barat","40111","ID","+628993465923","cust-000200@mailuji.example","2025-05-03","COMPLETE","ACTIVE"
"CUST-000201","Ir. Citra Hartono","","1994-02-14","Denpasar","F","ID","9953035402945385","Petani","15M_50M","Jl. Flamboyan No. 138","Semarang","Jawa Tengah","50111","ID","+628996426443","cust-000201@surelsintetis.id","2023-06-01","COMPLETE","ACTIVE"
"CUST-000202","Hj. Dewi Hidayat","","1993-07-07","Makassar","F","ID","9950534707936122","Pengemudi Daring","5M_15M","Jl. Mawar No. 193","Makassar","Sulawesi Selatan","90111","ID","+628994590695","cust-000202@contoh.id","2024-09-21","COMPLETE","ACTIVE"
"CUST-000203","Rahmat Wijaya","","1972-04-27","Makassar","M","ID","9981642704724958","Pelajar/Mahasiswa","15M_50M","Jl. Cempaka No. 59","Makassar","Sulawesi Selatan","90111","ID","+628995919449","cust-000203@mailuji.example","2023-02-18","COMPLETE","ACTIVE"
"CUST-000204","H. Nanda Bayu Maulana","","1980-05-05","Semarang","M","ID","9974120505806913","Buruh Harian","50M_200M","Jl. Dahlia No. 191","Semarang","Jawa Tengah","50111","ID","+628992512327","cust-000204@surelsintetis.id","2023-05-08","COMPLETE","ACTIVE"
"CUST-000205","H. Rahmat Siregar","","1984-12-02","Surabaya","M","ID","9939290212847330","PNS","5M_15M","Jl. Teratai No. 156","Balikpapan","Kalimantan Timur","76111","ID","+628998963008","cust-000205@surelsintetis.id","2025-12-11","COMPLETE","ACTIVE"
"CUST-000206","Oki Halim","","1971-02-06","Semarang","M","ID","9983610602719562","Ibu Rumah Tangga","5M_15M","Jl. Cempaka No. 52","Surabaya","Jawa Timur","60111","ID","+628995751308","cust-000206@contoh.id","2024-04-26","COMPLETE","ACTIVE"
"CUST-000207","Putri Sari Kusuma","","1984-07-17","Bandung","F","ID","9978095707844460","Pedagang","GT_200M","Jl. Melati No. 109","Jakarta Pusat","DKI Jakarta","10110","ID","+628991634763","cust-000207@demo.example","2024-06-10","COMPLETE","ACTIVE"
"CUST-000208","H. Oki Halim","","1986-04-24","Jakarta Pusat","M","ID","9963702404869105","Pelajar/Mahasiswa","15M_50M","Jl. Melati No. 41","Semarang","Jawa Tengah","50111","ID","+628999198732","cust-000208@demo.example","2023-10-12","COMPLETE","ACTIVE"
"CUST-000209","Tono Situmorang","","1966-04-27","Jakarta Pusat","M","ID","9924532704662034","Ibu Rumah Tangga","5M_15M","Jl. Melati No. 196","Jakarta Pusat","DKI Jakarta","10110","ID","+628999612360","cust-000209@mailuji.example","2023-03-19","COMPLETE","ACTIVE"
"CUST-000210","Hj. Umi Lestari Nugroho","","1990-09-15","Yogyakarta","F","ID","9917425509904289","Wiraswasta","50M_200M","Jl. Flamboyan No. 155","Yogyakarta","DI Yogyakarta","55111","ID","+628997953218","cust-000210@mailuji.example","2024-10-06","COMPLETE","ACTIVE"
"CUST-000211","Dian Joko Setiawan","","1990-12-10","Bandung","M","ID","9918871012907201","Karyawan Swasta","GT_200M","Jl. Melati No. 34","Bandung","Jawa Barat","40111","ID","+628995703570","cust-000211@contoh.id","2023-07-08","COMPLETE","ACTIVE"
"CUST-000212","Indah Saputra","","1993-10-17","Jakarta Pusat","F","ID","9982775710933181","PNS","LT_5M","Jl. Teratai No. 158","Balikpapan","Kalimantan Timur","76111","ID","+628998938589","cust-000212@mailuji.example","2024-10-03","COMPLETE","ACTIVE"
"CUST-000213","Zahra Setiawan","","1996-03-05","Jakarta Pusat","F","ID","9981274503967704","Buruh Harian","15M_50M","Jl. Dahlia No. 93","Medan","Sumatera Utara","20111","ID","+628992448881","cust-000213@mailuji.example","2024-01-20","PARTIAL","ACTIVE"
"CUST-000214","Dra. Rina Halim","","2005-06-28","Jakarta Pusat","F","ID","9901716806053671","Pengemudi Daring","GT_200M","Jl. Kenanga No. 22","Makassar","Sulawesi Selatan","90111","ID","+628993560919","cust-000214@contoh.id","2022-09-22","COMPLETE","ACTIVE"
"CUST-000215","Dra. Gita Kartika Hidayat","","1984-07-14","Makassar","F","ID","9952695407846257","PNS","15M_50M","Jl. Flamboyan No. 23","Yogyakarta","DI Yogyakarta","55111","ID","+628991082484","cust-000215@demo.example","2025-12-06","PENDING","ACTIVE"
"CUST-000216","Ir. Bagus Maulana","","1995-04-14","Bandung","M","ID","9966811404954089","Guru","GT_200M","Jl. Cempaka No. 74","Bandung","Jawa Barat","40111","ID","+628996302501","cust-000216@surelsintetis.id","2025-10-01","COMPLETE","ACTIVE"
"CUST-000217","Yuda Pratama","","1965-10-06","Jakarta Pusat","M","ID","9929320610651236","Pengemudi Daring","5M_15M","Jl. Bougenville No. 44","Surabaya","Jawa Timur","60111","ID","+628992310882","cust-000217@mailuji.example","2022-09-11","COMPLETE","ACTIVE"
"CUST-000218","Hj. Dewi Saputra","","1979-12-05","Yogyakarta","F","ID","9916764512796160","PNS","GT_200M","Jl. Cempaka No. 238","Medan","Sumatera Utara","20111","ID","+628992322703","cust-000218@mailuji.example","2022-05-27","COMPLETE","ACTIVE"
"CUST-000219","Ir. Yuda Halim","","2005-07-17","Semarang","M","ID","9956751707057195","Wiraswasta","5M_15M","Jl. Dahlia No. 136","Semarang","Jawa Tengah","50111","ID","+628993922362","cust-000219@surelsintetis.id","2022-10-19","COMPLETE","ACTIVE"
"CUST-000220","Ir. Umi Saputra","","1996-06-05","Palembang","F","ID","9973844506966794","Pelajar/Mahasiswa","GT_200M","Jl. Flamboyan No. 94","Surabaya","Jawa Timur","60111","ID","+628995916064","cust-000220@contoh.id","2025-08-09","COMPLETE","ACTIVE"
"CUST-000221","Hadi Cahya Simatupang","","1993-05-06","Makassar","M","ID","9904790605931092","Pelajar/Mahasiswa","5M_15M","Jl. Anggrek No. 148","Makassar","Sulawesi Selatan","90111","ID","+628992696354","cust-000221@mailuji.example","2024-05-26","PARTIAL","ACTIVE"
"CUST-000222","Adi Santoso","","1970-11-16","Bandung","M","ID","9994921611706499","Karyawan Swasta","50M_200M","Jl. Flamboyan No. 79","Bandung","Jawa Barat","40111","ID","+628996103540","cust-000222@contoh.id","2025-10-13","COMPLETE","ACTIVE"
"CUST-000223","Citra Pratama","","1960-08-11","Yogyakarta","F","ID","9979055108603057","Guru","GT_200M","Jl. Flamboyan No. 203","Yogyakarta","DI Yogyakarta","55111","ID","+628998920114","cust-000223@surelsintetis.id","2026-02-17","COMPLETE","ACTIVE"
"CUST-000224","Nanda Halim","","1982-08-20","Balikpapan","M","ID","9949552008827341","Guru","50M_200M","Jl. Melati No. 204","Semarang","Jawa Tengah","50111","ID","+628991133741","cust-000224@mailuji.example","2022-03-28","PARTIAL","ACTIVE"
"CUST-000225","Ir. Siti","","1962-01-17","Palembang","F","ID","9944955701625140","Ibu Rumah Tangga","50M_200M","Jl. Teratai No. 88","Yogyakarta","DI Yogyakarta","55111","ID","+628992420805","cust-000225@contoh.id","2022-11-02","PARTIAL","ACTIVE"
"CUST-000226","Drs. Bayu Rahmat Kusuma","","2006-03-25","Denpasar","M","ID","9941882503065775","Karyawan Swasta","LT_5M","Jl. Mawar No. 193","Denpasar","Bali","80111","ID","+628999454157","cust-000226@surelsintetis.id","2023-09-25","COMPLETE","ACTIVE"
"CUST-000227","Kartika Maulana","","1967-04-04","Medan","F","ID","9922544404673749","Petani","GT_200M","Jl. Kenanga No. 219","Medan","Sumatera Utara","20111","ID","+628997591929","cust-000227@contoh.id","2022-12-31","COMPLETE","ACTIVE"
"CUST-000228","H. Tono Santoso","","1966-04-24","Yogyakarta","M","ID","9972332404666208","Pelajar/Mahasiswa","15M_50M","Jl. Mawar No. 192","Denpasar","Bali","80111","ID","+628997088388","cust-000228@demo.example","2024-12-04","PENDING","ACTIVE"
"CUST-000229","H. Joko Saputra","","1986-10-24","Balikpapan","M","ID","9903642410869686","Wiraswasta","LT_5M","Jl. Kenanga No. 220","Medan","Sumatera Utara","20111","ID","+628996609010","cust-000229@contoh.id","2024-04-30","COMPLETE","ACTIVE"
"CUST-000230","Kartika Hidayat","","1990-11-24","Makassar","F","ID","9985096411909214","Wiraswasta","5M_15M","Jl. Mawar No. 67","Semarang","Jawa Tengah","50111","ID","+628992745709","cust-000230@demo.example","2023-01-03","COMPLETE","ACTIVE"
"CUST-000231","Ir. Cahya Gunawan","","2004-06-04","Semarang","M","ID","9925910406048994","Pedagang","GT_200M","Jl. Teratai No. 17","Semarang","Jawa Tengah","50111","ID","+628995603866","cust-000231@demo.example","2023-08-26","COMPLETE","ACTIVE"
"CUST-000232","Gilang Ramadhan","","1985-04-12","Denpasar","M","ID","9953441204858136","Ibu Rumah Tangga","50M_200M","Jl. Dahlia No. 230","Surabaya","Jawa Timur","60111","ID","+628996122060","cust-000232@demo.example","2023-10-16","COMPLETE","ACTIVE"
"CUST-000233","Hj. Mega Saputra","","1989-10-23","Balikpapan","F","ID","9961066310899329","Pedagang","5M_15M","Jl. Teratai No. 38","Bandung","Jawa Barat","40111","ID","+628992021247","cust-000233@contoh.id","2022-04-11","COMPLETE","ACTIVE"
"CUST-000234","H. Gilang Siregar","","1985-10-13","Medan","M","ID","9979441310855679","Pelajar/Mahasiswa","GT_200M","Jl. Anggrek No. 138","Medan","Sumatera Utara","20111","ID","+628998733540","cust-000234@contoh.id","2025-09-29","COMPLETE","ACTIVE"
"CUST-000235","Hj. Citra Setiawan","","2001-09-10","Palembang","F","ID","9975025009010876","Wiraswasta","GT_200M","Jl. Melati No. 218","Surabaya","Jawa Timur","60111","ID","+628998604310","cust-000235@contoh.id","2022-05-02","COMPLETE","ACTIVE"
"CUST-000236","H. Oki Dian Wijaya","","1998-09-11","Makassar","M","ID","9912521109982383","Pedagang","GT_200M","Jl. Melati No. 96","Makassar","Sulawesi Selatan","90111","ID","+628995719292","cust-000236@mailuji.example","2025-08-29","COMPLETE","ACTIVE"
"CUST-000237","Adi Yuda Halim","","1975-09-18","Balikpapan","M","ID","9901911809750967","Wiraswasta","15M_50M","Jl. Kenanga No. 94","Balikpapan","Kalimantan Timur","76111","ID","+628993671297","cust-000237@surelsintetis.id","2025-08-02","COMPLETE","ACTIVE"
"CUST-000238","Zahra Anggraini","","2004-11-22","Denpasar","F","ID","9939976211041491","Guru","GT_200M","Jl. Kenanga No. 32","Semarang","Jawa Tengah","50111","ID","+628998607962","cust-000238@mailuji.example","2025-01-01","COMPLETE","ACTIVE"
"CUST-000239","Cahya Bagus Halim","","2000-05-17","Surabaya","M","ID","9930561705002295","Pedagang","5M_15M","Jl. Melati No. 154","Yogyakarta","DI Yogyakarta","55111","ID","+628993269654","cust-000239@mailuji.example","2025-10-04","COMPLETE","ACTIVE"
"CUST-000240","Ir. Sari Lubis","","1990-11-03","Yogyakarta","F","ID","9923374311905443","Buruh Harian","LT_5M","Jl. Mawar No. 156","Semarang","Jawa Tengah","50111","ID","+628995284787","cust-000240@surelsintetis.id","2022-10-20","COMPLETE","ACTIVE"
"CUST-000241","Sari Ramadhan","","1994-01-06","Surabaya","F","ID","9933324601949284","Pengemudi Daring","GT_200M","Jl. Teratai No. 3","Yogyakarta","DI Yogyakarta","55111","ID","+628993438354","cust-000241@demo.example","2022-05-12","COMPLETE","ACTIVE"
"CUST-000242","Nanda Anggraini","","1984-11-01","Makassar","M","ID","9926900111842126","Karyawan Swasta","LT_5M","Jl. Dahlia No. 223","Palembang","Sumatera Selatan","30111","ID","+628992230483","cust-000242@surelsintetis.id","2022-10-17","COMPLETE","ACTIVE"
"CUST-000243","Bayu Permana","","2006-02-21","Bandung","M","ID","9941622102069842","Buruh Harian","5M_15M","Jl. Anggrek No. 30","Semarang","Jawa Tengah","50111","ID","+628999838695","cust-000243@contoh.id","2025-12-22","COMPLETE","ACTIVE"
"CUST-000244","Hj. Gita Kusuma","","1997-08-27","Semarang","F","ID","9912076708977131","Wiraswasta","LT_5M","Jl. Flamboyan No. 55","Bandung","Jawa Barat","40111","ID","+628992047773","cust-000244@mailuji.example","2023-09-25","COMPLETE","ACTIVE"
"CUST-000245","Ir. Adi Kusuma","","1974-02-18","Jakarta Pusat","M","ID","9941901802747222","Ibu Rumah Tangga","LT_5M","Jl. Flamboyan No. 235","Denpasar","Bali","80111","ID","+628994820047","cust-000245@contoh.id","2022-09-19","COMPLETE","ACTIVE"
"CUST-000246","Indah Si","","1992-07-15","Makassar","F","ID","9907325507928869","Wiraswasta","GT_200M","Jl. Bougenville No. 237","Makassar","Sulawesi Selatan","90111","ID","+628997301921","cust-000246@demo.example","2025-04-01","COMPLETE","ACTIVE"
"CUST-000247","Wahyu Maulana","","1996-10-27","Makassar","M","ID","9944242710967093","Guru","GT_200M","Jl. Kenanga No. 99","Bandung","Jawa Barat","40111","ID","+628996324365","cust-000247@surelsintetis.id","2023-08-13","COMPLETE","ACTIVE"
"CUST-000248","Dra. Siti Gunawan","","2004-03-23","Semarang","F","ID","9918976303041855","PNS","50M_200M","Jl. Flamboyan No. 23","Semarang","Jawa Tengah","50111","ID","+628994463791","cust-000248@mailuji.example","2024-11-03","COMPLETE","ACTIVE"
"CUST-000249","H. Oki Setiawan","","1967-03-23","Jakarta Pusat","M","ID","9959882303673622","Wiraswasta","LT_5M","Jl. Dahlia No. 6","Surabaya","Jawa Timur","60111","ID","+628994488607","cust-000249@mailuji.example","2022-06-24","COMPLETE","ACTIVE"
"CUST-000250","Bagus Bagus Gunawan","","1996-06-04","Yogyakarta","M","ID","9941530406966361","PNS","GT_200M","Jl. Teratai No. 195","Makassar","Sulawesi Selatan","90111","ID","+628992108395","cust-000250@mailuji.example","2023-05-03","COMPLETE","ACTIVE"
"CUST-000251","Bayu Nugroho","","1987-11-06","Makassar","M","ID","9940460611870764","Pelajar/Mahasiswa","15M_50M","Jl. Melati No. 198","Makassar","Sulawesi Selatan","90111","ID","+628993187243","cust-000251@demo.example","2023-02-01","COMPLETE","ACTIVE"
"CUST-000252","Ir. Bagus Hidayat","","1987-12-13","Denpasar","M","ID","9988161312874748","Petani","LT_5M","Jl. Kenanga No. 171","Makassar","Sulawesi Selatan","90111","ID","+628995526762","cust-000252@contoh.id","2022-07-03","COMPLETE","ACTIVE"
"CUST-000253","Ir. Wahyu Oki Kusuma","","2005-10-04","Medan","M","ID","9921750410059296","Petani","GT_200M","Jl. Flamboyan No. 102","Bandung","Jawa Barat","40111","ID","+628991735604","cust-000253@surelsintetis.id","2024-06-21","PENDING","ACTIVE"
"CUST-000254","Ir. Vina Mega Lubis","","1978-03-03","Jakarta Pusat","F","ID","9925384303782586","Wiraswasta","50M_200M","Jl. Bougenville No. 15","Yogyakarta","DI Yogyakarta","55111","ID","+628995071099","cust-000254@mailuji.example","2025-07-13","COMPLETE","ACTIVE"
"CUST-000255","Dra. Ayu Gunawan","","1981-01-15","Bandung","F","ID","9957775501811682","Pengemudi Daring","GT_200M","Jl. Flamboyan No. 1","Palembang","Sumatera Selatan","30111","ID","+628991605399","cust-000255@surelsintetis.id","2023-06-05","COMPLETE","ACTIVE"
"CUST-000256","H. Nanda Hidayat","","2005-02-12","Semarang","M","ID","9997101202059883","Pedagang","15M_50M","Jl. Cempaka No. 138","Semarang","Jawa Tengah","50111","ID","+628991450518","cust-000256@mailuji.example","2024-04-26","COMPLETE","ACTIVE"
"CUST-000257","Ir. Gita Suryadi","","1965-05-26","Denpasar","F","ID","9909016605659235","Pengemudi Daring","LT_5M","Jl. Cempaka No. 102","Yogyakarta","DI Yogyakarta","55111","ID","+628992723516","cust-000257@demo.example","2024-11-20","COMPLETE","ACTIVE"
"CUST-000258","Dra. Umi Anggraini","","2006-04-19","Balikpapan","F","ID","9982265904067092","Petani","LT_5M","Jl. Dahlia No. 203","Balikpapan","Kalimantan Timur","76111","ID","+628998081698","cust-000258@mailuji.example","2025-01-16","COMPLETE","ACTIVE"
"CUST-000259","Fajar Saputra","","2004-10-13","Bandung","M","ID","9962241310041718","Wiraswasta","50M_200M","Jl. Cempaka No. 222","Denpasar","Bali","80111","ID","+628996582283","cust-000259@contoh.id","2022-04-25","PARTIAL","ACTIVE"
"CUST-000260","Rahmat Hartono","","2005-02-17","Surabaya","M","ID","9926211702059983","Buruh Harian","GT_200M","Jl. Anggrek No. 127","Surabaya","Jawa Timur","60111","ID","+628999763450","cust-000260@contoh.id","2023-01-21","COMPLETE","ACTIVE"
"CUST-000261","H. Rahmat Ra","","1987-02-27","Balikpapan","M","ID","9990102702875325","Wiraswasta","5M_15M","Jl. Anggrek No. 36","Surabaya","Jawa Timur","60111","ID","+628998565466","cust-000261@demo.example","2022-05-02","COMPLETE","ACTIVE"
"CUST-000262","Oki Siregar","","1964-10-10","Denpasar","M","ID","9995701010644160","Buruh Harian","LT_5M","Jl. Flamboyan No. 92","Denpasar","Bali","80111","ID","+628993157032","cust-000262@surelsintetis.id","2022-02-28","COMPLETE","ACTIVE"
"CUST-000263","Yuda Halim","","1998-06-03","Jakarta Pusat","M","ID","9942100306985902","PNS","15M_50M","Jl. Teratai No. 114","Jakarta Pusat","DKI Jakarta","10110","ID","+628995390546","cust-000263@surelsintetis.id","2024-10-15","COMPLETE","ACTIVE"
"CUST-000264","Drs. Wahyu Joko Saputra","","1976-08-25","Surabaya","M","ID","9911932508763478","PNS","5M_15M","Jl. Dahlia No. 75","Yogyakarta","DI Yogyakarta","55111","ID","+628999845834","cust-000264@surelsintetis.id","2025-03-11","COMPLETE","ACTIVE"
"CUST-000265","Drs. Cahya Hartono","","1966-12-05","Makassar","M","ID","9975910512661786","Petani","5M_15M","Jl. Teratai No. 117","Medan","Sumatera Utara","20111","ID","+628999898438","cust-000265@mailuji.example","2023-06-26","PARTIAL","ACTIVE"
"CUST-000266","Rina Gunawan","","1998-08-10","Yogyakarta","F","ID","9927825008984355","Petani","15M_50M","Jl. Cempaka No. 19","Medan","Sumatera Utara","20111","ID","+628998835601","cust-000266@surelsintetis.id","2024-03-16","COMPLETE","ACTIVE"
"CUST-000267","Oki Joko Simatupang","","1989-02-28","Semarang","M","ID","9917702802895405","Guru","5M_15M","-","Medan","Sumatera Utara","20111","ID","+628995290751","cust-000267@surelsintetis.id","2022-06-23","PENDING","ACTIVE"
"CUST-000268","Joko Nugroho","","1982-07-07","Medan","M","ID","9914270707829953","Pedagang","GT_200M","Jl. Cempaka No. 227","Medan","Sumatera Utara","20111","ID","+628992728318","cust-000268@surelsintetis.id","2024-07-15","COMPLETE","ACTIVE"
"CUST-000269","Oki Hadi Maulana","","1970-01-05","Bandung","M","ID","9959810501700359","Petani","5M_15M","Jl. Teratai No. 44","Bandung","Jawa Barat","40111","ID","+628998601240","cust-000269@demo.example","2025-08-09","COMPLETE","ACTIVE"
"CUST-000270","Rina Gita Pratama","","1994-01-10","Semarang","F","ID","9954335001946073","Pedagang","15M_50M","Jl. Bougenville No. 24","Bandung","Jawa Barat","40111","ID","+628996347436","cust-000270@surelsintetis.id","2022-12-12","COMPLETE","ACTIVE"
"CUST-000271","Nanda Wijaya","","1999-07-11","Balikpapan","M","ID","9955381107992309","Petani","GT_200M","Jl. Dahlia No. 202","Denpasar","Bali","80111","ID","+628995338674","cust-000271@mailuji.example","2022-03-10","COMPLETE","CLOSED"
"CUST-000272","Wulan Hartono","","2002-03-23","Palembang","F","ID","9903516303023499","Pelajar/Mahasiswa","15M_50M","Jl. Melati No. 118","Balikpapan","Kalimantan Timur","76111","ID","+628995789063","cust-000272@surelsintetis.id","2023-12-23","COMPLETE","ACTIVE"
"CUST-000273","Siti Santoso","","1961-12-16","Bandung","F","ID","9980525612611876","Petani","15M_50M","Jl. Dahlia No. 198","Bandung","Jawa Barat","40111","ID","+628991996471","cust-000273@mailuji.example","2024-08-20","COMPLETE","ACTIVE"
"CUST-000274","Joko Ramadhan","","2005-10-05","Bandung","M","ID","9966300510054949","Guru","LT_5M","Jl. Flamboyan No. 169","Yogyakarta","DI Yogyakarta","55111","ID","+628993143699","cust-000274@surelsintetis.id","2024-07-27","COMPLETE","ACTIVE"
"CUST-000275","Ir. Wulan Halim","","1979-07-15","Balikpapan","F","ID","9942645507795963","Karyawan Swasta","50M_200M","Jl. Melati No. 136","Palembang","Sumatera Selatan","30111","ID","+628996403176","cust-000275@surelsintetis.id","2023-02-25","COMPLETE","ACTIVE"
"CUST-000276","Ir. Dewi Halim","","1965-11-06","Yogyakarta","F","ID","9972044611650032","Pengemudi Daring","GT_200M","Jl. Kenanga No. 112","Semarang","Jawa Tengah","50111","ID","+628996221510","cust-000276@contoh.id","2023-08-28","COMPLETE","ACTIVE"
"CUST-000277","Tono Santoso","","1977-01-26","Makassar","M","ID","9903232601772888","Pengemudi Daring","GT_200M","Jl. Anggrek No. 118","Bandung","Jawa Barat","40111","ID","+628997539595","cust-000277@mailuji.example","2025-01-25","COMPLETE","ACTIVE"
"CUST-000278","Sari Lubis","","1971-08-28","Yogyakarta","F","ID","9921326808717374","Petani","5M_15M","Jl. Anggrek No. 22","Yogyakarta","DI Yogyakarta","55111","ID","+628999582479","cust-000278@contoh.id","2024-05-22","COMPLETE","ACTIVE"
"CUST-000279","Dra. Dewi Halim","","2000-08-12","Surabaya","F","ID","9966435208009486","PNS","50M_200M","Jl. Cempaka No. 130","Surabaya","Jawa Timur","60111","ID","+628997437415","cust-000279@demo.example","2024-05-01","COMPLETE","CLOSED"
"CUST-000280","Iwan Gunawan","","1962-08-24","Palembang","M","ID","9934032408626236","Petani","50M_200M","Jl. Bougenville No. 56","Balikpapan","Kalimantan Timur","76111","ID","+628991791326","cust-000280@contoh.id","2022-12-07","COMPLETE","ACTIVE"
"CUST-000281","Hj. Wulan Lubis","","2003-11-27","Balikpapan","F","ID","9929396711036085","Ibu Rumah Tangga","50M_200M","Jl. Bougenville No. 156","Bandung","Jawa Barat","40111","ID","+628992119642","cust-000281@contoh.id","2022-08-25","COMPLETE","ACTIVE"
"CUST-000282","Nanda Eka Halim","","2003-11-09","Denpasar","M","ID","9957840911037098","Pengemudi Daring","50M_200M","-","Jakarta Pusat","DKI Jakarta","10110","ID","+628995919182","cust-000282@contoh.id","2025-08-01","PARTIAL","ACTIVE"
"CUST-000283","H. Adi Kusuma","","1973-04-08","Denpasar","M","ID","9922630804735951","Guru","15M_50M","Jl. Flamboyan No. 90","Jakarta Pusat","DKI Jakarta","10110","ID","+628991894179","cust-000283@contoh.id","2025-10-03","COMPLETE","ACTIVE"
"CUST-000284","Hj. Vina Anggun Hartono","","1962-01-09","Jakarta Pusat","F","ID","9914234901620033","Guru","GT_200M","Jl. Flamboyan No. 59","Palembang","Sumatera Selatan","30111","ID","+628995366268","cust-000284@demo.example","2023-10-10","PARTIAL","ACTIVE"
"CUST-000285","Wulan Umi Ramadhan","","1974-03-01","Semarang","F","ID","9970414103749079","Pelajar/Mahasiswa","15M_50M","Jl. Cempaka No. 43","Semarang","Jawa Tengah","50111","ID","+628999820394","cust-000285@surelsintetis.id","2022-04-17","COMPLETE","ACTIVE"
"CUST-000286","Lestari Rina Setiawan","","1973-06-06","Denpasar","F","ID","9966114606736590","Ibu Rumah Tangga","GT_200M","ALAMAT BELUM DIISI","Denpasar","Bali","80111","ID","+628996178418","cust-000286@demo.example","2024-10-10","COMPLETE","ACTIVE"
"CUST-000287","H. Cahya Hartono","","1960-08-17","Palembang","M","ID","9908901708606239","Pelajar/Mahasiswa","15M_50M","Jl. Kenanga No. 167","Palembang","Sumatera Selatan","30111","ID","+628994349673","cust-000287@contoh.id","2024-07-19","COMPLETE","ACTIVE"
"CUST-000288","Tono Suryadi","","1985-05-15","Makassar","M","ID","9979701505857376","Pengemudi Daring","LT_5M","Jl. Dahlia No. 15","Denpasar","Bali","80111","ID","+628994203986","cust-000288@contoh.id","2025-09-04","COMPLETE","ACTIVE"
"CUST-000289","Ir. Rahmat Iwan Saputra","","1972-10-23","Balikpapan","M","ID","9921172310727820","Pengemudi Daring","50M_200M","Jl. Anggrek No. 231","Denpasar","Bali","80111","ID","+628995628020","cust-000289@mailuji.example","2024-05-12","COMPLETE","SUSPENDED"
"CUST-000290","Hj. Vina Anggraini","","1982-06-12","Bandung","F","ID","9930575206821295","Pengemudi Daring","50M_200M","Jl. Teratai No. 185","Bandung","Jawa Barat","40111","ID","+628997833114","cust-000290@demo.example","2022-05-01","COMPLETE","ACTIVE"
"CUST-000291","Gilang Pratama","","1966-04-28","Balikpapan","M","ID","9955552804660199","Buruh Harian","GT_200M","Jl. Flamboyan No. 194","Balikpapan","Kalimantan Timur","76111","ID","+628994394194","cust-000291@mailuji.example","2025-03-22","PARTIAL","ACTIVE"
"CUST-000292","Bayu Suryadi","","1997-01-11","Jakarta Pusat","M","ID","9910431101974801","Petani","5M_15M","Jl. Melati No. 119","Jakarta Pusat","DKI Jakarta","10110","ID","+628999002221","cust-000292@surelsintetis.id","2023-03-16","COMPLETE","ACTIVE"
"CUST-000293","Hj. Rina Setiawan","","1998-01-22","Palembang","F","ID","9917526201986811","Ibu Rumah Tangga","5M_15M","Jl. Flamboyan No. 116","Palembang","Sumatera Selatan","30111","ID","+628992197657","cust-000293@surelsintetis.id","2024-02-25","COMPLETE","ACTIVE"
"CUST-000294","H. Bayu Maulana","","1967-09-21","Yogyakarta","M","ID","9921542109679814","Wiraswasta","GT_200M","Jl. Bougenville No. 47","Jakarta Pusat","DKI Jakarta","10110","ID","+628994354995","cust-000294@mailuji.example","2023-01-16","COMPLETE","ACTIVE"
"CUST-000295","Nanda Simatupang","","1993-02-18","Yogyakarta","M","ID","9943461802934038","Pelajar/Mahasiswa","LT_5M","Jl. Teratai No. 180","Yogyakarta","DI Yogyakarta","55111","ID","+628991146618","cust-000295@mailuji.example","2025-01-08","COMPLETE","ACTIVE"
"CUST-000296","Umi Pratama","","1970-10-15","Semarang","F","ID","9940025510700614","Wiraswasta","LT_5M","Jl. Bougenville No. 181","Denpasar","Bali","80111","ID","+628993087552","cust-000296@mailuji.example","2025-07-05","COMPLETE","ACTIVE"
"CUST-000297","Ir. Citra Nugroho","","1977-02-09","Jakarta Pusat","F","ID","9946334902777321","Pedagang","GT_200M","Jl. Mawar No. 199","Jakarta Pusat","DKI Jakarta","10110","ID","+628995740431","cust-000297@mailuji.example","2025-06-25","PARTIAL","SUSPENDED"
"CUST-000298","Hadi Pratama","","1984-04-25","Balikpapan","M","ID","9904112504845575","PNS","15M_50M","Jl. Mawar No. 184","Palembang","Sumatera Selatan","30111","ID","+628994630995","cust-000298@contoh.id","2022-11-30","COMPLETE","ACTIVE"
"CUST-000299","Wulan Setiawan","","1980-05-13","Semarang","F","ID","9908915305801617","PNS","LT_5M","Jl. Anggrek No. 46","Surabaya","Jawa Timur","60111","ID","+628993410968","cust-000299@surelsintetis.id","2024-11-17","COMPLETE","ACTIVE"
"CUST-000300","Ir. Citra Lestari Nugroho","","1978-01-22","Yogyakarta","F","ID","9915546201782041","Karyawan Swasta","15M_50M","Jl. Dahlia No. 197","Yogyakarta","DI Yogyakarta","55111","ID","+628993458725","cust-000300@surelsintetis.id","2022-07-30","PARTIAL","ACTIVE"
"CUST-000301","Ir. Gilang Wijaya","","1974-04-07","Balikpapan","M","ID","9972720704740416","Pelajar/Mahasiswa","5M_15M","Jl. Flamboyan No. 78","Denpasar","Bali","80111","ID","+628993236167","cust-000301@demo.example","2024-08-21","COMPLETE","ACTIVE"
"CUST-000302","Ayu Setiawan","","2000-07-02","Yogyakarta","F","ID","9985184207005899","Buruh Harian","50M_200M","Jl. Melati No. 199","Yogyakarta","DI Yogyakarta","55111","ID","+628999913954","cust-000302@surelsintetis.id","2025-06-05","COMPLETE","ACTIVE"
"CUST-000303","Drs. Oki Anggraini","","2003-06-11","Palembang","M","ID","9956751106038757","Pengemudi Daring","15M_50M","Jl. Anggrek No. 108","Palembang","Sumatera Selatan","30111","ID","+628993282156","cust-000303@surelsintetis.id","2023-05-22","COMPLETE","ACTIVE"
"CUST-000304","Rina Situmorang","","1991-11-16","Semarang","F","ID","9950075611912129","Guru","50M_200M","Jl. Anggrek No. 131","Makassar","Sulawesi Selatan","90111","ID","+628996944039","cust-000304@contoh.id","2023-02-24","PARTIAL","ACTIVE"
"CUST-000305","Dra. Mega Siregar","","1970-03-28","Makassar","F","ID","9953216803709171","Karyawan Swasta","5M_15M","Jl. Bougenville No. 37","Balikpapan","Kalimantan Timur","76111","ID","+628992990847","cust-000305@mailuji.example","2025-08-06","COMPLETE","ACTIVE"
"CUST-000306","Hj. Wulan Ramadhan","","1989-08-01","Palembang","F","ID","9973814108891796","Karyawan Swasta","15M_50M","Jl. Dahlia No. 14","Semarang","Jawa Tengah","50111","ID","+628992687003","cust-000306@contoh.id","2023-11-01","PARTIAL","ACTIVE"
"CUST-000307","Nanda Saputra","","1999-01-21","Surabaya","M","ID","9965342101991281","Pedagang","5M_15M","Jl. Cempaka No. 29","Makassar","Sulawesi Selatan","90111","ID","+628998106286","cust-000307@surelsintetis.id","2024-01-30","COMPLETE","ACTIVE"
"CUST-000308","Drs. Fajar Kusuma","","1974-04-12","Palembang","M","ID","9982041204742693","Pengemudi Daring","LT_5M","Jl. Dahlia No. 185","Bandung","Jawa Barat","40111","ID","+628997399632","cust-000308@contoh.id","2024-05-15","PENDING","ACTIVE"
"CUST-000309","Drs. Adi Suryadi","","1967-06-05","Denpasar","M","ID","9960340506670846","Pedagang","5M_15M","Jl. Anggrek No. 75","Denpasar","Bali","80111","ID","+628992920613","cust-000309@surelsintetis.id","2025-11-19","COMPLETE","ACTIVE"
"CUST-000310","Mega Citra Pratama","","1978-11-17","Semarang","F","ID","9964405711787168","PNS","15M_50M","ALAMAT BELUM DIISI","Semarang","Jawa Tengah","50111","ID","+628998003273","cust-000310@demo.example","2022-09-09","COMPLETE","ACTIVE"
"CUST-000311","Gita Setiawan","","1974-01-26","Makassar","F","ID","9977756601740022","Pedagang","5M_15M","Jl. Dahlia No. 139","Makassar","Sulawesi Selatan","90111","ID","+628992528450","cust-000311@demo.example","2024-11-05","PARTIAL","ACTIVE"
"CUST-000312","Dra. Kartika Situmorang","","1969-12-16","Bandung","F","ID","9921325612694534","Pedagang","15M_50M","Jl. Kenanga No. 100","Bandung","Jawa Barat","40111","ID","+628995937194","cust-000312@mailuji.example","2025-05-30","COMPLETE","ACTIVE"
"CUST-000313","H. Bayu Bagus Permana","","1965-03-02","Surabaya","M","ID","9933600203657661","Guru","LT_5M","Jl. Flamboyan No. 215","Surabaya","Jawa Timur","60111","ID","+628996861731","cust-000313@mailuji.example","2026-01-30","COMPLETE","ACTIVE"
"CUST-000314","Tono Santoso","","1990-08-13","Balikpapan","M","ID","9946441308902705","Buruh Harian","LT_5M","Jl. Mawar No. 167","Balikpapan","Kalimantan Timur","76111","ID","+628991650507","cust-000314@surelsintetis.id","2023-11-09","COMPLETE","SUSPENDED"
"CUST-000315","Dra. Sari Permana","","2003-02-26","Medan","F","ID","9965366602036508","Buruh Harian","15M_50M","Jl. Flamboyan No. 72","Denpasar","Bali","80111","ID","+628996652097","cust-000315@demo.example","2023-08-23","COMPLETE","ACTIVE"
"CUST-000316","Ir. Anggun Siregar","","1975-08-22","Palembang","F","ID","9926596208751290","Ibu Rumah Tangga","5M_15M","Jl. Dahlia No. 79","Semarang","Jawa Tengah","50111","ID","+628998844620","cust-000316@contoh.id","2025-10-16","COMPLETE","ACTIVE"
"CUST-000317","Dian Dian Permana","","1977-05-01","Balikpapan","M","ID","9956330105779524","Pengemudi Daring","GT_200M","Jl. Flamboyan No. 105","Balikpapan","Kalimantan Timur","76111","ID","+628998081774","cust-000317@demo.example","2024-03-26","COMPLETE","ACTIVE"
"CUST-000318","Dra. Citra Maulana","","1982-07-17","Balikpapan","F","ID","9938755707825502","Buruh Harian","5M_15M","Jl. Anggrek No. 136","Denpasar","Bali","80111","ID","+628991035721","cust-000318@demo.example","2025-01-25","PENDING","ACTIVE"
"CUST-000319","Lubis","","1984-12-22","Surabaya","M","ID","9991672212846229","Pedagang","5M_15M","Jl. Flamboyan No. 83","Surabaya","Jawa Timur","60111","ID","+628993849320","cust-000319@contoh.id","2024-02-13","PARTIAL","ACTIVE"
"CUST-000320","Rahmat Anggraini","","1972-03-27","Bandung","M","ID","9912162703721403","Buruh Harian","GT_200M","Jl. Melati No. 168","Bandung","Jawa Barat","40111","ID","+628992515433","cust-000320@contoh.id","2023-02-07","PARTIAL","ACTIVE"
"CUST-000321","Drs. Rahmat Maulana","","1982-02-23","Semarang","M","ID","9907252302829048","PNS","50M_200M","Jl. Mawar No. 216","Semarang","Jawa Tengah","50111","ID","+628992064805","cust-000321@demo.example","2022-08-11","COMPLETE","ACTIVE"
"CUST-000322","Nanda Ramadhan","","1988-11-07","Jakarta Pusat","M","ID","9975790711889070","Buruh Harian","GT_200M","Jl. Teratai No. 228","Jakarta Pusat","DKI Jakarta","10110","ID","+628993116881","cust-000322@surelsintetis.id","2023-01-16","PARTIAL","ACTIVE"
"CUST-000323","Tono Bayu Simatupang","","2004-09-06","Jakarta Pusat","M","ID","9966600609048382","Wiraswasta","5M_15M","Jl. Dahlia No. 216","Yogyakarta","DI Yogyakarta","55111","ID","+628993000373","cust-000323@contoh.id","2022-10-07","COMPLETE","ACTIVE"
"CUST-000324","Mega Pratama","","1991-02-03","Surabaya","F","ID","9981564302915308","Guru","GT_200M","Jl. Anggrek No. 111","Balikpapan","Kalimantan Timur","76111","ID","+628999877590","cust-000324@mailuji.example","2022-12-07","COMPLETE","SUSPENDED"
"CUST-000325","Drs. Gilang Nugroho","","2002-06-04","Denpasar","M","ID","9988210406026831","Pelajar/Mahasiswa","50M_200M","Jl. Cempaka No. 77","Yogyakarta","DI Yogyakarta","55111","ID","+628991754228","cust-000325@contoh.id","2023-09-15","COMPLETE","ACTIVE"
"CUST-000326","Iwan Permana","","2000-04-04","Surabaya","M","ID","9951140404003309","Wiraswasta","GT_200M","Jl. Bougenville No. 79","Surabaya","Jawa Timur","60111","ID","+628997993041","cust-000326@contoh.id","2024-01-11","COMPLETE","ACTIVE"
"CUST-000327","H. Yuda Setiawan","","1984-11-18","Surabaya","M","ID","9998751811841981","Karyawan Swasta","50M_200M","Jl. Melati No. 1","Jakarta Pusat","DKI Jakarta","10110","ID","+628996090220","cust-000327@mailuji.example","2025-09-15","COMPLETE","ACTIVE"
"CUST-000328","Nanda Lubis","","1970-01-12","Denpasar","M","ID","9906431201702486","Petani","LT_5M","Jl. Anggrek No. 167","Denpasar","Bali","80111","ID","+628993163729","cust-000328@contoh.id","2026-01-03","COMPLETE","ACTIVE"
"CUST-000329","Hj. Sari Dewi Nugroho","","1983-03-12","Semarang","F","ID","9978405203838008","Guru","50M_200M","Jl. Kenanga No. 58","Yogyakarta","DI Yogyakarta","55111","ID","+628998092501","cust-000329@mailuji.example","2025-03-30","COMPLETE","ACTIVE"
"CUST-000330","Lestari Wijaya","","1973-05-19","Denpasar","F","ID","9921935905737213","Karyawan Swasta","15M_50M","Jl. Cempaka No. 9","Balikpapan","Kalimantan Timur","76111","ID","+628999471554","cust-000330@mailuji.example","2022-12-08","COMPLETE","ACTIVE"
"CUST-000331","Ir. Kartika Kusuma","","1996-01-17","Medan","F","ID","9923345701968112","Pengemudi Daring","5M_15M","Jl. Bougenville No. 35","Medan","Sumatera Utara","20111","ID","+628995464232","cust-000331@surelsintetis.id","2025-08-18","COMPLETE","ACTIVE"
"CUST-000332","Nanda Gunawan","","1989-10-01","Palembang","M","ID","9910570110890271","Ibu Rumah Tangga","LT_5M","Jl. Teratai No. 194","Palembang","Sumatera Selatan","30111","ID","+628993044534","cust-000332@surelsintetis.id","2024-07-25","COMPLETE","ACTIVE"
"CUST-000333","Drs. Dian Fajar Pratama","","1977-09-15","Medan","M","ID","9905661509779728","Karyawan Swasta","50M_200M","Jl. Bougenville No. 122","Denpasar","Bali","80111","ID","+628997362858","cust-000333@mailuji.example","2022-12-23","PENDING","ACTIVE"
"CUST-000334","Yuda Nugroho","","1975-07-19","Denpasar","M","ID","9932811907758420","PNS","GT_200M","Jl. Anggrek No. 78","Jakarta Pusat","DKI Jakarta","10110","ID","+628999166034","cust-000334@contoh.id","2022-06-01","COMPLETE","ACTIVE"
"CUST-000335","Putri Dewi Halim","","1992-06-11","Jakarta Pusat","F","ID","9973075106921908","Guru","15M_50M","Jl. Teratai No. 92","Makassar","Sulawesi Selatan","90111","ID","+628991805090","cust-000335@demo.example","2022-08-01","COMPLETE","ACTIVE"
"CUST-000336","Umi Lestari Lubis","","1999-02-06","Palembang","F","ID","9976414602993727","Pelajar/Mahasiswa","5M_15M","Jl. Teratai No. 160","Denpasar","Bali","80111","ID","+628998212301","cust-000336@contoh.id","2022-05-19","COMPLETE","ACTIVE"
"CUST-000337","Anggun Nugroho","","1985-02-22","Medan","F","ID","9939116202852275","Pedagang","5M_15M","Jl. Dahlia No. 188","Medan","Sumatera Utara","20111","ID","+628999432888","cust-000337@surelsintetis.id","2024-08-13","COMPLETE","ACTIVE"
"CUST-000338","Sari Simatupang","","1990-02-25","Yogyakarta","F","ID","9987316502904055","Pedagang","LT_5M","Jl. Melati No. 32","Yogyakarta","DI Yogyakarta","55111","ID","+628995346256","cust-000338@surelsintetis.id","2024-10-08","COMPLETE","ACTIVE"
"CUST-000339","Fajar Gilang Anggraini","","1999-02-26","Makassar","M","ID","9908642602999709","Buruh Harian","5M_15M","Jl. Dahlia No. 157","Yogyakarta","DI Yogyakarta","55111","ID","+628996854728","cust-000339@mailuji.example","2025-12-09","COMPLETE","ACTIVE"
"CUST-000340","Lestari Situmorang","","1977-09-02","Yogyakarta","F","ID","9941414209778347","Ibu Rumah Tangga","15M_50M","Jl. Dahlia No. 91","Jakarta Pusat","DKI Jakarta","10110","ID","+628995726450","cust-000340@mailuji.example","2023-07-16","COMPLETE","ACTIVE"
"CUST-000341","Dra. Zahra Setiawan","","1997-08-04","Semarang","F","ID","9957554408978205","Pedagang","50M_200M","Jl. Anggrek No. 229","Medan","Sumatera Utara","20111","ID","+628994495026","cust-000341@surelsintetis.id","2022-09-02","COMPLETE","ACTIVE"
"CUST-000342","Dra. Rina Siregar","","2005-09-22","Jakarta Pusat","F","ID","9962616209056451","Ibu Rumah Tangga","5M_15M","Jl. Melati No. 155","Balikpapan","Kalimantan Timur","76111","ID","+628998820283","cust-000342@contoh.id","2026-01-19","COMPLETE","ACTIVE"
"CUST-000343","Drs. Gilang Kusuma","","1971-10-16","Balikpapan","M","ID","9965581610714579","Pelajar/Mahasiswa","50M_200M","Jl. Teratai No. 16","Semarang","Jawa Tengah","50111","ID","+628992707801","cust-000343@mailuji.example","2025-04-15","COMPLETE","ACTIVE"
"CUST-000344","Hj. Anggun Kartika Simatupang","","1974-06-28","Semarang","F","ID","9961016806748376","PNS","LT_5M","Jl. Dahlia No. 28","Semarang","Jawa Tengah","50111","ID","+628997076947","cust-000344@demo.example","2023-10-22","COMPLETE","ACTIVE"
"CUST-000345","Ir. Indah Maulana","","1972-09-23","Balikpapan","F","ID","9912046309722526","Pengemudi Daring","50M_200M","Jl. Dahlia No. 97","Yogyakarta","DI Yogyakarta","55111","ID","+628997102654","cust-000345@contoh.id","2023-08-01","COMPLETE","ACTIVE"
"CUST-000346","Dewi Hidayat","","1987-09-28","Balikpapan","F","ID","9914096809875834","Ibu Rumah Tangga","LT_5M","Jl. Teratai No. 84","Balikpapan","Kalimantan Timur","76111","ID","+628995431439","cust-000346@demo.example","2023-06-25","COMPLETE","ACTIVE"
"CUST-000347","Eka Wijaya","","1978-10-04","Semarang","M","ID","9908500410783187","Wiraswasta","LT_5M","Jl. Mawar No. 85","Semarang","Jawa Tengah","50111","ID","+628992663685","cust-000347@contoh.id","2024-06-07","PARTIAL","ACTIVE"
"CUST-000348","Eka Iwan Setiawan","","1987-07-17","Medan","M","ID","9941581707876353","Pengemudi Daring","15M_50M","Jl. Anggrek No. 160","Yogyakarta","DI Yogyakarta","55111","ID","+628994027673","cust-000348@surelsintetis.id","2022-10-16","COMPLETE","ACTIVE"
"CUST-000349","Drs. Bagus Eka Hartono","","1986-10-16","Makassar","M","ID","9914561610863558","Pengemudi Daring","LT_5M","Jl. Cempaka No. 103","Denpasar","Bali","80111","ID","+628992904693","cust-000349@demo.example","2025-03-22","COMPLETE","ACTIVE"
"CUST-000350","Oki Nugroho","","1987-04-24","Semarang","M","ID","9976702404879441","Buruh Harian","15M_50M","Jl. Cempaka No. 233","Medan","Sumatera Utara","20111","ID","+628997882639","cust-000350@demo.example","2023-08-01","COMPLETE","ACTIVE"
"CUST-000351","Citra Halim","","1961-01-17","Denpasar","F","ID","9988095701614548","Petani","50M_200M","Jl. Mawar No. 133","Balikpapan","Kalimantan Timur","76111","ID","+628991082846","cust-000351@mailuji.example","2024-07-25","PARTIAL","ACTIVE"
"CUST-000352","Dra. Ayu Saputra","","1968-07-25","Jakarta Pusat","F","ID","9919266507689655","Ibu Rumah Tangga","15M_50M","Jl. Anggrek No. 10","Medan","Sumatera Utara","20111","ID","+628995098520","cust-000352@demo.example","2022-05-30","COMPLETE","ACTIVE"
"CUST-000353","Indah Lubis","","1962-07-17","Semarang","F","ID","9994665707624539","Pengemudi Daring","5M_15M","Jl. Cempaka No. 202","Semarang","Jawa Tengah","50111","ID","+628995533760","cust-000353@contoh.id","2025-10-02","COMPLETE","ACTIVE"
"CUST-000354","Vina Setiawan","","1991-08-20","Yogyakarta","F","ID","9923746008918172","Pelajar/Mahasiswa","5M_15M","Jl. Anggrek No. 142","Yogyakarta","DI Yogyakarta","55111","ID","+628997293770","cust-000354@demo.example","2022-10-22","COMPLETE","ACTIVE"
"CUST-000355","Wahyu Wijaya","","1964-06-28","Bandung","M","ID","9928642806641370","Petani","50M_200M","Jl. Anggrek No. 73","Yogyakarta","DI Yogyakarta","55111","ID","+628992309125","cust-000355@mailuji.example","2025-09-29","PARTIAL","ACTIVE"
"CUST-000356","Siti Siti Simatupang","","1988-04-25","Semarang","F","ID","9993766504881659","Petani","50M_200M","Jl. Dahlia No. 2","Bandung","Jawa Barat","40111","ID","+628997581084","cust-000356@demo.example","2025-05-02","COMPLETE","ACTIVE"
"CUST-000357","Ir. Dian Adi Maulana","","1996-03-11","Balikpapan","M","ID","9954661103962237","Wiraswasta","50M_200M","Jl. Anggrek No. 49","Balikpapan","Kalimantan Timur","76111","ID","+628992834356","cust-000357@demo.example","2024-11-04","COMPLETE","ACTIVE"
"CUST-000358","Ir. Indah Siregar","","1980-03-11","Bandung","F","ID","9939055103804046","PNS","50M_200M","Jl. Kenanga No. 68","Bandung","Jawa Barat","40111","ID","+628995801516","cust-000358@surelsintetis.id","2024-07-05","COMPLETE","ACTIVE"
"CUST-000359","Dra. Umi Maulana","","1976-03-10","Surabaya","F","ID","9961245003763981","PNS","50M_200M","Jl. Flamboyan No. 107","Bandung","Jawa Barat","40111","ID","+628999059281","cust-000359@surelsintetis.id","2024-11-30","COMPLETE","ACTIVE"
"CUST-000360","Vina Suryadi","","1986-02-02","Balikpapan","F","ID","9907374202869133","PNS","LT_5M","Jl. Mawar No. 53","Palembang","Sumatera Selatan","30111","ID","+628996487230","cust-000360@mailuji.example","2023-04-17","COMPLETE","ACTIVE"
"CUST-000361","Rina Anggun Lubis","","1991-05-18","Makassar","F","ID","9939595805912004","Pengemudi Daring","GT_200M","Jl. Kenanga No. 143","Balikpapan","Kalimantan Timur","76111","ID","+628992349279","cust-000361@demo.example","2024-04-05","COMPLETE","ACTIVE"
"CUST-000362","Siti Siregar","","1984-08-11","Medan","F","ID","9917085108844154","Pelajar/Mahasiswa","15M_50M","N/A","Surabaya","Jawa Timur","60111","ID","+628997343001","cust-000362@contoh.id","2024-02-19","COMPLETE","ACTIVE"
"CUST-000363","Joko Rahmat Gunawan","","2002-07-13","Bandung","M","ID","9968261307029025","Petani","15M_50M","Jl. Anggrek No. 213","Bandung","Jawa Barat","40111","ID","+628991653532","cust-000363@surelsintetis.id","2022-07-04","PENDING","ACTIVE"
"CUST-000364","Rina Wijaya","","1988-01-03","Palembang","F","ID","9916154301884541","Petani","50M_200M","Jl. Flamboyan No. 81","Palembang","Sumatera Selatan","30111","ID","+628993914409","cust-000364@contoh.id","2026-01-30","PARTIAL","ACTIVE"
"CUST-000365","Rina Simatupang","","1986-11-17","Jakarta Pusat","F","ID","9961935711868570","PNS","50M_200M","Jl. Anggrek No. 165","Surabaya","Jawa Timur","60111","ID","+628997207672","cust-000365@mailuji.example","2024-11-26","COMPLETE","ACTIVE"
"CUST-000366","Wulan Situmorang","","1973-09-03","Semarang","F","ID","9916924309735717","Ibu Rumah Tangga","15M_50M","Jl. Cempaka No. 162","Balikpapan","Kalimantan Timur","76111","ID","+628992687900","cust-000366@demo.example","2023-02-27","PARTIAL","ACTIVE"
"CUST-000367","H. Dian Pratama","","1965-01-17","Palembang","M","ID","9981221701657148","Pengemudi Daring","LT_5M","Jl. Anggrek No. 123","Palembang","Sumatera Selatan","30111","ID","+628999856595","cust-000367@mailuji.example","2025-09-26","COMPLETE","ACTIVE"
"CUST-000368","Ir. Wahyu Eka Maulana","","1986-02-15","Makassar","M","ID","9961501502863636","Pedagang","5M_15M","Jl. Melati No. 220","Makassar","Sulawesi Selatan","90111","ID","+628995462271","cust-000368@surelsintetis.id","2023-12-14","COMPLETE","ACTIVE"
"CUST-000369","Nanda Hidayat","","1978-05-01","Jakarta Pusat","M","ID","9978100105781025","Wiraswasta","15M_50M","Jl. Mawar No. 155","Jakarta Pusat","DKI Jakarta","10110","ID","+628995314885","cust-000369@demo.example","2022-10-17","COMPLETE","ACTIVE"
"CUST-000370","Wahyu Maulana","","1965-05-05","Jakarta Pusat","M","ID","9932890505655436","Pelajar/Mahasiswa","5M_15M","Jl. Flamboyan No. 57","Jakarta Pusat","DKI Jakarta","10110","ID","+628991285348","cust-000370@demo.example","2024-07-22","COMPLETE","ACTIVE"
"CUST-000371","Hadi Simatupang","","1996-08-10","Balikpapan","M","ID","9958181008961250","Karyawan Swasta","5M_15M","Jl. Anggrek No. 9","Yogyakarta","DI Yogyakarta","55111","ID","+628994747493","cust-000371@demo.example","2022-09-25","PARTIAL","ACTIVE"
"CUST-000372","Joko Kusuma","","1999-02-05","Medan","M","ID","9926920502991145","Guru","GT_200M","Jl. Bougenville No. 135","Medan","Sumatera Utara","20111","ID","+628997279552","cust-000372@mailuji.example","2024-02-17","COMPLETE","ACTIVE"
"CUST-000373","Dra. Ayu Setiawan","","1980-02-17","Jakarta Pusat","F","ID","9946025702809103","Petani","5M_15M","Jl. Cempaka No. 174","Jakarta Pusat","DKI Jakarta","10110","ID","+628997270793","cust-000373@contoh.id","2022-12-16","COMPLETE","ACTIVE"
"CUST-000374","H. Joko Adi Setiawan","","1990-06-01","Semarang","M","ID","9911310106903661","Wiraswasta","15M_50M","Jl. Anggrek No. 139","Jakarta Pusat","DKI Jakarta","10110","ID","+628997646223","cust-000374@contoh.id","2023-04-15","COMPLETE","ACTIVE"
"CUST-000375","Cahya Simatupang","","1976-04-03","Semarang","M","ID","9955310304764282","Pedagang","50M_200M","Jl. Dahlia No. 6","Surabaya","Jawa Timur","60111","ID","+628996260112","cust-000375@surelsintetis.id","2023-01-22","PARTIAL","ACTIVE"
"CUST-000376","Ir. Fajar Suryadi","","1991-01-24","Semarang","M","ID","9993142401916670","Wiraswasta","5M_15M","Jl. Cempaka No. 221","Balikpapan","Kalimantan Timur","76111","ID","+628993603548","cust-000376@demo.example","2023-06-15","COMPLETE","ACTIVE"
"CUST-000377","Ir. Lestari Lubis","","1961-11-14","Semarang","F","ID","9942355411612629","Pedagang","GT_200M","Jl. Dahlia No. 135","Palembang","Sumatera Selatan","30111","ID","+628994077578","cust-000377@contoh.id","2024-03-11","COMPLETE","ACTIVE"
"CUST-000378","Siti Pratama","","1973-02-09","Denpasar","F","ID","9978264902739375","Pengemudi Daring","5M_15M","Jl. Cempaka No. 90","Denpasar","Bali","80111","ID","+628994541117","cust-000378@demo.example","2024-11-11","COMPLETE","ACTIVE"
"CUST-000379","Vina Ayu Maulana","","1996-02-26","Makassar","F","ID","9929026602968117","Pengemudi Daring","50M_200M","Jl. Bougenville No. 194","Makassar","Sulawesi Selatan","90111","ID","+628991909860","cust-000379@mailuji.example","2026-02-04","COMPLETE","ACTIVE"
"CUST-000380","Indah Situmorang","","1980-03-18","Surabaya","F","ID","9941145803800686","Pelajar/Mahasiswa","15M_50M","Jl. Bougenville No. 90","Semarang","Jawa Tengah","50111","ID","+628996250958","cust-000380@surelsintetis.id","2025-06-02","COMPLETE","CLOSED"
"CUST-000381","Drs. Fajar Suryadi","","1987-12-15","Semarang","M","ID","9924161512870300","Petani","15M_50M","Jl. Anggrek No. 68","Bandung","Jawa Barat","40111","ID","+628994257172","cust-000381@surelsintetis.id","2024-05-17","COMPLETE","ACTIVE"
"CUST-000382","Hj. Lestari Siregar","","2002-10-13","Balikpapan","F","ID","9916295310024656","Buruh Harian","15M_50M","Jl. Cempaka No. 227","Jakarta Pusat","DKI Jakarta","10110","ID","+628997473628","cust-000382@contoh.id","2024-04-29","COMPLETE","CLOSED"
"CUST-000383","Hj. Mega Nugroho","","1971-12-17","Balikpapan","F","ID","9934675712712195","Pengemudi Daring","5M_15M","Jl. Anggrek No. 25","Semarang","Jawa Tengah","50111","ID","+628992512479","cust-000383@demo.example","2025-08-14","PARTIAL","ACTIVE"
"CUST-000384","Wulan Kartika Gunawan","","1985-06-20","Bandung","F","ID","9929846006852043","Karyawan Swasta","LT_5M","Jl. Kenanga No. 215","Bandung","Jawa Barat","40111","ID","+628991540058","cust-000384@contoh.id","2026-02-15","COMPLETE","ACTIVE"
"CUST-000385","H. Joko Lubis","","1973-08-27","Makassar","M","ID","9957222708739359","Petani","5M_15M","Jl. Kenanga No. 109","Jakarta Pusat","DKI Jakarta","10110","ID","+628997999480","cust-000385@mailuji.example","2023-11-21","COMPLETE","ACTIVE"
"CUST-000386","Siti Santoso","","1963-08-10","Bandung","F","ID","9931765008635650","Guru","15M_50M","Jl. Melati No. 44","Bandung","Jawa Barat","40111","ID","+628997830310","cust-000386@mailuji.example","2025-08-01","COMPLETE","ACTIVE"
"CUST-000387","Ir. Zahr","","1982-06-20","Medan","F","ID","9906666006822206","Petani","15M_50M","Jl. Mawar No. 215","Medan","Sumatera Utara","20111","ID","+628999746817","cust-000387@demo.example","2025-08-05","COMPLETE","ACTIVE"
"CUST-000388","H. Cahya Suryadi","","1985-02-03","Balikpapan","M","ID","9996270302859103","Pelajar/Mahasiswa","50M_200M","Jl. Cempaka No. 91","Medan","Sumatera Utara","20111","ID","+628998384236","cust-000388@surelsintetis.id","2023-10-11","COMPLETE","ACTIVE"
"CUST-000389","Umi Gunawan","","2002-11-06","Palembang","F","ID","9998134611021426","Pelajar/Mahasiswa","GT_200M","Jl. Teratai No. 189","Makassar","Sulawesi Selatan","90111","ID","+628996107630","cust-000389@demo.example","2023-02-28","COMPLETE","ACTIVE"
"CUST-000390","Hj. Siti Ramadhan","","1993-12-09","Palembang","F","ID","9993774912931277","PNS","LT_5M","Jl. Bougenville No. 131","Surabaya","Jawa Timur","60111","ID","+628999286613","cust-000390@demo.example","2025-10-29","COMPLETE","ACTIVE"
"CUST-000391","H. Rahmat Kusuma","","1993-04-26","Palembang","M","ID","9932212604938602","Ibu Rumah Tangga","15M_50M","Jl. Cempaka No. 217","Palembang","Sumatera Selatan","30111","ID","+628993066276","cust-000391@contoh.id","2024-07-12","PENDING","ACTIVE"
"CUST-000392","Hadi Joko Nugroho","","1960-10-20","Bandung","M","ID","9982792010607145","Petani","LT_5M","Jl. Dahlia No. 217","Bandung","Jawa Barat","40111","ID","+628997556945","cust-000392@contoh.id","2022-11-09","COMPLETE","CLOSED"
"CUST-000393","Putri Zahra Gunawan","","1970-08-24","Denpasar","F","ID","9947946408706824","Wiraswasta","5M_15M","Jl. Mawar No. 40","Medan","Sumatera Utara","20111","ID","+628999405251","cust-000393@contoh.id","2025-06-18","COMPLETE","ACTIVE"
"CUST-000394","Drs. Yuda Wahyu Hartono","","1976-03-21","Makassar","M","ID","9982212103763480","PNS","50M_200M","Jl. Dahlia No. 7","Makassar","Sulawesi Selatan","90111","ID","+628993870756","cust-000394@demo.example","2025-12-11","COMPLETE","ACTIVE"
"CUST-000395","Ir. Mega Hidayat","","1993-07-24","Semarang","F","ID","9919976407939708","Guru","LT_5M","Jl. Anggrek No. 188","Bandung","Jawa Barat","40111","ID","+628995991718","cust-000395@surelsintetis.id","2024-09-26","COMPLETE","SUSPENDED"
"CUST-000396","Ir. Lestari Anggraini","","1988-06-20","Jakarta Pusat","F","ID","9998426006889963","Pengemudi Daring","15M_50M","Jl. Mawar No. 233","Jakarta Pusat","DKI Jakarta","10110","ID","+628991958861","cust-000396@demo.example","2022-12-31","COMPLETE","ACTIVE"
"CUST-000397","Eka Cahya Saputra","","1980-08-18","Bandung","M","ID","9941521808805806","Guru","5M_15M","Jl. Mawar No. 113","Bandung","Jawa Barat","40111","ID","+628998512978","cust-000397@contoh.id","2025-03-07","COMPLETE","ACTIVE"
"CUST-000398","Ir. Kartika Siti Situmorang","","1981-05-09","Denpasar","F","ID","9903704905810952","PNS","LT_5M","Jl. Teratai No. 130","Jakarta Pusat","DKI Jakarta","10110","ID","+628992770595","cust-000398@contoh.id","2025-07-01","COMPLETE","ACTIVE"
"CUST-000399","Lubis","","1962-08-08","Balikpapan","F","ID","9929784808621927","Pengemudi Daring","15M_50M","Jl. Dahlia No. 148","Balikpapan","Kalimantan Timur","76111","ID","+628999550862","cust-000399@demo.example","2024-06-23","COMPLETE","SUSPENDED"
"CUST-000400","Ir. Joko Situmorang","","1969-03-14","Medan","M","ID","9930701403692461","Karyawan Swasta","GT_200M","Jl. Mawar No. 203","Medan","Sumatera Utara","20111","ID","+628994895496","cust-000400@mailuji.example","2022-04-16","COMPLETE","ACTIVE"
"CUST-000401","Drs. Fajar Permana","","1974-12-10","Bandung","M","ID","9963751012746471","PNS","5M_15M","Jl. Melati No. 61","Denpasar","Bali","80111","ID","+628995313574","cust-000401@mailuji.example","2024-12-15","PENDING","ACTIVE"
"CUST-000402","Dewi Mega Maulana","","2001-03-19","Surabaya","F","ID","9961795903011515","Ibu Rumah Tangga","50M_200M","Jl. Melati No. 90","Surabaya","Jawa Timur","60111","ID","+628993715978","cust-000402@demo.example","2025-12-10","COMPLETE","ACTIVE"
"CUST-000403","H. Fajar Hadi Hartono","","1982-04-01","Denpasar","M","ID","9966810104822526","Pengemudi Daring","15M_50M","Jl. Cempaka No. 81","Denpasar","Bali","80111","ID","+628995357094","cust-000403@surelsintetis.id","2025-04-12","COMPLETE","ACTIVE"
"CUST-000404","Hj. Indah Halim","","1994-04-04","Jakarta Pusat","F","ID","9970794404942887","Wiraswasta","5M_15M","Jl. Melati No. 100","Semarang","Jawa Tengah","50111","ID","+628997667105","cust-000404@surelsintetis.id","2024-12-06","COMPLETE","ACTIVE"
"CUST-000405","Yuda Tono Lubis","","1995-03-04","Bandung","M","ID","9924710403950193","PNS","LT_5M","Jl. Kenanga No. 194","Bandung","Jawa Barat","40111","ID","+628991168649","cust-000405@demo.example","2022-08-08","COMPLETE","ACTIVE"
"CUST-000406","Ir. Umi Situmorang","","1961-11-04","Medan","F","ID","9902854411616316","Pelajar/Mahasiswa","15M_50M","Jl. Cempaka No. 107","Yogyakarta","DI Yogyakarta","55111","ID","+628993932943","cust-000406@mailuji.example","2024-10-04","COMPLETE","CLOSED"
"CUST-000407","Hj. Putri Hidayat","","1966-12-10","Jakarta Pusat","F","ID","9954745012667302","PNS","15M_50M","Jl. Dahlia No. 229","Jakarta Pusat","DKI Jakarta","10110","ID","+628995853261","cust-000407@surelsintetis.id","2022-05-29","COMPLETE","ACTIVE"
"CUST-000408","Hadi Adi Ramadhan","","1967-05-21","Denpasar","M","ID","9990672105675568","Pelajar/Mahasiswa","5M_15M","Jl. Flamboyan No. 237","Yogyakarta","DI Yogyakarta","55111","ID","+628998905715","cust-000408@contoh.id","2023-03-30","PARTIAL","ACTIVE"
"CUST-000409","Lestari Gunawan","","1975-02-20","Semarang","F","ID","9916916002758070","Pelajar/Mahasiswa","5M_15M","Jl. Cempaka No. 210","Semarang","Jawa Tengah","50111","ID","+628998690796","cust-000409@mailuji.example","2023-03-23","PARTIAL","ACTIVE"
"CUST-000410","Gilang Nugroho","","2006-07-01","Semarang","M","ID","9971930107063146","Pelajar/Mahasiswa","15M_50M","Jl. Dahlia No. 230","Semarang","Jawa Tengah","50111","ID","+628994854749","cust-000410@surelsintetis.id","2023-08-30","COMPLETE","ACTIVE"
"CUST-000411","Ir. Tono Eka Nugroho","","1987-05-21","Jakarta Pusat","M","ID","9990142105876820","Pelajar/Mahasiswa","15M_50M","Jl. Dahlia No. 1","Balikpapan","Kalimantan Timur","76111","ID","+628991996844","cust-000411@demo.example","2025-07-14","PARTIAL","ACTIVE"
"CUST-000412","Umi Wijaya","","2003-12-01","Makassar","F","ID","9982684112036670","Pelajar/Mahasiswa","LT_5M","Jl. Flamboyan No. 158","Makassar","Sulawesi Selatan","90111","ID","+628997876379","cust-000412@demo.example","2025-08-07","COMPLETE","ACTIVE"
"CUST-000413","Ir. Vina Halim","","1962-07-10","Yogyakarta","F","ID","9941315007628849","Wiraswasta","15M_50M","Jl. Flamboyan No. 99","Yogyakarta","DI Yogyakarta","55111","ID","+628994348882","cust-000413@demo.example","2026-02-12","COMPLETE","ACTIVE"
"CUST-000414","Lestari Situmorang","","1969-12-25","Yogyakarta","F","ID","9916456512692818","PNS","LT_5M","Jl. Cempaka No. 21","Semarang","Jawa Tengah","50111","ID","+628996132313","cust-000414@demo.example","2022-07-29","COMPLETE","ACTIVE"
"CUST-000415","Adi Kusuma","","2004-01-06","Denpasar","M","ID","9955560601046532","Wiraswasta","LT_5M","Jl. Kenanga No. 212","Bandung","Jawa Barat","40111","ID","+628998173765","cust-000415@mailuji.example","2022-11-30","COMPLETE","ACTIVE"
"CUST-000416","Ir. Adi Pratama","","1975-07-23","Palembang","M","ID","9913922307752624","Guru","15M_50M","Jl. Cempaka No. 192","Palembang","Sumatera Selatan","30111","ID","+628996865194","cust-000416@contoh.id","2025-05-24","COMPLETE","ACTIVE"
"CUST-000417","Fajar Gunawan","","2001-01-28","Palembang","M","ID","9986252801013829","Pelajar/Mahasiswa","LT_5M","Jl. Kenanga No. 224","Palembang","Sumatera Selatan","30111","ID","+628996321747","cust-000417@mailuji.example","2023-11-27","PARTIAL","ACTIVE"
"CUST-000418","Ir. Gita Sari Kusuma","","1996-11-26","Balikpapan","F","ID","9904416611962731","Petani","GT_200M","Jl. Teratai No. 62","Makassar","Sulawesi Selatan","90111","ID","+628993193383","cust-000418@demo.example","2022-07-03","PARTIAL","ACTIVE"
"CUST-000419","Dian Lubis","","1978-01-07","Jakarta Pusat","M","ID","9956150701785347","Pelajar/Mahasiswa","15M_50M","Jl. Melati No. 41","Balikpapan","Kalimantan Timur","76111","ID","+628996811861","cust-000419@contoh.id","2023-08-09","COMPLETE","ACTIVE"
"CUST-000420","Rahmat Gilang Pratama","","1992-04-02","Denpasar","M","ID","9993620204927261","Petani","5M_15M","Jl. Flamboyan No. 153","Jakarta Pusat","DKI Jakarta","10110","ID","+628992777385","cust-000420@contoh.id","2024-05-17","COMPLETE","ACTIVE"
"CUST-000421","Ir. Dian Oki Situmorang","","1964-08-11","Makassar","M","ID","9924071108641479","Wiraswasta","5M_15M","Jl. Bougenville No. 92","Medan","Sumatera Utara","20111","ID","+628997609905","cust-000421@demo.example","2022-11-08","COMPLETE","ACTIVE"
"CUST-000422","Ir. Wahyu Kusuma","","1977-02-17","Denpasar","M","ID","9933731702772885","Petani","GT_200M","Jl. Cempaka No. 233","Denpasar","Bali","80111","ID","+628995614320","cust-000422@demo.example","2024-12-06","PARTIAL","CLOSED"
"CUST-000423","Tono Situmorang","","1993-04-14","Balikpapan","M","ID","9964961404930825","Pelajar/Mahasiswa","GT_200M","Jl. Bougenville No. 50","Medan","Sumatera Utara","20111","ID","+628997645962","cust-000423@mailuji.example","2026-01-18","COMPLETE","ACTIVE"
"CUST-000424","Bagus Permana","","1987-09-27","Jakarta Pusat","M","ID","9950832709876020","Guru","15M_50M","Jl. Bougenville No. 58","Semarang","Jawa Tengah","50111","ID","+628997354458","cust-000424@mailuji.example","2024-07-23","COMPLETE","ACTIVE"
"CUST-000425","Drs. Rahmat Saputra","","1971-02-12","Yogyakarta","M","ID","9918201202715332","Karyawan Swasta","50M_200M","Jl. Melati No. 43","Yogyakarta","DI Yogyakarta","55111","ID","+628999444699","cust-000425@mailuji.example","2022-03-27","COMPLETE","ACTIVE"
"CUST-000426","Dra. Anggun Pratama","","1972-11-26","Yogyakarta","F","ID","9982606611726557","PNS","15M_50M","Jl. Bougenville No. 20","Denpasar","Bali","80111","ID","+628994309431","cust-000426@mailuji.example","2022-05-17","PARTIAL","ACTIVE"
"CUST-000427","Bayu Maulana","","2000-03-12","Jakarta Pusat","M","ID","9929411203007454","Pedagang","GT_200M","Jl. Mawar No. 84","Jakarta Pusat","DKI Jakarta","10110","ID","+628997019563","cust-000427@demo.example","2025-09-18","COMPLETE","ACTIVE"
"CUST-000428","Sari Maulana","","1962-03-17","Surabaya","F","ID","9966115703623692","Wiraswasta","LT_5M","Jl. Mawar No. 29","Surabaya","Jawa Timur","60111","ID","+628994250713","cust-000428@surelsintetis.id","2025-01-03","COMPLETE","ACTIVE"
"CUST-000429","H. Wahyu Hadi Setiawan","","1969-04-07","Denpasar","M","ID","9917790704694463","Petani","LT_5M","Jl. Anggrek No. 239","Yogyakarta","DI Yogyakarta","55111","ID","+628994156005","cust-000429@contoh.id","2022-11-07","COMPLETE","CLOSED"
"CUST-000430","Joko Rahmat Halim","","1962-02-22","Denpasar","M","ID","9991052202629727","Wiraswasta","50M_200M","Jl. Flamboyan No. 27","Denpasar","Bali","80111","ID","+628997125813","cust-000430@contoh.id","2024-06-17","COMPLETE","ACTIVE"
"CUST-000431","Ir. Tono Santoso","","1975-11-21","Denpasar","M","ID","9963802111753974","Karyawan Swasta","GT_200M","Jl. Mawar No. 208","Denpasar","Bali","80111","ID","+628993291497","cust-000431@mailuji.example","2025-04-28","COMPLETE","ACTIVE"
"CUST-000432","Hj. Putri Anggun Ramadhan","","1963-02-01","Yogyakarta","F","ID","9970214102632105","Pedagang","50M_200M","Jl. Anggrek No. 75","Surabaya","Jawa Timur","60111","ID","+628994603027","cust-000432@surelsintetis.id","2024-03-26","COMPLETE","ACTIVE"
"CUST-000433","Dian Suryadi","","1997-02-26","Medan","M","ID","9932012602977731","Karyawan Swasta","5M_15M","Jl. Mawar No. 225","Jakarta Pusat","DKI Jakarta","10110","ID","+628999156293","cust-000433@surelsintetis.id","2024-01-15","COMPLETE","ACTIVE"
"CUST-000434","Ir. Eka Pratama","","1976-02-19","Semarang","M","ID","9939271902762520","Ibu Rumah Tangga","5M_15M","Jl. Melati No. 234","Semarang","Jawa Tengah","50111","ID","+628997747387","cust-000434@demo.example","2025-08-19","PARTIAL","ACTIVE"
"CUST-000435","Ir. Dian Tono Gunawan","","1983-07-16","Yogyakarta","M","ID","9965911607832722","Pelajar/Mahasiswa","GT_200M","Jl. Flamboyan No. 21","Yogyakarta","DI Yogyakarta","55111","ID","+628997869281","cust-000435@surelsintetis.id","2023-04-04","COMPLETE","ACTIVE"
"CUST-000436","H. Joko Lubis","","1999-03-14","Semarang","M","ID","9961891403990169","Pelajar/Mahasiswa","5M_15M","Jl. Dahlia No. 136","Balikpapan","Kalimantan Timur","76111","ID","+628991411889","cust-000436@contoh.id","2026-01-08","COMPLETE","ACTIVE"
"CUST-000437","Wahyu Hartono","","1967-11-19","Yogyakarta","M","ID","9927831911679799","Pelajar/Mahasiswa","GT_200M","Jl. Flamboyan No. 164","Yogyakarta","DI Yogyakarta","55111","ID","+628991666750","cust-000437@mailuji.example","2023-12-21","PARTIAL","ACTIVE"
"CUST-000438","Ir. Rina Hartono","","1965-11-05","Denpasar","F","ID","9919254511659503","Pedagang","50M_200M","Jl. Cempaka No. 54","Denpasar","Bali","80111","ID","+628991969270","cust-000438@mailuji.example","2025-05-21","COMPLETE","ACTIVE"
"CUST-000439","Dian Gilang Hartono","","2000-11-25","Makassar","M","ID","9928042511000064","Buruh Harian","50M_200M","ALAMAT BELUM DIISI","Denpasar","Bali","80111","ID","+628993146028","cust-000439@mailuji.example","2024-03-28","COMPLETE","ACTIVE"
"CUST-000440","Zahra Situmorang","","2001-09-08","Yogyakarta","F","ID","9989494809019012","Guru","LT_5M","Jl. Dahlia No. 162","Yogyakarta","DI Yogyakarta","55111","ID","+628996054455","cust-000440@surelsintetis.id","2022-12-13","COMPLETE","ACTIVE"
"CUST-000441","Anggun Dewi Setiawan","","1961-09-28","Surabaya","F","ID","9975436809612614","Wiraswasta","GT_200M","Jl. Melati No. 60","Denpasar","Bali","80111","ID","+628991466203","cust-000441@demo.example","2025-03-25","COMPLETE","ACTIVE"
"CUST-000442","Eka Kusuma","","1990-06-15","Semarang","M","ID","9905781506902610","Pedagang","5M_15M","Jl. Melati No. 85","Semarang","Jawa Tengah","50111","ID","+628999416358","cust-000442@contoh.id","2022-12-27","COMPLETE","ACTIVE"
"CUST-000443","Ir. Bayu Tono Wijaya","","1996-10-16","Semarang","M","ID","9951631610965635","Petani","LT_5M","Jl. Dahlia No. 224","Semarang","Jawa Tengah","50111","ID","+628996252574","cust-000443@contoh.id","2022-11-28","COMPLETE","ACTIVE"
"CUST-000444","H. Bagus Anggraini","","1980-05-25","Palembang","M","ID","9998802505809818","Karyawan Swasta","50M_200M","Jl. Cempaka No. 24","Palembang","Sumatera Selatan","30111","ID","+628997388429","cust-000444@mailuji.example","2023-01-12","COMPLETE","ACTIVE"
"CUST-000445","Dewi Umi Maulana","","1977-10-18","Balikpapan","F","ID","9943235810778463","Wiraswasta","5M_15M","Jl. Dahlia No. 99","Surabaya","Jawa Timur","60111","ID","+628991324344","cust-000445@surelsintetis.id","2023-02-11","COMPLETE","ACTIVE"
"CUST-000446","Ir. Gita Maulana","","1984-02-03","Makassar","F","ID","9970514302848221","Guru","LT_5M","Jl. Mawar No. 156","Makassar","Sulawesi Selatan","90111","ID","+628993557529","cust-000446@demo.example","2023-02-13","COMPLETE","ACTIVE"
"CUST-000447","Ir. Fajar Siregar","","1964-10-04","Balikpapan","M","ID","9977200410649312","PNS","LT_5M","Jl. Melati No. 102","Semarang","Jawa Tengah","50111","ID","+628998006829","cust-000447@contoh.id","2024-09-26","PARTIAL","ACTIVE"
"CUST-000448","Drs. Nanda Siregar","","1995-02-28","Yogyakarta","M","ID","9916452802953985","Pedagang","LT_5M","Jl. Kenanga No. 224","Yogyakarta","DI Yogyakarta","55111","ID","+628999731422","cust-000448@demo.example","2023-12-11","COMPLETE","ACTIVE"
"CUST-000449","Wulan Indah Permana","","2005-03-26","Yogyakarta","F","ID","9926946603058537","Petani","GT_200M","Jl. Flamboyan No. 63","Semarang","Jawa Tengah","50111","ID","+628992967044","cust-000449@mailuji.example","2023-07-14","PARTIAL","ACTIVE"
"CUST-000450","Hadi Rahmat Hidayat","","1986-07-26","Palembang","M","ID","9943162607860726","Buruh Harian","GT_200M","Jl. Flamboyan No. 80","Denpasar","Bali","80111","ID","+628997577822","cust-000450@contoh.id","2023-11-02","COMPLETE","ACTIVE"
"CUST-000451","Ir. Eka Oki Pratama","","1985-07-02","Surabaya","M","ID","9940750207855925","Pelajar/Mahasiswa","5M_15M","Jl. Teratai No. 110","Medan","Sumatera Utara","20111","ID","+628993193945","cust-000451@surelsintetis.id","2024-02-07","PARTIAL","ACTIVE"
"CUST-000452","Ir. Cahya Pratama","","2003-06-24","Yogyakarta","M","ID","9926132406039803","PNS","LT_5M","Jl. Bougenville No. 71","Yogyakarta","DI Yogyakarta","55111","ID","+628994658590","cust-000452@contoh.id","2025-03-03","COMPLETE","ACTIVE"
"CUST-000453","Rahmat Halim","","1986-11-27","Medan","M","ID","9958832711861552","Pengemudi Daring","LT_5M","Jl. Flamboyan No. 226","Balikpapan","Kalimantan Timur","76111","ID","+628992866831","cust-000453@mailuji.example","2024-05-17","COMPLETE","ACTIVE"
"CUST-000454","Wahyu Bagus Siregar","","1968-09-10","Jakarta Pusat","M","ID","9933211009687061","Pengemudi Daring","5M_15M","Jl. Anggrek No. 58","Jakarta Pusat","DKI Jakarta","10110","ID","+628994573301","cust-000454@contoh.id","2022-10-24","COMPLETE","ACTIVE"
"CUST-000455","Fajar Permana","","1990-02-06","Balikpapan","M","ID","9901170602901393","PNS","15M_50M","Jl. Kenanga No. 10","Jakarta Pusat","DKI Jakarta","10110","ID","+628997434173","cust-000455@contoh.id","2025-05-15","COMPLETE","ACTIVE"
"CUST-000456","Nanda Hidayat","","1986-04-11","Bandung","M","ID","9913931104862689","Buruh Harian","15M_50M","Jl. Melati No. 96","Palembang","Sumatera Selatan","30111","ID","+628993974206","cust-000456@contoh.id","2024-06-11","COMPLETE","ACTIVE"
"CUST-000457","Dra. Umi Wijaya","","2002-11-19","Denpasar","F","ID","9962405911021173","Buruh Harian","50M_200M","Jl. Melati No. 55","Denpasar","Bali","80111","ID","+628992392268","cust-000457@demo.example","2025-12-12","COMPLETE","ACTIVE"
"CUST-000458","Hj. Lestari Saputra","","1991-03-13","Medan","F","ID","9958285303912040","Pedagang","15M_50M","Jl. Cempaka No. 128","Medan","Sumatera Utara","20111","ID","+628996953806","cust-000458@surelsintetis.id","2023-04-20","COMPLETE","ACTIVE"
"CUST-000459","Hj. Mega Ramadhan","","2002-01-12","Yogyakarta","F","ID","9936925201029592","Pelajar/Mahasiswa","50M_200M","Jl. Kenanga No. 12","Yogyakarta","DI Yogyakarta","55111","ID","+628998593473","cust-000459@surelsintetis.id","2024-10-21","COMPLETE","ACTIVE"
"CUST-ER00001","Ir. Dion Oki Situmorang","","1964-08-11","Makassar","M","ID","9924071108641479","Wiraswasta","5M_15M","Jl. Bougenville No. 92","Medan","Sumatera Utara","20111","ID","+628997609905","cust-er00001@mailuji.example","2022-11-08","COMPLETE","ACTIVE"
"CUST-ER00002","Ir. Rohmat Wijaya","","1981-06-16","Medan","M","ID","9996401606811824","Pengemudi Daring","LT_5M","Jl. Teratai No. 51","Jakarta Pusat","DKI Jakarta","10110","ID","+628999340396","cust-er00002@mailuji.example","2022-12-05","PENDING","ACTIVE"
"CUST-ER00003","Ir. Boyu Tono Wijaya","","1996-10-16","Semarang","M","ID","9951631610965635","Petani","LT_5M","Jl. Dahlia No. 224","Semarang","Jawa Tengah","50111","ID","+628996252574","cust-er00003@demo.example","2022-11-28","COMPLETE","ACTIVE"
"CUST-ER00004","Wohyu Siregar","","1965-05-25","Makassar","M","ID","9933872505656645","PNS","5M_15M","Jl. Teratai No. 100","Makassar","Sulawesi Selatan","90111","ID","+628994776756","cust-er00004@mailuji.example","2025-10-17","COMPLETE","ACTIVE"
"CUST-ER00005","H. Tono Sontoso","","1966-04-24","Yogyakarta","M","ID","9972332404666208","Pelajar/Mahasiswa","15M_50M","Jl. Mawar No. 192","Denpasar","Bali","80111","ID","+628997088388","cust-er00005@surelsintetis.id","2024-12-04","PENDING","ACTIVE"
"CUST-ER00006","Joko Romadhan","","1988-11-13","Denpasar","M","ID","9902181311889682","Buruh Harian","GT_200M","Jl. Anggrek No. 142","Jakarta Pusat","DKI Jakarta","10110","ID","+628995029501","cust-er00006@demo.example","2022-06-09","COMPLETE","ACTIVE"
"CUST-ER00007","Ir. Dion Tono Gunawan","","1983-07-16","Yogyakarta","M","ID","9965911607832722","Pelajar/Mahasiswa","GT_200M","Jl. Flamboyan No. 21","Yogyakarta","DI Yogyakarta","55111","ID","+628997869281","cust-er00007@demo.example","2023-04-04","COMPLETE","ACTIVE"
"CUST-ER00008","Wulon S","","1964-12-26","Makassar","F","ID","9924446612643404","PNS","50M_200M","Jl. Cempaka No. 109","Bandung","Jawa Barat","40111","ID","+628998379700","cust-er00008@mailuji.example","2024-10-10","COMPLETE","ACTIVE"
"CUST-ER00009","Yudo Nugroho","","1975-07-19","Denpasar","M","ID","9932811907758420","PNS","GT_200M","Jl. Anggrek No. 78","Jakarta Pusat","DKI Jakarta","10110","ID","+628999166034","cust-er00009@demo.example","2022-06-01","COMPLETE","ACTIVE"
"CUST-ER00010","Oki Fojar Suryadi","","2006-04-24","Surabaya","M","ID","9937362404061231","Pengemudi Daring","LT_5M","Jl. Flamboyan No. 57","Jakarta Pusat","DKI Jakarta","10110","ID","+628992712315","cust-er00010@contoh.id","2023-05-15","COMPLETE","ACTIVE"
"CUST-ER00011","Drs. Nanda Siregar","","1995-02-28","Yogyakarta","M","ID","9948382802951062","Pedagang","LT_5M","Jl. Cempaka No. 45","Yogyakarta","DI Yogyakarta","55111","ID","+628999731422","cust-er00011@mailuji.example","2023-12-11","COMPLETE","ACTIVE"
"CUST-ER00012","Hj. Indah Kusuma","","1988-01-18","Makassar","F","ID","9979685801882120","Ibu Rumah Tangga","GT_200M","Jl. Teratai No. 75","Makassar","Sulawesi Selatan","90111","ID","+628993993483","cust-er00012@mailuji.example","2022-05-17","COMPLETE","ACTIVE"
"CUST-ER00013","Hj. Indah Pratama","","1962-10-27","Denpasar","F","ID","9958416710628512","Petani","LT_5M","Jl. Bougenville No. 154","Denpasar","Bali","80111","ID","+628991236169","cust-er00013@mailuji.example","2024-05-03","COMPLETE","ACTIVE"
"CUST-ER00014","Hj. Rina Situmorang","","1963-08-05","Balikpapan","F","ID","9903614508638447","PNS","50M_200M","Jl. Flamboyan No. 185","Semarang","Jawa Tengah","50111","ID","+628995232697","cust-er00014@contoh.id","2024-07-18","COMPLETE","ACTIVE"
"CUST-ER00015","Dian Suryadi","","1976-05-24","Semarang","M","ID","9916372405761397","Pelajar/Mahasiswa","LT_5M","Jl. Bougenville No. 210","Yogyakarta","DI Yogyakarta","55111","ID","+628991848537","cust-er00015@contoh.id","2026-01-22","COMPLETE","ACTIVE"
"CUST-ER00016","H. Nanda Hidayat","","2005-02-12","Semarang","M","ID","9903721202051936","Pedagang","15M_50M","Jl. Anggrek No. 234","Semarang","Jawa Tengah","50111","ID","+628991450518","cust-er00016@surelsintetis.id","2024-04-26","COMPLETE","ACTIVE"
"CUST-ER00017","Umi Mega Wijaya","","1985-04-21","Semarang","F","ID","9906896104851836","Pedagang","50M_200M","Jl. Cempaka No. 95","Balikpapan","Kalimantan Timur","76111","ID","+628992915263","cust-er00017@mailuji.example","2025-01-24","PARTIAL","ACTIVE"
"CUST-ER00018","Ir. Bayu Tono Wijaya","","1996-10-16","Semarang","M","ID","9992831610961515","Petani","LT_5M","Jl. Melati No. 97","Semarang","Jawa Tengah","50111","ID","+628996252574","cust-er00018@mailuji.example","2022-11-28","COMPLETE","ACTIVE"
"CUST-ER00019","Joko Ramadhan","","1991-01-11","Denpasar","M","ID","9966721101912266","Buruh Harian","GT_200M","Jl. Anggrek No. 142","Jakarta Pusat","DKI Jakarta","10110","ID","+628998368496","cust-er00019@mailuji.example","2022-06-09","COMPLETE","ACTIVE"
"CUST-ER00020","Tono Situmorang","","1994-11-08","Jakarta Pusat","M","ID","9935390811945163","Ibu Rumah Tangga","5M_15M","Jl. Melati No. 196","Jakarta Pusat","DKI Jakarta","10110","ID","+628993498119","cust-er00020@surelsintetis.id","2023-03-19","COMPLETE","ACTIVE"
"CUST-ER00021","Bagus Permana","","1997-08-16","Jakarta Pusat","M","ID","9994541608974835","Guru","15M_50M","Jl. Bougenville No. 58","Semarang","Jawa Tengah","50111","ID","+628992304326","cust-er00021@surelsintetis.id","2024-07-23","COMPLETE","ACTIVE"
"CUST-ER00022","Wulan Setiawan","","1999-02-13","Semarang","F","ID","9991715302992860","PNS","LT_5M","Jl. Anggrek No. 46","Surabaya","Jawa Timur","60111","ID","+628991867445","cust-er00022@mailuji.example","2024-11-17","COMPLETE","ACTIVE"
"CUST-ER00023","Dian Halim","","1984-01-08","Balikpapan","M","ID","9919680801845584","Guru","GT_200M","Jl. Kenanga No. 170","Balikpapan","Kalimantan Timur","76111","ID","+628991095418","cust-er00023@demo.example","2025-08-31","PARTIAL","ACTIVE"
"CUST-ER00024","H. Oki Setiawan","","1964-08-21","Jakarta Pusat","M","ID","9945602108648355","Wiraswasta","LT_5M","Jl. Dahlia No. 6","Surabaya","Jawa Timur","60111","ID","+628991884661","cust-er00024@contoh.id","2022-06-24","COMPLETE","ACTIVE"
"CUST-ER00025","Ir. Rahmat Wijaya","","1992-04-10","Medan","M","ID","9932801004925356","Pengemudi Daring","LT_5M","Jl. Teratai No. 51","Jakarta Pusat","DKI Jakarta","10110","ID","+628997005827","cust-er00025@demo.example","2022-12-05","PENDING","ACTIVE"
"CUST-ER00026","Wulan Kartika Gunawan","","2001-04-26","Bandung","F","ID","9997426604014308","Karyawan Swasta","LT_5M","Jl. Kenanga No. 215","Bandung","Jawa Barat","40111","ID","+628993127762","cust-er00026@mailuji.example","2026-02-15","COMPLETE","ACTIVE"
"CUST-ER00027","Hadi Joko Nugroho","","1986-10-06","Bandung","M","ID","9989510610862922","Petani","LT_5M","Jl. Dahlia No. 217","Bandung","Jawa Barat","40111","ID","+628999196482","cust-er00027@mailuji.example","2022-11-09","COMPLETE","CLOSED"
"CUST-ER00028","Rahmat Halim","","1986-11-27","Medan","M","ID","9974075649758253","Pengemudi Daring","LT_5M","Jl. Flamboyan No. 226","Balikpapan","Kalimantan Timur","76111","ID","+628992866831","cust-er00028@mailuji.example","2024-05-17","COMPLETE","ACTIVE"
"CUST-ER00029","Nanda Simatupang","","1993-02-18","Yogyakarta","M","ID","9969442033596599","Pelajar/Mahasiswa","LT_5M","Jl. Teratai No. 180","Yogyakarta","DI Yogyakarta","55111","ID","+628991146618","cust-er00029@mailuji.example","2025-01-08","COMPLETE","ACTIVE"
"CUST-ER00030","Tono  Santoso","","1990-08-13","Balikpapan","M","ID","9946441308902705","Buruh Harian","LT_5M","Jl. Mawar No. 167","Balikpapan","Kalimantan Timur","76111","ID","+628991650507","cust-er00030@demo.example","2023-11-09","COMPLETE","SUSPENDED"
"CUST-ER00031","Ir.  Dian Adi Maulana","","1996-03-11","Balikpapan","M","ID","9954661103962237","Wiraswasta","50M_200M","Jl. Anggrek No. 49","Balikpapan","Kalimantan Timur","76111","ID","+628992834356","cust-er00031@mailuji.example","2024-11-04","COMPLETE","ACTIVE"
"CUST-ER00032","Hj.  Indah Zahra Hidayat","","1974-04-19","Medan","F","ID","9903555904747302","Guru","50M_200M","Jl. Flamboyan No. 189","Jakarta Pusat","DKI Jakarta","10110","ID","+628995955296","cust-er00032@demo.example","2022-11-13","COMPLETE","ACTIVE"
"CUST-ER00033","Fajar  Lubis","","2001-11-25","Jakarta Pusat","M","ID","9964972511013702","Pelajar/Mahasiswa","15M_50M","Jl. Mawar No. 15","Jakarta Pusat","DKI Jakarta","10110","ID","+628991057867","cust-er00033@demo.example","2022-05-01","COMPLETE","ACTIVE"
"CUST-ER00034","Fajar  Saputra","","2004-10-13","Bandung","M","ID","9962241310041718","Wiraswasta","50M_200M","Jl. Cempaka No. 222","Denpasar","Bali","80111","ID","+628996582283","cust-er00034@surelsintetis.id","2022-04-25","PARTIAL","ACTIVE"
"CUST-ER00035","Dewi  Maulana","","1967-09-21","Balikpapan","F","ID","9942706109679418","Guru","GT_200M","Jl. Dahlia No. 35","Denpasar","Bali","80111","ID","+628992999203","cust-er00035@surelsintetis.id","2023-06-21","COMPLETE","ACTIVE"
"CUST-ER00036","Bayu  Nugroho","","1987-11-06","Makassar","M","ID","9940460611870764","Pelajar/Mahasiswa","15M_50M","Jl. Melati No. 198","Makassar","Sulawesi Selatan","90111","ID","+628993187243","cust-er00036@surelsintetis.id","2023-02-01","COMPLETE","ACTIVE"
"CUST-ER00037","Drs.  Fajar Suryadi","","1987-12-15","Semarang","M","ID","9924161512870300","Petani","15M_50M","Jl. Anggrek No. 68","Bandung","Jawa Barat","40111","ID","+628994257172","cust-er00037@contoh.id","2024-05-17","COMPLETE","ACTIVE"
"CUST-ER00038","Wulan  Indah Permana","","2005-03-26","Yogyakarta","F","ID","9926946603058537","Petani","GT_200M","Jl. Flamboyan No. 63","Semarang","Jawa Tengah","50111","ID","+628992967044","cust-er00038@surelsintetis.id","2023-07-14","PARTIAL","ACTIVE"
"CUST-ER00039","Tono  Suryadi","","1985-05-15","Makassar","M","ID","9979701505857376","Pengemudi Daring","LT_5M","Jl. Dahlia No. 15","Denpasar","Bali","80111","ID","+628994203986","cust-er00039@surelsintetis.id","2025-09-04","COMPLETE","ACTIVE"
"CUST-ER00040","Adi  Santoso","","1970-11-16","Bandung","M","ID","9994921611706499","Karyawan Swasta","50M_200M","Jl. Flamboyan No. 79","Bandung","Jawa Barat","40111","ID","+628996103540","cust-er00040@mailuji.example","2025-10-13","COMPLETE","ACTIVE"
"CUST-ER00041","Dra.  Umi Maulana","","1976-03-10","Surabaya","F","ID","9961245003763981","PNS","50M_200M","Jl. Flamboyan No. 107","Bandung","Jawa Barat","40111","ID","+628999059281","cust-er00041@contoh.id","2024-11-30","COMPLETE","ACTIVE"
